Date,AKBNK.IS,BIMAS.IS,EKGYO.IS,EREGL.IS,FROTO.IS,GARAN.IS,MGROS.IS,SISE.IS,THYAO.IS,TOASO.IS
2016-01-01,4.228476047515869,18.806324005126953,2.0048069953918457,0.765190064907074,1.624140739440918,5.345667362213135,16.473508834838867,2.104710578918457,7.219173908233643,9.402703285217285
2016-01-04,4.152740955352783,18.604896545410156,1.9662535190582275,0.7450535893440247,1.6273589134216309,5.240556716918945,16.15253448486328,2.038731813430786,6.9749531745910645,9.293542861938477
2016-01-05,4.127497673034668,18.678138732910156,1.9893854856491089,0.7500877380371094,1.6252135038375854,5.2180328369140625,15.992048263549805,2.012340784072876,7.072641372680664,9.516825675964355
2016-01-06,4.190608024597168,18.440088272094727,1.9970964193344116,0.7853267192840576,1.6295047998428345,5.33065128326416,15.944845199584961,1.9529602527618408,7.0433349609375,9.601177215576172
2016-01-07,4.215852737426758,18.568269729614258,1.9508317708969116,0.7777755856513977,1.6327226161956787,5.353175640106201,15.68995475769043,1.9595575332641602,7.150792598724365,9.759954452514648
2016-01-08,4.234786033630371,18.194705963134766,1.9354100227355957,0.7526048421859741,1.610195279121399,5.263080596923828,15.095208168029785,1.9133728742599487,7.053103446960449,9.561482429504395
2016-01-11,4.272652626037598,18.01891326904297,1.9970964193344116,0.7626731395721436,1.600540280342102,5.33065128326416,15.10464859008789,1.9133728742599487,7.121485710144043,9.487054824829102
2016-01-12,4.316831111907959,18.275278091430664,2.0356504917144775,0.7626731395721436,1.641304612159729,5.353175640106201,15.18961238861084,1.9265687465667725,7.101947784423828,9.635910987854004
2016-01-13,4.411498546600342,18.40346336364746,2.020228862762451,0.770224392414093,1.6520321369171143,5.383207321166992,15.312337875366211,1.9529602527618408,7.170330047607422,9.690489768981934
2016-01-14,4.430432319641113,18.440088272094727,2.0125181674957275,0.7601560354232788,1.6209224462509155,5.405731678009033,15.029126167297363,1.9463618993759155,7.033565998077393,9.516825675964355
2016-01-15,4.361009120941162,18.289926528930664,1.9662535190582275,0.7450535893440247,1.6166316270828247,5.420746803283691,14.821436882019043,1.9199714660644531,6.935877799987793,9.402703285217285
2016-01-18,4.361009120941162,18.1141357421875,1.9662535190582275,0.7526048421859741,1.610195279121399,5.390715599060059,14.500462532043457,1.9199714660644531,6.994490623474121,9.318352699279785
2016-01-19,4.335763931274414,17.996938705444336,1.9662535190582275,0.7526048421859741,1.6498866081237793,5.383207321166992,14.519343376159668,1.933166742324829,7.062872886657715,9.536673545837402
2016-01-20,4.196918964385986,17.769874572753906,1.927699089050293,0.7349852919578552,1.6337954998016357,5.270587921142578,14.33997631072998,1.8869813680648804,6.887033462524414,9.224075317382812
2016-01-21,4.133808612823486,17.41828727722168,1.881434679031372,0.7274340391159058,1.6037583351135254,5.2030158042907715,14.009561538696289,1.8605903387069702,6.896801948547363,9.303466796875
2016-01-22,4.133808612823486,17.41828727722168,1.881434679031372,0.7274340391159058,1.6037583351135254,5.2030158042907715,14.009561538696289,1.8605903387069702,6.896801948547363,9.303466796875
2016-01-25,4.291586399078369,17.850440979003906,1.9199885129928589,0.7677072882652283,1.6734869480133057,5.338159561157227,14.45326042175293,1.933166742324829,6.95541524887085,9.824458122253418
2016-01-26,4.449365615844727,17.828466415405273,1.9431208372116089,0.7677072882652283,1.7045966386795044,5.5633978843688965,14.538226127624512,1.9529602527618408,7.121485710144043,9.903850555419922
2016-01-27,4.417809963226318,18.25330352783203,1.9431208372116089,0.7752584218978882,1.7260518074035645,5.48081111907959,14.5759859085083,1.939764142036438,7.1117167472839355,9.86911678314209
2016-01-28,4.405187606811523,18.421775817871094,1.9662535190582275,0.770224392414093,1.7163971662521362,5.5258588790893555,14.915841102600098,1.9463618993759155,7.062872886657715,10.032856941223145
2016-01-29,4.537721633911133,18.29725456237793,1.9893854856491089,0.7777755856513977,1.7324881553649902,5.578414440155029,15.07632827758789,1.9727534055709839,7.1410231590271,10.1122465133667
2016-02-01,4.537721633911133,18.40346336364746,1.9893854856491089,0.7802925705909729,1.7625248432159424,5.555891036987305,14.95360279083252,1.9859492778778076,7.121485710144043,10.35041618347168
2016-02-02,4.43674373626709,18.84294891357422,1.973963737487793,0.7752584218978882,1.7753978967666626,5.428255081176758,14.755352973937988,1.9595575332641602,7.053103446960449,10.310721397399902
2016-02-03,4.569277286529541,19.154247283935547,1.9970964193344116,0.7828097343444824,1.7593070268630981,5.4958271980285645,14.642068862915039,1.9991449117660522,7.053103446960449,9.884002685546875
2016-02-04,4.701812267303467,18.98944091796875,2.0356504917144775,0.807980477809906,1.7775439023971558,5.593430519104004,14.86863899230957,2.0849173069000244,7.121485710144043,9.95346736907959
2016-02-05,4.632389545440674,18.86125946044922,2.0356504917144775,0.8255999088287354,1.7678887844085693,5.555891036987305,14.774234771728516,2.1508948802948,7.062872886657715,9.95346736907959
2016-02-08,4.4935431480407715,18.51333236694336,1.9431208372116089,0.8104975819587708,1.7475064992904663,5.293112277984619,14.236132621765137,2.131101608276367,6.730731964111328,9.769880294799805
2016-02-09,4.544032096862793,18.289926528930664,1.904566764831543,0.7903609871864319,1.7088878154754639,5.285604000091553,13.830193519592285,2.117905855178833,6.672118663787842,9.690489768981934
2016-02-10,4.518787860870361,18.150758743286133,1.9122775793075562,0.7878440022468567,1.7335609197616577,5.323144435882568,14.11340618133545,2.0981128215789795,6.720963478088379,9.874077796936035
2016-02-11,4.499855041503906,17.85776710510254,1.8737238645553589,0.7828097343444824,1.6938693523406982,5.293112277984619,14.009561538696289,2.1245036125183105,6.6330437660217285,9.506901741027832
2016-02-12,4.518787860870361,18.202030181884766,1.8351696729660034,0.7752584218978882,1.7271243333816528,5.248064041137695,14.028443336486816,2.0849173069000244,6.506048679351807,9.442398071289062
2016-02-15,4.4935431480407715,18.2386531829834,1.8120371103286743,0.7903609871864319,1.7786163091659546,5.233047962188721,13.91515827178955,2.1245036125183105,6.408360481262207,9.541634559631348
2016-02-16,4.44305419921875,18.055538177490234,1.8428806066513062,0.7853267192840576,1.7882713079452515,5.255572319030762,13.764110565185547,2.1113085746765137,6.466973304748535,9.303466796875
2016-02-17,4.556654453277588,18.49502182006836,1.9122775793075562,0.8029462695121765,1.8665813207626343,5.398222923278809,13.981242179870605,2.1245036125183105,6.672118663787842,9.377894401550293
2016-02-18,4.569277286529541,19.135944366455078,1.9122775793075562,0.8180487155914307,1.8343994617462158,5.413239479064941,13.830193519592285,2.1245036125183105,6.769806861877441,9.536673545837402
2016-02-19,4.506165981292725,19.7219181060791,1.8737238645553589,0.813014566898346,1.8022165298461914,5.345667362213135,13.764110565185547,2.1113085746765137,6.691656589508057,9.457282066345215
2016-02-22,4.651322364807129,20.069843292236328,1.9354100227355957,0.8205657601356506,1.8225990533828735,5.570906162261963,14.415499687194824,2.1376991271972656,6.9261088371276855,9.586291313171387
2016-02-23,4.739678859710693,20.16140365600586,1.973963737487793,0.848253607749939,1.857999324798584,5.6384782791137695,14.5759859085083,2.223471164703369,6.994490623474121,9.675604820251465
2016-02-24,4.6197662353515625,20.069843292236328,1.9122775793075562,0.8381853699684143,1.8376177549362183,5.473302841186523,14.170049667358398,2.197080135345459,6.779576301574707,9.645833969116211
2016-02-25,4.676567077636719,20.47270393371582,1.9662535190582275,0.848253607749939,1.8504903316497803,5.5258588790893555,14.396618843078613,2.210275411605835,6.935877799987793,9.745071411132812
2016-02-26,4.701812267303467,19.831790924072266,1.9508317708969116,0.848253607749939,1.8504903316497803,5.510842323303223,14.377737998962402,2.223471164703369,6.965184688568115,9.754993438720703
2016-02-29,4.663945198059082,20.05153465270996,1.9893854856491089,0.8683902025222778,1.8719456195831299,5.5258588790893555,14.396618843078613,2.230069398880005,7.150792598724365,9.973315238952637
2016-03-01,4.670257091522217,20.05153465270996,1.973963737487793,0.8784584403038025,1.86336350440979,5.510842323303223,14.547664642333984,2.243265390396118,7.277787208557129,10.032856941223145
2016-03-02,4.752300262451172,20.14309310913086,1.9893854856491089,0.8759414553642273,1.8805272579193115,5.6159539222717285,14.896960258483887,2.3092432022094727,7.2973246574401855,10.35041618347168
2016-03-03,4.733367443084717,19.923355102539062,1.9816749095916748,0.8734243512153625,1.8783823251724243,5.608445644378662,15.029126167297363,2.26305890083313,7.248480796813965,10.013010025024414
2016-03-04,4.745989799499512,19.77685546875,1.973963737487793,0.8910439014434814,1.8783823251724243,5.6159539222717285,15.246254920959473,2.2960474491119385,7.4536261558532715,9.95346736907959
2016-03-07,4.739678859710693,19.70360565185547,2.0048069953918457,0.9061461687088013,1.8751635551452637,5.623461723327637,15.916522979736328,2.256460189819336,7.434088706970215,10.122171401977539
2016-03-08,4.83434534072876,19.410615921020508,1.9893854856491089,0.9036291837692261,1.868727207183838,5.630970478057861,15.604991912841797,2.243265390396118,7.395013332366943,9.973315238952637
2016-03-09,4.9668803215026855,19.77685546875,2.0048069953918457,0.8960779309272766,1.9234373569488525,5.743590354919434,15.746596336364746,2.230069398880005,7.512239456176758,10.241255760192871
2016-03-10,5.017369747161865,20.967132568359375,2.027939796447754,0.9111804366111755,1.904128074645996,5.713557720184326,16.06757164001465,2.243265390396118,7.424319744110107,10.14201831817627
2016-03-11,5.017369747161865,21.040376663208008,2.1127583980560303,0.9187316298484802,1.9062734842300415,5.781129360198975,15.973166465759277,2.223471164703369,7.609927654266357,9.983240127563477
2016-03-14,5.074170112609863,21.296737670898438,2.1513121128082275,0.9338340759277344,1.9105641841888428,5.773621082305908,16.237499237060547,2.223471164703369,7.727153778076172,10.22140884399414
2016-03-15,4.9100799560546875,21.388309478759766,2.097337007522583,0.9237658977508545,1.9255825281143188,5.668510437011719,15.916522979736328,2.2498626708984375,7.4829325675964355,10.340492248535156
2016-03-16,4.8785247802734375,21.388309478759766,2.1281797885894775,0.9212486743927002,1.9277288913726807,5.6760172843933105,15.538907051086426,2.216874122619629,7.570852279663086,10.380186080932617
2016-03-17,5.11203670501709,21.827787399291992,2.189866542816162,0.9514536261558533,1.9749293327331543,5.811161041259766,15.973166465759277,2.2366673946380615,7.658771991729736,10.747364044189453
2016-03-18,5.181458950042725,22.157400131225586,2.212998390197754,1.0017950534820557,2.0189120769500732,5.908764362335205,16.133651733398438,2.276254415512085,7.727153778076172,11.154234886169434
2016-03-21,5.1435933113098145,22.32221031188965,2.1975772380828857,1.0068292617797852,2.065040349960327,5.901256561279297,16.520709991455078,2.3554282188415527,7.775998115539551,11.20385456085205
2016-03-22,4.9668803215026855,22.450393676757812,2.097337007522583,0.994243860244751,2.0929312705993652,5.811161041259766,16.275259017944336,2.3752212524414062,7.404782295227051,11.36263370513916
2016-03-23,4.9668803215026855,22.13909339904785,2.0433614253997803,0.9741070866584778,1.9416742324829102,5.833685398101807,16.35078239440918,2.31584095954895,7.336400508880615,10.747364044189453
2016-03-24,5.093103408813477,22.17571449279785,2.097337007522583,1.0168976783752441,1.9534739255905151,5.991352081298828,16.539592742919922,2.335635185241699,7.434088706970215,11.084769248962402
2016-03-25,5.061547756195068,21.882722854614258,2.097337007522583,1.00431227684021,1.977075219154358,5.976336479187012,16.662317276000977,2.3290369510650635,7.4536261558532715,11.114542007446289
2016-03-28,5.017369747161865,21.937658309936523,2.0896260738372803,1.031999945640564,1.9695652723312378,5.991352081298828,16.558473587036133,2.3092432022094727,7.443857192993164,11.253474235534668
2016-03-29,5.0047478675842285,22.32221031188965,2.1281797885894775,1.0445853471755981,2.0006752014160156,5.931288242340088,16.3035831451416,2.3620264530181885,7.4536261558532715,11.372556686401367
2016-03-30,5.146269798278809,22.816631317138672,2.1821556091308594,1.0773072242736816,1.9996025562286377,6.088955402374268,16.643434524536133,2.4214069843292236,7.590390205383301,11.36263370513916
2016-03-31,5.159135341644287,22.358835220336914,2.212998390197754,1.0672388076782227,1.9920933246612549,6.186558723449707,16.851123809814453,2.414808988571167,7.609927654266357,11.342785835266113
2016-04-01,5.062643051147461,22.230649948120117,2.1975772380828857,1.074790120124817,1.9813660383224487,6.058923244476318,16.662317276000977,2.3950157165527344,7.541545391082764,11.342785835266113
2016-04-04,5.191298961639404,22.63350486755371,2.243842363357544,1.0848582983016968,2.0364959239959717,6.291670799255371,17.03049087524414,2.4543960094451904,7.658771991729736,11.769503593444824
2016-04-05,5.13340425491333,22.377147674560547,2.236131191253662,1.0798243284225464,1.99459707736969,6.231606483459473,16.76616096496582,2.4016129970550537,7.629465579986572,11.38248062133789
2016-04-06,5.043344497680664,22.010910034179688,2.1821556091308594,1.0647218227386475,1.9758530855178833,6.096463203430176,16.870006561279297,2.368623733520508,7.443857192993164,10.916065216064453
2016-04-07,5.049777507781982,21.937658309936523,2.1590232849121094,1.0999610424041748,1.9637240171432495,6.043907642364502,16.82280158996582,2.3950157165527344,7.3461689949035645,10.83908462524414
2016-04-08,5.120537757873535,22.54195213317871,2.212998390197754,1.1326826810836792,2.0089306831359863,6.1565260887146,17.11545753479004,2.474188804626465,7.375475883483887,11.085428237915039
2016-04-11,5.223463535308838,22.79831886291504,2.282396078109741,1.1805073022842407,2.035392999649048,6.231606483459473,17.464752197265625,2.533569574356079,7.541545391082764,11.424150466918945
2016-04-12,5.223463535308838,22.395456314086914,2.243842363357544,1.2157460451126099,2.0409061908721924,6.134003162384033,18.097257614135742,2.4675915241241455,7.4536261558532715,11.362563133239746
2016-04-13,5.422881126403809,22.83493995666504,2.290107250213623,1.248468279838562,2.1500632762908936,6.26163911819458,18.455991744995117,2.474188804626465,7.5610833168029785,11.99894905090332
2016-04-14,5.442180633544922,23.054685592651367,2.259263277053833,1.2409169673919678,2.126908779144287,6.26163911819458,18.40879249572754,2.474188804626465,7.531777381896973,11.865513801574707
2016-04-15,5.461479187011719,23.109621047973633,2.259263277053833,1.1981267929077148,2.101548910140991,6.389275074005127,18.219982147216797,2.4873850345611572,7.395013332366943,11.824458122253418
2016-04-18,5.603001117706299,22.83493995666504,2.328660726547241,1.2132291793823242,2.134626865386963,6.561957359313965,18.135019302368164,2.50717830657959,7.385244369506836,11.793661117553711
2016-04-19,5.59013557434082,22.78000831604004,2.3055286407470703,1.2006436586380005,2.104856491088867,6.614513397216797,18.068937301635742,2.4675915241241455,7.32663106918335,11.7731351852417
2016-04-20,5.474344730377197,22.63350486755371,2.282396078109741,1.2283315658569336,2.1423447132110596,6.561957359313965,18.087814331054688,2.4280049800872803,6.828420162200928,12.019477844238281
2016-04-21,5.493642807006836,22.560266494750977,2.290107250213623,1.258536458015442,2.189756393432617,6.494384765625,18.19166374206543,2.4016129970550537,6.750269889831543,11.99894905090332
2016-04-22,5.461479187011719,22.926494598388672,2.3055286407470703,1.2409169673919678,2.215116500854492,6.344226360321045,18.125579833984375,2.441200017929077,6.877264499664307,12.28635025024414
2016-04-25,5.371419429779053,22.816631317138672,2.259263277053833,1.2535022497177124,2.1919615268707275,6.34041166305542,18.125579833984375,2.4346017837524414,6.769806861877441,12.14264965057373
2016-04-26,5.512942314147949,22.615201950073242,2.2978174686431885,1.2006436586380005,2.1809356212615967,6.493008613586426,18.40879249572754,2.414808988571167,6.808882713317871,11.906572341918945
2016-04-27,5.5065083503723145,22.505327224731445,2.328660726547241,1.1729559898376465,2.173217535018921,6.493008613586426,18.455991744995117,2.4346017837524414,6.85772705078125,11.85524845123291
2016-04-28,5.545106410980225,22.340518951416016,2.351793050765991,1.1855412721633911,2.200782537460327,6.576936721801758,18.540956497192383,2.4873850345611572,6.828420162200928,11.680755615234375
2016-04-29,5.532240867614746,22.560266494750977,2.3209495544433594,1.1754730939865112,2.072880983352661,6.576936721801758,18.455991744995117,2.5797548294067383,6.7405009269714355,11.362563133239746
2016-05-02,5.403584003448486,22.102466583251953,2.2284204959869385,1.157853603363037,2.043111562728882,6.470118045806885,18.201101303100586,2.5005810260772705,6.681887626647949,11.567849159240723
2016-05-03,5.184866905212402,21.113624572753906,2.143601655960083,1.1175804138183594,1.9714423418045044,6.2107038497924805,17.653560638427734,2.4675915241241455,6.457204341888428,11.485733985900879
2016-05-04,5.00474739074707,20.47270393371582,2.1358909606933594,1.1528193950653076,1.9626215696334839,6.050476551055908,17.02105140686035,2.3884172439575195,6.545124053955078,11.434412956237793
2016-05-05,4.914687156677246,20.91219139099121,2.120469331741333,1.177990198135376,1.9769552946090698,5.798691272735596,16.83224105834961,2.3884172439575195,6.496279716491699,11.434412956237793
2016-05-06,4.908254623413086,22.084156036376953,2.1358909606933594,1.1805073022842407,1.9604164361953735,5.691873550415039,16.426305770874023,2.3422319889068604,6.496279716491699,11.537055015563965
2016-05-09,4.985448837280273,21.882722854614258,2.1590232849121094,1.1477854251861572,1.9934943914413452,5.768171787261963,16.6151123046875,2.3752212524414062,6.564661502838135,11.619171142578125
2016-05-10,4.927553176879883,21.974288940429688,2.143601655960083,1.125131607055664,1.9339543581008911,5.760541915893555,16.520709991455078,2.3620264530181885,6.496279716491699,11.362563133239746
2016-05-11,4.972583770751953,21.827787399291992,2.143601655960083,1.1477854251861572,1.9339543581008911,5.783431053161621,16.3035831451416,2.4346017837524414,6.466973304748535,11.31124210357666
2016-05-12,4.95328426361084,21.681293487548828,2.1281797885894775,1.0999610424041748,1.9141074419021606,5.730023384094238,16.048690795898438,2.3950157165527344,6.26182746887207,11.249656677246094
2016-05-13,4.946852207183838,21.827787399291992,2.1050472259521484,1.0974438190460205,1.8909530639648438,5.730023384094238,15.850442886352539,2.3620264530181885,6.066451072692871,11.424150466918945
2016-05-16,4.8246283531188965,21.772851943969727,2.0896260738372803,1.1024779081344604,1.8854399919509888,5.600315093994141,15.510586738586426,2.4016129970550537,5.988300323486328,11.259920120239258
2016-05-17,4.895389556884766,22.17571449279785,2.1050472259521484,1.0773072242736816,1.951595664024353,5.699502468109131,15.576669692993164,2.3950157165527344,6.095757484436035,11.393357276916504
2016-05-18,4.959717750549316,22.047527313232422,2.097337007522583,1.0999610424041748,1.8986711502075195,5.684243202209473,15.633312225341797,2.3488309383392334,5.968762397766113,11.01357650756836
2016-05-19,4.959717750549316,22.047527313232422,2.097337007522583,1.0999610424041748,1.8986711502075195,5.684243202209473,15.633312225341797,2.3488309383392334,5.968762397766113,11.01357650756836
2016-05-20,4.8246283531188965,21.35167694091797,2.097337007522583,1.1125462055206299,1.91631281375885,5.531646251678467,15.18017292022705,2.3950157165527344,5.9003801345825195,11.424150466918945
2016-05-23,4.927553176879883,21.31505012512207,2.1127583980560303,1.0873756408691406,1.8766196966171265,5.63846492767334,15.284018516540527,2.381819486618042,6.007837772369385,11.198333740234375
2016-05-24,5.178433895111084,22.120779037475586,2.206084966659546,1.1075119972229004,1.979160189628601,5.882619857788086,16.35078239440918,2.4346017837524414,6.115294933319092,11.957892417907715
2016-05-25,5.101240634918213,21.57142448425293,2.1821060180664062,1.121018409729004,1.9295438528060913,5.775802135467529,16.06757164001465,2.414808988571167,6.085988521575928,11.639700889587402
2016-05-26,5.0755085945129395,21.095312118530273,2.1661202907562256,1.1345247030258179,1.91631281375885,5.760541915893555,16.105331420898438,2.381819486618042,6.066451072692871,11.372828483581543
2016-05-27,5.114105701446533,21.406614303588867,2.1501338481903076,1.1129146814346313,1.9295438528060913,5.7529120445251465,16.143095016479492,2.3884172439575195,6.027375221252441,11.352299690246582
2016-05-30,5.146269798278809,21.73622703552246,2.1661202907562256,1.1237194538116455,1.937261939048767,5.775802135467529,16.265817642211914,2.3950157165527344,6.183676719665527,11.444677352905273
2016-05-31,5.126971244812012,21.205183029174805,2.1581268310546875,1.1129146814346313,1.928441047668457,5.768171787261963,16.133651733398438,2.409788131713867,6.07621955871582,11.362563133239746
2016-06-01,5.081941604614258,21.388309478759766,2.1741132736206055,1.0696945190429688,1.928441047668457,5.64609432220459,15.944845199584961,2.409788131713867,5.988300323486328,11.475470542907715
2016-06-02,5.011180400848389,21.113624572753906,2.1421408653259277,1.0642921924591064,1.893157958984375,5.592685699462891,15.55778694152832,2.348174571990967,5.978531360626221,11.444677352905273
2016-06-03,5.146269798278809,21.424928665161133,2.214078426361084,1.0913045406341553,1.965929627418518,5.783431053161621,15.850442886352539,2.423480272293091,6.07621955871582,11.988682746887207
2016-06-06,5.191298961639404,21.5544376373291,2.2460505962371826,1.1102133989334106,1.9626215696334839,5.844470977783203,15.925965309143066,2.409788131713867,6.07621955871582,11.947628021240234
2016-06-07,5.0755085945129395,21.51742935180664,2.2540438175201416,1.1264209747314453,2.0012128353118896,5.783431053161621,16.01092529296875,2.47824764251709,5.958993434906006,11.957892417907715
2016-06-08,5.178433895111084,21.62844467163086,2.2620368003845215,1.1399269104003906,1.991289496421814,5.897879600524902,16.33190155029297,2.4919400215148926,5.949224948883057,12.06053638458252
2016-06-09,5.094806671142578,21.794960021972656,2.230064630508423,1.102109670639038,1.9394673109054565,5.806321144104004,16.039247512817383,2.4645557403564453,5.919918060302734,11.906572341918945
2016-06-10,5.049777507781982,21.31391716003418,2.206084966659546,1.0994083881378174,1.9405702352523804,5.745282173156738,16.57735252380371,2.471402168273926,5.763617038726807,12.224762916564941
2016-06-13,5.036911487579346,21.258411407470703,2.1900992393493652,1.102109670639038,1.9306467771530151,5.707132816314697,16.426305770874023,2.5261693000793457,5.636621952056885,12.091327667236328
2016-06-14,5.011180400848389,20.869874954223633,2.1661202907562256,1.0777983665466309,1.8677982091903687,5.691873550415039,16.190296173095703,2.4919400215148926,5.7147722244262695,11.937363624572754
2016-06-15,5.049777507781982,21.017892837524414,2.1821060180664062,1.0913045406341553,1.8457461595535278,5.73765230178833,16.12421417236328,2.47824764251709,5.6854658126831055,11.927099227905273
2016-06-16,4.946852207183838,20.629356384277344,2.134147882461548,1.0642921924591064,1.811565637588501,5.661354064941406,15.79379940032959,2.38240385055542,5.6073150634765625,11.649964332580566
2016-06-17,5.101240634918213,20.703359603881836,2.1661202907562256,1.0669933557510376,1.8181817531585693,5.714762210845947,15.482266426086426,2.3892507553100586,5.587777137756348,11.506264686584473
2016-06-20,5.27492618560791,21.03639030456543,2.2620368003845215,1.094005823135376,1.9008762836456299,5.920769214630127,15.576669692993164,2.4440181255340576,5.636621952056885,12.265820503234863
2016-06-21,5.294224739074707,20.962387084960938,2.2540438175201416,1.0967072248458862,1.8711063861846924,5.897879600524902,15.642752647399902,2.4371726512908936,5.783154010772705,12.31714153289795
2016-06-22,5.262060642242432,20.721864700317383,2.29400897026062,1.0777983665466309,1.8854399919509888,5.936028957366943,15.529468536376953,2.423480272293091,5.675696849822998,12.183707237243652
2016-06-23,5.390717506408691,20.666358947753906,2.2540438175201416,1.094005823135376,1.9052867889404297,6.019957542419434,15.671074867248535,2.450864553451538,5.695234775543213,12.48137092590332
2016-06-24,5.25562858581543,20.518342971801758,2.1821060180664062,1.0642921924591064,1.7597440481185913,5.745282173156738,15.038566589355469,2.38240385055542,5.538933753967285,11.598641395568848
2016-06-27,5.217031002044678,20.388830184936523,2.1821060180664062,1.0561883449554443,1.7178453207015991,5.745282173156738,14.906400680541992,2.3618664741516113,5.753848075866699,11.342035293579102
2016-06-28,5.2813591957092285,21.073394775390625,2.2620368003845215,1.102109670639038,1.7718725204467773,5.890249729156494,15.246254920959473,2.4645557403564453,5.831998348236084,11.886042594909668
2016-06-29,5.236330032348633,20.869874954223633,2.2620368003845215,1.1102133989334106,1.7454102039337158,5.798691272735596,15.425623893737793,2.409788131713867,5.675696849822998,11.85524845123291
2016-06-30,5.294224739074707,20.740367889404297,2.2860159873962402,1.0967072248458862,1.6869726181030273,5.783431053161621,15.623871803283691,2.430325746536255,5.587777137756348,12.132383346557617
2016-07-01,5.390717506408691,21.16590118408203,2.29400897026062,1.137225866317749,1.7586414813995361,5.8673601150512695,15.623871803283691,2.5877130031585693,5.597546100616455,12.891942024230957
2016-07-04,5.422881126403809,21.221403121948242,2.3339743614196777,1.137225866317749,1.7917189598083496,5.936028957366943,15.652192115783691,2.518782377243042,5.597546100616455,13.045905113220215
2016-07-05,5.422881126403809,21.221403121948242,2.3339743614196777,1.137225866317749,1.7917189598083496,5.936028957366943,15.652192115783691,2.518782377243042,5.597546100616455,13.045905113220215
2016-07-06,5.422881126403809,21.221403121948242,2.3339743614196777,1.137225866317749,1.7917189598083496,5.936028957366943,15.652192115783691,2.518782377243042,5.597546100616455,13.045905113220215
2016-07-07,5.422881126403809,21.221403121948242,2.3339743614196777,1.137225866317749,1.7917189598083496,5.936028957366943,15.652192115783691,2.518782377243042,5.597546100616455,13.045905113220215
2016-07-08,5.352120399475098,21.16590118408203,2.325981378555298,1.1426284313201904,1.812668800354004,5.966548442840576,15.453944206237793,2.518782377243042,5.490088939666748,12.53269100189209
2016-07-11,5.39715051651001,21.184406280517578,2.389925956726074,1.164238452911377,1.808258295059204,6.096255302429199,15.76547908782959,2.5852603912353516,5.675696849822998,12.512163162231445
2016-07-12,5.680194854736328,21.387920379638672,2.4458773136138916,1.2155622243881226,1.8358229398727417,6.2870025634765625,16.294139862060547,2.629579544067383,5.7929229736328125,12.68665599822998
2016-07-13,5.680194854736328,21.33241844177246,2.4378840923309326,1.1966532468795776,1.8479517698287964,6.26411247253418,16.17141342163086,2.600034236907959,5.861305236816406,12.604541778564453
2016-07-14,5.686628341674805,21.424924850463867,2.48584246635437,1.2479771375656128,1.8821322917938232,6.3785600662231445,16.3885440826416,2.6221930980682373,5.89061164855957,12.707185745239258
2016-07-15,5.738090991973877,21.258411407470703,2.4778494834899902,1.2803919315338135,1.8468490839004517,6.424339771270752,16.5867919921875,2.629579544067383,5.822229862213135,12.655863761901855
2016-07-18,5.287792205810547,20.259323120117188,2.1661202907562256,1.2668858766555786,1.781795859336853,5.859730243682861,15.010244369506836,2.50400972366333,5.089566707611084,12.122121810913086
2016-07-19,5.126971244812012,19.51925277709961,2.198092460632324,1.258781909942627,1.7641544342041016,5.722392559051514,15.18961238861084,2.5409421920776367,5.001646995544434,12.152914047241211
2016-07-20,4.959717750549316,20.1483154296875,2.230064630508423,1.2344707250595093,1.6880754232406616,5.569796085357666,15.010244369506836,2.444918155670166,4.933265209197998,12.368463516235352
2016-07-21,4.773165225982666,19.72277069091797,2.0861892700195312,1.1561347246170044,1.638458251953125,5.356159687042236,14.264452934265137,2.3932125568389893,4.757425785064697,11.937363624572754
2016-07-22,4.7860307693481445,19.981800079345703,2.0462238788604736,1.1345247030258179,1.6594078540802002,5.394309043884277,14.160608291625977,2.3119616508483887,4.83557653427124,11.803926467895508
2016-07-25,4.921120643615723,20.388830184936523,2.134147882461548,1.2047570943832397,1.6814595460891724,5.5621657371521,14.878080368041992,2.3710529804229736,5.030953407287598,11.978419303894043
2016-07-26,4.8053297996521,20.536849975585938,2.110168695449829,1.199354648590088,1.7112295627593994,5.462977409362793,14.727032661437988,2.400599718093872,4.962571620941162,11.762870788574219
2016-07-27,4.921120643615723,20.610851287841797,2.1741132736206055,1.2479771375656128,1.7806932926177979,5.569796085357666,14.98192310333252,2.444918155670166,5.030953407287598,12.091327667236328
2016-07-28,4.888956546783447,20.666358947753906,2.1421408653259277,1.2614834308624268,1.776282787322998,5.5621657371521,15.10464859008789,2.444918155670166,5.030953407287598,12.255555152893066
2016-07-29,4.95328426361084,20.425840377807617,2.134147882461548,1.2263669967651367,1.793924331665039,5.592685699462891,15.331218719482422,2.4818501472473145,5.0504913330078125,12.111855506896973
2016-08-01,5.024045467376709,20.814367294311523,2.1581268310546875,1.2560807466506958,1.8468490839004517,5.722392559051514,15.671074867248535,2.5261690616607666,5.099335193634033,12.368463516235352
2016-08-02,4.921120643615723,20.814367294311523,2.1421408653259277,1.2236659526824951,1.7928221225738525,5.63846492767334,15.293457984924316,2.5704879760742188,5.079797744750977,12.132383346557617
2016-08-03,4.837493419647217,20.777368545532227,2.118161678314209,1.2047570943832397,1.798335075378418,5.55453634262085,15.161291122436523,2.489236831665039,4.982109546661377,12.070798873901367
2016-08-04,4.991881370544434,20.703359603881836,2.1581268310546875,1.2614834308624268,1.8236948251724243,5.73765230178833,15.265135765075684,2.5113961696624756,5.030953407287598,12.06053638458252
2016-08-05,4.966150760650635,20.98089027404785,2.1581268310546875,1.2993007898330688,1.811565637588501,5.806321144104004,15.029126167297363,2.518782377243042,5.030953407287598,11.947628021240234
2016-08-08,5.159135341644287,21.073394775390625,2.206084966659546,1.3317155838012695,1.8192843198776245,6.004697322845459,15.208494186401367,2.5483288764953613,5.33378791809082,12.14264965057373
2016-08-09,5.210597991943359,20.721864700317383,2.309995174407959,1.3452221155166626,1.8358229398727417,6.027587413787842,15.567228317260742,2.6591248512268066,5.597546100616455,12.122121810913086
2016-08-10,5.178433895111084,20.351829528808594,2.3419673442840576,1.3425207138061523,1.8159761428833008,5.852100849151611,15.350098609924316,2.6369659900665283,5.480320453643799,12.081064224243164
2016-08-11,5.262060642242432,20.425840377807617,2.3579537868499756,1.3344169855117798,1.8457461595535278,6.019957542419434,15.39730167388916,2.6591248512268066,5.578008651733398,12.122121810913086
2016-08-12,5.223463535308838,20.666358947753906,2.3419673442840576,1.3344169855117798,1.8247969150543213,5.95891809463501,15.07632827758789,2.6443521976470947,5.490088939666748,12.070798873901367
2016-08-15,5.249195098876953,20.55535125732422,2.3499608039855957,1.3236119747161865,1.8666961193084717,6.012327671051025,15.208494186401367,2.703443765640259,5.460782527923584,12.173439979553223
2016-08-16,5.13983678817749,20.703359603881836,2.325981378555298,1.2776908874511719,1.8644905090332031,5.936028957366943,15.010244369506836,2.6221930980682373,5.197024345397949,12.06053638458252
2016-08-17,5.197732448577881,19.51925277709961,2.3499608039855957,1.310105800628662,1.8920553922653198,5.981808185577393,15.07632827758789,2.6221930980682373,5.2360992431640625,11.875778198242188
2016-08-18,5.2298970222473145,19.241729736328125,2.3339743614196777,1.2965996265411377,1.8821322917938232,6.012327671051025,15.151849746704102,2.600034236907959,5.197024345397949,11.957892417907715
2016-08-19,5.27492618560791,19.01971435546875,2.3339743614196777,1.3236119747161865,1.8666961193084717,6.027587413787842,15.576669692993164,2.6221930980682373,5.284943103790283,12.019477844238281
2016-08-22,5.2298970222473145,19.14922332763672,2.309995174407959,1.310105800628662,1.881029486656189,5.974178314208984,16.048690795898438,2.6369659900665283,5.1579484939575195,12.152914047241211
2016-08-23,5.1655683517456055,18.83469581604004,2.302002429962158,1.285794734954834,1.8391306400299072,5.928399562835693,15.916522979736328,2.592646837234497,5.138411045074463,12.132383346557617
2016-08-24,4.991881370544434,18.87169647216797,2.2460505962371826,1.2668858766555786,1.8170788288116455,5.760541915893555,16.133651733398438,2.5852603912353516,5.02118444442749,11.916833877563477
2016-08-25,5.036911487579346,18.927200317382812,2.2860159873962402,1.2641843557357788,1.8380285501480103,5.844470977783203,16.709518432617188,2.563101291656494,5.011415958404541,11.814192771911621
2016-08-26,5.13983678817749,18.797693252563477,2.3499608039855957,1.2614834308624268,1.8380285501480103,5.936028957366943,16.56791114807129,2.600034236907959,5.030953407287598,11.742341041564941
2016-08-29,5.043344497680664,18.705181121826172,2.302002429962158,1.242574691772461,1.808258295059204,5.783431053161621,16.3885440826416,2.6074204444885254,5.040722370147705,11.670491218566895
2016-08-30,5.043344497680664,18.705181121826172,2.302002429962158,1.242574691772461,1.808258295059204,5.783431053161621,16.3885440826416,2.6074204444885254,5.040722370147705,11.670491218566895
2016-08-31,5.030479431152344,18.76068687438965,2.325981378555298,1.202055811882019,1.7685648202896118,5.8215813636779785,16.6151123046875,2.5261690616607666,5.040722370147705,11.16754150390625
2016-09-01,5.0755085945129395,18.76068687438965,2.3339743614196777,1.2182635068893433,1.7806932926177979,5.8215813636779785,17.087133407592773,2.489236831665039,5.030953407287598,11.218863487243652
2016-09-02,5.159135341644287,18.982707977294922,2.3499608039855957,1.2182635068893433,1.772975206375122,6.0428466796875,17.27593994140625,2.489236831665039,5.060259819030762,11.496000289916992
2016-09-05,5.268494129180908,19.01971435546875,2.3419673442840576,1.2533795833587646,1.7806932926177979,6.180184364318848,17.247621536254883,2.5483288764953613,5.128641605377197,11.660226821899414
2016-09-06,5.287792205810547,19.426748275756836,2.3419673442840576,1.2533795833587646,1.7862063646316528,6.180184364318848,17.134336471557617,2.5557148456573486,5.060259819030762,11.762870788574219
2016-09-07,5.25562858581543,19.130722045898438,2.3419673442840576,1.258781909942627,1.7862063646316528,6.187813758850098,16.851123809814453,2.5261690616607666,5.02118444442749,11.465206146240234
2016-09-08,5.300658226013184,19.315736770629883,2.3499608039855957,1.229068398475647,1.776282787322998,6.248852252960205,16.99273109436035,2.5335559844970703,5.0504913330078125,11.300978660583496
2016-09-09,5.178433895111084,19.11222267150879,2.325981378555298,1.1885496377944946,1.7751801013946533,6.164924144744873,16.926647186279297,2.4670779705047607,5.1579484939575195,11.218863487243652
2016-09-12,5.178433895111084,19.11222267150879,2.325981378555298,1.1885496377944946,1.7751801013946533,6.164924144744873,16.926647186279297,2.4670779705047607,5.1579484939575195,11.218863487243652
2016-09-13,5.178433895111084,19.11222267150879,2.325981378555298,1.1885496377944946,1.7751801013946533,6.164924144744873,16.926647186279297,2.4670779705047607,5.1579484939575195,11.218863487243652
2016-09-14,5.178433895111084,19.11222267150879,2.325981378555298,1.1885496377944946,1.7751801013946533,6.164924144744873,16.926647186279297,2.4670779705047607,5.1579484939575195,11.218863487243652
2016-09-15,5.178433895111084,19.11222267150879,2.325981378555298,1.1885496377944946,1.7751801013946533,6.164924144744873,16.926647186279297,2.4670779705047607,5.1579484939575195,11.218863487243652
2016-09-16,5.1655683517456055,18.501665115356445,2.3499608039855957,1.1507322788238525,1.7002041339874268,6.157294750213623,16.898324966430664,2.415371894836426,5.011415958404541,10.83908462524414
2016-09-19,5.326389312744141,18.816190719604492,2.3739395141601562,1.164238452911377,1.7299734354019165,6.34041166305542,17.238183975219727,2.4375314712524414,5.0504913330078125,11.09569263458252
2016-09-20,5.27492618560791,18.649677276611328,2.3739395141601562,1.1561347246170044,1.7156400680541992,6.27937126159668,17.21929931640625,2.4375314712524414,5.060259819030762,11.2291259765625
2016-09-21,5.307091236114502,18.87169647216797,2.421898365020752,1.1750433444976807,1.7421021461486816,6.2946319580078125,17.38922691345215,2.444918155670166,5.079797744750977,11.2291259765625
2016-09-22,5.416448593139648,19.37124252319336,2.5338010787963867,1.1912508010864258,1.8005398511886597,6.477748394012451,17.899009704589844,2.5261690616607666,5.197024345397949,11.516528129577637
2016-09-23,5.403584003448486,19.48225212097168,2.5338010787963867,1.1939520835876465,1.7972321510314941,6.4014506340026855,18.07837677001953,2.50400972366333,5.216561794281006,11.537055015563965
2016-09-26,5.120537757873535,19.093717575073242,2.397918939590454,1.1561347246170044,1.737691879272461,6.0428466796875,17.474191665649414,2.3636672496795654,5.001646995544434,10.941728591918945
2016-09-27,5.2298970222473145,18.964204788208008,2.48584246635437,1.145329475402832,1.7465128898620605,6.142034530639648,17.511951446533203,2.3488943576812744,5.011415958404541,10.931461334228516
2016-09-28,5.345687389373779,18.76068687438965,2.48584246635437,1.1345247030258179,1.7740777730941772,6.241223335266113,17.578035354614258,2.341507911682129,5.040722370147705,11.034107208251953
2016-09-29,5.2298970222473145,18.612672805786133,2.4378840923309326,1.1318234205245972,1.7641544342041016,6.134405136108398,17.493072509765625,2.3784396648406982,5.040722370147705,11.208599090576172
2016-09-30,5.172001361846924,18.52016830444336,2.4298908710479736,1.1156158447265625,1.7454102039337158,6.065736770629883,17.257062911987305,2.3488943576812744,5.02118444442749,11.239392280578613
2016-10-03,5.262060642242432,18.594175338745117,2.4298908710479736,1.1345247030258179,1.7630516290664673,6.157294750213623,17.43642807006836,2.3710529804229736,5.030953407287598,11.465206146240234
2016-10-04,5.204165458679199,18.631175994873047,2.3819327354431152,1.137225866317749,1.7454102039337158,6.126774787902832,16.76616096496582,2.35628080368042,5.02118444442749,11.444677352905273
2016-10-05,5.2298970222473145,18.797693252563477,2.413905143737793,1.185848355293274,1.755333662033081,6.157294750213623,16.870006561279297,2.3932125568389893,5.226330280303955,11.567849159240723
2016-10-06,5.2298970222473145,18.594175338745117,2.421898365020752,1.1534333229064941,1.7641544342041016,6.149665355682373,16.520709991455078,2.4079861640930176,5.187254905700684,11.567849159240723
2016-10-07,5.210597991943359,18.66817855834961,2.413905143737793,1.1480307579040527,1.7564361095428467,6.149665355682373,16.369661331176758,2.4227590560913086,5.148179531097412,11.619171142578125
2016-10-10,5.223463535308838,18.612672805786133,2.413905143737793,1.1426284313201904,1.7961294651031494,6.157294750213623,16.51127052307129,2.3932125568389893,5.206792831420898,11.670491218566895
2016-10-11,5.2298970222473145,18.797693252563477,2.3819327354431152,1.1237194538116455,1.7795908451080322,6.134405136108398,16.33190155029297,2.3710529804229736,5.2360992431640625,11.608905792236328
2016-10-12,5.217031002044678,18.538665771484375,2.3739395141601562,1.1264209747314453,1.7597440481185913,6.126774787902832,16.048690795898438,2.3636672496795654,5.3142499923706055,11.588377952575684
2016-10-13,5.107672691345215,18.420257568359375,2.3739395141601562,1.1507322788238525,1.7773857116699219,5.997067928314209,15.859881401062012,2.3710529804229736,5.304481029510498,11.865513801574707
2016-10-14,5.178433895111084,18.472063064575195,2.397918939590454,1.166939616203308,1.787308931350708,6.111515998840332,16.284698486328125,2.3858261108398438,5.294712543487549,11.752607345581055
2016-10-17,5.178433895111084,18.44245719909668,2.3659467697143555,1.1750433444976807,1.7994375228881836,6.065736770629883,16.180856704711914,2.3784396648406982,5.382632255554199,11.7731351852417
2016-10-18,5.345687389373779,18.612672805786133,2.397918939590454,1.1912508010864258,1.8005398511886597,6.2183332443237305,16.15253448486328,2.4227590560913086,5.421707630157471,11.947628021240234
2016-10-19,5.403584003448486,18.797693252563477,2.509822130203247,1.1966532468795776,1.8270026445388794,6.26411247253418,16.596233367919922,2.430144786834717,5.460782527923584,12.070798873901367
2016-10-20,5.416448593139648,18.927200317382812,2.48584246635437,1.1804457902908325,1.8148739337921143,6.2870025634765625,16.662317276000977,2.430144786834717,5.509626865386963,11.865513801574707
2016-10-21,5.384284973144531,18.87169647216797,2.4698565006256104,1.1345247030258179,1.8027455806732178,6.271742820739746,16.662317276000977,2.4375314712524414,5.451013565063477,11.865513801574707
2016-10-24,5.429314613342285,19.01971435546875,2.5417940616607666,1.145329475402832,1.8148739337921143,6.370931625366211,16.851123809814453,2.489236831665039,5.578008651733398,11.927099227905273
2016-10-25,5.339255332946777,18.982707977294922,2.509822130203247,1.1534333229064941,1.8038477897644043,6.34804105758667,16.851123809814453,2.459690570831299,5.490088939666748,11.906572341918945
2016-10-26,5.358553409576416,19.01971435546875,2.509822130203247,1.1399269104003906,1.7917189598083496,6.424339771270752,16.794483184814453,2.4375314712524414,5.460782527923584,12.132383346557617
2016-10-27,5.268494129180908,18.964204788208008,2.509822130203247,1.1345247030258179,1.7685648202896118,6.34041166305542,16.841684341430664,2.415371894836426,5.382632255554199,11.947628021240234
2016-10-28,5.268494129180908,18.649677276611328,2.5417940616607666,1.129122018814087,1.7586414813995361,6.317521572113037,16.718957901000977,2.3932125568389893,5.343555927276611,11.875778198242188
2016-10-31,5.319956302642822,18.649677276611328,2.525808095932007,1.1345247030258179,1.7443073987960815,6.416709899902344,16.794483184814453,2.400599718093872,5.3142499923706055,11.957892417907715
2016-11-01,5.236330032348633,18.368453979492188,2.509822130203247,1.1048109531402588,1.7465128898620605,6.2870025634765625,16.520709991455078,2.35628080368042,5.245867729187012,11.639700889587402
2016-11-02,5.204165458679199,18.035419464111328,2.517814874649048,1.121018409729004,1.7156400680541992,6.2107038497924805,16.246938705444336,2.3710529804229736,5.275174617767334,11.485733985900879
2016-11-03,5.120537757873535,17.843008041381836,2.509822130203247,1.1264209747314453,1.7266658544540405,6.142034530639648,16.294139862060547,2.3488943576812744,5.216561794281006,11.45494270324707
2016-11-04,4.95328426361084,17.576580047607422,2.4618632793426514,1.050785779953003,1.704614281654358,5.844470977783203,15.859881401062012,2.2898025512695312,4.962571620941162,11.218863487243652
2016-11-07,5.036911487579346,18.429227828979492,2.50182843208313,1.0832009315490723,1.6946911811828613,5.928399562835693,16.33190155029297,2.35628080368042,5.177486419677734,11.434412956237793
2016-11-08,5.081941604614258,18.941572189331055,2.4778494834899902,1.080499529838562,1.7178453207015991,5.928399562835693,16.294139862060547,2.3784396648406982,5.1579484939575195,11.598641395568848
2016-11-09,5.088374137878418,18.829374313354492,2.4778494834899902,1.0913045406341553,1.7090247869491577,5.920769214630127,16.5867919921875,2.3710529804229736,5.226330280303955,11.506264686584473
2016-11-10,5.107672691345215,19.165952682495117,2.4698565006256104,1.1264209747314453,1.6803568601608276,5.920769214630127,16.851123809814453,2.3858261108398438,5.128641605377197,11.383091926574707
2016-11-11,4.979016304016113,18.43671417236328,2.3819327354431152,1.1534333229064941,1.6373556852340698,5.8215813636779785,16.898324966430664,2.341507911682129,5.099335193634033,11.116220474243164
2016-11-14,4.972583770751953,18.309560775756836,2.2860159873962402,1.166939616203308,1.6186116933822632,5.791061878204346,16.681196212768555,2.3710529804229736,5.060259819030762,11.003315925598145
2016-11-15,5.0755085945129395,18.182409286499023,2.3339743614196777,1.1777446269989014,1.5998672246932983,5.8673601150512695,16.898324966430664,2.3488943576812744,5.109104633331299,11.023842811584473
2016-11-16,5.00474739074707,18.332000732421875,2.309995174407959,1.166939616203308,1.5998672246932983,5.806321144104004,16.74728012084961,2.3267343044281006,5.0504913330078125,10.972519874572754
2016-11-17,5.00474739074707,18.429227828979492,2.325981378555298,1.1561347246170044,1.6197141408920288,5.829211235046387,16.99273109436035,2.304574966430664,5.02118444442749,11.085428237915039
2016-11-18,5.069076061248779,18.324520111083984,2.317988157272339,1.1615371704101562,1.6197141408920288,5.874989986419678,16.633996963500977,2.3267343044281006,5.040722370147705,11.2291259765625
2016-11-21,5.030479431152344,18.294601440429688,2.3339743614196777,1.166939616203308,1.611996054649353,5.81395149230957,16.445188522338867,2.319348096847534,5.138411045074463,11.177806854248047
2016-11-22,5.126971244812012,18.145017623901367,2.3339743614196777,1.1804457902908325,1.6353085041046143,5.81395149230957,16.954967498779297,2.3784396648406982,5.099335193634033,11.239392280578613
2016-11-23,5.011180400848389,18.242246627807617,2.325981378555298,1.1885496377944946,1.625073790550232,5.699502468109131,16.57735252380371,2.415371894836426,5.001646995544434,11.188070297241211
2016-11-24,4.914687156677246,18.107614517211914,2.302002429962158,1.1939520835876465,1.6455438137054443,5.585055351257324,16.218616485595703,2.4375314712524414,4.903958320617676,11.126485824584961
2016-11-25,4.933985710144043,17.95802879333496,2.29400897026062,1.202055811882019,1.6375831365585327,5.592685699462891,16.01092529296875,2.4375314712524414,4.923496246337891,11.249656677246094
2016-11-28,4.991881370544434,18.15249252319336,2.317988157272339,1.245275855064392,1.6375831365585327,5.661354064941406,16.284698486328125,2.4375314712524414,4.923496246337891,11.259920120239258
2016-11-29,4.921120643615723,17.92063331604004,2.2700295448303223,1.242574691772461,1.6375831365585327,5.600315093994141,16.218616485595703,2.4079861640930176,4.845345497131348,11.136749267578125
2016-11-30,4.856792449951172,18.025344848632812,2.309995174407959,1.2722883224487305,1.6409947872161865,5.5621657371521,16.341341018676758,2.452303886413574,4.698812961578369,11.003315925598145
2016-12-01,4.798895835876465,17.554141998291016,2.2540438175201416,1.2479771375656128,1.5795855522155762,5.493496894836426,15.680513381958008,2.3932125568389893,4.522974014282227,10.582478523254395
2016-12-02,4.779598236083984,17.79348373413086,2.2700295448303223,1.2641843557357788,1.600055456161499,5.600315093994141,15.737156867980957,2.4375314712524414,4.679275035858154,11.034107208251953
2016-12-05,4.741000652313232,17.80843734741211,2.2860159873962402,1.2830932140350342,1.6102901697158813,5.585055351257324,16.06757164001465,2.489236831665039,4.601124286651611,11.331770896911621
2016-12-06,4.876091003417969,17.935588836669922,2.3499608039855957,1.3560270071029663,1.6978551149368286,5.745282173156738,16.643434524536133,2.577874183654785,4.718350410461426,11.834720611572266
2016-12-07,4.946852207183838,18.130056381225586,2.3739395141601562,1.3614294528961182,1.710364580154419,5.768171787261963,16.775602340698242,2.5852603912353516,4.757425785064697,11.701284408569336
2016-12-08,4.914687156677246,18.01786231994629,2.3739395141601562,1.3857407569885254,1.6887576580047607,5.730023384094238,16.75672149658203,2.5409421920776367,4.728119373321533,11.701284408569336
2016-12-09,4.876091003417969,17.950551986694336,2.3739395141601562,1.3668321371078491,1.6796599626541138,5.707132816314697,16.737836837768555,2.577874183654785,4.669507026672363,11.629436492919922
2016-12-12,4.908254623413086,17.943069458007812,2.397918939590454,1.393844485282898,1.7035412788391113,5.707132816314697,16.99273109436035,2.6443521976470947,4.659737586975098,11.721814155578613
2016-12-13,5.024045467376709,18.324520111083984,2.4538700580596924,1.3965458869934082,1.6989924907684326,5.829211235046387,16.964406967163086,2.6443521976470947,4.698812961578369,11.927099227905273
2016-12-14,5.069076061248779,18.691011428833008,2.421898365020752,1.3695334196090698,1.6796599626541138,5.798691272735596,16.954967498779297,2.6369659900665283,4.689043998718262,12.193970680236816
2016-12-15,5.120537757873535,18.75458335876465,2.389925956726074,1.3884421586990356,1.7058160305023193,5.897879600524902,17.294822692871094,2.673898935317993,4.845345497131348,12.091327667236328
2016-12-16,5.049777507781982,18.79198455810547,2.389925956726074,1.4046496152877808,1.73538339138031,5.890249729156494,17.181537628173828,2.6443521976470947,4.825808048248291,12.111855506896973
2016-12-19,5.011180400848389,18.46662712097168,2.3499608039855957,1.3614294528961182,1.7308346033096313,5.8215813636779785,17.21929931640625,2.600034236907959,4.894190311431885,12.204235076904297
2016-12-20,5.049777507781982,18.45167350769043,2.3819327354431152,1.364130973815918,1.7319718599319458,5.890249729156494,17.134336471557617,2.673898935317993,4.943033695220947,12.265820503234863
2016-12-21,5.024045467376709,18.257205963134766,2.3739395141601562,1.3722347021102905,1.719462275505066,5.920769214630127,16.945528030395508,2.629579544067383,4.933265209197998,12.265820503234863
2016-12-22,5.00474739074707,18.19736671447754,2.3659467697143555,1.3965458869934082,1.7001298666000366,5.905508995056152,16.539592742919922,2.6665120124816895,4.874651908874512,12.132383346557617
2016-12-23,4.966150760650635,18.085180282592773,2.3579537868499756,1.3749356269836426,1.7160507440567017,5.806321144104004,16.520709991455078,2.7108304500579834,4.825808048248291,12.214498519897461
2016-12-26,4.972583770751953,18.092660903930664,2.3659467697143555,1.3722347021102905,1.7160507440567017,5.806321144104004,16.501827239990234,2.7108304500579834,4.855114459991455,12.306878089904785
2016-12-27,4.933985710144043,18.047779083251953,2.3499608039855957,1.3830394744873047,1.710364580154419,5.760541915893555,16.35078239440918,2.747763156890869,4.83557653427124,12.265820503234863
2016-12-28,5.011180400848389,18.264684677124023,2.389925956726074,1.3911432027816772,1.7183252573013306,5.829211235046387,16.624553680419922,2.792081117630005,4.923496246337891,12.501899719238281
2016-12-29,4.99831485748291,18.481584548950195,2.3739395141601562,1.3722347021102905,1.7365206480026245,5.81395149230957,16.492385864257812,2.7699222564697266,4.913727283477783,12.471105575561523
2016-12-30,5.030479431152344,18.324520111083984,2.389925956726074,1.3884421586990356,1.7387951612472534,5.81395149230957,16.596233367919922,2.8290138244628906,4.894190311431885,12.645598411560059
2017-01-02,4.99831485748291,18.212331771850586,2.389925956726074,1.3776369094848633,1.7171882390975952,5.798691272735596,16.851123809814453,2.8068552017211914,4.855114459991455,12.399255752563477
2017-01-03,4.895389556884766,18.115093231201172,2.3419673442840576,1.3452221155166626,1.6830718517303467,5.730023384094238,16.56791114807129,2.7256033420562744,4.767195224761963,12.132383346557617
2017-01-04,4.8246283531188965,18.302080154418945,2.3579537868499756,1.2830932140350342,1.668287992477417,5.668983459472656,16.56791114807129,2.718216896057129,4.708581924438477,11.916833877563477
2017-01-05,4.8246283531188965,18.264684677124023,2.3739395141601562,1.307404637336731,1.6751114130020142,5.64609432220459,16.426305770874023,2.703443765640259,4.845345497131348,11.85524845123291
2017-01-06,4.921120643615723,18.182409286499023,2.389925956726074,1.2993007898330688,1.710364580154419,5.684243202209473,16.624553680419922,2.718216896057129,4.825808048248291,12.214498519897461
2017-01-09,4.927553176879883,18.070222854614258,2.3739395141601562,1.302002191543579,1.710364580154419,5.73765230178833,16.5301513671875,2.7403767108917236,4.767195224761963,12.28635025024414
2017-01-10,4.8053297996521,18.040302276611328,2.3739395141601562,1.3425207138061523,1.701267123222351,5.653724193572998,16.416866302490234,2.747763156890869,4.718350410461426,12.152914047241211
2017-01-11,4.779598236083984,18.391836166381836,2.3579537868499756,1.4316620826721191,1.7171882390975952,5.691873550415039,16.35078239440918,2.7551496028900146,4.708581924438477,12.378728866577148
2017-01-12,5.049777507781982,19.296844482421875,2.4378840923309326,1.5181018114089966,1.76267671585083,6.027587413787842,16.74728012084961,2.9102649688720703,4.855114459991455,12.48137092590332
2017-01-13,5.017613410949707,19.764299392700195,2.4618632793426514,1.5235044956207275,1.7933812141418457,6.019957542419434,16.75672149658203,2.9545838832855225,4.894190311431885,12.563485145568848
2017-01-16,4.972583770751953,19.68950843811035,2.405911684036255,1.528907060623169,1.8024787902832031,5.943658351898193,16.841684341430664,2.9693570137023926,4.982109546661377,12.850884437561035
2017-01-17,5.036911487579346,19.46512794494629,2.4298908710479736,1.5208032131195068,1.8081650733947754,6.035216808319092,17.228740692138672,2.9693570137023926,5.0504913330078125,12.902205467224121
2017-01-18,5.069076061248779,19.670812606811523,2.4298908710479736,1.4937909841537476,1.8343206644058228,6.019957542419434,17.521392822265625,3.00628924369812,5.099335193634033,12.74824333190918
2017-01-19,5.00474739074707,19.85779571533203,2.421898365020752,1.4910895824432373,1.8365952968597412,5.95128870010376,17.20985984802246,2.9102649688720703,5.030953407287598,12.655863761901855
2017-01-20,5.094806671142578,20.343961715698242,2.4298908710479736,1.509998083114624,1.8672996759414673,6.027587413787842,17.27593994140625,2.932424783706665,5.070028781890869,12.809826850891113
2017-01-23,5.043344497680664,20.082176208496094,2.4298908710479736,1.515400767326355,1.8718488216400146,5.95891809463501,17.20985984802246,2.932424783706665,5.079797744750977,13.025378227233887
2017-01-24,5.126971244812012,20.25046157836914,2.4298908710479736,1.5532183647155762,1.905964970588684,5.981808185577393,17.41754913330078,2.9398112297058105,5.372862815856934,13.312777519226074
2017-01-25,5.056210041046143,19.91389274597168,2.413905143737793,1.5126994848251343,1.8945928812026978,5.890249729156494,17.27593994140625,2.8954918384552,5.2360992431640625,13.281983375549316
2017-01-26,5.1655683517456055,19.820398330688477,2.405911684036255,1.5235044956207275,1.9127885103225708,5.997067928314209,17.313703536987305,2.9250378608703613,5.343555927276611,13.158814430236816
2017-01-27,5.094806671142578,19.74560546875,2.3579537868499756,1.5370107889175415,1.9332576990127563,6.027587413787842,17.181537628173828,2.9250378608703613,5.226330280303955,13.261456489562988
2017-01-30,5.364985942840576,20.082176208496094,2.4458773136138916,1.5748281478881836,1.984432578086853,6.2870025634765625,17.464752197265625,2.9693570137023926,5.470551013946533,13.43595027923584
2017-01-31,5.403584003448486,20.138273239135742,2.4538700580596924,1.5694255828857422,1.985569953918457,6.34804105758667,17.41754913330078,2.9841291904449463,5.411938667297363,13.364100456237793
2017-02-01,5.435747146606445,19.72690200805664,2.4698565006256104,1.6072431802749634,1.9764721393585205,6.386190414428711,17.58747673034668,2.9693570137023926,5.51939582824707,13.477005958557129
2017-02-02,5.570837020874023,19.85779571533203,2.48584246635437,1.593737006187439,1.9958049058914185,6.523528099060059,17.5685977935791,2.9989030361175537,5.548702239990234,13.333306312561035
2017-02-03,5.66732931137085,19.876495361328125,2.525808095932007,1.5991394519805908,1.9901185035705566,6.737163543701172,18.125579833984375,3.00628924369812,5.548702239990234,13.528327941894531
2017-02-06,5.551537990570068,19.633413314819336,2.4698565006256104,1.5991394519805908,1.9673746824264526,6.56930685043335,18.125579833984375,2.9398112297058105,5.470551013946533,13.3435697555542
2017-02-07,5.58370304107666,19.633413314819336,2.50182843208313,1.5478157997131348,1.9901185035705566,6.576936721801758,18.03117561340332,2.9250378608703613,5.43147611618042,13.446213722229004
2017-02-08,5.66732931137085,19.633413314819336,2.493835210800171,1.545114517211914,1.9810206890106201,6.668495178222656,18.739206314086914,2.9176509380340576,5.61708402633667,13.240927696228027
2017-02-09,5.705925941467285,19.558616638183594,2.5338010787963867,1.545114517211914,2.009451150894165,6.760053634643555,19.088499069213867,2.9028782844543457,5.61708402633667,13.271718978881836
2017-02-10,5.551537990570068,19.296844482421875,2.4778494834899902,1.5478157997131348,1.9946675300598145,6.584567070007324,18.975215911865234,2.888105869293213,5.451013565063477,13.333306312561035
2017-02-13,5.705925941467285,19.315542221069336,2.493835210800171,1.5856331586837769,2.0049023628234863,6.729534149169922,19.088499069213867,2.888105869293213,5.587777137756348,13.559121131896973
2017-02-14,5.731657981872559,19.07245445251465,2.50182843208313,1.6126456260681152,1.9901185035705566,6.7142744064331055,19.069622039794922,2.9028782844543457,5.6073150634765625,13.528327941894531
2017-02-15,5.648031234741211,19.783000946044922,2.4698565006256104,1.593737006187439,1.9901185035705566,6.691384315490723,18.975215911865234,2.9176509380340576,5.509626865386963,13.672028541564941
2017-02-16,5.693060874938965,19.988685607910156,2.509822130203247,1.5964382886886597,2.011725664138794,6.790572166442871,18.9185733795166,2.873332977294922,5.548702239990234,13.702820777893066
2017-02-17,5.7766876220703125,20.007381439208984,2.50182843208313,1.5991394519805908,2.0549397468566895,6.889760971069336,19.182905197143555,2.8807191848754883,5.578008651733398,13.672028541564941
2017-02-20,5.7509565353393555,19.820398330688477,2.517814874649048,1.5748281478881836,2.051527738571167,6.813462734222412,18.9185733795166,2.9398112297058105,5.587777137756348,13.754142761230469
2017-02-21,5.763822555541992,19.839099884033203,2.50182843208313,1.5910356044769287,2.061762809753418,6.882131576538086,19.01297378540039,2.947197675704956,5.587777137756348,13.856785774230957
2017-02-22,5.654463768005371,19.988685607910156,2.493835210800171,1.5964382886886597,2.0788211822509766,6.706644535064697,19.069622039794922,2.9545838832855225,5.578008651733398,14.010747909545898
2017-02-23,5.673762321472168,20.082176208496094,2.509822130203247,1.6477619409561157,2.103839874267578,6.729534149169922,19.239547729492188,2.9545838832855225,5.6073150634765625,14.000486373901367
2017-02-24,5.641598701477051,19.614721298217773,2.50182843208313,1.6072431802749634,2.103839874267578,6.630345821380615,19.01297378540039,2.947197675704956,5.51939582824707,13.959429740905762
2017-02-27,5.622299671173096,19.390331268310547,2.50182843208313,1.6045421361923218,2.100428342819214,6.592197418212891,18.89969253540039,2.932424783706665,5.411938667297363,14.072334289550781
2017-02-28,5.59013557434082,19.596019744873047,2.50182843208313,1.6045421361923218,2.0822324752807617,6.576936721801758,18.597599029541016,2.8954918384552,5.33378791809082,13.949163436889648
2017-03-01,5.7509565353393555,19.708208084106445,2.5737664699554443,1.6072431802749634,2.087918758392334,6.798202037811279,19.069622039794922,2.9398112297058105,5.548702239990234,13.96968936920166
2017-03-02,5.795986652374268,19.74560546875,2.525808095932007,1.6423594951629639,2.090193033218384,6.83635139465332,18.83361053466797,2.97674298286438,5.578008651733398,13.990221977233887
2017-03-03,5.783121109008789,19.539926528930664,2.517814874649048,1.6315544843673706,2.087918758392334,6.782942771911621,18.701444625854492,2.961970567703247,5.568239688873291,14.000486373901367
2017-03-06,5.956807613372803,20.007381439208984,2.5577802658081055,1.6315544843673706,2.17775821685791,6.897390365600586,18.805286407470703,3.050607204437256,5.568239688873291,14.441847801208496
2017-03-07,5.873180389404297,21.147985458374023,2.5417940616607666,1.615346908569336,2.1470537185668945,6.897390365600586,19.220666885375977,2.9693570137023926,5.5291643142700195,14.277620315551758
2017-03-08,5.744524002075195,21.578060150146484,2.5338010787963867,1.5802305936813354,2.1049768924713135,6.7524237632751465,19.239547729492188,2.932424783706665,5.441245079040527,14.205768585205078
2017-03-09,5.654463768005371,21.241485595703125,2.48584246635437,1.593737006187439,2.122035026550293,6.683755397796631,19.277307510375977,2.9841291904449463,5.382632255554199,14.051806449890137
2017-03-10,5.705925941467285,20.886211395263672,2.493835210800171,1.5910356044769287,2.1516027450561523,6.828720569610596,19.824851989746094,3.013676166534424,5.480320453643799,14.195507049560547
2017-03-13,5.71235990524292,20.792720794677734,2.4618632793426514,1.601840853691101,2.1334071159362793,6.798202037811279,20.296873092651367,3.013676166534424,5.51939582824707,14.010747909545898
2017-03-14,5.635165691375732,20.83011817932129,2.4618632793426514,1.5802305936813354,2.119760513305664,6.729534149169922,20.391277313232422,3.013676166534424,5.675696849822998,13.979955673217773
2017-03-15,5.686628341674805,20.68052864074707,2.4698565006256104,1.6207493543624878,2.116349220275879,6.767683506011963,20.67448616027832,2.9989030361175537,5.724541664123535,14.0620698928833
2017-03-16,5.738090991973877,20.736623764038086,2.509822130203247,1.672073245048523,2.1334071159362793,6.828720569610596,20.63672637939453,3.065380811691284,5.783154010772705,13.959429740905762
2017-03-17,5.731657981872559,20.792720794677734,2.4538700580596924,1.6774755716323853,2.156151533126831,6.813462734222412,20.693370819091797,3.0579936504364014,5.753848075866699,14.021011352539062
2017-03-20,5.757389545440674,21.073198318481445,2.4458773136138916,1.6531645059585571,2.156151533126831,6.920279502868652,20.59896469116211,3.0284483432769775,5.773385524749756,13.979955673217773
2017-03-21,5.699493408203125,21.12929344177246,2.4698565006256104,1.650463342666626,2.1288583278656006,6.813462734222412,20.542322158813477,3.00628924369812,5.6073150634765625,14.154448509216309
2017-03-22,5.648031234741211,20.77402114868164,2.4538700580596924,1.6342558860778809,2.0992908477783203,6.744793891906738,20.59896469116211,3.0284483432769775,5.372862815856934,13.949163436889648
2017-03-23,5.609434127807617,21.147985458374023,2.4778494834899902,1.6072431802749634,2.0788211822509766,6.660864353179932,20.95770263671875,3.065380811691284,5.363093852996826,13.928633689880371
2017-03-24,5.71879243850708,21.428468704223633,2.4378840923309326,1.6126456260681152,2.0913302898406982,6.813462734222412,20.82553482055664,3.094926357269287,5.402169704437256,13.908106803894043
2017-03-27,5.66732931137085,21.54066276550293,2.29400897026062,1.5829321146011353,2.0708606243133545,6.760053634643555,20.750011444091797,3.080153703689575,5.411938667297363,13.815729141235352
2017-03-28,5.699493408203125,21.372371673583984,2.325981378555298,1.5964382886886597,2.0560765266418457,6.805832862854004,20.99546241760254,3.1096994876861572,5.421707630157471,13.918371200561523
2017-03-29,5.648031234741211,21.372371673583984,2.29400897026062,1.5991394519805908,2.077683925628662,6.798202037811279,20.693370819091797,3.0875399112701416,5.33378791809082,13.836255073547363
2017-03-30,5.644730091094971,21.31627655029297,2.325981378555298,1.6072431802749634,2.0708606243133545,6.82109260559082,20.712251663208008,3.065380811691284,5.343555927276611,13.815729141235352
2017-03-31,5.631526470184326,20.904909133911133,2.317988157272339,1.593737006187439,2.0242350101470947,6.760053634643555,20.919939041137695,3.080153703689575,5.343555927276611,13.96968936920166
2017-04-03,5.591914176940918,20.942312240600586,2.309995174407959,1.5829321146011353,2.099423885345459,6.7524237632751465,21.052104949951172,3.035835027694702,5.275174617767334,14.085577964782715
2017-04-04,5.631526470184326,20.923606872558594,2.302002429962158,1.618048071861267,2.080627202987671,6.859241485595703,21.203149795532227,3.013676166534424,5.372862815856934,14.327890396118164
2017-04-05,5.710750579833984,20.923606872558594,2.2780227661132812,1.618048071861267,2.0853264331817627,6.889760971069336,21.6185302734375,3.0875399112701416,5.353325366973877,14.348958969116211
2017-04-06,5.677740097045898,20.942312240600586,2.2780227661132812,1.6122486591339111,2.114697217941284,6.851611614227295,21.486364364624023,3.080153703689575,5.324018955230713,14.296282768249512
2017-04-07,5.651331901550293,20.979707717895508,2.2780227661132812,1.6035497188568115,2.117047071456909,6.912651062011719,21.27867317199707,3.065380811691284,5.304481029510498,14.38056468963623
2017-04-10,5.988034725189209,21.091896057128906,2.3339743614196777,1.647045373916626,2.1957602500915527,7.347552299499512,21.580766677856445,3.146632194519043,5.460782527923584,15.012678146362305
2017-04-11,5.96162748336792,21.241485595703125,2.29400897026062,1.623847484588623,2.229830265045166,7.248363971710205,21.391958236694336,3.1687912940979004,5.421707630157471,15.11803150177002
2017-04-12,6.00784158706665,21.278886795043945,2.2860159873962402,1.6209477186203003,2.2310054302215576,7.286513805389404,21.335315704345703,3.1170856952667236,5.43147611618042,15.107495307922363
2017-04-13,5.908810615539551,21.16669273376465,2.2620368003845215,1.586151361465454,2.2075085639953613,7.187325477600098,21.127628326416016,3.080153703689575,5.324018955230713,14.928396224975586
2017-04-14,6.00123929977417,21.091896057128906,2.2700295448303223,1.583251714706421,2.173438549041748,7.400961399078369,21.184268951416016,3.094926357269287,5.353325366973877,14.90732479095459
2017-04-17,6.00123929977417,20.886211395263672,2.302002429962158,1.6122486591339111,2.171088933944702,7.385700702667236,21.467483520507812,3.1170856952667236,5.402169704437256,15.09695816040039
2017-04-18,6.113473892211914,20.923606872558594,2.2860159873962402,1.6499452590942383,2.216907501220703,7.4238505363464355,21.41084098815918,3.1023130416870117,5.421707630157471,15.023211479187012
2017-04-19,6.021045684814453,20.867511749267578,2.2620368003845215,1.658644437789917,2.188711404800415,7.26362419128418,21.335315704345703,3.1096994876861572,5.382632255554199,14.94946575164795
2017-04-20,6.12007474899292,20.77402114868164,2.325981378555298,1.6818422079086304,2.1969351768493652,7.301773548126221,22.128311157226562,3.1392457485198975,5.460782527923584,15.149635314941406
2017-04-21,6.146483898162842,21.035797119140625,2.3339743614196777,1.6934411525726318,2.2180821895599365,7.324662208557129,22.22271728515625,3.176177501678467,5.538933753967285,15.223382949829102
2017-04-24,6.344544887542725,21.147985458374023,2.3659467697143555,1.745636224746704,2.2592012882232666,7.5117645263671875,22.46816635131836,3.220496416091919,5.783154010772705,15.160171508789062
2017-04-25,6.4039626121521,21.690250396728516,2.3659467697143555,1.7978312969207764,2.280348300933838,7.606251239776611,22.46816635131836,3.2869744300842285,5.783154010772705,15.254986763000488
2017-04-26,6.311534881591797,21.428468704223633,2.3499608039855957,1.8384277820587158,2.2380542755126953,7.606251239776611,22.883544921875,3.309133768081665,5.958993434906006,15.160171508789062
2017-04-27,6.232309818267822,21.521957397460938,2.3499608039855957,1.8674250841140747,2.2603759765625,7.45664644241333,22.845781326293945,3.3165199756622314,5.919918060302734,15.486762046813965
2017-04-28,6.278524875640869,21.70895004272461,2.3579537868499756,1.8877228498458862,2.3202924728393555,7.551135063171387,22.95906639099121,3.294360637664795,5.919918060302734,15.58158016204834
2017-05-01,6.278524875640869,21.70895004272461,2.3579537868499756,1.8877228498458862,2.3202924728393555,7.551135063171387,22.95906639099121,3.294360637664795,5.919918060302734,15.58158016204834
2017-05-02,6.225708484649658,21.54066276550293,2.3499608039855957,1.8587255477905273,2.3003199100494385,7.56688117980957,23.12899398803711,3.331293821334839,5.929687023162842,15.40247917175293
2017-05-03,6.205902576446533,21.48456382751465,2.325981378555298,1.8355278968811035,2.3061940670013428,7.45664644241333,23.072351455688477,3.323906421661377,5.968762397766113,15.360337257385254
2017-05-04,6.12007474899292,21.54066276550293,2.2780227661132812,1.8326281309127808,2.312068462371826,7.377906322479248,23.166757583618164,3.235269069671631,5.998068332672119,15.37087345123291
2017-05-05,6.1398820877075195,21.465866088867188,2.317988157272339,1.8326281309127808,2.288571834564209,7.4408979415893555,23.261157989501953,3.220496416091919,5.988300323486328,15.58158016204834
2017-05-08,6.100269794464111,21.428468704223633,2.29400897026062,1.8268285989761353,2.2662501335144043,7.370031833648682,23.54437255859375,3.220496416091919,6.281365394592285,15.391944885253906
2017-05-09,6.192697525024414,22.438190460205078,2.302002429962158,1.9109207391738892,2.2991459369659424,7.527512550354004,23.884225845336914,3.2426555156707764,6.291134357452393,15.792282104492188
2017-05-10,6.225708484649658,23.54139518737793,2.317988157272339,1.9051213264465332,2.349663496017456,7.543260097503662,24.22408103942871,3.338679790496826,6.496279716491699,15.58158016204834
2017-05-11,6.106872081756592,23.616193771362305,2.29400897026062,1.902221441268921,2.3367397785186768,7.362159252166748,24.299604415893555,3.4420900344848633,6.349747180938721,15.107495307922363
2017-05-12,6.067259788513184,23.672290802001953,2.2780227661132812,1.8703243732452393,2.2791731357574463,7.322789192199707,24.16744041442871,3.3903849124908447,6.349747180938721,14.981073379516602
2017-05-15,6.093667507171631,23.971464157104492,2.29400897026062,1.8674250841140747,2.2791731357574463,7.362159252166748,24.129676818847656,3.5011816024780273,6.506048679351807,15.023211479187012
2017-05-16,6.1398820877075195,23.93406867980957,2.317988157272339,1.8645251989364624,2.3061940670013428,7.417276859283447,24.261844635009766,3.479022741317749,6.564661502838135,15.455156326293945
2017-05-17,6.159687519073486,23.429208755493164,2.302002429962158,1.8558257818222046,2.2439284324645996,7.472393035888672,24.186317443847656,3.4199306964874268,6.613505840301514,15.06535530090332
2017-05-18,6.106872081756592,23.466604232788086,2.2780227661132812,1.8587255477905273,2.2157325744628906,7.4408979415893555,23.865345001220703,3.405158281326294,6.535355567932129,14.960001945495605
2017-05-19,6.106872081756592,23.466604232788086,2.2780227661132812,1.8587255477905273,2.2157325744628906,7.4408979415893555,23.865345001220703,3.405158281326294,6.535355567932129,14.960001945495605
2017-05-22,6.172891616821289,23.672290802001953,2.29400897026062,1.9080208539962769,2.2873971462249756,7.5117645263671875,24.507291793823242,3.4716360569000244,6.691656589508057,15.28659439086914
2017-05-23,6.278524875640869,23.877971649169922,2.317988157272339,1.8993220329284668,2.3202924728393555,7.629873275756836,24.88490867614746,3.464250326156616,6.916339874267578,15.381410598754883
2017-05-24,6.390758514404297,23.37311363220215,2.389925956726074,1.8819233179092407,2.3661110401153564,7.69286584854126,25.205883026123047,3.567659854888916,6.9749531745910645,15.28659439086914
2017-05-25,6.384157180786133,23.616193771362305,2.3819327354431152,1.8993220329284668,2.2944459915161133,7.6456217765808105,24.62057876586914,3.538114547729492,7.121485710144043,14.86518383026123
2017-05-26,6.311534881591797,23.709684371948242,2.397918939590454,1.879023551940918,2.3308656215667725,7.5747551918029785,24.809389114379883,3.5750465393066406,7.1117167472839355,15.202311515808105
2017-05-29,6.3577494621276855,23.65359115600586,2.405911684036255,1.879023551940918,2.3261663913726807,7.5905046463012695,24.941553115844727,3.5898189544677734,7.1410231590271,15.233917236328125
2017-05-30,6.2719221115112305,23.784475326538086,2.421898365020752,1.879023551940918,2.349663496017456,7.503890514373779,25.26252555847168,3.567659854888916,7.072641372680664,15.476224899291992
2017-05-31,6.291728496551514,23.466604232788086,2.4378840923309326,1.8529258966445923,2.37550950050354,7.5590081214904785,25.451332092285156,3.5691380500793457,7.072641372680664,15.434086799621582
2017-06-01,6.291728496551514,23.877971649169922,2.3819327354431152,1.84132719039917,2.3919572830200195,7.4802680015563965,25.168123245239258,3.553982973098755,6.984722137451172,15.465690612792969
2017-06-02,6.377554893493652,24.420228958129883,2.413905143737793,1.9080208539962769,2.464796781539917,7.5905046463012695,25.073719024658203,3.675226926803589,7.101947784423828,15.697467803955078
2017-06-05,6.344544887542725,24.177146911621094,2.389925956726074,1.884822964668274,2.4178035259246826,7.5117645263671875,24.714982986450195,3.622182607650757,7.248480796813965,15.318199157714844
2017-06-06,6.3577494621276855,24.00885772705078,2.3739395141601562,1.8732242584228516,2.4201531410217285,7.56688117980957,24.450651168823242,3.622182607650757,7.316862106323242,15.212846755981445
2017-06-07,6.311534881591797,23.70543098449707,2.3419673442840576,1.8500264883041382,2.4918179512023926,7.543260097503662,24.450651168823242,3.5994484424591064,7.248480796813965,15.360337257385254
2017-06-08,6.278524875640869,24.122642517089844,2.3659467697143555,1.8587255477905273,2.4812448024749756,7.496016979217529,24.733863830566406,3.6146037578582764,7.1605610847473145,15.539440155029297
2017-06-09,6.344544887542725,24.14160919189453,2.397918939590454,1.8674250841140747,2.49064302444458,7.5590081214904785,24.903789520263672,3.637338161468506,7.219173908233643,15.686931610107422
2017-06-12,6.463380813598633,24.312292098999023,2.389925956726074,1.902221441268921,2.4976918697357178,7.6456217765808105,25.281408309936523,3.6146037578582764,7.209404945373535,15.549976348876953
2017-06-13,6.469983100891113,24.482967376708984,2.3819327354431152,1.8674250841140747,2.52823805809021,7.5747551918029785,25.205883026123047,3.5691380500793457,7.1410231590271,15.67639446258545
2017-06-14,6.5095953941345215,24.653644561767578,2.3579537868499756,1.8500264883041382,2.5200135707855225,7.637747287750244,25.149242401123047,3.5388264656066895,7.2680182456970215,15.644789695739746
2017-06-15,6.443575382232666,24.653644561767578,2.3579537868499756,1.8674250841140747,2.5446853637695312,7.582630634307861,25.26252555847168,3.5312485694885254,7.189867973327637,15.708002090454102
2017-06-16,6.4369730949401855,24.331254959106445,2.3339743614196777,1.8384277820587158,2.5376362800598145,7.527512550354004,25.26252555847168,3.4933602809906006,7.101947784423828,15.518366813659668
2017-06-19,6.608625411987305,24.3502197265625,2.3499608039855957,1.84132719039917,2.525887966156006,7.677117347717285,26.244327545166016,3.5312485694885254,7.277787208557129,15.465690612792969
2017-06-20,6.582216739654541,24.55882453918457,2.3419673442840576,1.84132719039917,2.5634827613830566,7.677117347717285,26.074405670166016,3.5312485694885254,7.238711357116699,15.592114448547363
2017-06-21,6.588819980621338,24.369186401367188,2.3419673442840576,1.8935223817825317,2.5435101985931396,7.677117347717285,25.828950881958008,3.5160932540893555,7.277787208557129,15.62371826171875
2017-06-22,6.641635417938232,24.672609329223633,2.3419673442840576,1.8732242584228516,2.5482099056243896,7.716486930847168,25.92335319519043,3.4933602809906006,7.424319744110107,15.686931610107422
2017-06-23,6.562411308288574,24.691574096679688,2.3819327354431152,1.8819233179092407,2.5658321380615234,7.6456217765808105,25.847829818725586,3.4933602809906006,7.590390205383301,15.634254455566406
2017-06-26,6.562411308288574,24.691574096679688,2.3819327354431152,1.8819233179092407,2.5658321380615234,7.6456217765808105,25.847829818725586,3.4933602809906006,7.590390205383301,15.634254455566406
2017-06-27,6.562411308288574,24.691574096679688,2.3819327354431152,1.8819233179092407,2.5658321380615234,7.6456217765808105,25.847829818725586,3.4933602809906006,7.590390205383301,15.634254455566406
2017-06-28,6.588819980621338,24.577795028686523,2.3659467697143555,1.9747146368026733,2.510615587234497,7.818849563598633,25.791187286376953,3.5085153579711914,7.805304527282715,15.465690612792969
2017-06-29,6.529401779174805,24.464004516601562,2.3499608039855957,2.024010181427002,2.5200135707855225,7.771605491638184,25.715662002563477,3.47062611579895,7.629465579986572,15.265524864196777
2017-06-30,6.469983100891113,24.748470306396484,2.3499608039855957,2.0443079471588135,2.52353835105896,7.708611965179443,26.017757415771484,3.4857826232910156,7.863918304443359,15.223382949829102
2017-07-03,6.489789962768555,24.53986167907715,2.3499608039855957,2.053007125854492,2.5141398906707764,7.771605491638184,25.866710662841797,3.5464041233062744,7.873686790466309,15.297128677368164
2017-07-04,6.595421314239502,24.42607879638672,2.3579537868499756,2.038508653640747,2.5023913383483887,7.90546178817749,25.772308349609375,3.5918707847595215,8.156983375549316,15.465690612792969
2017-07-05,6.5095953941345215,24.634685516357422,2.3419673442840576,2.073305368423462,2.49064302444458,7.803101062774658,25.526857376098633,3.5691380500793457,8.039756774902344,15.13909912109375
2017-07-06,6.555809497833252,24.786396026611328,2.325981378555298,2.047207832336426,2.488293409347534,7.755857467651367,25.41357421875,3.553982973098755,8.117908477783203,15.223382949829102
2017-07-07,6.5095953941345215,24.42607879638672,2.317988157272339,2.047207832336426,2.4577479362487793,7.763731479644775,25.205883026123047,3.5388264656066895,8.18628978729248,15.128565788269043
2017-07-10,6.542605400085449,24.312292098999023,2.3339743614196777,2.1168015003204346,2.4612722396850586,7.826721668243408,25.30028533935547,3.5918707847595215,8.469586372375488,15.434086799621582
2017-07-11,6.767074108123779,24.520896911621094,2.3819327354431152,2.148698329925537,2.4612722396850586,8.196799278259277,25.621261596679688,3.6070263385772705,8.42074203491211,15.549976348876953
2017-07-12,6.852899551391602,24.9381103515625,2.421898365020752,2.186394691467285,2.4589223861694336,8.149555206298828,26.244327545166016,3.622182607650757,8.401204109191895,15.539440155029297
2017-07-13,6.7472686767578125,25.032936096191406,2.4378840923309326,2.209592819213867,2.5047407150268555,8.070815086364746,25.998876571655273,3.6828041076660156,8.55750560760498,15.52890396118164
2017-07-14,6.852899551391602,25.63979148864746,2.4698565006256104,2.2008936405181885,2.579930543899536,8.204673767089844,26.055519104003906,3.697960376739502,8.625886917114258,15.802817344665527
2017-07-17,6.945328712463379,25.65876007080078,2.4778494834899902,2.206692934036255,2.6151750087738037,8.220419883728027,26.433137893676758,3.720693588256836,8.733344078063965,16.36118507385254
2017-07-18,6.852899551391602,25.601863861083984,2.509822130203247,2.206692934036255,2.625748634338379,8.149555206298828,26.263206481933594,3.675226926803589,8.655194282531738,16.097803115844727
2017-07-19,6.998144149780273,26.132871627807617,2.5417940616607666,2.244389057159424,2.6433708667755127,8.314908981323242,26.433137893676758,3.705538272857666,8.75288200378418,16.066198348999023
2017-07-20,6.905717372894287,26.000120162963867,2.5577802658081055,2.218291997909546,2.6480700969696045,8.228294372558594,26.7918701171875,3.667649030685425,8.537967681884766,16.21369171142578
2017-07-21,6.879308700561523,26.05701446533203,2.5657730102539062,2.2994840145111084,2.6809656620025635,8.236169815063477,26.999563217163086,3.667649030685425,8.635656356811523,16.38225555419922
2017-07-24,6.866103172302246,25.886329650878906,2.605738401412964,2.2762861251831055,2.6586437225341797,8.220419883728027,27.226131439208984,3.7011027336120605,8.635656356811523,16.203157424926758
2017-07-25,6.8462982177734375,25.905302047729492,2.5497870445251465,2.293684720993042,2.6844899654388428,8.236169815063477,27.471582412719727,3.7094192504882812,8.586811065673828,16.224225997924805
2017-07-26,6.885911464691162,25.810474395751953,2.5577802658081055,2.293684720993042,2.705636978149414,8.228294372558594,27.679269790649414,3.7260539531707764,8.489123344421387,16.266366958618164
2017-07-27,6.951931476593018,26.019081115722656,2.589752197265625,2.3139829635620117,2.692713975906372,8.409396171569824,28.340099334716797,3.77595591545105,8.577042579650879,16.592958450317383
2017-07-28,6.872706890106201,26.038042068481445,2.589752197265625,2.2878851890563965,2.664518117904663,8.330656051635742,28.28345489501953,3.7510054111480713,8.459816932678223,16.540281295776367
2017-07-31,6.905717372894287,26.019081115722656,2.5417940616607666,2.2733864784240723,2.6433708667755127,8.29916000366211,28.094646453857422,3.7426884174346924,8.625886917114258,16.276901245117188
2017-08-01,6.81328821182251,26.284589767456055,2.517814874649048,2.2646872997283936,2.6938889026641846,8.283413887023926,27.8303165435791,3.6678342819213867,8.440279960632324,15.939777374267578
2017-08-02,6.859501838684082,26.474225997924805,2.509822130203247,2.2762861251831055,2.7115118503570557,8.307034492492676,27.754793167114258,3.7011027336120605,8.459816932678223,16.07673454284668
2017-08-03,6.8462982177734375,26.094940185546875,2.5338010787963867,2.3371808528900146,2.6727421283721924,8.251916885375977,27.56598472595215,3.6927857398986816,8.469586372375488,16.045129776000977
2017-08-04,6.971736431121826,26.512157440185547,2.5737664699554443,2.3748772144317627,2.6480700969696045,8.370026588439941,27.8303165435791,3.77595591545105,8.664962768554688,16.52974510192871
2017-08-07,7.017950534820557,26.72075843811035,2.589752197265625,2.389375925064087,2.707987070083618,8.519631385803223,27.905838012695312,3.784273386001587,8.860339164733887,17.077579498291016
2017-08-08,7.004746913909912,26.038042068481445,2.5417940616607666,2.3603787422180176,2.8078479766845703,8.614119529724121,27.717031478881836,3.7510054111480713,8.840802192687988,16.951156616210938
2017-08-09,6.879308700561523,25.981155395507812,2.4778494834899902,2.328481674194336,2.7549803256988525,8.496009826660156,27.37717628479004,3.7177371978759766,8.71380615234375,16.677242279052734
2017-08-10,6.81989049911499,25.905302047729492,2.4698565006256104,2.2617878913879395,2.7032876014709473,8.354278564453125,26.924036026000977,3.65120005607605,8.635656356811523,16.66670799255371
2017-08-11,6.714257717132568,25.75358009338379,2.4458773136138916,2.2530884742736816,2.78670072555542,8.251916885375977,27.490461349487305,3.5846636295318604,8.79195785522461,16.930084228515625
2017-08-14,6.912320137023926,25.69668960571289,2.48584246635437,2.319782257080078,2.8160712718963623,8.503884315490723,27.62262725830078,3.626248836517334,9.280400276184082,17.13025665283203
2017-08-15,6.7472686767578125,26.815584182739258,2.3659467697143555,2.218291997909546,2.7256100177764893,8.330656051635742,28.264577865600586,3.5430784225463867,9.065485000610352,16.434932708740234
2017-08-16,6.7472686767578125,26.606979370117188,2.3499608039855957,2.2733864784240723,2.74558162689209,8.307034492492676,27.62262725830078,3.501492500305176,9.085022926330566,16.603492736816406
2017-08-17,6.701054096221924,26.73972511291504,2.3579537868499756,2.2501888275146484,2.7726025581359863,8.362153053283691,26.999563217163086,3.4848592281341553,9.085022926330566,16.76152229309082
2017-08-18,6.674645900726318,28.105159759521484,2.3499608039855957,2.2646872997283936,2.830169439315796,8.307034492492676,27.54710578918457,3.6012978553771973,9.045948028564453,16.782594680786133
2017-08-21,6.73406457901001,28.086196899414062,2.3659467697143555,2.342980146408081,2.897134780883789,8.503884315490723,28.056886672973633,3.6678342819213867,9.172943115234375,17.00383186340332
2017-08-22,6.73406457901001,28.105159759521484,2.3419673442840576,2.369077682495117,2.8595404624938965,8.44089126586914,27.792551040649414,3.626248836517334,9.339014053344727,16.708845138549805
2017-08-23,6.767074108123779,28.44651985168457,2.3339743614196777,2.3719775676727295,2.843093156814575,8.385774612426758,28.038005828857422,3.6678342819213867,9.241324424743652,16.64563751220703
2017-08-24,6.826491832733154,28.086196899414062,2.3579537868499756,2.331381320953369,2.830169439315796,8.456639289855957,27.868080139160156,3.6345653533935547,9.299938201904297,16.62456512451172
2017-08-25,6.899115085601807,28.749948501586914,2.3499608039855957,2.3255817890167236,2.8078479766845703,8.621994018554688,27.698150634765625,3.64288330078125,9.436700820922852,16.856338500976562
2017-08-28,6.932124137878418,28.7689151763916,2.3579537868499756,2.3487794399261475,2.7855262756347656,8.614119529724121,27.528221130371094,3.6927857398986816,9.651616096496582,16.708845138549805
2017-08-29,6.905717372894287,28.996484756469727,2.3419673442840576,2.354579210281372,2.8113720417022705,8.496009826660156,27.37717628479004,3.6844685077667236,9.544158935546875,16.835269927978516
2017-08-30,6.905717372894287,28.996484756469727,2.3419673442840576,2.354579210281372,2.8113720417022705,8.496009826660156,27.37717628479004,3.6844685077667236,9.544158935546875,16.835269927978516
2017-08-31,6.826491832733154,29.01544761657715,2.3499608039855957,2.3835763931274414,2.792574882507324,8.456639289855957,27.28277015686035,3.6927857398986816,9.534390449523926,16.64563751220703
2017-09-01,6.826491832733154,29.01544761657715,2.3499608039855957,2.3835763931274414,2.792574882507324,8.456639289855957,27.28277015686035,3.6927857398986816,9.534390449523926,16.64563751220703
2017-09-04,6.826491832733154,29.01544761657715,2.3499608039855957,2.3835763931274414,2.792574882507324,8.456639289855957,27.28277015686035,3.6927857398986816,9.534390449523926,16.64563751220703
2017-09-05,6.826491832733154,28.80683708190918,2.302002429962158,2.354579210281372,2.8466174602508545,8.29916000366211,26.829631805419922,3.5680294036865234,9.48554515838623,16.909013748168945
2017-09-06,6.773675441741943,29.356801986694336,2.302002429962158,2.3632781505584717,2.8806872367858887,8.338530540466309,26.621944427490234,3.5513951778411865,9.602771759033203,16.940622329711914
2017-09-07,6.701054096221924,29.603336334228516,2.29400897026062,2.3632781505584717,2.9370789527893066,8.401521682739258,26.508657455444336,3.5680294036865234,9.807916641235352,17.362030029296875
2017-09-08,6.621829509735107,28.80683708190918,2.2460505962371826,2.3342812061309814,2.930030107498169,8.220419883728027,26.7352294921875,3.5264437198638916,9.661385536193848,17.340957641601562
2017-09-11,6.694451808929443,28.749948501586914,2.2780227661132812,2.3487794399261475,2.85601544380188,8.244044303894043,27.37717628479004,3.5430784225463867,9.993524551391602,17.23560905456543
2017-09-12,6.727461814880371,28.541343688964844,2.302002429962158,2.3255817890167236,2.847791910171509,8.236169815063477,26.527538299560547,3.509809970855713,10.227977752685547,17.014368057250977
2017-09-13,6.654839515686035,28.541343688964844,2.29400897026062,2.2646872997283936,2.827820062637329,8.212546348571777,26.433137893676758,3.4931752681732178,9.798148155212402,16.708845138549805
2017-09-14,6.73406457901001,28.21894645690918,2.2780227661132812,2.3139829635620117,2.810197591781616,8.307034492492676,25.998876571655273,3.476541042327881,9.690690994262695,16.603492736816406
2017-09-15,6.753869533538818,28.067232131958008,2.2700295448303223,2.2762861251831055,2.837218761444092,8.314908981323242,25.961116790771484,3.4848592281341553,9.583234786987305,16.750986099243164
2017-09-18,6.714257717132568,28.598234176635742,2.198092460632324,2.2414896488189697,2.853666305541992,8.322782516479492,25.828950881958008,3.4349563121795654,9.055716514587402,16.466537475585938
2017-09-19,6.542605400085449,28.579275131225586,2.206084966659546,2.1689963340759277,2.837218761444092,8.133807182312012,25.017074584960938,3.4515902996063232,8.997103691101074,15.971381187438965
2017-09-20,6.502993583679199,28.825809478759766,2.206084966659546,2.197993755340576,2.801973819732666,8.220419883728027,24.790502548217773,3.468224287033081,9.104560852050781,16.192623138427734
2017-09-21,6.410565376281738,28.636159896850586,2.1501338481903076,2.1805951595306396,2.8195960521698,7.9842023849487305,24.22408103942871,3.468224287033081,9.026410102844238,16.413862228393555
2017-09-22,6.555809497833252,29.05337905883789,2.1421408653259277,2.148698329925537,2.79962420463562,8.05506706237793,24.28072166442871,3.4349563121795654,9.16317367553711,16.192623138427734
2017-09-25,6.469983100891113,28.749948501586914,2.0941827297210693,2.1747958660125732,2.727959156036377,7.866092205047607,23.82758331298828,3.3850536346435547,8.567275047302246,15.971381187438965
2017-09-26,6.542605400085449,28.199983596801758,2.1741132736206055,2.279186248779297,2.64689564704895,8.039320945739746,23.94087028503418,3.4100046157836914,8.79195785522461,16.129411697387695
2017-09-27,6.166290283203125,27.782773971557617,2.102175712585449,2.2617878913879395,2.5141398906707764,7.56688117980957,23.789823532104492,3.343467950820923,8.401204109191895,15.897635459899902
2017-09-28,6.238912105560303,28.010337829589844,2.126155138015747,2.2269909381866455,2.625748634338379,7.740109443664551,24.261844635009766,3.3933706283569336,8.7040376663208,15.813353538513184
2017-09-29,6.205902576446533,28.16204833984375,2.1421408653259277,2.2414896488189697,2.6786162853240967,7.621999263763428,24.299604415893555,3.4100046157836914,8.547737121582031,16.266366958618164
2017-10-02,6.245514392852783,28.31376075744629,2.1581268310546875,2.296584367752075,2.719735622406006,7.69286584854126,24.563936233520508,3.4515902996063232,8.850571632385254,16.34011459350586
2017-10-03,6.238912105560303,28.124126434326172,2.1661202907562256,2.377776622772217,2.756155252456665,7.669243335723877,24.63945960998535,3.459907054901123,8.733344078063965,16.25583267211914
2017-10-04,6.351146221160889,28.086196899414062,2.1501338481903076,2.3342812061309814,2.769078016281128,7.866092205047607,24.4317684173584,3.4515902996063232,8.96779727935791,16.23476219177246
2017-10-05,6.285126686096191,27.915517807006836,2.134147882461548,2.3603787422180176,2.7267847061157227,7.795226097106934,24.261844635009766,3.4432733058929443,8.92872142791748,16.034595489501953
2017-10-06,6.245514392852783,27.782773971557617,2.110168695449829,2.3516793251037598,2.753805637359619,7.77947998046875,23.903108596801758,3.4183218479156494,9.0752534866333,16.108339309692383
2017-10-09,6.067259788513184,27.194869995117188,2.022244691848755,2.3342812061309814,2.749105930328369,7.5590081214904785,23.034589767456055,3.318516731262207,8.23513412475586,15.718537330627441
2017-10-10,6.252116680145264,27.327625274658203,2.0941827297210693,2.369077682495117,2.8043229579925537,7.724360942840576,23.242280960083008,3.3933706283569336,8.459816932678223,15.929239273071289
2017-10-11,6.225708484649658,28.21894645690918,2.110168695449829,2.342980146408081,2.7960996627807617,7.795226097106934,22.95906639099121,3.4016871452331543,8.645424842834473,16.024059295654297
2017-10-12,6.3973612785339355,28.598234176635742,2.0941827297210693,2.45317006111145,2.8548407554626465,7.889715194702148,23.223398208618164,3.468224287033081,8.918952941894531,16.087270736694336
2017-10-13,6.4039626121521,28.80683708190918,2.0941827297210693,2.46186900138855,2.8795125484466553,7.9920759201049805,24.073034286499023,3.4432733058929443,8.93848991394043,15.992452621459961
2017-10-16,6.3577494621276855,28.73098373413086,2.0781962871551514,2.4560694694519043,2.884211778640747,8.05506706237793,24.658340454101562,3.4515902996063232,9.133867263793945,16.01352310180664
2017-10-17,6.344544887542725,28.901657104492188,2.0702030658721924,2.4473702907562256,2.9288551807403564,8.086565017700195,25.054838180541992,3.4432733058929443,9.2706298828125,16.024059295654297
2017-10-18,6.331340789794922,29.318878173828125,2.118161678314209,2.4241724014282227,2.942953109741211,8.031445503234863,25.356929779052734,3.459907054901123,9.378087997436523,15.876564979553223
2017-10-19,6.496390342712402,28.787872314453125,2.1501338481903076,2.45317006111145,2.873638153076172,8.204673767089844,25.03595733642578,3.5680294036865234,9.71022891998291,16.01352310180664
2017-10-20,6.463380813598633,29.24302101135254,2.1821060180664062,2.4589691162109375,2.874812602996826,8.173177719116211,24.941553115844727,3.5597121715545654,9.651616096496582,15.929239273071289
2017-10-23,6.285126686096191,29.24302101135254,2.1421408653259277,2.438671588897705,2.9077088832855225,7.858218669891357,24.903789520263672,3.5680294036865234,9.651616096496582,15.866031646728516
2017-10-24,6.278524875640869,28.674095153808594,2.1421408653259277,2.499565601348877,2.9370789527893066,7.795226097106934,24.979310989379883,3.617932081222534,9.651616096496582,15.897635459899902
2017-10-25,6.476585388183594,28.939603805541992,2.1900992393493652,2.5314624309539795,3.0457513332366943,7.9605793952941895,25.073719024658203,3.7094192504882812,9.807916641235352,15.844959259033203
2017-10-26,6.3577494621276855,29.072343826293945,2.126155138015747,2.485067129135132,3.001694917678833,7.747983455657959,24.998191833496094,3.7177371978759766,9.641846656799316,15.739605903625488
2017-10-27,6.331340789794922,29.14820098876953,2.1581268310546875,2.4676685333251953,3.025191307067871,7.952706336975098,25.111478805541992,3.7177371978759766,9.866530418395996,15.876564979553223
2017-10-30,6.4039626121521,29.394739151000977,2.1661202907562256,2.4821674823760986,3.039876937866211,7.9605793952941895,25.149242401123047,3.6844685077667236,9.973987579345703,15.887101173400879
2017-10-31,6.608625411987305,29.33784294128418,2.110168695449829,2.5807578563690186,3.214561700820923,8.212546348571777,24.63945960998535,3.7011027336120605,10.140057563781738,16.266366958618164
2017-11-01,6.866103172302246,30.305034637451172,2.1501338481903076,2.6735494136810303,3.262584924697876,8.535379409790039,25.054838180541992,3.7510054111480713,10.267053604125977,16.519214630126953
2017-11-02,6.839695453643799,30.267101287841797,2.198092460632324,2.6764488220214844,3.3016037940979004,8.543254852294922,24.771625518798828,3.8258581161499023,10.218209266662598,16.62456512451172
2017-11-03,6.588819980621338,30.172273635864258,2.230064630508423,2.659050464630127,3.3226139545440674,8.330656051635742,24.16744041442871,3.784273386001587,10.188901901245117,16.55081558227539
2017-11-06,6.8066864013671875,30.323984146118164,2.2460505962371826,2.7605412006378174,3.298602342605591,8.527506828308105,24.733863830566406,3.892395257949829,10.794569969177246,17.193464279174805
2017-11-07,6.63503360748291,30.8549861907959,2.1821060180664062,2.783738851547241,3.3016037940979004,8.244044303894043,24.58281707763672,3.8591272830963135,10.335434913635254,17.225072860717773
2017-11-08,6.489789962768555,31.046043395996094,2.1661202907562256,2.757641315460205,3.4456734657287598,8.173177719116211,24.545055389404297,3.9506149291992188,10.30612850189209,17.867717742919922
2017-11-09,6.364350318908691,30.396467208862305,2.126155138015747,2.8475325107574463,3.499699831008911,7.9920759201049805,26.338733673095703,3.892395257949829,10.267053604125977,17.92039680480957
2017-11-10,6.364350318908691,30.090776443481445,2.0941827297210693,2.8011372089385986,3.3346195220947266,7.9369587898254395,26.527538299560547,3.917346715927124,9.778611183166504,17.79397201538086
2017-11-13,6.463380813598633,30.014368057250977,2.0702030658721924,2.7373428344726562,3.2805938720703125,8.047194480895996,28.094646453857422,3.8757612705230713,9.563695907592773,17.551664352416992
2017-11-14,6.536004066467285,29.861522674560547,2.134147882461548,2.7141451835632324,3.256582021713257,8.314908981323242,27.754793167114258,3.8258581161499023,10.198670387268066,17.267213821411133
2017-11-15,6.3577494621276855,29.422096252441406,2.0781962871551514,2.5923566818237305,3.304605484008789,8.125933647155762,27.320533752441406,3.6927857398986816,9.866530418395996,17.18292999267578
2017-11-16,6.337942123413086,29.441207885742188,2.0781962871551514,2.563359498977661,3.283595323562622,8.047194480895996,26.11216163635254,3.7094192504882812,9.866530418395996,17.340957641601562
2017-11-17,6.311534881591797,29.51762580871582,2.038231134414673,2.5517609119415283,3.250579357147217,7.850345611572266,25.67790412902832,3.6678342819213867,10.218209266662598,17.151325225830078
2017-11-20,6.00123929977417,28.94446563720703,1.974286675453186,2.540161609649658,3.3016037940979004,7.606251239776611,25.470216751098633,3.617932081222534,10.032601356506348,17.161861419677734
2017-11-21,5.981432914733887,28.84893798828125,2.022244691848755,2.6010560989379883,3.331618547439575,7.606251239776611,25.67790412902832,3.6927857398986816,10.550349235534668,17.319889068603516
2017-11-22,6.133279323577881,28.485939025878906,2.006258964538574,2.609755516052246,3.277592182159424,7.755857467651367,23.487730026245117,3.7260539531707764,10.843415260314941,17.288284301757812
2017-11-23,5.935219764709473,28.524141311645508,1.9822795391082764,2.6532506942749023,3.2745914459228516,7.535386562347412,22.65697479248047,3.7011027336120605,10.989947319030762,17.246143341064453
2017-11-24,5.855994701385498,28.161148071289062,1.9982659816741943,2.708346128463745,3.262584924697876,7.464519500732422,22.14719009399414,3.6844685077667236,11.126710891723633,17.383100509643555
2017-11-27,5.8758015632629395,27.8936710357666,2.014251947402954,2.635852575302124,3.277592182159424,7.5117645263671875,21.807336807250977,3.676151752471924,11.56630802154541,17.267213821411133
2017-11-28,5.776770114898682,27.970088958740234,1.9503073692321777,2.50246524810791,3.2025561332702637,7.25192403793335,21.656291961669922,3.5680294036865234,10.921565055847168,17.014368057250977
2017-11-29,5.8824028968811035,27.607097625732422,1.918335199356079,2.487966537475586,3.2175631523132324,7.346411228179932,21.6185302734375,3.501492500305176,11.624920845031738,16.64563751220703
2017-11-30,5.935219764709473,27.64530372619629,1.9662935733795166,2.4966657161712646,3.304605484008789,7.56688117980957,22.411521911621094,3.4848592281341553,11.976600646972656,16.434932708740234
2017-12-01,5.8229851722717285,28.14204216003418,1.9423145055770874,2.4357717037200928,3.3436245918273926,7.464519500732422,22.354881286621094,3.4515902996063232,12.211051940917969,16.308507919311523
2017-12-04,5.935219764709473,27.83635902404785,1.974286675453186,2.5691587924957275,3.4426727294921875,7.637747287750244,22.241596221923828,3.509809970855713,12.4259672164917,16.34011459350586
2017-12-05,5.994637489318848,27.817256927490234,1.9822795391082764,2.574958562850952,3.3676364421844482,7.818849563598633,21.788454055786133,3.5181267261505127,12.504117965698242,16.614030838012695
2017-12-06,5.869197845458984,27.970088958740234,1.9982659816741943,2.5169639587402344,3.5117053985595703,7.69286584854126,21.712934494018555,3.4432733058929443,12.435735702514648,16.592958450317383
2017-12-07,5.889005184173584,27.740835189819336,2.0622103214263916,2.598156452178955,3.5747365951538086,7.747983455657959,22.373762130737305,3.5264437198638916,13.002328872680664,17.024904251098633
2017-12-08,6.034249782562256,28.161148071289062,2.0861892700195312,2.5923566818237305,3.6317646503448486,7.913335800170898,23.1101131439209,3.609614372253418,13.275856018066406,17.119720458984375
2017-12-11,6.172891616821289,27.87456703186035,2.118161678314209,2.6996469497680664,3.6587774753570557,7.952706336975098,23.619895935058594,3.6844685077667236,13.109785079956055,16.877408981323242
2017-12-12,6.172891616821289,28.543254852294922,2.102175712585449,2.624253749847412,3.718806743621826,7.9212117195129395,23.468849182128906,3.6345653533935547,13.578689575195312,17.23560905456543
2017-12-13,6.133279323577881,28.428625106811523,2.0702030658721924,2.6184539794921875,3.649772882461548,7.795226097106934,23.091232299804688,3.5846636295318604,13.334468841552734,17.362030029296875
2017-12-14,6.245514392852783,28.8680419921875,2.134147882461548,2.685148000717163,3.577737808227539,8.007824897766113,23.506608963012695,3.626248836517334,14.07690143585205,17.49898910522461
2017-12-15,6.172891616821289,28.753416061401367,2.134147882461548,2.705446243286133,3.601750373840332,7.89758825302124,23.60101318359375,3.5347611904144287,13.93036937713623,17.246143341064453
2017-12-18,6.232309818267822,28.619674682617188,2.2460505962371826,2.743142604827881,3.7037997245788574,8.023571968078613,23.60101318359375,3.5846636295318604,14.291815757751465,16.993295669555664
2017-12-19,6.186095714569092,28.619674682617188,2.1821060180664062,2.7228448390960693,3.6107542514801025,7.929083824157715,23.71430015563965,3.5347611904144287,14.545805931091309,16.677242279052734
2017-12-20,6.186095714569092,28.23757553100586,2.1741132736206055,2.7895383834838867,3.556727647781372,7.89758825302124,24.073034286499023,3.64288330078125,14.799795150756836,16.52974510192871
2017-12-21,6.205902576446533,29.460308074951172,2.1661202907562256,2.746042251586914,3.55972957611084,7.968454360961914,24.35624885559082,3.7177371978759766,15.083090782165527,16.772058486938477
2017-12-22,6.172891616821289,29.135515213012695,2.1821060180664062,2.7953379154205322,3.55972957611084,7.9605793952941895,24.545055389404297,3.7260539531707764,14.799795150756836,16.477073669433594
2017-12-25,6.1992998123168945,29.536725997924805,2.198092460632324,2.8330342769622803,3.5627315044403076,8.007824897766113,25.26252555847168,3.809225082397461,14.6532621383667,16.656173706054688
2017-12-26,6.212503910064697,29.861522674560547,2.214078426361084,2.792437791824341,3.5837411880493164,8.062941551208496,25.30028533935547,3.77595591545105,14.770488739013672,16.56135368347168
2017-12-27,6.205902576446533,29.441207885742188,2.206084966659546,2.8098361492156982,3.6077520847320557,8.125933647155762,25.187002182006836,3.7510054111480713,15.024478912353516,16.940622329711914
2017-12-28,6.423768997192383,29.727783203125,2.2700295448303223,2.864931106567383,3.571735143661499,8.401521682739258,25.6967830657959,3.900712251663208,15.356619834899902,17.045976638793945
2017-12-29,6.502993583679199,29.842416763305664,2.2460505962371826,2.905527353286743,3.6167569160461426,8.44089126586914,26.017757415771484,3.909029483795166,15.327312469482422,17.393634796142578
2018-01-01,6.502993583679199,29.842416763305664,2.2460505962371826,2.905527353286743,3.6167569160461426,8.44089126586914,26.017757415771484,3.909029483795166,15.327312469482422,17.393634796142578
2018-01-02,6.661441802978516,30.47288703918457,2.2780227661132812,2.9780209064483643,3.7788360118865967,8.598372459411621,26.30097198486328,3.917346715927124,15.708297729492188,17.899324417114258
2018-01-03,6.562411308288574,29.498512268066406,2.198092460632324,2.95192289352417,3.640768527984619,8.44089126586914,25.715662002563477,3.942298650741577,15.82552433013916,17.583271026611328
2018-01-04,6.496390342712402,29.03999137878418,2.1661202907562256,2.8997280597686768,3.5927460193634033,8.283413887023926,25.489093780517578,3.958932399749756,15.913444519042969,17.23560905456543
2018-01-05,6.63503360748291,29.288354873657227,2.1661202907562256,2.9316246509552,3.6077520847320557,8.393648147583008,25.602378845214844,3.98388409614563,15.952518463134766,17.33042335510254
2018-01-08,6.562411308288574,29.03999137878418,2.198092460632324,2.8852293491363525,3.577737808227539,8.330656051635742,25.94223403930664,4.05042028427124,15.913444519042969,17.225072860717773
2018-01-09,6.476585388183594,29.11640167236328,2.1741132736206055,2.8736302852630615,3.50870418548584,8.251916885375977,25.30028533935547,4.058737277984619,15.727836608886719,16.993295669555664
2018-01-10,6.3577494621276855,29.03999137878418,2.198092460632324,2.8127360343933105,3.4696857929229736,8.173177719116211,24.28072166442871,4.092005729675293,14.897483825683594,17.193464279174805
2018-01-11,6.3973612785339355,28.906261444091797,2.214078426361084,2.84173321723938,3.43666934967041,8.275540351867676,24.450651168823242,4.100322723388672,15.298006057739258,16.898481369018555
2018-01-12,6.469983100891113,28.810728073120117,2.1900992393493652,2.8997280597686768,3.424663782119751,8.338530540466309,24.58281707763672,4.05042028427124,15.141704559326172,16.82473373413086
2018-01-15,6.3247389793396,29.001779556274414,2.110168695449829,2.84173321723938,3.403654098510742,8.204673767089844,24.110795974731445,3.909029483795166,14.291815757751465,16.82473373413086
2018-01-16,6.496390342712402,29.097307205200195,2.1581268310546875,2.8997280597686768,3.4786901473999023,8.527506828308105,24.526172637939453,4.058737277984619,15.141704559326172,16.856338500976562
2018-01-17,6.668044567108154,29.441207885742188,2.1741132736206055,2.9461238384246826,3.5837411880493164,8.913329124450684,24.714982986450195,4.100322723388672,15.092860221862793,17.383100509643555
2018-01-18,6.701054096221924,29.536725997924805,2.1421408653259277,2.914226770401001,3.6617789268493652,8.795221328735352,24.507291793823242,4.1169562339782715,15.0049409866333,17.635944366455078
2018-01-19,6.608625411987305,28.94446563720703,2.110168695449829,2.867831230163574,3.5837411880493164,8.66923713684082,24.22408103942871,4.05042028427124,14.64349365234375,17.488452911376953
2018-01-22,6.7472686767578125,28.8680419921875,2.102175712585449,2.940324544906616,3.628762722015381,8.8975830078125,24.714982986450195,4.208444595336914,15.05378532409668,17.319889068603516
2018-01-23,6.826491832733154,29.211936950683594,2.110168695449829,2.9084270000457764,3.7518231868743896,8.921202659606934,25.281408309936523,4.17517614364624,15.258931159973145,17.193464279174805
2018-01-24,7.110379695892334,29.192834854125977,2.134147882461548,2.920025587081909,3.7668304443359375,9.338523864746094,25.224763870239258,4.17517614364624,15.151473999023438,16.8879451751709
2018-01-25,7.031154632568359,29.03999137878418,2.198092460632324,2.891028881072998,3.790842056274414,9.204667091369629,25.168123245239258,4.17517614364624,14.83887004852295,16.635103225708008
2018-01-26,7.315042972564697,29.307470321655273,2.1501338481903076,2.920025587081909,3.805849313735962,9.732222557067871,25.451332092285156,4.299932956695557,15.05378532409668,16.961692810058594
2018-01-29,7.315042972564697,29.03999137878418,2.126155138015747,2.90262770652771,3.775834083557129,9.677103996276855,25.394689559936523,4.283298492431641,15.298006057739258,17.08811378479004
2018-01-30,7.123584747314453,28.925355911254883,2.102175712585449,2.879429817199707,3.7218081951141357,9.448760032653809,24.979310989379883,4.208444595336914,15.337080955505371,16.982763290405273
2018-01-31,7.209409236907959,28.7152042388916,2.118161678314209,2.8852293491363525,3.601750373840332,9.677103996276855,24.752744674682617,4.158542633056641,16.099050521850586,16.80366325378418
2018-02-01,6.984940052032471,28.73430824279785,2.0861892700195312,2.9693212509155273,3.712803840637207,9.621987342834473,24.677221298217773,4.100322723388672,16.39211654663086,16.434932708740234
2018-02-02,7.031154632568359,28.27577781677246,2.0941827297210693,2.9113268852233887,3.664780855178833,9.464508056640625,24.3751277923584,4.05042028427124,16.245582580566406,16.62456512451172
2018-02-05,6.998144149780273,28.371301651000977,2.0781962871551514,2.84173321723938,3.649772882461548,9.37001895904541,24.261844635009766,4.042103290557861,16.90986442565918,16.097803115844727
2018-02-06,6.92552375793457,27.64530372619629,2.038231134414673,2.859131336212158,3.565732002258301,9.267659187316895,23.77094268798828,3.9922008514404297,16.734024047851562,15.697467803955078
2018-02-07,6.866103172302246,27.511573791503906,2.038231134414673,2.8243348598480225,3.613755702972412,9.251910209655762,23.525489807128906,4.075371742248535,16.274890899658203,15.960844993591309
2018-02-08,6.701054096221924,27.64530372619629,1.9982659816741943,2.792437791824341,3.481691837310791,9.212540626525879,23.789823532104492,4.008835315704346,15.776679039001465,15.455156326293945
2018-02-09,6.767074108123779,27.12946891784668,1.974286675453186,2.8098361492156982,3.400651693344116,9.125927925109863,23.1101131439209,4.017151355743408,16.51911163330078,15.644789695739746
2018-02-12,6.859501838684082,27.167675018310547,1.974286675453186,2.7982370853424072,3.4696857929229736,9.377893447875977,23.12899398803711,4.025469779968262,16.782869338989258,16.129411697387695
2018-02-13,6.826491832733154,27.45425796508789,1.9583004713058472,2.8736302852630615,3.4486756324768066,9.37001895904541,22.54368782043457,3.942298650741577,16.509342193603516,16.1610164642334
2018-02-14,6.701054096221924,27.530677795410156,1.9583004713058472,2.891028881072998,3.451676607131958,9.08655834197998,22.203832626342773,3.909029483795166,16.128358840942383,15.67639446258545
2018-02-15,6.971736431121826,27.77903938293457,1.9902724027633667,2.9838199615478516,3.5327157974243164,9.448760032653809,22.373762130737305,3.9922008514404297,16.821945190429688,16.066198348999023
2018-02-16,6.978340148925781,28.06562042236328,1.9902724027633667,3.001218318939209,3.5267131328582764,9.385767936706543,22.65697479248047,4.008835315704346,16.90986442565918,15.929239273071289
2018-02-19,6.879308700561523,28.294883728027344,1.9662935733795166,2.966421604156494,3.5057029724121094,9.196792602539062,22.675853729248047,4.042103290557861,16.782869338989258,16.118873596191406
2018-02-20,6.753869533538818,28.19936180114746,1.974286675453186,2.9606223106384277,3.5357182025909424,8.936952590942383,22.184953689575195,3.900712251663208,16.313966751098633,16.055662155151367
2018-02-21,6.932124137878418,28.294883728027344,2.006258964538574,3.04471492767334,3.571735143661499,9.283407211303711,22.524808883666992,3.9672491550445557,17.24200439453125,16.13994598388672
2018-02-22,6.938727378845215,28.00830841064453,2.0462238788604736,3.024416208267212,3.6737842559814453,9.330649375915527,22.50592803955078,4.033785343170166,17.281082153320312,16.182086944580078
2018-02-23,6.951931476593018,27.931888580322266,2.0622103214263916,3.123006820678711,3.679788112640381,9.314903259277344,22.996828079223633,4.05042028427124,17.847673416137695,16.045129776000977
2018-02-26,7.017950534820557,28.73430824279785,2.0622103214263916,3.123006820678711,3.718806743621826,9.377893447875977,23.431087493896484,4.075371742248535,18.482648849487305,16.445465087890625
2018-02-27,7.110379695892334,28.84893798828125,2.0781962871551514,3.154904365539551,3.7788360118865967,9.354272842407227,23.147876739501953,4.058737277984619,18.209121704101562,16.171552658081055
2018-02-28,7.031154632568359,28.810728073120117,2.118161678314209,3.3143889904022217,3.769831895828247,9.244036674499512,22.73249626159668,3.98388409614563,18.570568084716797,16.034595489501953
2018-03-01,6.951931476593018,27.702627182006836,2.102175712585449,3.2244973182678223,3.6887919902801514,9.11017894744873,21.712934494018555,4.033785343170166,19.078548431396484,15.686931610107422
2018-03-02,6.885911464691162,27.912778854370117,2.0861892700195312,3.0911099910736084,3.6527745723724365,8.984195709228516,21.996143341064453,4.05042028427124,18.238428115844727,15.792282104492188
2018-03-05,6.859501838684082,28.466835021972656,2.0861892700195312,3.125906467437744,3.691793441772461,9.023566246032715,22.46816635131836,4.108639717102051,18.297040939331055,15.781747817993164
2018-03-06,6.958532810211182,28.12293815612793,2.0542171001434326,3.125906467437744,3.664780855178833,9.118053436279297,22.864662170410156,4.108639717102051,16.861021041870117,15.423548698425293
2018-03-07,6.978340148925781,27.912778854370117,2.102175712585449,3.0418145656585693,3.6977968215942383,9.08655834197998,23.12899398803711,4.133591175079346,16.96847915649414,15.497298240661621
2018-03-08,6.951931476593018,28.619674682617188,2.0781962871551514,3.0795111656188965,3.7518231868743896,9.078682899475098,22.864662170410156,4.058737277984619,16.528879165649414,15.539440155029297
2018-03-09,6.859501838684082,29.746877670288086,2.0781962871551514,3.1433053016662598,3.7218081951141357,9.047187805175781,23.18563461303711,4.100322723388672,16.343271255493164,15.34980297088623
2018-03-12,6.998144149780273,29.326566696166992,2.0941827297210693,3.146204710006714,3.769831895828247,9.283407211303711,23.41220474243164,4.200127601623535,17.124780654907227,15.391944885253906
2018-03-13,6.905717372894287,29.422096252441406,2.0941827297210693,3.157804012298584,3.8238577842712402,9.141674041748047,22.902423858642578,4.3165669441223145,17.56437873840332,15.254986763000488
2018-03-14,6.800084114074707,28.829835891723633,2.0781962871551514,3.1520042419433594,3.8628766536712646,8.992070198059082,22.864662170410156,4.3165669441223145,17.99420738220215,15.002141952514648
2018-03-15,6.714257717132568,28.906261444091797,2.0622103214263916,3.2041993141174316,3.8238577842712402,8.834590911865234,22.600330352783203,4.216762065887451,17.710908889770508,14.823041915893555
2018-03-16,6.668044567108154,28.94446563720703,2.0622103214263916,3.1781017780303955,3.8178553581237793,8.771598815917969,23.12899398803711,4.266664505004883,17.87697982788086,14.759833335876465
2018-03-19,6.5095953941345215,28.925355911254883,2.022244691848755,3.123006820678711,3.7878408432006836,8.574749946594238,22.373762130737305,4.200127601623535,17.48622703552246,14.622876167297363
2018-03-20,6.641635417938232,28.39041519165039,2.030237913131714,3.172302722930908,3.7428181171417236,8.637741088867188,22.015024185180664,4.258347511291504,18.42403793334961,14.90732479095459
2018-03-21,6.701054096221924,28.562362670898438,2.038231134414673,3.2244973182678223,3.727811098098755,8.779473304748535,22.713613510131836,4.3165669441223145,18.49241828918457,15.119490623474121
2018-03-22,6.654839515686035,28.352201461791992,2.022244691848755,3.2157983779907227,3.718806743621826,8.645614624023438,22.73249626159668,4.241713047027588,18.384960174560547,15.275822639465332
2018-03-23,6.542605400085449,27.740835189819336,2.006258964538574,3.1375057697296143,3.664780855178833,8.48813533782959,22.354881286621094,4.3082499504089355,18.365421295166016,14.985489845275879
2018-03-26,6.463380813598633,27.72172737121582,2.022244691848755,3.088210105895996,3.7518231868743896,8.511759757995605,22.600330352783203,4.258347511291504,18.765945434570312,14.96315860748291
2018-03-27,6.417166709899902,27.626201629638672,2.0861892700195312,3.0940098762512207,3.931910276412964,8.574749946594238,22.241596221923828,4.250030040740967,18.5510311126709,14.762161254882812
2018-03-28,6.444708824157715,27.473363876342773,2.014251947402954,2.998318910598755,3.685790538787842,8.425145149230957,22.354881286621094,4.141908168792725,18.091896057128906,14.516497611999512
2018-03-29,6.561759948730469,27.30141258239746,2.030237913131714,3.0157172679901123,3.706801176071167,8.590497016906738,22.430404663085938,4.2916154861450195,18.951553344726562,14.750993728637695
2018-03-30,6.603071689605713,27.473363876342773,2.022244691848755,3.04471492767334,3.724809169769287,8.645614624023438,22.411521911621094,4.299932956695557,18.756175994873047,15.052490234375
2018-04-02,6.520448207855225,27.45425796508789,2.014251947402954,3.009917736053467,3.820158004760742,8.503884315490723,22.46816635131836,4.225078582763672,18.609643936157227,15.018991470336914
2018-04-03,6.534217357635498,27.282310485839844,2.022244691848755,3.065012216567993,3.764070749282837,8.511759757995605,22.826902389526367,4.17517614364624,18.97109031677246,14.762161254882812
2018-04-04,6.603071689605713,27.20587921142578,2.0542171001434326,3.07371187210083,3.764070749282837,8.46451473236084,22.430404663085938,4.200127601623535,18.9027099609375,14.96315860748291
2018-04-05,6.713237762451172,27.263198852539062,2.0702030658721924,3.108508586883545,3.801462173461914,8.511759757995605,22.73249626159668,4.274981498718262,19.019935607910156,15.331652641296387
2018-04-06,6.630613803863525,27.167675018310547,2.038231134414673,3.0911099910736084,3.77653431892395,8.46451473236084,23.12899398803711,4.250030040740967,19.205543518066406,15.231155395507812
2018-04-09,6.547989368438721,27.186777114868164,2.022244691848755,3.0157172679901123,3.7796504497528076,8.244044303894043,22.46816635131836,4.208444595336914,19.234851837158203,15.085989952087402
2018-04-10,6.3345417976379395,27.05304527282715,1.9583004713058472,2.9780209064483643,3.8139257431030273,8.031445503234863,21.543004989624023,4.158542633056641,18.795251846313477,14.851491928100586
2018-04-11,6.196835041046143,26.842885971069336,1.9662935733795166,3.024416208267212,3.8170413970947266,7.826721668243408,20.63672637939453,4.133591175079346,18.209121704101562,15.275822639465332
2018-04-12,6.320771217346191,26.842885971069336,1.974286675453186,3.0940098762512207,3.7952301502227783,7.795226097106934,20.863296508789062,4.100322723388672,18.170045852661133,15.130656242370605
2018-04-13,6.3138861656188965,26.804676055908203,1.9503073692321777,3.1404054164886475,3.8606648445129395,7.740109443664551,20.78777313232422,4.008835315704346,17.91605567932129,15.085989952087402
2018-04-16,6.3138861656188965,26.93840980529785,1.9822795391082764,3.125906467437744,3.8513166904449463,7.834596633911133,20.976579666137695,4.00051736831665,18.70733070373535,15.074823379516602
2018-04-17,6.279459476470947,27.09125518798828,1.9343211650848389,3.076611280441284,3.7360265254974365,7.5117645263671875,20.334636688232422,3.9506149291992188,17.798828125,14.907326698303223
2018-04-18,6.527332305908203,27.072153091430664,1.974286675453186,3.183901309967041,3.8170413970947266,7.999950885772705,21.16539192199707,4.033785343170166,18.590106964111328,15.119490623474121
2018-04-19,6.430937767028809,26.93840980529785,1.9982659816741943,3.2505948543548584,3.745375156402588,8.015698432922363,22.46816635131836,4.025469779968262,18.453340530395508,15.063657760620117
2018-04-20,6.3345417976379395,26.881099700927734,1.9822795391082764,3.296990394592285,3.748490571975708,7.90546178817749,22.524808883666992,4.075371742248535,17.818368911743164,14.817995071411133
2018-04-23,6.3345417976379395,26.881099700927734,1.9822795391082764,3.296990394592285,3.748490571975708,7.90546178817749,22.524808883666992,4.075371742248535,17.818368911743164,14.817995071411133
2018-04-24,6.430937767028809,27.20587921142578,1.9822795391082764,3.279592514038086,3.6955199241638184,7.968446254730225,21.882858276367188,4.075371742248535,17.154085159301758,14.583497047424316
2018-04-25,6.1830644607543945,27.72172737121582,1.9263283014297485,3.1926000118255615,3.4649393558502197,7.615205764770508,21.958385467529297,4.008835315704346,16.84148406982422,13.980504989624023
2018-04-26,6.03847074508667,27.58799171447754,1.9263283014297485,3.2128984928131104,3.3901562690734863,7.549485683441162,21.675168991088867,3.958932399749756,16.694950103759766,14.047501564025879
2018-04-27,6.066013336181641,27.167675018310547,1.9423145055770874,3.088210105895996,3.5023300647735596,7.837007522583008,21.750694274902344,3.9672491550445557,16.997783660888672,14.025169372558594
2018-04-30,5.81813907623291,26.365257263183594,1.9263283014297485,2.9461238384246826,3.4742867946624756,7.565916061401367,21.486364364624023,3.7426884174346924,16.313966751098633,13.935835838317871
2018-05-01,5.81813907623291,26.365257263183594,1.9263283014297485,2.9461238384246826,3.4742867946624756,7.565916061401367,21.486364364624023,3.7426884174346924,16.313966751098633,13.935835838317871
2018-05-02,5.825024604797363,26.365257263183594,2.022244691848755,3.108508586883545,3.6082725524902344,7.5823445320129395,21.01434326171875,3.7094192504882812,16.6656436920166,14.20383358001709
2018-05-03,5.611578941345215,26.384363174438477,2.022244691848755,3.096909523010254,3.5708813667297363,7.3276848793029785,21.01434326171875,3.6595170497894287,16.362810134887695,13.991668701171875
2018-05-04,5.735515117645264,26.059568405151367,2.030237913131714,3.0418145656585693,3.5615334510803223,7.467337131500244,20.485679626464844,3.77595591545105,16.128358840942383,13.801837921142578
2018-05-07,5.625349998474121,26.116884231567383,2.006258964538574,2.867831230163574,3.577112913131714,7.352329254150391,20.315753936767578,3.6844685077667236,16.216278076171875,13.623172760009766
2018-05-08,5.61846399307251,26.23151206970215,1.974286675453186,2.989619731903076,3.5147945880889893,7.335899829864502,19.484994888305664,3.676151752471924,15.659453392028809,13.232345581054688
2018-05-09,5.735515117645264,26.441675186157227,1.9822795391082764,3.059213161468506,3.483635187149048,7.491982460021973,19.824851989746094,3.6678342819213867,16.10881996154785,13.109513282775879
2018-05-10,5.983388423919678,26.288833618164062,1.9822795391082764,3.065012216567993,3.5366063117980957,7.763073921203613,19.69268798828125,3.7094192504882812,16.128358840942383,13.533841133117676
2018-05-11,5.859451770782471,26.46077537536621,1.9583004713058472,3.1027088165283203,3.5085625648498535,7.5084123611450195,19.201784133911133,3.617932081222534,15.952518463134766,13.265844345092773
2018-05-14,5.893877983093262,26.135990142822266,2.014251947402954,3.209998607635498,3.5802297592163086,7.590559959411621,19.164024353027344,3.7094192504882812,16.382349014282227,13.533841133117676
2018-05-15,5.763056755065918,25.887624740600586,1.9503073692321777,3.259294033050537,3.505446672439575,7.385189056396484,18.776966094970703,3.5846636295318604,16.313966751098633,13.221177101135254
2018-05-16,5.811253547668457,26.881099700927734,1.9423145055770874,3.369483470916748,3.583345651626587,7.401618957519531,18.371028900146484,3.592980146408081,16.147897720336914,13.411008834838867
2018-05-17,5.769941806793213,27.30141258239746,1.918335199356079,3.354984760284424,3.6456644535064697,7.286609172821045,17.917890548706055,3.5430784225463867,15.864599227905273,13.511509895324707
2018-05-18,5.866336822509766,27.186777114868164,1.8703768253326416,3.3346874713897705,3.729794979095459,7.344113826751709,18.455991744995117,3.5597121715545654,15.923211097717285,13.623172760009766
2018-05-21,5.838796138763428,27.12946891784668,1.822418451309204,3.3868823051452637,3.6830554008483887,7.335899829864502,17.955652236938477,3.5181267261505127,16.499574661254883,13.478007316589355
2018-05-22,5.893877983093262,27.186777114868164,1.8623833656311035,3.4564759731292725,3.77653431892395,7.5987749099731445,18.116138458251953,3.5763463973999023,16.35304069519043,13.411008834838867
2018-05-23,5.831910610198975,26.74736213684082,1.8463975191116333,3.340486764907837,3.8357369899749756,7.483766555786133,17.804607391357422,3.476541042327881,16.235816955566406,13.06484603881836
2018-05-24,5.880107402801514,26.90020179748535,1.782453179359436,3.279592514038086,3.9323318004608154,7.409833908081055,17.785724639892578,3.3684194087982178,15.298006057739258,13.388676643371582
2018-05-25,5.942076206207275,27.072153091430664,1.8144253492355347,3.4564759731292725,3.8980562686920166,7.623419761657715,17.983972549438477,3.476541042327881,16.216278076171875,13.377508163452148
2018-05-28,6.0591278076171875,27.664411544799805,1.8703768253326416,3.5840632915496826,4.1130571365356445,7.820578098297119,19.239547729492188,3.6012978553771973,17.124780654907227,13.902338981628418
2018-05-29,5.914535045623779,27.282310485839844,1.9023491144180298,3.6929545402526855,4.1224045753479,7.67271089553833,19.29619026184082,3.501492500305176,17.085702896118164,13.813003540039062
2018-05-30,5.783712387084961,26.632720947265625,1.8623833656311035,3.6120643615722656,4.091245651245117,7.77950382232666,19.164024353027344,3.4848592281341553,16.939172744750977,14.30433177947998
2018-05-31,5.563379764556885,26.575408935546875,1.7980015277862549,3.515618324279785,4.019578456878662,7.352329254150391,18.691999435424805,3.3932268619537354,16.255352020263672,13.813003540039062
2018-06-01,5.329277992248535,26.059568405151367,1.7547801733016968,3.524951696395874,4.131753444671631,6.999088287353516,18.46543312072754,3.5049026012420654,16.177200317382812,13.690174102783203
2018-06-04,5.30862283706665,25.868518829345703,1.7634243965148926,3.5000619888305664,4.08812952041626,7.007303237915039,18.795848846435547,3.522083282470703,15.93298053741455,13.50034236907959
2018-06-05,5.212226390838623,25.409988403320312,1.6942706108093262,3.496950626373291,4.013347148895264,6.900509834289551,18.32382583618164,3.4791314601898193,15.630146980285645,13.433342933654785
2018-06-06,5.1364874839782715,25.332286834716797,1.6683378219604492,3.42539381980896,3.972839593887329,6.974443435668945,17.757400512695312,3.513493061065674,14.926790237426758,13.165346145629883
2018-06-07,5.267309665679932,26.225906372070312,1.6942706108093262,3.453394889831543,3.9790711402893066,7.130527496337891,18.493755340576172,3.565035820007324,14.809564590454102,13.567339897155762
2018-06-08,5.102060794830322,25.720815658569336,1.7202035188674927,3.1982789039611816,3.9385640621185303,6.9169392585754395,17.965091705322266,3.7282538414001465,13.168397903442383,13.578508377075195
2018-06-11,5.1364874839782715,26.01221466064453,1.7115590572357178,3.3165030479431152,4.038274765014648,6.94158411026001,17.84236717224121,3.865701675415039,13.764298439025879,13.701339721679688
2018-06-12,5.088290214538574,25.662532806396484,1.659693717956543,3.2978363037109375,4.025810718536377,6.8758649826049805,17.729082107543945,3.693892478942871,12.93394660949707,13.299345016479492
2018-06-13,5.033205986022949,25.17687225341797,1.6251167058944702,3.2480576038360596,3.7983455657958984,6.760856628417969,17.455310821533203,3.5908069610595703,12.52365493774414,13.131848335266113
2018-06-14,4.991894245147705,26.769855499267578,1.6510493755340576,3.291613817214966,3.8887085914611816,6.8265767097473145,17.653560638427734,3.5478551387786865,12.56273078918457,13.1876802444458
2018-06-15,4.991894245147705,26.769855499267578,1.6510493755340576,3.291613817214966,3.8887085914611816,6.8265767097473145,17.653560638427734,3.5478551387786865,12.56273078918457,13.1876802444458
2018-06-18,4.957467079162598,25.429418563842773,1.6424050331115723,3.201390027999878,3.994650363922119,6.752641677856445,17.228740692138672,3.4791314601898193,12.250127792358398,13.176513671875
2018-06-19,5.019436836242676,25.235151290893555,1.6942706108093262,3.3880603313446045,3.9884188175201416,6.867650032043457,17.474191665649414,3.4877219200134277,12.513887405395508,13.198843002319336
2018-06-20,5.0125508308410645,24.730060577392578,1.7547801733016968,3.254279851913452,3.975956439971924,6.859435558319092,18.24830436706543,3.4791314601898193,12.357583999633789,13.533841133117676
2018-06-21,4.998779773712158,25.215723037719727,1.7374917268753052,3.2480576038360596,4.094361305236816,6.892295837402344,17.84236717224121,3.5049026012420654,12.660418510437012,14.002836227416992
2018-06-22,5.081404685974121,26.30361557006836,1.746135950088501,3.2791695594787598,4.352985382080078,7.007303237915039,17.700761795043945,3.5478551387786865,12.552961349487305,14.248498916625977
2018-06-25,4.861072540283203,25.895652770996094,1.7115590572357178,3.1951682567596436,3.9354476928710938,6.6540632247924805,17.766843795776367,3.5478551387786865,12.269665718078613,13.053681373596191
2018-06-26,4.978124141693115,25.643108367919922,1.7202035188674927,3.2449467182159424,3.8980562686920166,6.686923503875732,17.955652236938477,3.539263963699341,12.67995548248291,13.388676643371582
2018-06-27,5.157144069671631,25.837377548217773,1.772068738937378,3.207612991333008,3.866896390914917,6.892295837402344,18.607040405273438,3.599397897720337,13.451695442199707,13.545007705688477
2018-06-28,5.143373489379883,26.400747299194336,1.7807128429412842,3.1827232837677,3.7516067028045654,6.88408088684082,18.748645782470703,3.556445360183716,13.363775253295898,13.846502304077148
2018-06-29,5.191570281982422,26.12877082824707,1.7547801733016968,3.170278310775757,3.8139257431030273,6.88408088684082,19.409473419189453,3.650940418243408,13.178167343139648,13.50034236907959
2018-07-02,5.170914649963379,25.720815658569336,1.7202035188674927,3.1765007972717285,3.8232736587524414,6.925154209136963,19.164024353027344,3.625169038772583,13.647071838378906,13.165346145629883
2018-07-03,5.095175743103027,25.87622833251953,1.6856266260147095,3.2853922843933105,3.7516067028045654,6.859435558319092,18.710886001586914,3.7282538414001465,13.500539779663086,12.763350486755371
2018-07-04,5.157144069671631,26.8087100982666,1.6942706108093262,3.26361346244812,3.7703020572662354,6.958014488220215,18.814727783203125,3.711073160171509,13.578689575195312,12.729848861694336
2018-07-05,5.239768028259277,27.33322525024414,1.702914834022522,3.3382816314697266,3.739142656326294,7.040163516998291,19.371713638305664,3.796977996826172,14.018288612365723,13.06484603881836
2018-07-06,5.239768028259277,27.041824340820312,1.702914834022522,3.313392162322998,3.7266793251037598,7.05659294128418,19.258426666259766,3.7454352378845215,14.057364463806152,12.9420166015625
2018-07-09,5.287964820861816,26.497879028320312,1.6942706108093262,3.313392162322998,3.7422585487365723,7.048377990722656,19.126262664794922,3.762615919113159,14.68256950378418,12.841516494750977
2018-07-10,4.98500919342041,26.206480026245117,1.6078280210494995,3.4005050659179688,3.7889976501464844,6.481550216674805,18.125579833984375,3.736844778060913,13.969444274902344,12.528853416442871
2018-07-11,4.613199234008789,25.9927921295166,1.5127416849136353,3.3787267208099365,3.7142155170440674,5.725780010223389,16.75672149658203,3.8141586780548096,13.217242240905762,12.70751667022705
2018-07-12,4.551231384277344,25.37114143371582,1.478164792060852,3.1453890800476074,3.595808982849121,5.725780010223389,16.416866302490234,3.8571109771728516,13.93036937713623,11.970526695251465
2018-07-13,4.503033638000488,25.60425567626953,1.4695203304290771,3.1142776012420654,3.642548084259033,5.692920684814453,16.99273109436035,3.8828823566436768,14.350427627563477,11.870027542114258
2018-07-16,4.475491523742676,25.779094696044922,1.4608761072158813,3.151611328125,3.630084276199341,5.503978252410889,16.605674743652344,3.908653736114502,14.750951766967773,11.981691360473633
2018-07-17,4.585657596588135,26.05107307434082,1.4695203304290771,3.291613817214966,3.6955199241638184,5.503978252410889,17.162656784057617,4.04610013961792,15.53245735168457,12.394853591918945
2018-07-18,4.558116436004639,26.964120864868164,1.4435877799987793,3.434727907180786,3.623852252960205,5.569697380065918,17.41754913330078,3.934425115585327,15.727836608886719,12.22735595703125
2018-07-19,4.5374603271484375,28.11029052734375,1.4435877799987793,3.5000619888305664,3.82950496673584,5.536837577819824,17.84236717224121,4.063281059265137,15.708297729492188,12.327855110168457
2018-07-20,4.56500244140625,28.304553985595703,1.4608761072158813,3.4876177310943604,3.7889976501464844,5.660060882568359,18.03117561340332,4.054691314697266,15.698528289794922,12.327855110168457
2018-07-23,4.716479778289795,27.99373435974121,1.4868087768554688,3.5000619888305664,3.7983455657958984,5.857219219207764,19.145143508911133,4.020329475402832,16.16743278503418,12.339021682739258
2018-07-24,4.496148109436035,27.430360794067383,1.434943437576294,3.356948137283325,3.757838487625122,5.487548351287842,18.106698989868164,4.0117387771606445,15.591071128845215,12.071024894714355
2018-07-25,4.826645851135254,27.391504287719727,1.495453119277954,3.4098379611968994,3.658128261566162,5.766854763031006,18.64480209350586,4.157776832580566,16.694950103759766,12.048691749572754
2018-07-26,4.812875270843506,27.061254501342773,1.4868087768554688,3.372504234313965,3.6051559448242188,5.660060882568359,18.710886001586914,4.106234073638916,16.05997657775879,12.171524047851562
2018-07-27,4.867958068847656,27.197240829467773,1.4868087768554688,3.403616189956665,3.639432191848755,5.783284664154053,18.68256187438965,4.1835479736328125,16.28466033935547,12.45068645477295
2018-07-30,4.923040390014648,27.197240829467773,1.495453119277954,3.4191718101501465,3.676823616027832,5.783284664154053,18.371028900146484,4.3553571701049805,16.421422958374023,12.696352005004883
2018-07-31,4.971238613128662,27.546924591064453,1.5127416849136353,3.440950393676758,3.676823616027832,5.82435941696167,18.238862991333008,4.30381441116333,16.87078857421875,12.841516494750977
2018-08-01,4.874843120574951,27.119531631469727,1.5127416849136353,3.6307311058044434,3.6830554008483887,5.840788841247559,18.087814331054688,4.1835479736328125,16.724258422851562,12.528853416442871
2018-08-02,4.647625923156738,26.964120864868164,1.4522318840026855,3.745844602584839,3.5989246368408203,5.586126804351807,17.710203170776367,4.286632537841797,16.51911163330078,12.03752613067627
2018-08-03,4.744020938873291,26.769855499267578,1.495453119277954,3.6742873191833496,3.642548084259033,5.73399543762207,17.84236717224121,4.30381441116333,16.988014221191406,12.048691749572754
2018-08-06,4.599428653717041,26.905834197998047,1.4608761072158813,3.6556200981140137,3.5646491050720215,5.610772132873535,17.370346069335938,4.217909336090088,16.607030868530273,12.004026412963867
2018-08-07,4.785333633422852,27.15839195251465,1.4868087768554688,3.7551777362823486,3.6082725524902344,5.758639812469482,17.5685977935791,4.25227165222168,16.88055992126465,12.071024894714355
2018-08-08,4.916155815124512,27.15839195251465,1.5040974617004395,3.7520666122436523,3.6518964767456055,5.832573890686035,17.965091705322266,4.4412617683410645,16.939172744750977,11.981691360473633
2018-08-09,4.9092698097229,27.838315963745117,1.5213857889175415,3.789400815963745,3.602041006088257,5.758639812469482,17.823484420776367,4.406900405883789,16.978246688842773,11.914693832397461
2018-08-10,4.626969337463379,27.080678939819336,1.4522318840026855,3.668064832687378,3.5272581577301025,5.3971848487854,16.5301513671875,4.458442211151123,16.6656436920166,12.260855674743652
2018-08-13,4.241389274597168,26.536739349365234,1.3744337558746338,3.524951696395874,3.6082725524902344,4.8057122230529785,14.103965759277344,4.7762885093688965,16.16743278503418,11.970526695251465
2018-08-14,4.262045383453369,25.701391220092773,1.5386743545532227,3.4938395023345947,3.692403793334961,5.043944358825684,14.585427284240723,4.7934699058532715,16.773101806640625,11.881195068359375
2018-08-15,3.9935154914855957,25.4488468170166,1.6078280210494995,3.524951696395874,3.6892879009246826,4.8057122230529785,13.81131362915039,4.647432327270508,15.542227745056152,11.892359733581543
2018-08-16,3.897120714187622,25.487699508666992,1.4868087768554688,3.2605020999908447,3.3558807373046875,4.748208045959473,13.226008415222168,4.329586029052734,15.258931159973145,11.356367111206055
2018-08-17,3.9935154914855957,25.507125854492188,1.4435877799987793,3.515618324279785,3.430663824081421,4.797497272491455,13.339293479919434,4.4412617683410645,14.926790237426758,11.858860969543457
2018-08-20,4.089910507202148,25.526548385620117,1.4868087768554688,3.4813947677612305,3.405735969543457,4.953580379486084,13.226008415222168,4.638841152191162,15.630146980285645,11.691363334655762
2018-08-21,4.089910507202148,25.526548385620117,1.4868087768554688,3.4813947677612305,3.405735969543457,4.953580379486084,13.226008415222168,4.638841152191162,15.630146980285645,11.691363334655762
2018-08-22,4.089910507202148,25.526548385620117,1.4868087768554688,3.4813947677612305,3.405735969543457,4.953580379486084,13.226008415222168,4.638841152191162,15.630146980285645,11.691363334655762
2018-08-23,4.089910507202148,25.526548385620117,1.4868087768554688,3.4813947677612305,3.405735969543457,4.953580379486084,13.226008415222168,4.638841152191162,15.630146980285645,11.691363334655762
2018-08-24,4.089910507202148,25.526548385620117,1.4868087768554688,3.4813947677612305,3.405735969543457,4.953580379486084,13.226008415222168,4.638841152191162,15.630146980285645,11.691363334655762
2018-08-27,4.041713237762451,25.9927921295166,1.5473185777664185,3.5902860164642334,3.468055248260498,4.937150955200195,12.999438285827637,4.656022548675537,16.05997657775879,11.836527824401855
2018-08-28,4.172535419464111,27.21666717529297,1.5646071434020996,3.7333993911743164,3.676823616027832,5.11787748336792,13.23544979095459,4.853603363037109,16.39211654663086,12.305522918701172
2018-08-29,4.117452621459961,27.935455322265625,1.5559626817703247,3.605841636657715,3.8513166904449463,5.076803207397461,13.046640396118164,4.999640941619873,16.20650863647461,12.528853416442871
2018-08-30,4.117452621459961,27.935455322265625,1.5559626817703247,3.605841636657715,3.8513166904449463,5.076803207397461,13.046640396118164,4.999640941619873,16.20650863647461,12.528853416442871
2018-08-31,3.9866297245025635,28.187997817993164,1.5991840362548828,3.6711764335632324,4.172260284423828,4.928935527801514,12.782310485839844,5.283125400543213,15.903675079345703,12.830349922180176
2018-09-03,4.055483818054199,28.557104110717773,1.6164724826812744,3.780066967010498,4.1005940437316895,4.994654178619385,12.867273330688477,5.222992420196533,16.724258422851562,12.808016777038574
2018-09-04,4.007286548614502,28.090862274169922,1.5818955898284912,3.6307311058044434,4.209651470184326,5.011085033416748,12.470776557922363,5.171449661254883,16.548418045043945,12.685185432434082
2018-09-05,3.904005527496338,27.95487403869629,1.5818955898284912,3.5591745376586914,4.13486909866333,4.92072057723999,12.281968116760254,5.446343421936035,16.85125160217285,12.875014305114746
2018-09-06,3.8764638900756836,28.207422256469727,1.5732512474060059,3.5311737060546875,4.128637790679932,4.9453654289245605,12.470776557922363,5.334667682647705,16.76333236694336,12.651683807373047
2018-09-07,3.938432216644287,28.32398223876953,1.5905396938323975,3.5405075550079346,4.016462802886963,5.068589210510254,13.122163772583008,5.162858963012695,16.773101806640625,12.272022247314453
2018-09-10,3.8351516723632812,28.44054412841797,1.5300300121307373,3.5062849521636963,3.8700127601623535,4.855001449584961,13.084402084350586,5.0425920486450195,16.63633918762207,12.03752613067627
2018-09-11,3.8351516723632812,28.498817443847656,1.5213857889175415,3.524951696395874,3.9416797161102295,4.789282321929932,12.933355331420898,5.085545539855957,17.50576400756836,12.093358993530273
2018-09-12,3.7181012630462646,29.081621170043945,1.5473185777664185,3.496950626373291,3.972839593887329,4.698918342590332,12.980558395385742,4.9480977058410645,17.58391571044922,12.42835521697998
2018-09-13,3.917776346206665,29.74212646484375,1.5473185777664185,3.5311737060546875,3.9572594165802,5.03572940826416,14.11340618133545,5.18004035949707,17.74998664855957,12.763350486755371
2018-09-14,4.034828186035156,29.37302017211914,1.5646071434020996,3.440950393676758,3.8326220512390137,5.224672317504883,14.311655044555664,4.982459545135498,17.349464416503906,12.774517059326172
2018-09-17,4.007286548614502,30.111228942871094,1.5905396938323975,3.4689502716064453,3.711099624633789,5.03572940826416,13.622506141662598,5.034002304077148,17.329925537109375,12.461853981018066
2018-09-18,4.02105712890625,30.130661010742188,1.5818955898284912,3.434727907180786,3.764070749282837,5.085018634796143,13.499781608581543,5.119906902313232,17.740217208862305,12.50652027130127
2018-09-19,4.344669818878174,29.81983184814453,1.6683378219604492,3.475173234939575,3.8762452602386475,5.454688549041748,13.990680694580078,5.1456780433654785,17.98443603515625,12.495352745056152
2018-09-20,4.2069621086120605,30.830005645751953,1.5991840362548828,3.453394889831543,3.7796504497528076,5.282175540924072,13.94347858428955,5.188630104064941,17.662065505981445,12.327855110168457
2018-09-21,4.351555347442627,31.160268783569336,1.5991840362548828,3.546729326248169,3.8513166904449463,5.405399322509766,13.962360382080078,5.291715621948242,18.08212661743164,12.249690055847168
2018-09-24,4.633854866027832,30.674598693847656,1.6078280210494995,3.5342845916748047,3.82950496673584,5.857219219207764,14.358856201171875,5.326077461242676,18.814790725708008,12.60701847076416
2018-09-25,4.551231384277344,30.635744094848633,1.5646071434020996,3.496950626373291,3.857548236846924,5.816143989562988,14.670391082763672,5.446343421936035,18.42403793334961,12.763350486755371
2018-09-26,4.571887493133545,31.004852294921875,1.5732512474060059,3.4285051822662354,3.9572594165802,5.93115234375,14.538226127624512,5.334667682647705,18.775712966918945,12.986680030822754
2018-09-27,4.7715630531311035,31.917909622192383,1.5559626817703247,3.5000619888305664,4.147332668304443,6.202244281768799,14.991364479064941,5.265944004058838,18.69756317138672,12.21618938446045
2018-09-28,4.76467752456665,31.52936553955078,1.5559626817703247,3.4565060138702393,4.091245651245117,6.350112438201904,15.274577140808105,5.016821384429932,18.69756317138672,11.937027931213379
2018-10-01,4.585657596588135,31.587644577026367,1.5300300121307373,3.4378390312194824,4.131753444671631,6.04616117477417,14.906400680541992,4.896554470062256,18.209121704101562,12.048691749572754
2018-10-02,4.482377052307129,31.335105895996094,1.5300300121307373,3.4658396244049072,4.150448322296143,5.9968719482421875,14.52878475189209,4.991049766540527,17.681604385375977,12.22735595703125
2018-10-03,4.379096508026123,31.66535186767578,1.495453119277954,3.416060447692871,4.081897258758545,5.799714088439941,14.236132621765137,4.853603363037109,17.349464416503906,12.260855674743652
2018-10-04,4.0485992431640625,32.228729248046875,1.4262993335723877,3.42539381980896,4.172260284423828,5.405399322509766,13.159924507141113,4.707564830780029,16.753564834594727,12.160358428955078
2018-10-05,4.151878833770752,31.412809371948242,1.434943437576294,3.453394889831543,4.296898365020752,5.545052528381348,13.2826509475708,4.578708171844482,17.163854598999023,12.484187126159668
2018-10-08,4.399752616882324,31.121410369873047,1.478164792060852,3.4285051822662354,4.28754997253418,5.922937870025635,13.641385078430176,4.673203468322754,17.39830780029297,12.60701847076416
2018-10-09,4.420408725738525,31.06313133239746,1.4868087768554688,3.4813947677612305,4.23769474029541,5.939367294311523,13.622506141662598,4.870783805847168,17.24200439453125,12.808016777038574
2018-10-10,4.379096508026123,30.344345092773438,1.478164792060852,3.3476147651672363,4.053853988647461,5.799714088439941,13.386495590209961,4.647432327270508,16.323734283447266,12.584686279296875
2018-10-11,4.399752616882324,31.082563400268555,1.5040974617004395,3.300947904586792,4.081897258758545,5.857219219207764,13.754671096801758,4.509984970092773,16.050207138061523,12.495352745056152
2018-10-12,4.5374603271484375,31.082563400268555,1.5473185777664185,3.3880603313446045,4.2003045082092285,5.93115234375,14.141727447509766,4.518575668334961,16.92940330505371,12.417187690734863
2018-10-15,4.874843120574951,30.771732330322266,1.5732512474060059,3.4191718101501465,4.00399923324585,6.325467109680176,14.585427284240723,4.595889568328857,17.652297973632812,12.316688537597656
2018-10-16,4.812875270843506,31.04370880126953,1.5818955898284912,3.384949207305908,4.013347148895264,6.235103607177734,14.84031867980957,4.7934699058532715,17.00755500793457,12.327855110168457
2018-10-17,5.053863525390625,31.082563400268555,1.5991840362548828,3.3071699142456055,4.013347148895264,6.456905364990234,15.274577140808105,4.784879207611084,16.16743278503418,12.350191116333008
2018-10-18,4.950582027435303,30.694021224975586,1.5818955898284912,3.210723638534546,4.000882625579834,6.284392833709717,14.878080368041992,4.630250930786133,16.177200317382812,11.970526695251465
2018-10-19,4.888614177703857,31.06313133239746,1.5818955898284912,3.170278310775757,3.9977662563323975,6.103665351867676,14.585427284240723,4.741927623748779,15.776679039001465,11.803027153015137
2018-10-22,4.867958068847656,31.276823043823242,1.5473185777664185,3.080054521560669,4.066318035125732,6.013301372528076,13.971800804138184,4.432671070098877,15.327312469482422,12.082191467285156
2018-10-23,4.744020938873291,31.393390655517578,1.5473185777664185,3.0676095485687256,4.053853988647461,5.8982930183410645,13.546981811523438,4.286632537841797,15.141704559326172,11.736030578613281
2018-10-24,4.716479778289795,31.85963249206543,1.5646071434020996,2.8933844566345215,4.066318035125732,5.865433692932129,13.849075317382812,4.235090732574463,15.200318336486816,11.780695915222168
2018-10-25,4.640740871429443,32.209293365478516,1.5386743545532227,2.9929423332214355,4.028926372528076,5.93115234375,13.877396583557129,4.217909336090088,15.551996231079102,11.054868698120117
2018-10-26,4.406637668609619,31.04370880126953,1.5213857889175415,2.8124942779541016,3.5428378582000732,5.676490783691406,13.745230674743652,4.0804619789123535,15.151473999023438,10.412795066833496
2018-10-29,4.406637668609619,31.04370880126953,1.5213857889175415,2.8124942779541016,3.5428378582000732,5.676490783691406,13.745230674743652,4.0804619789123535,15.151473999023438,10.412795066833496
2018-10-30,4.571887493133545,31.04370880126953,1.478164792060852,2.712937116622925,3.505446672439575,5.865433692932129,13.707469940185547,3.908653736114502,14.30158519744873,11.412199974060059
2018-10-31,4.468605995178223,30.53860855102539,1.434943437576294,2.778271436691284,3.723562479019165,5.701136112213135,13.71690845489502,4.0117387771606445,13.686147689819336,11.747196197509766
2018-11-01,4.819760322570801,31.024280548095703,1.5213857889175415,2.7316040992736816,3.732910633087158,6.161169528961182,14.727032661437988,4.1663665771484375,14.2820463180542,11.61319637298584
2018-11-02,4.85418701171875,30.965999603271484,1.5040974617004395,2.896496057510376,3.838853597640991,6.3172526359558105,15.246254920959473,4.1835479736328125,14.790026664733887,11.71369457244873
2018-11-05,5.095175743103027,30.907724380493164,1.495453119277954,2.9462742805480957,3.8045778274536133,6.621203899383545,15.34066104888916,4.30381441116333,14.926790237426758,11.557364463806152
2018-11-06,5.0125508308410645,30.888296127319336,1.4868087768554688,2.896496057510376,3.611388921737671,6.530839920043945,14.859197616577148,4.312404632568359,14.379735946655273,10.999038696289062
2018-11-07,5.088290214538574,30.966793060302734,1.5213857889175415,2.846717119216919,3.676823616027832,6.621203899383545,15.208494186401367,4.41549015045166,15.22962474822998,11.032537460327148
2018-11-08,5.0263214111328125,30.495813369750977,1.4695203304290771,2.8000500202178955,3.6612439155578613,6.506195545196533,15.227374076843262,4.346766471862793,14.311352729797363,10.870621681213379
2018-11-09,4.978124141693115,30.221073150634766,1.4435877799987793,2.8311614990234375,3.5303738117218018,6.424046039581299,14.764796257019043,4.269452095031738,14.81933307647705,10.35137939453125
2018-11-12,4.85418701171875,32.06573486328125,1.4608761072158813,2.712937116622925,3.3932723999023438,6.292607307434082,14.141727447509766,4.30381441116333,14.467655181884766,9.938216209411621
2018-11-13,4.943697452545166,31.77137565612793,1.4868087768554688,2.747159719467163,3.380808115005493,6.456905364990234,13.924598693847656,4.3725385665893555,15.151473999023438,10.055465698242188
2018-11-14,4.991894245147705,31.535888671875,1.4608761072158813,2.8000500202178955,3.334069013595581,6.547269821166992,13.754671096801758,4.432671070098877,15.7669095993042,9.753968238830566
2018-11-15,4.971238613128662,32.77220153808594,1.4608761072158813,2.756493091583252,3.3714599609375,6.432260513305664,13.735791206359863,4.389719009399414,15.82552433013916,9.625553131103516
2018-11-16,5.067634105682373,32.57596206665039,1.4522318840026855,2.753382444381714,3.3714599609375,6.522624969482422,13.905717849731445,4.389719009399414,15.600841522216797,9.519471168518066
2018-11-19,5.143373489379883,32.556339263916016,1.4522318840026855,2.7222704887390137,3.3589963912963867,6.662278175354004,14.037883758544922,4.4412617683410645,15.981825828552246,9.469221115112305
2018-11-20,4.991894245147705,32.18349075317383,1.4090107679367065,2.5573787689208984,3.3004095554351807,6.506195545196533,13.4525785446167,4.295224189758301,15.503151893615723,9.100727081298828
2018-11-21,5.033205986022949,32.57596206665039,1.4262993335723877,2.5698235034942627,3.329702615737915,6.596558570861816,13.471460342407227,4.192138671875,16.02090072631836,9.34080696105957
2018-11-22,5.033205986022949,32.654449462890625,1.4090107679367065,2.5573787689208984,3.372015953063965,6.539054870605469,13.830193519592285,4.346766471862793,15.893906593322754,9.569721221923828
2018-11-23,5.095175743103027,32.22272872924805,1.434943437576294,2.5262670516967773,3.4631519317626953,6.621203899383545,14.122846603393555,4.226500034332275,16.489805221557617,9.670219421386719
2018-11-26,5.177799701690674,32.39934158325195,1.4435877799987793,2.4951555728912354,3.450132131576538,6.637632846832275,14.32109546661377,4.235090732574463,16.63633918762207,10.016383171081543
2018-11-27,5.143373489379883,32.57596206665039,1.4262993335723877,2.411153793334961,3.4273476600646973,6.456905364990234,14.698711395263672,4.226500034332275,16.675413131713867,9.932634353637695
2018-11-28,5.115830898284912,32.57596206665039,1.4176549911499023,2.4173762798309326,3.5966005325317383,6.530839920043945,14.491023063659668,4.243680953979492,16.831714630126953,10.10013198852539
2018-11-29,5.170914649963379,33.0076904296875,1.4262993335723877,2.348930597305298,3.6128745079040527,6.6540632247924805,15.010244369506836,4.25227165222168,16.567955017089844,10.211797714233398
2018-11-30,5.267309665679932,32.94881820678711,1.4262993335723877,2.3738198280334473,3.485935926437378,6.785501480102539,14.896960258483887,4.278043270111084,16.655874252319336,10.770125389099121
2018-12-03,5.219111919403076,32.34047317504883,1.4003664255142212,2.535600423812866,3.4533865451812744,6.744426727294922,14.55710506439209,4.312404632568359,15.962287902832031,10.250880241394043
2018-12-04,5.040092468261719,32.71332550048828,1.4090107679367065,2.464043617248535,3.4338581562042236,6.60477352142334,14.236132621765137,4.41549015045166,15.591071128845215,10.228546142578125
2018-12-05,4.8059892654418945,32.8506965637207,1.4090107679367065,2.5604898929595947,3.450132131576538,6.399401664733887,14.462701797485352,4.47562313079834,15.981825828552246,10.144797325134277
2018-12-06,4.585657596588135,33.0076904296875,1.4003664255142212,2.4267098903656006,3.3687610626220703,6.350112438201904,14.273893356323242,4.587299346923828,16.001361846923828,10.010799407958984
2018-12-07,4.737135410308838,32.968441009521484,1.4003664255142212,2.4360432624816895,3.336212396621704,6.547269821166992,14.44382095336914,4.578708171844482,15.78644847869873,9.837719917297363
2018-12-10,4.640740871429443,33.125431060791016,1.391722321510315,2.3178186416625977,3.303664207458496,6.448690414428711,14.302214622497559,4.527166366577148,15.747373580932617,9.541805267333984
2018-12-11,4.606313705444336,34.028141021728516,1.391722321510315,2.3147077560424805,3.1923489570617676,6.399401664733887,14.44382095336914,4.47562313079834,15.639915466308594,9.770718574523926
2018-12-12,4.441064357757568,34.538368225097656,1.3312125205993652,2.29915189743042,3.1819334030151367,6.169384479522705,13.867956161499023,4.527166366577148,14.897483825683594,9.374307632446289
2018-12-13,4.406637668609619,34.73461151123047,1.322568416595459,2.4049315452575684,3.2522380352020264,6.284392833709717,13.962360382080078,4.750517845153809,14.97563362121582,9.435723304748535
2018-12-14,4.351555347442627,34.20476531982422,1.2966357469558716,2.3458194732666016,3.2522380352020264,6.350112438201904,13.622506141662598,4.578708171844482,14.555574417114258,9.217975616455078
2018-12-17,4.413524150848389,33.988895416259766,1.2966357469558716,2.330263614654541,3.264606475830078,6.325467109680176,13.773552894592285,4.570117950439453,14.409041404724121,9.000228881835938
2018-12-18,4.578772068023682,34.322505950927734,1.322568416595459,2.3271524906158447,3.3231937885284424,6.563699245452881,13.877396583557129,4.484212875366211,15.073323249816895,9.273808479309082
2018-12-19,4.647625923156738,34.342124938964844,1.339856743812561,2.3862645626068115,3.372015953063965,6.8265767097473145,14.160608291625977,4.578708171844482,15.82552433013916,9.245890617370605
2018-12-20,4.6682820320129395,34.361751556396484,1.322568416595459,2.3240411281585693,3.342722177505493,6.719782829284668,14.434381484985352,4.613070487976074,15.962287902832031,9.056058883666992
2018-12-21,4.72336483001709,34.4010009765625,1.3485008478164673,2.3053743839263916,3.4273476600646973,6.670493125915527,14.32109546661377,4.484212875366211,16.001361846923828,9.217975616455078
2018-12-24,4.716479778289795,34.14588165283203,1.3571454286575317,2.311596632003784,3.3101747035980225,6.612988471984863,14.415499687194824,4.406900405883789,15.796217918395996,9.150976181030273
2018-12-25,4.640740871429443,33.55716323852539,1.3312125205993652,2.280484914779663,3.264606475830078,6.547269821166992,14.255013465881348,4.41549015045166,15.815755844116211,9.117475509643555
2018-12-26,4.6820526123046875,33.30204772949219,1.3485008478164673,2.25870680809021,3.2711164951324463,6.588344573974609,14.283334732055664,4.509984970092773,15.78644847869873,9.111893653869629
2018-12-27,4.709594249725342,34.18513107299805,1.3312125205993652,2.227595090866089,3.290644645690918,6.62941837310791,13.971800804138184,4.638841152191162,15.854828834533691,9.039311408996582
2018-12-28,4.730249881744385,33.400169372558594,1.313923954963684,2.2151503562927246,3.2678608894348145,6.539054870605469,14.18893051147461,4.819241523742676,15.620378494262695,9.145391464233398
2018-12-31,4.730249881744385,33.890777587890625,1.3052799701690674,2.249373197555542,3.352487564086914,6.530839920043945,14.08508586883545,4.939507484436035,15.727836608886719,9.43013858795166
2019-01-01,4.730249881744385,33.890777587890625,1.3052799701690674,2.249373197555542,3.352487564086914,6.530839920043945,14.08508586883545,4.939507484436035,15.727836608886719,9.43013858795166
2019-01-02,4.503033638000488,33.0076904296875,1.2793471813201904,2.187150001525879,3.191047430038452,6.341897010803223,13.641385078430176,4.716155529022217,15.317543983459473,9.061643600463867
2019-01-03,4.448675632476807,33.75341033935547,1.2188376188278198,2.199594736099243,3.1337618827819824,6.194029331207275,13.131603240966797,4.509984970092773,14.799795150756836,8.642898559570312
2019-01-04,4.705638885498047,33.910404205322266,1.2447702884674072,2.2618179321289062,3.1988584995269775,6.5801286697387695,13.339293479919434,4.484212875366211,14.741182327270508,8.75456428527832
2019-01-07,4.7698798179626465,34.00851821899414,1.2361259460449219,2.277373790740967,3.2743706703186035,6.703352451324463,13.499781608581543,4.604479789733887,14.711875915527344,9.106308937072754
2019-01-08,4.697608470916748,34.459877014160156,1.2447702884674072,2.308485507965088,3.258096933364868,6.736211776733398,13.348733901977539,4.681794166564941,14.741182327270508,9.32964038848877
2019-01-09,4.577157020568848,34.9701042175293,1.2447702884674072,2.3769311904907227,3.398054599761963,6.5801286697387695,13.329853057861328,4.595889568328857,14.623956680297852,9.407807350158691
2019-01-10,4.609277725219727,35.205589294433594,1.2447702884674072,2.3364861011505127,3.6551871299743652,6.481550216674805,13.339293479919434,4.518575668334961,14.614188194274902,9.592055320739746
2019-01-11,4.721698760986328,35.28409194946289,1.2447702884674072,2.3022632598876953,3.603109836578369,6.481550216674805,13.509221076965332,4.673203468322754,14.711875915527344,9.770718574523926
2019-01-14,4.81002950668335,34.91122055053711,1.2620587348937988,2.3209304809570312,3.629148006439209,6.703352451324463,13.320411682128906,4.733336925506592,14.67280101776123,9.776302337646484
2019-01-15,4.826090335845947,34.73461151123047,1.2793471813201904,2.3240411281585693,3.6486778259277344,6.843005657196045,13.320411682128906,4.836422443389893,14.2625093460083,9.742803573608398
2019-01-16,5.219565391540527,35.08784484863281,1.2707030773162842,2.29915189743042,3.6584420204162598,7.344113826751709,13.726350784301758,4.836422443389893,14.07690143585205,9.737218856811523
2019-01-17,5.32395601272583,36.069053649902344,1.2879915237426758,2.3053743839263916,3.6356587409973145,7.574130535125732,13.792431831359863,4.836422443389893,13.8912935256958,9.999632835388184
2019-01-18,5.259715557098389,36.65777587890625,1.313923954963684,2.4484879970550537,3.733304023742676,7.500197410583496,14.255013465881348,4.922326564788818,14.09643840789795,10.03313159942627
2019-01-21,5.171384334564209,35.912052154541016,1.313923954963684,2.535600423812866,3.684480905532837,7.286609172821045,14.103965759277344,4.956687927246094,14.164820671081543,10.027549743652344
2019-01-22,5.283805847167969,35.7158203125,1.3312125205993652,2.622713565826416,3.7202837467193604,7.426262855529785,14.547664642333984,4.913735389709473,14.067131996154785,9.994049072265625
2019-01-23,5.219565391540527,36.22603988647461,1.339856743812561,2.6102688312530518,3.6551871299743652,7.335899829864502,14.613747596740723,4.802060604095459,14.321122169494629,10.150381088256836
2019-01-24,5.2115349769592285,36.5400276184082,1.3657896518707275,2.6382689476013184,3.756087064743042,7.450907230377197,14.944162368774414,4.896554470062256,14.389503479003906,10.664041519165039
2019-01-25,5.243655681610107,36.22603988647461,1.339856743812561,2.6289355754852295,3.843967914581299,7.500197410583496,15.227374076843262,5.0769548416137695,14.350427627563477,11.116286277770996
2019-01-28,5.227595806121826,36.48115539550781,1.3571454286575317,2.5604898929595947,3.896045684814453,7.303039073944092,15.114089965820312,5.1456780433654785,14.711875915527344,11.021369934082031
2019-01-29,5.492588520050049,36.65777587890625,1.3571454286575317,2.6818253993988037,3.954632520675659,7.500197410583496,15.661633491516113,5.360438823699951,14.83887004852295,11.093953132629395
2019-01-30,5.669250011444092,35.55882263183594,1.3312125205993652,2.632046699523926,3.9578874111175537,7.524841785430908,15.859881401062012,5.755599021911621,15.454307556152344,11.149785041809082
2019-01-31,5.693341255187988,35.49995040893555,1.3744337558746338,2.6413800716400146,3.9220848083496094,7.475552558898926,16.05813217163086,5.8243231773376465,15.083090782165527,11.747196197509766
2019-02-01,5.532739162445068,35.59807586669922,1.339856743812561,2.5884904861450195,3.78212571144104,7.393404006958008,16.3035831451416,5.772780418395996,14.369966506958008,11.61319637298584
2019-02-04,5.492588520050049,35.53919982910156,1.3052799701690674,2.585379123687744,3.704009771347046,7.352329254150391,16.133651733398438,5.678286075592041,14.594649314880371,10.809207916259766
2019-02-05,5.62106990814209,36.34378433227539,1.322568416595459,2.5698235034942627,3.7788710594177246,7.426262855529785,16.143095016479492,5.377620697021484,14.164820671081543,11.116286277770996
2019-02-06,5.444407939910889,36.67739486694336,1.313923954963684,2.554267644882202,3.7788710594177246,7.3276848793029785,15.671074867248535,5.446343421936035,14.516498565673828,11.1609525680542
2019-02-07,5.43637752532959,36.20641326904297,1.2966357469558716,2.6756033897399902,3.710519313812256,7.2783942222595215,15.661633491516113,5.463524341583252,14.340660095214844,11.1609525680542
2019-02-08,5.420317649841309,36.34378433227539,1.2793471813201904,2.585379123687744,3.704009771347046,7.286609172821045,15.55778694152832,5.480705261230469,14.369966506958008,10.747790336608887
2019-02-11,5.57288932800293,36.755889892578125,1.2966357469558716,2.644491195678711,3.78212571144104,7.541271686553955,15.737156867980957,5.4721150398254395,14.86817741394043,10.870621681213379
2019-02-12,5.444407939910889,36.245670318603516,1.2793471813201904,2.653824806213379,3.837458372116089,7.483766555786133,15.217934608459473,5.497886657714844,14.115976333618164,10.457462310791016
2019-02-13,5.307896614074707,36.99138259887695,1.210193157196045,2.6382689476013184,3.6128745079040527,7.335899829864502,14.66094970703125,5.446343421936035,13.471232414245605,10.507710456848145
2019-02-14,5.388197422027588,36.08866882324219,1.2361259460449219,2.694269895553589,3.5282490253448486,7.2783942222595215,14.736473083496094,5.57520055770874,13.842449188232422,10.396045684814453
2019-02-15,5.39622688293457,36.755889892578125,1.2188376188278198,2.6756033897399902,3.469660997390747,7.286609172821045,14.764796257019043,5.729828834533691,13.402851104736328,10.664041519165039
2019-02-18,5.3400163650512695,36.55965805053711,1.2188376188278198,2.744048833847046,3.5217390060424805,7.05659294128418,14.34941577911377,5.549428939819336,13.012097358703613,11.077203750610352
2019-02-19,5.32395601272583,35.83356857299805,1.2274816036224365,2.809382915496826,3.538012981414795,7.146956443786621,14.604308128356934,5.506476402282715,13.021865844726562,11.166536331176758
2019-02-20,5.267745494842529,36.14754867553711,1.2188376188278198,2.744048833847046,3.5445237159729004,7.073022842407227,14.727032661437988,5.558019638061523,13.119555473327637,11.412199974060059
2019-02-21,5.388197422027588,36.18679428100586,1.253414511680603,2.7409377098083496,3.551032304763794,7.130527496337891,14.708151817321777,5.592381954193115,13.324700355529785,11.211201667785645
2019-02-22,5.3400163650512695,34.26363754272461,1.2707030773162842,2.87782883644104,3.5738167762756348,7.122312545776367,14.670391082763672,5.858685493469238,13.813142776489258,11.200037002563477
2019-02-25,5.508648872375488,34.832733154296875,1.2879915237426758,2.83738374710083,3.7593421936035156,7.245535373687744,15.13297176361084,5.901638031005859,13.686147689819336,12.004026412963867
2019-02-26,5.516678810119629,34.16550827026367,1.313923954963684,2.936940908432007,3.8016550540924072,7.2701802253723145,15.029126167297363,5.944589614868164,14.037825584411621,12.004026412963867
2019-02-27,5.43637752532959,34.6364860534668,1.3571454286575317,2.9462742805480957,3.7267932891845703,7.146956443786621,15.10464859008789,5.781371116638184,13.656840324401855,11.825361251831055
2019-02-28,5.54879903793335,33.812278747558594,1.3312125205993652,2.9089410305023193,3.664952516555786,7.335899829864502,14.821436882019043,5.832913875579834,13.842449188232422,11.970526695251465
2019-03-01,5.364107131958008,34.30288314819336,1.3052799701690674,2.8000500202178955,3.651932716369629,7.21267557144165,14.594867706298828,5.635334014892578,13.67637825012207,11.803027153015137
2019-03-04,5.468498706817627,33.674903869628906,1.313923954963684,2.8218278884887695,3.5607972145080566,7.418047904968262,14.764796257019043,5.643924713134766,13.578689575195312,12.13802433013916
2019-03-05,5.46046781539917,32.968441009521484,1.313923954963684,2.765826940536499,3.4891908168792725,7.294824123382568,14.991364479064941,5.57520055770874,13.959674835205078,12.082191467285156
2019-03-06,5.39622688293457,33.145057678222656,1.3052799701690674,2.79693865776062,3.590090036392212,7.245535373687744,15.604991912841797,5.686875820159912,13.822911262512207,12.171524047851562
2019-03-07,5.227595806121826,34.126258850097656,1.2966357469558716,2.775160312652588,3.492445707321167,7.19624662399292,15.774917602539062,5.549428939819336,13.393082618713379,11.780695915222168
2019-03-08,5.11517333984375,34.832733154296875,1.2879915237426758,2.7284932136535645,3.4826807975769043,7.097667694091797,14.963043212890625,5.4721150398254395,12.865564346313477,11.557364463806152
2019-03-11,5.075023651123047,33.2628059387207,1.313923954963684,2.765826940536499,3.3231937885284424,7.1140971183776855,14.434381484985352,5.626743316650391,12.738569259643555,11.367533683776855
2019-03-12,5.203505039215088,33.5767936706543,1.3312125205993652,2.778271436691284,3.365506410598755,7.2701802253723145,14.55710506439209,5.704057216644287,12.719032287597656,11.635529518127441
2019-03-13,5.32395601272583,33.733787536621094,1.3657896518707275,2.7813827991485596,3.2743706703186035,7.491982460021973,14.377737998962402,5.5837907791137695,12.533424377441406,11.289366722106934
2019-03-14,5.259715557098389,33.125431060791016,1.4090107679367065,2.856050968170166,3.2711164951324463,7.459122180938721,14.311655044555664,5.497886657714844,12.728800773620605,11.356367111206055
2019-03-15,5.388197422027588,33.733787536621094,1.4695203304290771,2.905829668045044,3.3199386596679688,7.500197410583496,14.491023063659668,5.549428939819336,12.689725875854492,11.468033790588379
2019-03-18,5.540769577026367,33.596412658691406,1.478164792060852,2.9400522708892822,3.3134281635284424,7.771288871765137,14.642068862915039,5.540838241577148,13.559152603149414,11.836527824401855
2019-03-19,5.492588520050049,33.34130096435547,1.5040974617004395,3.0116095542907715,3.316683053970337,7.820578098297119,14.7175931930542,5.609562397003174,13.9108304977417,11.95830249786377
2019-03-20,5.364107131958008,32.28159713745117,1.434943437576294,2.8809401988983154,3.2196896076202393,7.730213642120361,14.491023063659668,5.661105632781982,13.8912935256958,11.720840454101562
2019-03-21,5.444407939910889,31.378894805908203,1.4003664255142212,2.778271436691284,3.154592990875244,7.919157028198242,14.292773246765137,5.420572757720947,13.72522258758545,11.373783111572266
2019-03-22,5.17941427230835,31.594758987426758,1.391722321510315,2.7316040992736816,3.2053680419921875,7.5987749099731445,13.726350784301758,5.214402198791504,13.256318092346191,11.06325626373291
2019-03-25,4.890331268310547,32.124610900878906,1.3485008478164673,2.8716063499450684,3.2743706703186035,7.097667694091797,13.358173370361328,5.334667682647705,13.666608810424805,11.197208404541016
2019-03-26,4.850180149078369,32.026485443115234,1.339856743812561,2.846717119216919,3.1858389377593994,6.990873336791992,13.631946563720703,5.18004035949707,13.19770622253418,10.752731323242188
2019-03-27,4.408524990081787,29.90708351135254,1.2966357469558716,2.6600472927093506,2.931962013244629,6.3583269119262695,12.536859512329102,4.741927623748779,12.445504188537598,9.936838150024414
2019-03-28,4.777908802032471,30.495813369750977,1.3052799701690674,2.856050968170166,3.037417411804199,6.522624969482422,12.763428688049316,4.9480977058410645,12.298972129821777,10.277807235717773
2019-03-29,5.034872531890869,30.122953414916992,1.322568416595459,2.856050968170166,3.10251522064209,6.7937164306640625,12.810630798339844,4.913735389709473,12.611574172973633,10.411760330200195
2019-04-01,4.890331268310547,29.867839813232422,1.2879915237426758,2.815605401992798,3.185513973236084,6.5801286697387695,12.980558395385742,4.956687927246094,12.592037200927734,10.356962203979492
2019-04-02,4.9465413093566895,30.79016876220703,1.2879915237426758,2.815605401992798,3.3172149658203125,6.703352451324463,13.065521240234375,4.896554470062256,12.777645111083984,10.393494606018066
2019-04-03,4.850180149078369,30.829421997070312,1.2620587348937988,2.815605401992798,3.3309335708618164,6.7115678787231445,13.254328727722168,4.836422443389893,12.953484535217285,10.63095474243164
2019-04-04,5.034872531890869,31.51626968383789,1.2879915237426758,2.8902735710144043,3.394040584564209,7.073022842407227,13.67914867401123,4.845012187957764,13.871755599975586,11.34942626953125
2019-04-05,5.299866199493408,31.751747131347656,1.3052799701690674,2.9120514392852783,3.508592367172241,7.426262855529785,13.565863609313965,5.034002304077148,14.12574577331543,11.556446075439453
2019-04-08,5.163354396820068,31.104158401489258,1.2793471813201904,2.8902735710144043,3.4708659648895264,7.245535373687744,13.20712661743164,5.016821384429932,13.871755599975586,11.495556831359863
2019-04-09,5.131234169006348,31.006031036376953,1.2966357469558716,2.989830493927002,3.4983036518096924,7.229105472564697,13.358173370361328,5.0597734451293945,14.008519172668457,11.61124324798584
2019-04-10,5.058963298797607,30.770544052124023,1.2879915237426758,2.977386474609375,3.4605767726898193,7.2701802253723145,13.292091369628906,5.1284966468811035,13.8912935256958,11.617331504821777
2019-04-11,5.0830535888671875,31.163028717041016,1.2879915237426758,2.9213855266571045,3.4914443492889404,7.2701802253723145,13.122163772583008,5.283125400543213,13.832679748535156,11.61124324798584
2019-04-12,4.978662014007568,31.006031036376953,1.2707030773162842,2.9276070594787598,3.4674365520477295,6.958014488220215,12.857831001281738,5.162858963012695,13.588459014892578,11.592977523803711
2019-04-15,4.9465413093566895,30.829421997070312,1.2447702884674072,2.8622732162475586,3.4331390857696533,6.94158411026001,12.961676597595215,5.0597734451293945,13.617765426635742,11.27027416229248
2019-04-16,5.058963298797607,31.064910888671875,1.2879915237426758,2.868495464324951,3.4399988651275635,7.05659294128418,13.05608081817627,5.137087821960449,14.037825584411621,11.02672290802002
2019-04-17,5.251685619354248,31.6143856048584,1.2966357469558716,2.8747177124023438,3.5668981075286865,7.146956443786621,13.15048599243164,5.111315727233887,14.04759407043457,11.081522941589355
2019-04-18,5.06699275970459,31.477018356323242,1.2707030773162842,2.87782883644104,3.6252033710479736,6.966228485107422,12.94279670715332,5.0425920486450195,13.998750686645508,11.197208404541016
2019-04-19,5.018812656402588,31.65363121032715,1.2707030773162842,2.887162446975708,3.6046247482299805,6.93336820602417,12.961676597595215,5.1284966468811035,13.842449188232422,11.111967086791992
2019-04-22,4.914421558380127,32.06573486328125,1.2707030773162842,2.87782883644104,3.5874762535095215,6.818361759185791,12.923914909362793,5.085545539855957,13.627534866333008,11.111967086791992
2019-04-23,4.914421558380127,32.06573486328125,1.2707030773162842,2.87782883644104,3.5874762535095215,6.818361759185791,12.923914909362793,5.085545539855957,13.627534866333008,11.111967086791992
2019-04-24,5.107143878936768,31.339649200439453,1.2793471813201904,2.828050136566162,3.601194381713867,6.974443435668945,12.923914909362793,5.085545539855957,13.72522258758545,11.020634651184082
2019-04-25,4.922451972961426,31.143396377563477,1.2707030773162842,2.737826347351074,3.5120227336883545,6.678708076477051,12.640704154968262,4.939507484436035,13.422388076782227,10.3447847366333
2019-04-26,4.970632553100586,31.908737182617188,1.2879915237426758,2.725382089614868,3.6149139404296875,6.7115678787231445,12.791749000549316,4.939507484436035,13.617765426635742,10.18647575378418
2019-04-29,4.866240501403809,32.22272872924805,1.2793471813201904,2.815605401992798,3.7178046703338623,6.539054870605469,12.772869110107422,5.162858963012695,13.881524085998535,10.460471153259277
2019-04-30,4.922451972961426,32.77220153808594,1.2966357469558716,2.856050968170166,3.6183435916900635,6.744426727294922,12.97111701965332,5.205811500549316,13.979212760925293,10.947569847106934
2019-05-01,4.922451972961426,32.77220153808594,1.2966357469558716,2.856050968170166,3.6183435916900635,6.744426727294922,12.97111701965332,5.205811500549316,13.979212760925293,10.947569847106934
2019-05-02,4.818060398101807,31.49663734436035,1.2707030773162842,2.806272268295288,3.6217734813690186,6.5801286697387695,12.772869110107422,5.102725982666016,13.72522258758545,11.325071334838867
2019-05-03,4.81002950668335,31.163028717041016,1.2793471813201904,2.806272268295288,3.7418134212493896,6.686923503875732,12.744546890258789,5.188630104064941,13.598227500915527,11.404228210449219
2019-05-06,4.761849403381348,31.064910888671875,1.2447702884674072,2.7627158164978027,3.7109453678131104,6.588344573974609,12.404694557189941,5.154268741607666,13.461463928222656,11.318984031677246
2019-05-07,4.689578533172607,30.79016876220703,1.2361259460449219,2.775160312652588,3.6526405811309814,6.382972240447998,12.130922317504883,5.068364143371582,13.207474708557129,10.80752944946289
2019-05-08,4.665488243103027,30.79016876220703,1.2274816036224365,2.749396324157715,3.6114838123321533,6.366541862487793,12.253645896911621,5.0597734451293945,12.660418510437012,10.697931289672852
2019-05-09,4.553066253662109,30.731304168701172,1.184260606765747,2.712590456008911,3.5257413387298584,6.2433180809021,11.847709655761719,4.973868370056152,12.181745529174805,10.673578262329102
2019-05-10,4.5289764404296875,30.633174896240234,1.166972041130066,2.7788407802581787,3.5428900718688965,6.202244281768799,11.800506591796875,4.939507484436035,11.849605560302734,10.387404441833496
2019-05-13,4.400494575500488,28.651145935058594,1.0718854665756226,2.723632335662842,3.4777257442474365,5.939367294311523,11.196320533752441,4.707564830780029,12.025444984436035,10.174298286437988
2019-05-14,4.577157020568848,29.2398681640625,1.0632412433624268,2.8082854747772217,3.508592367172241,6.300822734832764,11.271843910217285,4.7934699058532715,12.220821380615234,10.095145225524902
2019-05-15,4.633368015289307,28.98475456237793,1.0373085737228394,2.7825214862823486,3.5737576484680176,6.267963409423828,11.328487396240234,4.638841152191162,11.83006763458252,10.16212272644043
2019-05-16,4.641397953033447,28.611900329589844,1.0200200080871582,2.8119661808013916,3.484584331512451,6.235103607177734,11.290724754333496,4.578708171844482,11.957062721252441,9.949016571044922
2019-05-17,4.641397953033447,28.00355339050293,1.0027315616607666,2.742035150527954,3.4297096729278564,6.284392833709717,11.177440643310547,4.552937030792236,11.742148399353027,9.979459762573242
2019-05-20,4.617307186126709,28.88663101196289,1.0027315616607666,2.749396324157715,3.4983036518096924,6.1529541015625,11.205760955810547,4.578708171844482,11.810529708862305,9.869860649108887
2019-05-21,4.5289764404296875,28.43528175354004,0.985443115234375,2.6794652938842773,3.4708659648895264,5.9968719482421875,11.035834312438965,4.467031955718994,11.429544448852539,9.821151733398438
2019-05-22,4.432615280151367,28.45490837097168,0.950866162776947,2.6168951988220215,3.3871817588806152,5.82435941696167,10.695979118347168,4.278043270111084,11.04856014251709,9.419294357299805
2019-05-23,4.464735507965088,29.2398681640625,0.9422219395637512,2.6721041202545166,3.362487316131592,5.890078067779541,10.70542049407959,4.286632537841797,11.537002563476562,9.285341262817383
2019-05-24,4.609277725219727,28.965129852294922,0.9422219395637512,2.686826229095459,3.5051629543304443,6.1775994300842285,11.016953468322754,4.36394739151001,11.683534622192383,9.504535675048828
2019-05-27,4.520946502685547,28.847393035888672,0.950866162776947,2.631617546081543,3.5737576484680176,6.0790205001831055,11.130237579345703,4.36394739151001,11.56630802154541,9.559335708618164
2019-05-28,4.617307186126709,29.710845947265625,0.9595103859901428,2.6537013053894043,3.6423513889312744,6.226889133453369,11.120798110961914,4.5357561111450195,11.83006763458252,9.851595878601074
2019-05-29,4.601247787475586,30.10332679748535,0.9335776567459106,2.657381534576416,3.6492111682891846,6.144739627838135,11.347368240356445,4.4240803718566895,11.878911972045898,9.821151733398438
2019-05-30,4.745789527893066,31.221904754638672,0.9681546688079834,2.6978678703308105,3.7315239906311035,6.481550216674805,11.715543746948242,4.587299346923828,12.113363265991211,10.0159912109375
2019-05-31,4.7859392166137695,31.221904754638672,0.9969505071640015,2.6684234142303467,3.7692501544952393,6.506195545196533,12.140360832214355,4.603096008300781,12.19151496887207,10.253453254699707
2019-06-03,4.7698798179626465,31.398521423339844,0.9880492091178894,2.6831459999084473,3.7246649265289307,6.497979640960693,12.263086318969727,4.523119926452637,12.15243911743164,10.119501113891602
2019-06-04,4.7698798179626465,31.398521423339844,0.9880492091178894,2.6831459999084473,3.7246649265289307,6.497979640960693,12.263086318969727,4.523119926452637,12.15243911743164,10.119501113891602
2019-06-05,4.7698798179626465,31.398521423339844,0.9880492091178894,2.6831459999084473,3.7246649265289307,6.497979640960693,12.263086318969727,4.523119926452637,12.15243911743164,10.119501113891602
2019-06-06,4.7698798179626465,31.398521423339844,0.9880492091178894,2.6831459999084473,3.7246649265289307,6.497979640960693,12.263086318969727,4.523119926452637,12.15243911743164,10.119501113891602
2019-06-07,5.0991129875183105,32.085357666015625,1.0058518648147583,2.745715856552124,3.9064393043518066,6.8758649826049805,12.404694557189941,4.709732532501221,12.709263801574707,10.637042999267578
2019-06-10,5.163354396820068,31.555511474609375,1.0325558185577393,2.8119661808013916,3.9167280197143555,6.859435558319092,12.536859512329102,4.727504253387451,12.943716049194336,10.71619701385498
2019-06-11,5.171384334564209,31.006031036376953,1.0414572954177856,2.8377304077148438,3.8652827739715576,6.777286052703857,12.357491493225098,4.674186706542969,12.631113052368164,10.752731323242188
2019-06-12,5.050932884216309,31.30494499206543,1.0414572954177856,2.80460524559021,3.8927202224731445,6.7115678787231445,12.31028938293457,4.647527694702148,12.650650024414062,10.7953519821167
2019-06-13,4.906391620635986,30.966182708740234,0.9969505071640015,2.7604382038116455,3.8447048664093018,6.514410018920898,11.894911766052246,4.478688716888428,12.37712287902832,10.411760330200195
2019-06-14,4.890331268310547,31.44442367553711,0.9880492091178894,2.708909749984741,3.9338772296905518,6.481550216674805,11.951554298400879,4.487574577331543,12.416197776794434,10.539624214172363
2019-06-17,5.002752304077148,31.623764038085938,1.0058518648147583,2.7015485763549805,3.9784631729125977,6.719782829284668,12.234766006469727,4.5675506591796875,12.728800773620605,10.7953519821167
2019-06-18,5.123203754425049,32.022300720214844,1.023654580116272,2.742035150527954,4.047057151794434,6.843005657196045,12.527419090270996,4.585323810577393,12.904640197753906,11.154586791992188
2019-06-19,5.283805847167969,31.922677993774414,1.0414572954177856,2.7273128032684326,4.146518707275391,6.999088287353516,12.489655494689941,4.5586652755737305,12.660418510437012,11.385960578918457
2019-06-20,5.356076717376709,31.344799041748047,1.0325558185577393,2.7641189098358154,4.057346343994141,7.097667694091797,12.508537292480469,4.505347728729248,12.719032287597656,11.367693901062012
2019-06-21,5.404257297515869,31.145524978637695,1.023654580116272,2.775160312652588,4.112221717834473,6.999088287353516,12.376372337341309,4.53200626373291,12.504117965698242,11.28853988647461
2019-06-24,5.556829452514648,30.74698829650879,1.023654580116272,2.800924301147461,4.108791351318359,7.344113826751709,12.51797866821289,4.523119926452637,12.592037200927734,11.477291107177734
2019-06-25,5.508648872375488,30.24881935119629,1.023654580116272,2.826688766479492,4.170526504516602,7.385189056396484,12.735108375549316,4.5675506591796875,12.455273628234863,11.82435131072998
2019-06-26,5.404257297515869,30.189043045043945,1.0147532224655151,2.8230080604553223,4.143089294433594,7.319469451904297,12.753988265991211,4.53200626373291,12.19151496887207,11.909592628479004
2019-06-27,5.372137069702148,30.76690673828125,1.0147532224655151,2.8782167434692383,4.201395034790039,7.335899829864502,12.829511642456055,4.665300369262695,12.33804702758789,11.99483585357666
2019-06-28,5.468498706817627,31.922677993774414,1.0147532224655151,2.88925838470459,4.2665581703186035,7.475552558898926,12.763428688049316,4.647527694702148,12.592037200927734,11.793906211853027
2019-07-01,5.853943347930908,33.19798278808594,1.0681613683700562,2.9260642528533936,4.197964191436768,8.034164428710938,13.509221076965332,4.674186706542969,12.865564346313477,11.848705291748047
2019-07-02,5.8378825187683105,34.09468460083008,1.0859639644622803,2.8929390907287598,4.197964191436768,8.067025184631348,13.4525785446167,4.674186706542969,13.178167343139648,11.842617988586426
2019-07-03,5.75758171081543,34.27402877807617,1.094865322113037,2.8671751022338867,4.239120960235596,8.0505952835083,13.310972213745117,4.576436996459961,12.89487075805664,12.147054672241211
2019-07-04,5.741521835327148,34.67256164550781,1.0859639644622803,2.8708555698394775,4.163668155670166,8.140958786010742,13.735791206359863,4.594210147857666,13.109785079956055,11.933947563171387
2019-07-05,6.030605316162109,34.293949127197266,1.0681613683700562,2.7935633659362793,4.091644287109375,8.305256843566895,13.631946563720703,4.514233112335205,13.031635284423828,11.617331504821777
2019-07-08,6.022575378417969,34.07476043701172,1.103766679763794,2.7825214862823486,4.136229515075684,8.165602684020996,13.462018013000488,4.389824867248535,12.621343612670898,11.854793548583984
2019-07-09,5.91818380355835,34.971458435058594,1.0325558185577393,2.686826229095459,4.146518707275391,7.845222473144531,13.103283882141113,4.229872226715088,11.976600646972656,11.696486473083496
2019-07-10,6.06272554397583,35.051170349121094,1.0592600107192993,2.6537013053894043,4.1670966148376465,8.058810234069824,13.320411682128906,4.265417098999023,12.074288368225098,11.434669494628906
2019-07-11,5.99045467376709,35.82830810546875,1.0592600107192993,2.742035150527954,4.204823970794678,7.919157028198242,13.490339279174805,4.247644901275635,11.996136665344238,11.489469528198242
2019-07-12,5.853943347930908,34.87183380126953,1.0325558185577393,2.661062240600586,4.098503112792969,7.615205764770508,12.923914909362793,4.194326877593994,11.663996696472168,11.154586791992188
2019-07-15,5.853943347930908,34.87183380126953,1.0325558185577393,2.661062240600586,4.098503112792969,7.615205764770508,12.923914909362793,4.194326877593994,11.663996696472168,11.154586791992188
2019-07-16,5.773642063140869,35.15079879760742,1.050358533859253,2.7273128032684326,4.160236835479736,7.483766555786133,13.084402084350586,4.345393657684326,12.113363265991211,11.459025382995605
2019-07-17,5.934244155883789,35.70875549316406,1.0681613683700562,2.7273128032684326,4.290566921234131,7.812363147735596,13.490339279174805,4.40759801864624,12.416197776794434,11.848705291748047
2019-07-18,6.078786373138428,36.30655288696289,1.0859639644622803,2.7567574977874756,4.331722736358643,7.9848761558532715,13.613065719604492,4.487574577331543,12.758108139038086,12.147054672241211
2019-07-19,6.054695129394531,36.446041107177734,1.094865322113037,2.852452516555786,4.280277729034424,7.894510746002197,14.151166915893555,4.549777984619141,12.660418510437012,12.171408653259277
2019-07-22,6.038634777069092,36.485897064208984,1.130470633506775,2.8193273544311523,4.273417949676514,7.837007522583008,14.160608291625977,4.469801902770996,12.455273628234863,12.177496910095215
2019-07-23,6.1831769943237305,36.864505767822266,1.130470633506775,2.8230080604553223,4.290566921234131,8.083455085754395,14.396618843078613,4.443142890930176,12.748339653015137,12.33580493927002
2019-07-24,6.13499641418457,37.7811393737793,1.1482733488082886,2.8450913429260254,4.352300643920898,8.116314888000488,14.52878475189209,4.523119926452637,12.650650024414062,12.250563621520996
2019-07-25,6.022575378417969,36.66523742675781,1.1215693950653076,2.8230080604553223,4.328293323516846,7.952016830444336,14.727032661437988,4.469801902770996,12.357583999633789,12.189675331115723
2019-07-26,6.078786373138428,37.11159133911133,1.130470633506775,2.834049940109253,4.287136554718018,8.067025184631348,15.463384628295898,4.478688716888428,12.465042114257812,12.262739181518555
2019-07-29,6.1831769943237305,36.84059524536133,1.1393718719482422,2.8193273544311523,4.2322611808776855,8.083455085754395,15.897642135620117,4.469801902770996,12.474811553955078,12.116608619689941
2019-07-30,6.070755958557129,37.41448211669922,1.1126679182052612,2.767798900604248,4.225401878356934,8.009520530700684,15.992048263549805,4.40759801864624,12.445504188537598,12.000923156738281
2019-07-31,6.06272554397583,37.46231460571289,1.094865322113037,2.723632335662842,4.187675476074219,8.083455085754395,15.897642135620117,4.363166332244873,12.181745529174805,11.988746643066406
2019-08-01,5.99045467376709,37.28695297241211,1.103766679763794,2.7015485763549805,4.1568074226379395,7.9438018798828125,15.850442886352539,4.389824867248535,12.132902145385742,11.982658386230469
2019-08-02,5.845913410186768,37.3188362121582,1.0859639644622803,2.6537013053894043,4.029908180236816,7.869866371154785,16.05813217163086,4.274303913116455,12.025444984436035,11.446846961975098
2019-08-05,5.829853057861328,36.58552932739258,1.094865322113037,2.6095340251922607,4.0161895751953125,7.878081798553467,15.727717399597168,4.114350318908691,12.20128345489502,11.318984031677246
2019-08-06,5.96636438369751,36.74494171142578,1.103766679763794,2.6095340251922607,4.019619941711426,8.00130558013916,15.803237915039062,4.078805446624756,12.093826293945312,11.53209114074707
2019-08-07,5.934244155883789,37.30289077758789,1.0592600107192993,2.4770331382751465,3.9064393043518066,8.075240135192871,16.228055953979492,3.8744208812713623,11.722610473632812,11.459025382995605
2019-08-08,6.038634777069092,38.19561004638672,1.0592600107192993,2.488074779510498,3.9441657066345215,7.935586929321289,17.172100067138672,3.8388750553131104,11.761686325073242,11.446846961975098
2019-08-09,6.11090612411499,38.27532196044922,1.0681613683700562,2.4807136058807373,3.9475958347320557,8.02595043182373,17.21929931640625,3.8388750553131104,11.869142532348633,11.459025382995605
2019-08-12,6.11090612411499,38.27532196044922,1.0681613683700562,2.4807136058807373,3.9475958347320557,8.02595043182373,17.21929931640625,3.8388750553131104,11.869142532348633,11.459025382995605
2019-08-13,6.11090612411499,38.27532196044922,1.0681613683700562,2.4807136058807373,3.9475958347320557,8.02595043182373,17.21929931640625,3.8388750553131104,11.869142532348633,11.459025382995605
2019-08-14,6.11090612411499,38.27532196044922,1.0681613683700562,2.4807136058807373,3.9475958347320557,8.02595043182373,17.21929931640625,3.8388750553131104,11.869142532348633,11.459025382995605
2019-08-15,5.7656121253967285,39.43903732299805,1.050358533859253,2.351893186569214,3.9990413188934326,7.64806604385376,16.80392074584961,3.7588984966278076,11.507696151733398,11.489469528198242
2019-08-16,5.588950157165527,40.0129280090332,1.0414572954177856,2.289323091506958,4.1568074226379395,7.335899829864502,17.464752197265625,3.678922653198242,11.156017303466797,11.489469528198242
2019-08-19,5.468498706817627,39.51875686645508,1.023654580116272,2.263559341430664,4.098503112792969,7.188031196594238,17.662996292114258,3.7144675254821777,10.931333541870117,11.18503189086914
2019-08-20,5.492588520050049,39.199920654296875,1.0325558185577393,2.2966842651367188,4.033339023590088,7.2783942222595215,17.681880950927734,3.7588984966278076,10.950872421264648,11.166764259338379
2019-08-21,5.468498706817627,38.75355911254883,1.023654580116272,2.259878635406494,4.012760162353516,7.245535373687744,17.14377784729004,3.7322397232055664,10.872720718383789,10.722286224365234
2019-08-22,5.420317649841309,38.65790557861328,1.0058518648147583,2.2856428623199463,3.9373056888580322,7.171600818634033,17.39866828918457,3.6878087520599365,10.989947319030762,10.661399841308594
2019-08-23,5.605010032653809,39.646278381347656,1.0414572954177856,2.355573892593384,4.057346343994141,7.44269323348999,17.55915641784668,3.785557985305786,10.941102027893066,10.88668155670166
2019-08-26,5.54879903793335,38.89703369140625,1.050358533859253,2.3702962398529053,4.005901336669922,7.393404006958008,17.190977096557617,3.8744208812713623,11.312318801879883,10.679665565490723
2019-08-27,5.516678810119629,37.382598876953125,1.0414572954177856,2.351893186569214,4.060776233673096,7.311254501342773,17.21929931640625,3.8388750553131104,11.292781829833984,10.80752944946289
2019-08-28,5.532739162445068,37.55794906616211,1.0414572954177856,2.3371708393096924,3.9921822547912598,7.261964797973633,17.257062911987305,3.8122167587280273,11.08763599395752,10.734463691711426
2019-08-29,5.540769577026367,37.39853286743164,1.050358533859253,2.355573892593384,4.0230488777160645,7.319469451904297,17.41754913330078,3.847762107849121,11.03879165649414,10.691843032836914
2019-08-30,5.540769577026367,37.39853286743164,1.050358533859253,2.355573892593384,4.0230488777160645,7.319469451904297,17.41754913330078,3.847762107849121,11.03879165649414,10.691843032836914
2019-09-02,5.7656121253967285,37.17536163330078,1.0770626068115234,2.373976469039917,4.057346343994141,7.5823445320129395,17.606355667114258,3.918851613998413,11.263474464416504,10.837972640991211
2019-09-03,5.845913410186768,36.34640884399414,1.0770626068115234,2.3886988162994385,4.143089294433594,7.67271089553833,18.125579833984375,3.918851613998413,11.253705978393555,10.953659057617188
2019-09-04,5.861973762512207,36.952178955078125,1.1215693950653076,2.3923795223236084,4.101932525634766,7.746644496917725,18.82417106628418,3.954397201538086,11.204862594604492,11.233742713928223
2019-09-05,5.853943347930908,37.74925231933594,1.094865322113037,2.4475882053375244,4.08135461807251,7.738429546356201,19.654926300048828,3.9632833003997803,11.624920845031738,11.70257568359375
2019-09-06,5.725461006164551,38.020263671875,1.0859639644622803,2.429185628890991,4.012760162353516,7.549485683441162,19.29619026184082,3.954397201538086,11.41000747680664,11.58080005645752
2019-09-09,5.87803316116333,38.49848937988281,1.130470633506775,2.51383900642395,4.033339023590088,7.77950382232666,19.107379913330078,4.052146911621094,11.56630802154541,11.659953117370605
2019-09-10,5.886063098907471,38.62602996826172,1.1660759449005127,2.5359222888946533,4.064206123352051,7.77950382232666,18.540956497192383,4.043260097503662,11.888680458068848,11.787818908691406
2019-09-11,5.934244155883789,38.689796447753906,1.1571747064590454,2.543283700942993,4.149949073791504,7.878081798553467,19.126262664794922,4.087690830230713,11.917986869812012,11.897415161132812
2019-09-12,6.070755958557129,38.418792724609375,1.1482733488082886,2.5948116779327393,4.098503112792969,7.9438018798828125,19.088499069213867,4.043260097503662,11.722610473632812,11.854793548583984
2019-09-13,6.151056289672852,38.65790557861328,1.1571747064590454,2.60585355758667,4.163668155670166,7.927371978759766,19.05074119567871,4.078805446624756,12.064520835876465,11.64777660369873
2019-09-16,6.022575378417969,39.359336853027344,1.1571747064590454,2.5653672218322754,4.235691070556641,7.787717819213867,18.956335067749023,4.043260097503662,11.576078414916992,11.799994468688965
2019-09-17,5.99045467376709,39.08833312988281,1.1482733488082886,2.580089569091797,4.139659404754639,7.763073921203613,18.691999435424805,3.9899418354034424,11.576078414916992,11.690398216247559
2019-09-18,6.102876663208008,39.056453704833984,1.1660759449005127,2.6132147312164307,4.095073223114014,7.77950382232666,19.33395004272461,4.0166015625,11.488158226013184,11.641688346862793
2019-09-19,5.94227409362793,39.056453704833984,1.1571747064590454,2.546964168548584,3.9784631729125977,7.64806604385376,19.220666885375977,3.927739143371582,11.204862594604492,11.592977523803711
2019-09-20,5.90212345123291,38.92891311645508,1.1749775409698486,2.4991166591644287,3.985323190689087,7.639851093292236,19.01297378540039,4.007714748382568,11.136479377746582,11.239830017089844
2019-09-23,5.910153865814209,39.37527847290039,1.1660759449005127,2.4107825756073,3.9510247707366943,7.656280040740967,19.01297378540039,3.972170352935791,11.136479377746582,11.331162452697754
2019-09-24,6.094846248626709,39.168033599853516,1.20168137550354,2.458630084991455,4.033339023590088,7.9438018798828125,19.541641235351562,4.061032772064209,11.38070011138916,11.459025382995605
2019-09-25,6.167116641998291,39.423095703125,1.228385329246521,2.465991258621216,4.0676350593566895,8.017735481262207,19.126262664794922,4.149895668029785,11.468620300292969,11.495556831359863
2019-09-26,6.167116641998291,38.94486618041992,1.228385329246521,2.436546802520752,4.084784030914307,7.894510746002197,18.937454223632812,4.087690830230713,11.312318801879883,11.946125984191895
2019-09-27,6.632862567901611,39.423095703125,1.2550894021987915,2.5101585388183594,4.153378009796143,8.4941987991333,19.05074119567871,4.114350318908691,11.83006763458252,11.976568222045898
2019-09-30,6.52847146987915,39.21586608886719,1.2372866868972778,2.5285611152648926,4.057346343994141,8.395621299743652,19.61716079711914,4.149895668029785,12.113363265991211,12.287095069885254
2019-10-01,6.3919596672058105,39.40715789794922,1.2105828523635864,2.5064778327941895,4.060776233673096,8.223108291625977,19.428356170654297,4.034373760223389,11.517464637756348,12.48193359375
2019-10-02,6.327719211578369,39.470924377441406,1.20168137550354,2.4696719646453857,4.071065425872803,8.149173736572266,19.447237014770508,4.025487899780273,11.576078414916992,13.334359169006348
2019-10-03,6.247418403625488,39.18397903442383,1.1749775409698486,2.440227508544922,4.101932525634766,8.075240135192871,19.673803329467773,3.9899418354034424,11.478388786315918,13.06645393371582
2019-10-04,6.319688320159912,39.00862503051758,1.1660759449005127,2.454949378967285,4.084784030914307,8.198461532592773,20.240232467651367,3.9455108642578125,11.59561538696289,13.407424926757812
2019-10-07,6.215297222137451,38.24343490600586,1.183878779411316,2.440227508544922,4.143089294433594,8.0505952835083,19.768211364746094,3.927739143371582,11.722610473632812,13.748394012451172
2019-10-08,6.231357574462891,38.339088439941406,1.1749775409698486,2.432866096496582,4.184245586395264,7.910940647125244,19.428356170654297,3.847762107849121,11.59561538696289,13.577909469604492
2019-10-09,5.99045467376709,38.17967224121094,1.130470633506775,2.4218242168426514,4.1156511306762695,7.697355270385742,18.956335067749023,3.741126537322998,11.400238990783691,13.370891571044922
2019-10-10,5.8378825187683105,38.38691329956055,1.1215693950653076,2.465991258621216,4.047057151794434,7.631635665893555,18.493755340576172,3.7233541011810303,11.331856727600098,13.15169620513916
2019-10-11,5.80576229095459,38.0521354675293,1.130470633506775,2.5396029949188232,4.074494361877441,7.631635665893555,18.569278717041016,3.785557985305786,11.370931625366211,13.017745018005371
2019-10-14,5.32395601272583,38.084014892578125,1.0770626068115234,2.458630084991455,4.057346343994141,6.8758649826049805,17.21929931640625,3.5545144081115723,10.648037910461426,12.530644416809082
2019-10-15,5.404257297515869,37.972434997558594,1.0681613683700562,2.462310552597046,4.163668155670166,7.073022842407227,17.993412017822266,3.7322397232055664,10.775032997131348,12.835082054138184
2019-10-16,5.356076717376709,36.74494171142578,1.0147532224655151,2.462310552597046,4.077924728393555,6.9826579093933105,17.927330017089844,3.6878087520599365,10.45266056060791,12.89596939086914
2019-10-17,5.524709224700928,37.25507354736328,1.0147532224655151,2.4218242168426514,4.160236835479736,7.138741493225098,18.153900146484375,3.7500123977661133,10.843415260314941,12.969034194946289
2019-10-18,5.829853057861328,37.74925231933594,1.0770626068115234,2.432866096496582,4.197964191436768,7.606989860534668,19.145143508911133,3.9010796546936035,11.27324390411377,12.981212615966797
2019-10-21,5.677280902862549,38.163734436035156,1.0770626068115234,2.3960602283477783,4.146518707275391,7.483766555786133,18.758085250854492,4.0166015625,11.204862594604492,13.00556755065918
2019-10-22,5.6853108406066895,37.860843658447266,1.0770626068115234,2.377657175064087,4.129370212554932,7.64806604385376,18.767528533935547,3.972170352935791,11.292781829833984,12.871614456176758
2019-10-23,5.78167200088501,37.76519775390625,1.103766679763794,2.429185628890991,4.194533824920654,7.894510746002197,19.107379913330078,3.9899418354034424,11.624920845031738,13.285650253295898
2019-10-24,5.78167200088501,38.30719757080078,1.103766679763794,2.4218242168426514,4.424324989318848,7.976661205291748,19.447237014770508,3.972170352935791,11.556539535522461,13.310005187988281
2019-10-25,5.741521835327148,38.27532196044922,1.103766679763794,2.4255049228668213,4.4517621994018555,7.837007522583008,19.3150691986084,3.9632833003997803,11.63469123840332,13.370891571044922
2019-10-28,5.701371192932129,37.55794906616211,1.0859639644622803,2.403421401977539,4.383169651031494,7.77950382232666,19.258426666259766,3.998828411102295,11.56630802154541,13.395247459411621
2019-10-30,5.58091926574707,37.510128021240234,1.0681613683700562,2.429185628890991,4.444903373718262,7.5987749099731445,19.05074119567871,3.8833065032958984,11.370931625366211,13.395247459411621
2019-10-31,5.556829452514648,37.7811393737793,1.0681613683700562,2.4181437492370605,4.444903373718262,7.55770206451416,19.277307510375977,3.8655343055725098,11.351393699645996,13.687506675720215
2019-11-01,5.564858913421631,37.510128021240234,1.0592600107192993,2.3886988162994385,4.4517621994018555,7.606989860534668,20.126943588256836,3.8566482067108154,11.312318801879883,13.383069038391113
2019-11-04,5.6853108406066895,38.03619384765625,1.094865322113037,2.462310552597046,4.606100559234619,7.77950382232666,20.561206817626953,3.9455108642578125,11.546771049499512,14.02847671508789
2019-11-05,5.661220550537109,37.972434997558594,1.094865322113037,2.5322418212890625,4.630107879638672,7.754858493804932,20.485679626464844,3.9632833003997803,11.59561538696289,14.527753829956055
2019-11-06,5.741521835327148,37.82895278930664,1.103766679763794,2.550644874572754,4.684983253479004,7.804149150848389,20.126943588256836,4.043260097503662,11.673765182495117,14.588641166687012
2019-11-07,5.894093036651611,38.92891311645508,1.1482733488082886,2.661062240600586,4.80159330368042,7.9930901527404785,20.334636688232422,4.087690830230713,12.357583999633789,14.7713041305542
2019-11-08,5.90212345123291,38.163734436035156,1.1215693950653076,2.6684234142303467,4.657546043395996,8.042380332946777,20.032541275024414,3.9632833003997803,12.494348526000977,14.576465606689453
2019-11-11,5.894093036651611,36.69711685180664,1.130470633506775,2.6721041202545166,4.53407621383667,8.034164428710938,20.032541275024414,3.954397201538086,12.670187950134277,14.552108764648438
2019-11-12,6.006514549255371,36.01164245605469,1.1482733488082886,2.708909749984741,4.506638526916504,8.075240135192871,20.37239646911621,3.93662428855896,13.031635284423828,14.49122142791748
2019-11-13,6.143026828765869,36.553646087646484,1.1660759449005127,2.6941874027252197,4.530645847320557,8.157387733459473,21.316436767578125,4.052146911621094,13.422388076782227,14.625174522399902
2019-11-14,6.046665191650391,35.70875549316406,1.1393718719482422,2.6537013053894043,4.582091808319092,8.02595043182373,21.01434326171875,3.9810566902160645,13.275856018066406,14.515578269958496
2019-11-15,6.159087181091309,36.66523742675781,1.1749775409698486,2.7052292823791504,4.643826484680176,8.165602684020996,22.09054946899414,3.954397201538086,13.363775253295898,14.856546401977539
2019-11-18,6.247418403625488,37.004425048828125,1.2194840908050537,2.771479606628418,4.660975456237793,8.346331596374512,23.053470611572266,4.132123947143555,13.901061058044434,15.087920188903809
2019-11-19,6.247418403625488,36.9398193359375,1.2817935943603516,2.797244071960449,4.622345924377441,8.412050247192383,23.393325805664062,4.203213691711426,13.803374290466309,15.002676010131836
2019-11-20,6.231357574462891,36.68138885498047,1.2906947135925293,2.7604382038116455,4.563129425048828,8.354546546936035,23.015708923339844,4.123236656188965,13.637303352355957,14.734772682189941
2019-11-21,6.247418403625488,36.40679931640625,1.3173989057540894,2.749396324157715,4.531778812408447,8.370975494384766,23.468849182128906,4.203213691711426,13.441926956176758,14.746949195861816
2019-11-22,6.2634782791137695,36.277587890625,1.2995961904525757,2.800924301147461,4.528295516967773,8.346331596374512,21.543004989624023,4.194326877593994,13.324700355529785,14.844368934631348
2019-11-25,6.17514705657959,36.180667877197266,1.2995961904525757,2.834049940109253,4.503912925720215,8.165602684020996,20.919939041137695,4.203213691711426,13.139092445373535,14.893077850341797
2019-11-26,6.2634782791137695,35.77687072753906,1.3173989057540894,2.915022611618042,4.427280426025391,8.239538192749023,21.561887741088867,4.300962924957275,13.412619590759277,14.795659065246582
2019-11-27,6.215297222137451,36.61677932739258,1.3084975481033325,2.8745360374450684,4.395930767059326,8.223108291625977,20.693370819091797,4.327620983123779,13.266087532043457,14.673884391784668
2019-11-28,6.279538154602051,37.602054595947266,1.3173989057540894,2.8929390907287598,4.409863471984863,8.264182090759277,20.750011444091797,4.434256553649902,13.481001853942871,14.734772682189941
2019-11-29,6.22332763671875,37.004425048828125,1.2995961904525757,2.9628701210021973,4.423797607421875,8.255967140197754,20.95770263671875,4.443142890930176,13.334468841552734,14.844368934631348
2019-12-02,6.2393879890441895,37.31132507324219,1.3173989057540894,3.0364816188812256,4.462113857269287,8.338115692138672,21.184268951416016,4.505347728729248,13.578689575195312,14.893077850341797
2019-12-03,6.167116641998291,36.8429069519043,1.3173989057540894,2.9628701210021973,4.402897357940674,8.165602684020996,21.052104949951172,4.505347728729248,13.295392990112305,14.880902290344238
2019-12-04,6.1831769943237305,36.60062026977539,1.3173989057540894,3.0070371627807617,4.395930767059326,8.370975494384766,21.29755401611328,4.505347728729248,13.422388076782227,14.856546401977539
2019-12-05,6.2393879890441895,36.64908218383789,1.326300024986267,2.9923150539398193,4.6049299240112305,8.4941987991333,21.731815338134766,4.585323810577393,13.471232414245605,15.35582447052002
2019-12-06,6.231357574462891,36.358341217041016,1.3084975481033325,3.003356695175171,4.5143632888793945,8.510627746582031,21.996143341064453,4.549777984619141,13.393082618713379,15.173162460327148
2019-12-09,6.17514705657959,36.358341217041016,1.3530040979385376,3.0659265518188477,4.479529857635498,8.47776985168457,22.07166862487793,4.514233112335205,13.461463928222656,15.10009479522705
2019-12-10,6.191207408905029,35.986846923828125,1.3530040979385376,3.0659265518188477,4.455146789550781,8.518843650817871,21.505245208740234,4.469801902770996,13.383313179016113,15.282760620117188
2019-12-11,6.143026828765869,35.93795394897461,1.326300024986267,3.0475234985351562,4.455146789550781,8.4941987991333,21.580766677856445,4.452029228210449,13.295392990112305,15.10009479522705
2019-12-12,6.335748672485352,36.88325881958008,1.3441028594970703,3.1800243854522705,4.556162357330322,8.69135570526123,21.996143341064453,4.5675506591796875,13.72522258758545,15.307113647460938
2019-12-13,6.4240803718566895,36.67137908935547,1.335201621055603,3.172663688659668,4.685044765472412,9.003521919250488,22.95906639099121,4.460915565490723,13.500539779663086,15.234048843383789
2019-12-16,6.560591697692871,36.6061897277832,1.3441028594970703,3.1800243854522705,4.799993515014648,8.978878021240234,22.864662170410156,4.523119926452637,13.666608810424805,15.53848648071289
2019-12-17,6.616802215576172,36.7039794921875,1.3441028594970703,3.1837048530578613,4.6571784019470215,8.94601821899414,22.770259857177734,4.540892124176025,13.578689575195312,15.73332691192627
2019-12-18,6.536501884460449,37.192928314208984,1.2995961904525757,3.143218755722046,4.622345924377441,8.831008911132812,22.751379013061523,4.540892124176025,13.422388076782227,16.12300682067871
2019-12-19,6.512410640716553,37.225528717041016,1.2817935943603516,3.1579411029815674,4.667628765106201,8.847439765930176,22.713613510131836,4.594210147857666,13.451695442199707,16.183895111083984
2019-12-20,6.536501884460449,37.372215270996094,1.2728919982910156,3.220510959625244,4.688528060913086,8.888513565063477,22.46816635131836,4.656413555145264,13.451695442199707,16.19607162475586
2019-12-23,6.560591697692871,37.437400817871094,1.2728919982910156,3.235233783721924,4.716394901275635,8.929588317871094,22.619213104248047,4.674186706542969,13.451695442199707,16.23260498046875
2019-12-24,6.600742340087891,37.94265365600586,1.2906947135925293,3.2425947189331055,4.737295627593994,9.052812576293945,22.996828079223633,4.727504253387451,13.666608810424805,16.12300682067871
2019-12-25,6.608771800994873,38.08934020996094,1.2906947135925293,3.227872610092163,4.754711151123047,9.036382675170898,23.223398208618164,4.780821323394775,13.666608810424805,16.208251953125
2019-12-26,6.640893459320068,38.187137603759766,1.2817935943603516,3.2389142513275146,4.852243900299072,9.069241523742676,23.223398208618164,4.7186174392700195,13.637303352355957,16.390913009643555
2019-12-27,6.608771800994873,38.36641311645508,1.2728919982910156,3.286761522293091,4.824377059936523,9.085672378540039,22.977949142456055,4.700845241546631,13.637303352355957,16.256959915161133
2019-12-30,6.632862567901611,38.203426361083984,1.2995961904525757,3.3272476196289062,4.89404296875,9.208895683288574,23.034589767456055,4.7186174392700195,13.969444274902344,16.147363662719727
2019-12-31,6.520441055297852,38.13823318481445,1.3084975481033325,3.338289737701416,4.960226535797119,9.134961128234863,22.940183639526367,4.7186174392700195,14.12574577331543,16.451799392700195
2020-01-02,6.56862211227417,37.763362884521484,1.326300024986267,3.3493316173553467,4.883594036102295,9.249968528747559,23.33668327331543,4.736390113830566,14.48719310760498,16.3056697845459
2020-01-03,6.3919596672058105,38.6271858215332,1.2906947135925293,3.2978034019470215,4.768644332885742,8.995306968688965,22.392641067504883,4.683073043823242,13.94013786315918,16.098651885986328
2020-01-06,6.191207408905029,38.85536575317383,1.2550894021987915,3.2646777629852295,4.817409992218018,8.707786560058594,21.694049835205078,4.549777984619141,13.256318092346191,15.928166389465332
2020-01-07,6.255447864532471,39.14874267578125,1.2639906406402588,3.286761522293091,4.970675945281982,8.699570655822754,22.27935791015625,4.549777984619141,13.227011680603027,16.183895111083984
2020-01-08,6.3919596672058105,39.474700927734375,1.2372866868972778,3.283080577850342,4.967193126678467,9.102100372314453,22.54368782043457,4.523119926452637,13.187936782836914,16.33002471923828
2020-01-09,6.833614826202393,39.80067443847656,1.3084975481033325,3.4082207679748535,5.099557876586914,9.808581352233887,23.33668327331543,4.683073043823242,13.93036937713623,16.756237030029297
2020-01-10,6.962096691131592,39.53990173339844,1.3441028594970703,3.4082207679748535,5.082141876220703,9.81679630279541,23.072351455688477,4.7186174392700195,14.057364463806152,16.427446365356445
2020-01-13,7.02633810043335,39.490997314453125,1.3975110054016113,3.514958143234253,5.1587748527526855,10.022170066833496,23.75206184387207,4.7985944747924805,14.48719310760498,16.390913009643555
2020-01-14,7.106638431549072,39.637691497802734,1.4064122438430786,3.5223190784454346,5.217990875244141,10.022170066833496,24.790502548217773,4.816367149353027,14.477422714233398,16.5126895904541
2020-01-15,7.090579032897949,40.11034393310547,1.4687217473983765,3.4376657009124756,5.287657260894775,9.972879409790039,25.073719024658203,4.807480812072754,14.379735946655273,16.549219131469727
2020-01-16,7.066487789154053,39.99625015258789,1.4776228666305542,3.4119014739990234,5.211023807525635,10.04681396484375,25.03595733642578,4.7985944747924805,14.692337989807129,16.780590057373047
2020-01-17,7.07451868057251,40.25701904296875,1.45982027053833,3.481832265853882,5.291140079498291,9.99752426147461,25.073719024658203,4.780821323394775,14.67280101776123,17.377288818359375
2020-01-20,7.138759613037109,40.22442626953125,1.4954257011413574,3.5885696411132812,5.3642897605896,10.04681396484375,25.149242401123047,4.7985944747924805,14.731413841247559,17.559953689575195
2020-01-21,7.154819011688232,40.78672409057617,1.539932370185852,3.621694803237915,5.433955669403076,10.252185821533203,24.866029739379883,4.816367149353027,14.506731033325195,17.64519691467285
2020-01-22,6.98618745803833,40.2407341003418,1.5132282972335815,3.5738468170166016,5.315523147583008,10.04681396484375,24.205198287963867,4.745276927947998,14.41880989074707,17.64519691467285
2020-01-23,7.066487789154053,41.764625549316406,1.4776228666305542,3.5701663494110107,5.259790420532227,9.948234558105469,24.073034286499023,4.656413555145264,13.93036937713623,17.109384536743164
2020-01-24,7.02633810043335,41.03119659423828,1.4865243434906006,3.5480830669403076,5.162257194519043,9.849656105041504,23.77094268798828,4.603096008300781,14.203895568847656,16.963254928588867
2020-01-27,6.857706069946289,40.2081298828125,1.4687217473983765,3.4707908630371094,5.155290603637695,9.668928146362305,23.37444496154785,4.523119926452637,13.774066925048828,16.9145450592041
2020-01-28,6.793464660644531,39.93106460571289,1.4776228666305542,3.4376657009124756,5.2005743980407715,9.677143096923828,24.205198287963867,4.487574577331543,13.832679748535156,16.68317222595215
2020-01-29,6.648922920227051,40.53410339355469,1.4865243434906006,3.474471092224121,5.2772064208984375,9.726433753967285,23.865345001220703,4.469801902770996,13.783835411071777,16.622282028198242
2020-01-30,6.7613444328308105,40.403717041015625,1.4687217473983765,3.4634292125701904,5.238890171051025,9.940020561218262,23.449968338012695,4.4164838790893555,13.471232414245605,16.36655616760254
2020-01-31,6.697103977203369,39.99625015258789,1.4776228666305542,3.422943115234375,5.224957466125488,9.833226203918457,23.75206184387207,4.958547592163086,13.383313179016113,16.110828399658203
2020-02-03,6.6810431480407715,39.68658447265625,1.4954257011413574,3.3824565410614014,5.183157920837402,9.710002899169922,23.449968338012695,4.967434406280518,13.510308265686035,15.879456520080566
2020-02-04,6.921946048736572,40.27332305908203,1.5310310125350952,3.452387809753418,5.2005743980407715,10.087888717651367,24.714982986450195,4.99409294128418,14.008519172668457,16.451799392700195
2020-02-05,6.954066276550293,39.65398406982422,1.5488338470458984,3.481832265853882,5.2005743980407715,10.186467170715332,24.771625518798828,4.89634370803833,14.27227783203125,16.317846298217773
2020-02-06,6.938006401062012,39.55620193481445,1.5310310125350952,3.4671099185943604,5.186641216278076,10.087888717651367,25.073719024658203,4.967434406280518,14.389503479003906,16.3056697845459
2020-02-07,6.745284080505371,39.19762420654297,1.5043270587921143,3.400859832763672,5.1518073081970215,9.84144115447998,25.09259796142578,4.914116382598877,14.12574577331543,16.074296951293945
2020-02-10,6.640893459320068,38.82276153564453,1.45982027053833,3.338289737701416,5.0577592849731445,9.627854347229004,24.450651168823242,4.807480812072754,13.695917129516602,16.02558708190918
2020-02-11,6.713163375854492,39.11613845825195,1.45982027053833,3.397178888320923,5.09607458114624,9.808581352233887,24.88490867614746,4.851912498474121,13.959674835205078,16.317846298217773
2020-02-12,6.52847146987915,38.79016876220703,1.4687217473983765,3.3530120849609375,5.332940101623535,9.64428424835205,24.545055389404297,4.887456893920898,14.477422714233398,16.5613956451416
2020-02-13,6.536501884460449,38.77387619018555,1.4776228666305542,3.3419699668884277,5.66037130355835,9.586779594421387,24.205198287963867,4.825253009796143,14.663031578063965,16.9145450592041
2020-02-14,6.50438117980957,38.741275787353516,1.4776228666305542,3.3272476196289062,5.552387714385986,9.463558197021484,24.28072166442871,4.860797882080078,14.545805931091309,16.841476440429688
2020-02-17,6.50438117980957,38.77387619018555,1.4865243434906006,3.3235669136047363,5.569805145263672,9.64428424835205,24.242961883544922,4.816367149353027,14.936559677124023,16.658817291259766
2020-02-18,6.48029088973999,38.6271858215332,1.4509189128875732,3.283080577850342,5.458338737487793,9.512845039367676,23.54437255859375,4.780821323394775,14.6532621383667,16.5126895904541
2020-02-19,6.3678693771362305,38.88795852661133,1.4509189128875732,3.231553077697754,5.615087985992432,9.389622688293457,23.091232299804688,4.780821323394775,14.584880828857422,16.768415451049805
2020-02-20,6.159087181091309,39.246524810791016,1.361905574798584,3.2425947189331055,5.524520397186279,9.102100372314453,22.713613510131836,4.603096008300781,14.057364463806152,16.04994010925293
2020-02-21,6.167116641998291,39.442108154296875,1.3708068132400513,3.2978034019470215,5.545421123504639,9.093886375427246,22.864662170410156,4.611982345581055,14.155051231384277,16.159542083740234
2020-02-24,6.038634777069092,39.31172561645508,1.3530040979385376,3.1800243854522705,5.395638465881348,8.814579963684082,22.80801773071289,4.549777984619141,13.539613723754883,15.782037734985352
2020-02-25,6.006514549255371,38.431602478027344,1.3441028594970703,3.19474720954895,5.3712568283081055,8.798151016235352,22.845781326293945,4.603096008300781,13.187936782836914,16.244781494140625
2020-02-26,6.094846248626709,39.246524810791016,1.3441028594970703,3.283080577850342,5.541938304901123,8.748860359191895,22.751379013061523,4.629755020141602,12.943716049194336,16.622282028198242
2020-02-27,5.821822643280029,39.13243865966797,1.3084975481033325,3.1579411029815674,5.385189533233643,8.412050247192383,21.505245208740234,4.505347728729248,11.986369132995605,15.842926025390625
2020-02-28,5.420317649841309,38.203426361083984,1.2372866868972778,3.0622458457946777,5.2772064208984375,7.837007522583008,21.16539192199707,4.265417098999023,11.527234077453613,15.842926025390625
2020-03-02,5.524709224700928,38.35011291503906,1.2728919982910156,3.0475234985351562,5.573287487030029,7.869866371154785,21.052104949951172,4.40759801864624,11.576078414916992,16.04994010925293
2020-03-03,5.741521835327148,39.13243865966797,1.3173989057540894,3.1027326583862305,5.416539192199707,8.21489143371582,21.807336807250977,4.425370693206787,11.800760269165039,16.7075252532959
2020-03-04,5.97439432144165,39.76807403564453,1.3173989057540894,3.0696072578430176,5.298106670379639,8.518843650817871,21.750694274902344,4.434256553649902,11.488158226013184,16.68317222595215
2020-03-05,5.9984846115112305,41.764625549316406,1.326300024986267,3.2057883739471436,5.360806465148926,8.4941987991333,21.826221466064453,4.4164838790893555,11.439313888549805,16.610107421875
2020-03-06,5.87803316116333,43.31298065185547,1.2817935943603516,3.279400587081909,5.388673782348633,8.206676483154297,21.599645614624023,4.28318977355957,10.872720718383789,15.879456520080566
2020-03-09,5.58091926574707,42.294334411621094,1.2194840908050537,3.150580406188965,5.204057693481445,7.590559959411621,20.296873092651367,3.954397201538086,10.140057563781738,14.430335998535156
2020-03-10,5.516678810119629,41.9276123046875,1.1482733488082886,3.1579411029815674,4.991575241088867,7.67271089553833,19.541641235351562,3.847762107849121,9.739535331726074,14.60081958770752
2020-03-11,5.516678810119629,41.9276123046875,1.1482733488082886,3.1579411029815674,4.90449333190918,7.67271089553833,19.541641235351562,3.847762107849121,9.739535331726074,14.60081958770752
2020-03-12,5.06699275970459,42.37582015991211,1.023654580116272,2.9775924682617188,4.6571784019470215,7.179815769195557,18.03117561340332,3.4123339653015137,8.283977508544922,13.249119758605957
2020-03-13,5.163354396820068,41.234928131103516,1.0592600107192993,2.9849534034729004,4.406381130218506,7.418047904968262,18.550395965576172,3.590059518814087,8.889646530151367,13.27347183227539
2020-03-16,4.890331268310547,38.007850646972656,1.0058518648147583,2.749396324157715,3.9361343383789062,6.727996826171875,17.00217056274414,3.314584493637085,8.039756774902344,11.781729698181152
2020-03-17,4.874270915985107,37.09513854980469,0.9969505071640015,2.716270923614502,3.549487352371216,6.810145854949951,17.530832290649414,3.296812057495117,7.736922740936279,11.118056297302246
2020-03-18,4.745789527893066,39.89845657348633,0.9791477918624878,2.7862021923065186,3.2534070014953613,6.637632846832275,17.304264068603516,3.376788377761841,7.756460189819336,10.643132209777832
2020-03-19,4.56109619140625,42.457313537597656,0.9969505071640015,2.80460524559021,3.037442207336426,6.218674182891846,18.26718521118164,3.421220064163208,7.746691703796387,10.198654174804688
2020-03-20,4.472765922546387,40.78672409057617,0.9880492091178894,2.826688766479492,3.250620126724243,6.128309726715088,19.069622039794922,3.4478790760040283,7.795535564422607,10.460471153259277
2020-03-23,4.3442840576171875,42.86476516723633,0.9524437785148621,2.7935633659362793,3.3237850666046143,5.68470573425293,21.070985794067383,3.3412435054779053,7.5610833168029785,10.082966804504395
2020-03-24,4.609277725219727,43.43520736694336,1.023654580116272,2.9591896533966064,3.6283907890319824,6.226889133453369,22.430404663085938,3.5011963844299316,8.117908477783203,11.03281307220459
2020-03-25,4.480795860290527,42.172088623046875,1.0147532224655151,2.8450913429260254,3.6582539081573486,6.161169528961182,21.882858276367188,3.545628309249878,8.537967681884766,11.285472869873047
2020-03-26,4.593217849731445,42.62029266357422,1.0414572954177856,2.8156468868255615,3.6507883071899414,6.530839920043945,21.977264404296875,3.607832431793213,9.045948028564453,11.776755332946777
2020-03-27,4.448675632476807,40.90896224975586,1.0058518648147583,2.712590456008911,3.6254045963287354,6.465120792388916,21.22203254699707,3.527855634689331,8.674732208251953,11.474967956542969
2020-03-30,4.416554927825928,40.745975494384766,1.0058518648147583,2.742035150527954,3.547759532928467,6.588344573974609,21.6185302734375,3.5100831985473633,8.489123344421387,11.474967956542969
2020-03-31,4.512916088104248,41.112693786621094,1.0325558185577393,2.7788407802581787,3.573143243789673,6.7115678787231445,21.41084098815918,3.678922653198242,8.840802192687988,11.53111457824707
2020-04-01,4.376404762268066,41.43865203857422,1.023654580116272,2.797244071960449,3.755309581756592,6.415831089019775,21.127628326416016,3.7233541011810303,8.772418975830078,11.320563316345215
2020-04-02,4.368374824523926,41.112693786621094,1.0325558185577393,2.7862021923065186,3.8784961700439453,6.210459232330322,21.467483520507812,3.7233541011810303,8.772418975830078,11.439875602722168
2020-04-03,4.336254596710205,40.90896224975586,1.023654580116272,2.800924301147461,4.09127140045166,6.194029331207275,22.29823875427246,3.7144675254821777,8.723576545715332,11.797810554504395
2020-04-06,4.472765922546387,40.990455627441406,1.050358533859253,2.88925838470459,4.25925350189209,6.366541862487793,22.675853729248047,3.803330659866333,8.958027839660645,12.934781074523926
2020-04-07,4.488826274871826,40.86821365356445,1.050358533859253,2.8377304077148438,4.412301540374756,6.424046039581299,22.260475158691406,3.803330659866333,9.30970573425293,13.145330429077148
2020-04-08,4.5289764404296875,40.745975494384766,1.050358533859253,2.7825214862823486,4.404836177825928,6.465120792388916,22.411521911621094,3.803330659866333,9.339014053344727,12.983907699584961
2020-04-09,4.818060398101807,40.990455627441406,1.094865322113037,2.8230080604553223,4.248053550720215,6.94158411026001,22.751379013061523,3.93662428855896,9.52462100982666,13.033035278320312
2020-04-10,4.906391620635986,42.294334411621094,1.094865322113037,2.8082854747772217,4.25925350189209,7.089452743530273,22.69473648071289,4.096578598022461,9.573464393615723,13.22253131866455
2020-04-13,4.834120273590088,42.09059524536133,1.094865322113037,2.80460524559021,4.147265434265137,6.974443435668945,24.1485595703125,4.123236656188965,9.964219093322754,12.983907699584961
2020-04-14,4.850180149078369,42.09059524536133,1.094865322113037,2.8708555698394775,4.1808624267578125,7.05659294128418,24.82826805114746,4.185440540313721,10.67734432220459,13.376934051513672
2020-04-15,4.577157020568848,44.33162307739258,1.0592600107192993,2.9223837852478027,4.057675838470459,6.769071102142334,27.245012283325195,4.105463981628418,10.140057563781738,13.30675220489502
2020-04-16,4.553066253662109,44.57609939575195,1.0592600107192993,2.9518284797668457,4.203259468078613,6.785501480102539,27.754793167114258,4.229872226715088,9.934911727905273,13.608539581298828
2020-04-17,4.649428367614746,45.06504821777344,1.0770626068115234,3.032801389694214,4.31524658203125,6.892295837402344,27.509342193603516,4.336507320404053,10.257283210754395,14.03665828704834
2020-04-20,4.649428367614746,46.00221252441406,1.0859639644622803,3.0659265518188477,4.483227729797363,6.892295837402344,28.1701717376709,4.4164838790893555,10.394048690795898,14.26124382019043
2020-04-21,4.56109619140625,45.55400466918945,1.0859639644622803,3.0143983364105225,4.468296051025391,6.719782829284668,27.43381690979004,4.4964599609375,10.218209266662598,13.89629077911377
2020-04-22,4.569126605987549,45.02431106567383,1.0859639644622803,2.9812731742858887,4.430966854095459,6.6540632247924805,27.075084686279297,4.629755020141602,10.149827003479004,14.050694465637207
2020-04-24,4.609277725219727,45.47250747680664,1.0859639644622803,2.9334254264831543,4.348843097686768,6.678708076477051,27.188365936279297,4.603096008300781,10.04236888885498,14.120878219604492
2020-04-27,4.850180149078369,45.47250747680664,1.1215693950653076,2.9775924682617188,4.554152965545654,6.867650032043457,27.8869571685791,4.585323810577393,10.569886207580566,14.696380615234375
2020-04-28,4.753819465637207,44.86132049560547,1.130470633506775,2.9297447204589844,4.591482162475586,6.843005657196045,27.414939880371094,4.469801902770996,10.413585662841797,14.935005187988281
2020-04-29,4.81002950668335,45.716983795166016,1.1215693950653076,3.003356695175171,4.640009880065918,6.908724308013916,28.49114418029785,4.318735122680664,10.364740371704102,15.6087646484375
2020-04-30,4.729728698730469,45.30952835083008,1.1126679182052612,2.99599552154541,4.7184014320373535,6.843005657196045,27.698150634765625,4.345393657684326,10.423354148864746,15.650872230529785
2020-05-04,4.601247787475586,43.51670837402344,1.094865322113037,2.8671751022338867,4.528022289276123,6.6951375007629395,27.43381690979004,4.265417098999023,10.286590576171875,14.780600547790527
2020-05-05,4.593217849731445,42.57954406738281,1.094865322113037,2.856133222579956,4.53922176361084,6.6951375007629395,27.226131439208984,4.238758087158203,10.286590576171875,14.415647506713867
2020-05-06,4.577157020568848,41.84612274169922,1.094865322113037,2.944467067718506,4.430966854095459,6.645847797393799,27.717031478881836,4.265417098999023,10.30612850189209,14.106841087341309
2020-05-07,4.56109619140625,41.31642150878906,1.103766679763794,2.948148012161255,4.244321346282959,6.596558570861816,27.56598472595215,4.274303913116455,10.374509811401367,13.93138313293457
2020-05-08,4.472765922546387,41.56089401245117,1.0859639644622803,2.9628701210021973,4.106204032897949,6.4733357429504395,27.868080139160156,4.274303913116455,10.354972839355469,13.854181289672852
2020-05-11,4.472765922546387,41.56089401245117,1.103766679763794,2.918703317642212,4.136066913604736,6.374757289886475,29.756160736083984,4.247644901275635,10.374509811401367,13.54537296295166
2020-05-12,4.504885673522949,42.25357437133789,1.1660759449005127,2.966550827026367,4.292849540710449,6.497979640960693,31.153339385986328,4.327620983123779,10.403816223144531,13.615555763244629
2020-05-13,4.480795860290527,43.11758041381836,1.1393718719482422,2.9812731742858887,4.360042095184326,6.481550216674805,30.775720596313477,4.336507320404053,10.403816223144531,14.120878219604492
2020-05-14,4.360344409942627,44.47528839111328,1.1215693950653076,2.940786600112915,4.304047584533691,6.309037208557129,30.889005661010742,4.238758087158203,10.296359062194824,13.819089889526367
2020-05-15,4.360344409942627,46.9027099609375,1.1215693950653076,2.9260642528533936,4.341377258300781,6.325467109680176,31.00229263305664,4.265417098999023,10.345203399658203,14.205097198486328
2020-05-18,4.400494575500488,50.93470001220703,1.1660759449005127,2.940786600112915,4.472028732299805,6.374757289886475,31.134456634521484,4.336507320404053,10.579655647277832,14.738489151000977
2020-05-20,4.424585819244385,49.82383346557617,1.2194840908050537,2.940786600112915,4.542954444885254,6.341897010803223,32.229549407958984,4.469801902770996,10.618730545043945,14.878857612609863
2020-05-21,4.416554927825928,50.68783950805664,1.2194840908050537,3.0070371627807617,4.460829734802246,6.251533508300781,32.30506896972656,4.478688716888428,10.833645820617676,15.075369834899902
2020-05-22,4.424585819244385,52.00440216064453,1.2105828523635864,2.966550827026367,4.520556926727295,6.194029331207275,32.30506896972656,4.469801902770996,10.950872421264648,15.08940601348877
2020-05-27,4.496855735778809,51.9632682800293,1.2817935943603516,2.99599552154541,4.6960039138793945,6.284392833709717,32.32394790649414,4.505347728729248,12.044981956481934,15.46839714050293
2020-05-28,4.545036315917969,50.85240936279297,1.2817935943603516,2.9923150539398193,4.826655864715576,6.399401664733887,31.58759880065918,4.505347728729248,12.367353439331055,15.973713874816895
2020-05-29,4.56109619140625,52.04555130004883,1.3173989057540894,2.9775924682617188,4.636277675628662,6.448690414428711,30.662437438964844,4.498235702514648,12.19151496887207,15.735093116760254
2020-06-01,4.657458305358887,52.7861213684082,1.4331163167953491,2.9923150539398193,4.7669291496276855,6.571913719177246,31.96521759033203,4.534806728363037,12.484579086303711,16.001789093017578
2020-06-02,4.649428367614746,52.292396545410156,1.5310310125350952,3.0364816188812256,4.927444934844971,6.612988471984863,32.49387741088867,4.598805904388428,12.328278541564941,16.11408233642578
2020-06-03,4.697608470916748,52.99184036254883,1.4865243434906006,3.106412410736084,4.983438491821289,6.736211776733398,32.418357849121094,4.607949256896973,12.240358352661133,16.53518295288086
2020-06-04,4.673518180847168,56.530113220214844,1.4776228666305542,3.1248157024383545,4.942375659942627,6.686923503875732,32.1917839050293,4.671947956085205,12.328278541564941,16.493072509765625
2020-06-05,4.753819465637207,55.33695983886719,1.45982027053833,3.191066265106201,5.020766258239746,6.810145854949951,31.927452087402344,4.662805557250977,12.445504188537598,16.619403839111328
2020-06-08,4.721698760986328,53.40325927734375,1.539932370185852,3.202108144760132,5.061829566955566,6.7937164306640625,31.757524490356445,4.62623405456543,12.347816467285156,16.380779266357422
2020-06-09,4.697608470916748,53.52668380737305,1.6556499004364014,3.172663688659668,5.0431647300720215,6.7115678787231445,31.96521759033203,4.543949127197266,12.33804702758789,16.015827178955078
2020-06-10,4.705638885498047,53.27982711791992,1.735762119293213,3.172663688659668,5.061829566955566,6.736211776733398,32.55051803588867,4.589663028717041,12.367353439331055,16.25444984436035
2020-06-11,4.657458305358887,51.757545471191406,1.735762119293213,3.1579411029815674,5.106624603271484,6.686923503875732,32.72044372558594,4.562234401702881,12.211051940917969,15.987753868103027
2020-06-12,4.673518180847168,52.49811553955078,1.7179591655731201,3.1321771144866943,5.3007354736328125,6.6951375007629395,34.344200134277344,4.5805206298828125,12.435735702514648,16.156192779541016
2020-06-15,4.625337600708008,52.7861213684082,1.7090580463409424,3.080648899078369,5.151418209075928,6.612988471984863,34.495243072509766,4.562234401702881,12.289202690124512,15.777201652526855
2020-06-16,4.697608470916748,53.15640640258789,1.7179591655731201,3.0953714847564697,5.188747406005859,6.744426727294922,33.947696685791016,4.644519805908203,12.308740615844727,16.015827178955078
2020-06-17,4.681548595428467,54.71982192993164,1.6912552118301392,3.0475234985351562,5.255939960479736,6.678708076477051,34.09874725341797,4.708518981933594,12.171977043151855,16.156192779541016
2020-06-18,4.681548595428467,55.213539123535156,1.6912552118301392,3.0696072578430176,5.185015678405762,6.6951375007629395,33.92881393432617,4.818232536315918,12.230589866638184,16.11408233642578
2020-06-19,4.802000045776367,55.25468444824219,1.6556499004364014,3.0364816188812256,5.211145877838135,6.851220607757568,33.79664993286133,4.754232406616211,12.250127792358398,16.366743087768555
2020-06-22,4.9465413093566895,56.447818756103516,1.726860761642456,3.1174545288085938,5.3492631912231445,6.999088287353516,34.19314956665039,4.955373287200928,12.328278541564941,16.8018798828125
2020-06-23,4.922451972961426,57.18838882446289,1.726860761642456,3.110093355178833,5.319399833679199,6.949799537658691,34.28755569458008,5.101657867431641,12.259897232055664,17.377382278442383
2020-06-24,4.793969631195068,58.09353256225586,1.700156569480896,3.088010311126709,5.274605751037598,6.727996826171875,35.30712127685547,5.019372463226318,12.103594779968262,17.23701286315918
2020-06-25,4.737759113311768,58.09353256225586,1.6823538541793823,3.1211349964141846,5.2298102378845215,6.744426727294922,34.79733657836914,4.946230888366699,12.103594779968262,17.349308013916016
2020-06-26,4.737759113311768,57.55866622924805,1.6823538541793823,3.1211349964141846,5.341798305511475,6.744426727294922,35.30712127685547,4.973659515380859,12.181745529174805,17.700225830078125
2020-06-29,4.906391620635986,56.11866760253906,1.7179591655731201,3.1284961700439453,5.311933994293213,6.990873336791992,35.98682403564453,5.019372463226318,12.181745529174805,17.74233627319336
2020-06-30,4.906391620635986,56.28324508666992,1.8247754573822021,3.168982744216919,5.319399833679199,6.966228485107422,36.34556198120117,5.065086841583252,12.250127792358398,18.06517791748047
2020-07-01,4.777908802032471,54.71982192993164,1.7891700267791748,3.0953714847564697,5.323133945465088,6.810145854949951,35.98682403564453,5.092514991760254,11.996136665344238,18.26169204711914
2020-07-02,4.81002950668335,54.88439178466797,1.8514795303344727,3.2168304920196533,5.535909175872803,6.8758649826049805,36.64765167236328,5.357655048370361,11.976600646972656,18.416093826293945
2020-07-03,4.737759113311768,55.29582214355469,1.8158740997314453,3.1358578205108643,5.453784465789795,6.752641677856445,37.327362060546875,5.23879861831665,11.64445972442627,18.359947204589844
2020-07-06,4.898360729217529,57.35295486450195,1.9048875570297241,3.1837048530578613,5.483647346496582,6.88408088684082,40.83919143676758,5.485653400421143,11.624920845031738,18.486278533935547
2020-07-07,4.834120273590088,58.75181198120117,2.0028023719787598,3.139538049697876,5.599369049072266,6.843005657196045,40.25388717651367,5.924505710601807,11.370931625366211,18.24765396118164
2020-07-08,4.753819465637207,57.928958892822266,2.0206048488616943,3.1800243854522705,5.442586421966553,6.7115678787231445,39.4986572265625,5.851363658905029,11.058328628540039,18.289764404296875
2020-07-09,4.657458305358887,56.28324508666992,1.9582955837249756,3.198427200317383,5.394058704376221,6.514410018920898,38.894474029541016,5.842220306396484,11.214630126953125,17.672149658203125
2020-07-10,4.601247787475586,56.36553955078125,1.9048875570297241,3.168982744216919,5.401524066925049,6.40761661529541,39.36648941040039,5.604509353637695,11.517464637756348,17.770408630371094
2020-07-13,4.697608470916748,57.84668731689453,2.0295064449310303,3.2683584690093994,5.535909175872803,6.547269821166992,40.00843811035156,5.7416510581970215,11.703072547912598,18.79508399963379
2020-07-14,4.649428367614746,58.09353256225586,2.091815710067749,3.2683584690093994,5.5321760177612305,6.481550216674805,39.64970397949219,5.750792980194092,11.546771049499512,18.570497512817383
2020-07-16,4.697608470916748,58.54610061645508,2.0295064449310303,3.305164337158203,5.827075004577637,6.555484771728516,39.328731536865234,5.677651405334473,11.673765182495117,18.809118270874023
2020-07-17,4.673518180847168,58.21696853637695,2.038407802581787,3.293832540512085,5.935330390930176,6.530839920043945,39.272090911865234,5.668508052825928,11.64445972442627,19.005634307861328
2020-07-20,4.665488243103027,58.710662841796875,2.0562102794647217,3.248504638671875,5.953995227813721,6.497979640960693,39.21544647216797,5.88793420791626,11.585845947265625,19.075817108154297
2020-07-21,4.673518180847168,58.34038543701172,2.0206048488616943,3.1805124282836914,5.8121442794799805,6.530839920043945,40.178367614746094,5.787364482879639,11.439313888549805,18.66875457763672
2020-07-22,4.657458305358887,58.54610061645508,2.1363227367401123,3.15407133102417,5.860671520233154,6.530839920043945,40.10284423828125,5.732507705688477,11.439313888549805,18.444168090820312
2020-07-23,4.665488243103027,60.23293685913086,2.0826144218444824,3.150294065475464,5.842007160186768,6.547269821166992,40.272769927978516,5.750792980194092,11.546771049499512,18.163434982299805
2020-07-24,4.633368015289307,60.562103271484375,2.0915911197662354,3.1578481197357178,5.793479919433594,6.489765167236328,40.53710174560547,5.906220436096191,11.458850860595703,17.966922760009766
2020-07-27,4.593217849731445,61.13809585571289,2.0826144218444824,3.19939923286438,5.830809593200684,6.40761661529541,40.725914001464844,5.814792633056641,11.331856727600098,17.966922760009766
2020-07-28,4.416554927825928,60.7266731262207,1.9928466081619263,3.0558605194091797,5.972659587860107,6.087234973907471,39.970680236816406,5.522224426269531,10.823877334594727,17.51774787902832
2020-07-29,4.272013187408447,59.32780838012695,1.9838697910308838,2.984091281890869,6.125709533691406,5.832573890686035,40.876956939697266,5.330226421356201,10.579655647277832,17.686187744140625
2020-07-30,4.207772254943848,58.79295349121094,2.0108001232147217,2.885880708694458,6.1966352462768555,5.766854763031006,42.25525665283203,5.275370121002197,10.442891120910645,17.840593338012695
2020-08-04,4.071260452270508,54.0615348815918,1.8941017389297485,2.927431344985962,6.163038730621338,5.569697380065918,40.518218994140625,5.220513343811035,10.745725631713867,17.32123565673828
2020-08-05,4.031110763549805,52.292396545410156,1.8851250410079956,3.018087387084961,5.879336833953857,5.577911853790283,40.12172317504883,5.705079555511475,10.599193572998047,16.886096954345703
2020-08-06,3.7902071475982666,51.716407775878906,1.6966124773025513,3.0067553520202637,5.6478962898254395,5.315035343170166,36.855342864990234,5.275370121002197,9.983757019042969,15.566652297973633
2020-08-07,3.8223280906677246,51.922115325927734,1.759450078010559,3.0936338901519775,5.759883403778076,5.388969421386719,36.25115966796875,5.494796276092529,10.462430000305176,16.057937622070312
2020-08-10,3.814297676086426,53.23868179321289,1.777403712272644,3.1842899322509766,6.121976375579834,5.388969421386719,39.328731536865234,5.439939498901367,10.30612850189209,16.32463264465332
2020-08-11,4.079290866851807,54.22610855102539,1.8671716451644897,3.2182860374450684,6.681912422180176,5.799714088439941,40.216129302978516,5.778221607208252,11.341625213623047,16.549219131469727
2020-08-12,4.071260452270508,54.88439178466797,1.8312643766403198,3.24472713470459,6.719242095947266,5.816143989562988,38.346927642822266,5.695937156677246,11.243936538696289,16.10004425048828
2020-08-13,4.031110763549805,55.54267883300781,1.777403712272644,3.252281904220581,6.78270149230957,5.692920684814453,36.232276916503906,5.476511001586914,10.921565055847168,15.566652297973633
2020-08-14,3.958839178085327,55.25468444824219,1.7414965629577637,3.2371726036071777,6.543794631958008,5.553267955780029,36.02458572387695,5.476511001586914,10.872720718383789,14.878857612609863
2020-08-17,4.015049934387207,55.04896545410156,1.7325196266174316,3.2258403301239014,6.517665386199951,5.692920684814453,36.911983489990234,5.4307966232299805,10.706650733947754,14.752528190612793
2020-08-18,4.047170639038086,55.0078239440918,1.7504733800888062,3.2220630645751953,6.547529220581055,5.849003314971924,36.439964294433594,5.4307966232299805,10.823877334594727,14.822711944580078
2020-08-19,4.143531322479248,57.9700927734375,1.8402411937713623,3.3240511417388916,6.8200297355651855,5.972226619720459,36.76094436645508,5.732507705688477,11.00948429107666,15.398213386535645
2020-08-20,4.0873212814331055,56.447818756103516,1.8312643766403198,3.395820140838623,6.808831214904785,5.881862640380859,36.62877655029297,5.723365306854248,10.941102027893066,15.384178161621094
2020-08-21,4.063230514526367,56.159820556640625,1.7504733800888062,3.3693790435791016,6.670714378356934,5.807929039001465,36.45884323120117,5.677651405334473,10.814106941223145,15.370140075683594
2020-08-24,4.015049934387207,57.22951889038086,1.7325196266174316,3.380711078643799,6.584857940673828,5.725780010223389,37.063026428222656,5.613652229309082,10.823877334594727,15.454360961914062
2020-08-25,3.9267187118530273,56.32439422607422,1.6786589622497559,3.3240511417388916,6.506466865539551,5.569697380065918,36.6854133605957,5.494796276092529,10.911796569824219,15.10344409942627
2020-08-26,3.982929229736328,58.9986572265625,1.6607054471969604,3.3164963722229004,6.439274787902832,5.651846885681152,36.36444091796875,5.705079555511475,10.775032997131348,15.342065811157227
2020-08-27,4.039140701293945,58.50495529174805,1.687635898590088,3.34293794631958,6.405677318572998,5.725780010223389,36.62877655029297,5.677651405334473,10.843415260314941,15.412249565124512
2020-08-28,4.015049934387207,57.599815368652344,1.6427518129348755,3.350492238998413,6.510200023651123,5.676490783691406,36.34556198120117,5.6227946281433105,10.735957145690918,15.510506629943848
2020-08-31,3.934748649597168,56.11866760253906,1.5799143314361572,3.3316054344177246,6.245162487030029,5.577911853790283,36.10011672973633,5.531367778778076,10.354972839355469,15.664910316467285
2020-09-01,3.966869592666626,55.87181854248047,1.5888911485671997,3.2409496307373047,6.163038730621338,5.635416507720947,36.76094436645508,5.668508052825928,10.413585662841797,15.664910316467285
2020-09-02,3.958839178085327,55.83068084716797,1.5888911485671997,3.2711684703826904,6.118243217468262,5.618987083435059,36.53437042236328,5.631937026977539,10.276822090148926,15.566652297973633
2020-09-03,3.9267187118530273,55.54267883300781,1.5440071821212769,3.293832540512085,5.965193271636963,5.553267955780029,36.21339797973633,5.567938327789307,10.130288124084473,15.566652297973633
2020-09-04,3.942779064178467,55.74838638305664,1.5619608163833618,3.3164963722229004,6.297423362731934,5.586126804351807,36.194515228271484,5.723365306854248,10.257283210754395,15.95967960357666
2020-09-07,3.966869592666626,55.70724868774414,1.6337751150131226,3.3731565475463867,6.510200023651123,5.610772132873535,36.175628662109375,5.750792980194092,10.52104377746582,16.422887802124023
2020-09-08,3.934748649597168,55.666114807128906,1.6247984170913696,3.3693790435791016,6.532596111297607,5.569697380065918,36.005706787109375,5.686793804168701,10.530811309814453,16.24041175842285
2020-09-09,3.934748649597168,56.28324508666992,1.615821361541748,3.4147069454193115,6.454205513000488,5.5614824295043945,36.06235122680664,5.677651405334473,10.589425086975098,16.04389762878418
2020-09-10,3.966869592666626,55.83068084716797,1.6068446636199951,3.4109296798706055,6.461671829223633,5.610772132873535,36.06235122680664,5.695937156677246,10.511273384094238,16.12812042236328
2020-09-11,3.9508092403411865,56.57124710083008,1.6068446636199951,3.4524803161621094,6.4579386711120605,5.577911853790283,35.79801940917969,5.705079555511475,10.66757583618164,16.352705001831055
2020-09-14,3.934748649597168,57.8878059387207,1.6247984170913696,3.467589855194092,6.50273323059082,5.5614824295043945,36.27003860473633,5.869649410247803,10.648037910461426,16.394817352294922
2020-09-15,3.9186885356903076,57.928958892822266,1.6247984170913696,3.4600350856781006,6.887222766876221,5.536837577819824,37.45953369140625,5.814792633056641,10.481966972351074,16.479036331176758
2020-09-16,3.9267187118530273,57.55866622924805,1.615821361541748,3.4449257850646973,6.790167331695557,5.520407676696777,37.214080810546875,5.851363658905029,10.384278297424316,16.310596466064453
2020-09-17,3.9026286602020264,57.640960693359375,1.5978679656982422,3.5129172801971436,6.659515857696533,5.479333400726318,37.063026428222656,5.851363658905029,10.413585662841797,16.45096206665039
2020-09-18,3.8945984840393066,57.55866622924805,1.6068446636199951,3.47892165184021,6.72670841217041,5.46290397644043,37.17631912231445,5.851363658905029,10.384278297424316,16.53518295288086
2020-09-21,3.7982375621795654,56.85923767089844,1.5529839992523193,3.429816246032715,6.6184539794921875,5.3232502937316895,37.00638961791992,5.970219612121582,10.100982666015625,15.833349227905273
2020-09-22,3.7982375621795654,56.694671630859375,1.5529839992523193,3.4978086948394775,6.584857940673828,5.331465244293213,38.422454833984375,6.089074611663818,10.315896987915039,16.28252410888672
2020-09-23,3.838387966156006,56.36553955078125,1.5619608163833618,3.4449257850646973,6.554993629455566,5.3971848487854,38.02594757080078,6.2079315185546875,10.286590576171875,16.366743087768555
2020-09-24,4.047170639038086,56.735816955566406,1.5619608163833618,3.5053629875183105,6.592322826385498,5.799714088439941,38.649017333984375,6.244502067565918,10.267053604125977,16.33867073059082
2020-09-25,4.1114115715026855,57.18838882446289,1.5799143314361572,3.467589855194092,6.577392578125,5.890078067779541,38.53573226928711,6.454785346984863,10.247514724731445,16.366743087768555
2020-09-28,4.031110763549805,56.28324508666992,1.5619608163833618,3.482699155807495,6.495267391204834,5.750424385070801,38.252525329589844,7.103920936584473,10.130288124084473,16.87206268310547
2020-09-29,4.007019519805908,56.36553955078125,1.5350306034088135,3.5129172801971436,6.495267391204834,5.676490783691406,38.10148239135742,6.756496906280518,10.11075210571289,16.956281661987305
2020-09-30,4.135501861572266,57.35295486450195,1.5440071821212769,3.573354959487915,6.540063381195068,5.832573890686035,38.70566177368164,6.802210330963135,10.23774528503418,17.251052856445312
2020-10-01,4.151561737060547,57.31181335449219,1.5529839992523193,3.5960190296173096,6.476602554321289,5.849003314971924,38.649017333984375,6.32678747177124,10.325665473937988,17.630043029785156
2020-10-02,4.143531322479248,57.147239685058594,1.5619608163833618,3.6337924003601074,6.420610427856445,5.849003314971924,39.89514923095703,6.418214797973633,10.394048690795898,17.714262008666992
2020-10-05,4.159591197967529,57.84668731689453,1.5888911485671997,3.6715660095214844,6.379547119140625,5.890078067779541,40.404937744140625,6.436500072479248,10.433123588562012,17.770408630371094
2020-10-06,4.127470970153809,57.270687103271484,1.5978679656982422,3.652678966522217,6.375813961029053,5.840788841247559,39.91403579711914,6.27193021774292,10.384278297424316,17.644079208374023
2020-10-07,4.071260452270508,56.735816955566406,1.5888911485671997,3.614905595779419,6.263827323913574,5.750424385070801,39.70634841918945,6.125646591186523,10.394048690795898,17.616004943847656
2020-10-08,4.063230514526367,56.85923767089844,1.5799143314361572,3.5997960567474365,6.140640735626221,5.725780010223389,38.96998977661133,6.2079315185546875,10.442891120910645,17.686187744140625
2020-10-09,4.135501861572266,57.51752471923828,1.615821361541748,3.66023325920105,6.413143634796143,5.832573890686035,39.3853759765625,6.317644119262695,10.52104377746582,17.812517166137695
2020-10-12,4.167622089385986,57.9700927734375,1.651728630065918,3.6753430366516113,6.566193103790283,5.881862640380859,39.819637298583984,6.299357891082764,10.550349235534668,18.696826934814453
2020-10-13,4.143531322479248,56.7769660949707,1.7145661115646362,3.6337924003601074,6.693111419677734,5.816143989562988,39.59305953979492,6.1805033683776855,10.374509811401367,19.11792755126953
2020-10-14,4.143531322479248,57.442962646484375,1.7055892944335938,3.705561637878418,6.924551486968994,5.865433692932129,39.70634841918945,6.1805033683776855,10.413585662841797,19.174076080322266
2020-10-15,4.095351219177246,57.734344482421875,1.7414965629577637,3.6753430366516113,6.838695049285889,5.750424385070801,41.34897232055664,6.162217617034912,10.267053604125977,19.131961822509766
2020-10-16,4.175651550292969,57.94247817993164,1.7414965629577637,3.6715660095214844,6.808831214904785,5.890078067779541,40.83919143676758,6.198788642883301,10.325665473937988,19.075817108154297
2020-10-19,4.3442840576171875,57.23483657836914,1.7325196266174316,3.6489014625549316,6.913354396820068,6.1529541015625,40.178367614746094,6.27193021774292,10.384278297424316,19.174076080322266
2020-10-20,4.336254596710205,57.94247817993164,1.7145661115646362,3.679119825363159,6.932018756866455,6.161169528961182,40.14060592651367,6.381643295288086,10.325665473937988,19.86186981201172
2020-10-21,4.352314472198486,58.525238037109375,1.7325196266174316,3.7395577430725098,7.23811674118042,6.185814380645752,41.00912094116211,6.372500896453857,10.23774528503418,19.440773010253906
2020-10-22,4.127470970153809,60.39836883544922,1.7055892944335938,3.7168936729431152,7.1783905029296875,5.849003314971924,40.518218994140625,6.27193021774292,10.140057563781738,19.131961822509766
2020-10-23,4.071260452270508,58.65009307861328,1.6427518129348755,3.8113269805908203,7.301576614379883,5.799714088439941,40.46158218383789,6.2262163162231445,10.130288124084473,19.69342803955078
2020-10-26,3.910658597946167,58.19221878051758,1.5081000328063965,3.7886626720428467,7.305310249328613,5.577911853790283,39.819637298583984,5.759936332702637,9.563695907592773,19.426734924316406
2020-10-27,3.982929229736328,58.56684494018555,1.5529839992523193,3.652678966522217,7.600210189819336,5.660060882568359,38.61126708984375,5.88793420791626,9.231555938720703,18.500314712524414
2020-10-28,3.9267187118530273,57.02671432495117,1.5260536670684814,3.5091404914855957,7.5255513191223145,5.569697380065918,37.28960418701172,5.769078731536865,8.948258399963379,17.896738052368164
2020-10-30,3.838387966156006,56.19420623779297,1.4991233348846436,3.573354959487915,7.898843288421631,5.430044174194336,35.609214782714844,5.613652229309082,8.811495780944824,18.289764404296875
2020-11-02,3.862478017807007,55.90283203125,1.5529839992523193,3.7168936729431152,8.391586303710938,5.438258647918701,35.779136657714844,5.796507358551025,9.202248573303223,18.767013549804688
2020-11-03,4.047170639038086,56.77695083618164,1.5529839992523193,3.807549476623535,8.107884407043457,5.7093505859375,36.53437042236328,5.860506057739258,9.290168762207031,18.879302978515625
2020-11-04,4.023080348968506,57.401336669921875,1.5709376335144043,3.9057605266571045,8.413983345031738,5.692920684814453,36.836463928222656,5.8970770835876465,9.563695907592773,19.384624481201172
2020-11-05,4.023080348968506,57.10995864868164,1.5978679656982422,3.841545820236206,8.473710060119629,5.701136112213135,36.49660873413086,6.043361663818359,9.48554515838623,19.45480728149414
2020-11-06,4.023080348968506,57.94247817993164,1.6247984170913696,3.985084056854248,8.87686538696289,5.725780010223389,36.591007232666016,6.034219264984131,9.48554515838623,19.847835540771484
2020-11-09,4.320194244384766,58.40034484863281,1.6607054471969604,4.155063629150391,8.94405746459961,6.1365251541137695,37.23295974731445,6.189645767211914,10.433123588562012,19.524991989135742
2020-11-10,4.537006378173828,57.734344482421875,1.687635898590088,4.408144950866699,8.682754516601562,6.374757289886475,37.100791931152344,6.162217617034912,11.224398612976074,19.426734924316406
2020-11-11,4.994722366333008,57.65109634399414,1.7055892944335938,4.377926826477051,8.376655578613281,6.999088287353516,36.94974899291992,6.27193021774292,11.527234077453613,19.2021484375
2020-11-12,5.026843070983887,57.401336669921875,1.6786589622497559,4.253274917602539,8.092954635620117,7.097667694091797,36.439964294433594,6.1805033683776855,11.439313888549805,18.54242515563965
2020-11-13,5.06699275970459,57.19321823120117,1.7145661115646362,4.166395664215088,8.623026847839355,7.253749847412109,36.77981948852539,6.217073440551758,11.243936538696289,18.809118270874023
2020-11-16,5.075023651123047,57.23483657836914,1.7055892944335938,4.128623008728027,9.085908889770508,7.352329254150391,36.911983489990234,6.2262163162231445,11.527234077453613,19.314441680908203
2020-11-17,4.818060398101807,58.733360290527344,1.7145661115646362,4.109736442565918,8.802206993103027,6.93336820602417,38.10148239135742,6.006790637969971,11.185323715209961,18.851232528686523
2020-11-18,5.034872531890869,58.60847091674805,1.777403712272644,4.498800754547119,8.675289154052734,7.286609172821045,37.553932189941406,6.10736083984375,11.439313888549805,18.977563858032227
2020-11-19,5.2115349769592285,58.10895919799805,1.7325196266174316,4.343930721282959,8.705151557922363,7.820578098297119,37.610572814941406,6.153074741363525,11.44908332824707,19.70746612548828
2020-11-20,5.243655681610107,57.94247817993164,1.7414965629577637,4.2834930419921875,8.772344589233398,7.77950382232666,38.233646392822266,6.409071922302246,11.64445972442627,20.50755500793457
2020-11-23,5.018812656402588,57.85921096801758,1.8671716451644897,4.268383502960205,8.884330749511719,7.409833908081055,37.98819351196289,6.454785346984863,11.478388786315918,20.493520736694336
2020-11-24,5.050932884216309,57.276466369628906,1.9120556116104126,4.355262756347656,9.332281112670898,7.44269323348999,38.08259582519531,6.436500072479248,11.556539535522461,20.91461944580078
2020-11-25,5.058963298797607,57.734344482421875,1.8581945896148682,4.400589942932129,9.205361366271973,7.459122180938721,38.5734977722168,6.381643295288086,11.693304061889648,20.77425193786621
2020-11-26,5.171384334564209,58.44196319580078,1.8761482238769531,4.483692169189453,9.13070297241211,7.680926322937012,38.51685333251953,6.418214797973633,11.898449897766113,20.46544647216797
2020-11-27,5.11517333984375,58.27547073364258,1.9479626417160034,4.468582630157471,8.94405746459961,7.541271686553955,38.6867790222168,6.290216445922852,11.693304061889648,20.4514102935791
2020-11-30,4.882300853729248,58.44196319580078,1.956939458847046,4.215501308441162,8.092954635620117,7.204461574554443,39.87627410888672,6.043361663818359,11.175554275512695,19.932052612304688
2020-12-01,5.06699275970459,58.44196319580078,1.956939458847046,4.26460599899292,8.540903091430664,7.565916061401367,39.196563720703125,6.335929870605469,12.19151496887207,20.4373722076416
2020-12-02,5.010781764984131,57.98409652709961,1.9479626417160034,4.408144950866699,8.72754955291748,7.574130535125732,39.4420166015625,6.308501243591309,12.00590705871582,20.760217666625977
2020-12-03,5.010781764984131,58.983097076416016,1.9479626417160034,4.396812915802002,8.608095169067383,7.55770206451416,39.0455207824707,6.381643295288086,11.908217430114746,20.54966926574707
2020-12-04,4.962601661682129,58.85822296142578,1.9210323095321655,4.400589942932129,9.100838661193848,7.491982460021973,38.6301383972168,6.399928569793701,11.898449897766113,20.746179580688477
2020-12-07,4.858210563659668,58.65009307861328,1.8402411937713623,4.608343601226807,9.481597900390625,7.3276848793029785,37.7238655090332,6.281073093414307,12.00590705871582,20.85847282409668
2020-12-08,4.866240501403809,57.734344482421875,1.8402411937713623,5.080509662628174,9.242690086364746,7.352329254150391,37.45953369140625,6.509641647338867,11.947293281555176,21.6726016998291
2020-12-09,4.994722366333008,57.31808853149414,1.8492178916931152,5.1447248458862305,9.197895050048828,7.623419761657715,37.704978942871094,6.445642948150635,12.00590705871582,21.58837890625
2020-12-10,5.034872531890869,57.567848205566406,1.8222874402999878,5.084287166595459,9.250157356262207,7.804149150848389,37.874908447265625,6.555355548858643,11.927755355834961,21.6445255279541
2020-12-11,5.058963298797607,58.44196319580078,1.7863805294036865,5.356255054473877,9.28748607635498,7.812363147735596,38.346927642822266,6.601069927215576,12.01567554473877,21.883150100708008
2020-12-14,5.11517333984375,58.65009307861328,1.8222874402999878,5.382696628570557,9.272555351257324,7.960231304168701,38.49797439575195,6.710782527923584,12.269665718078613,22.500762939453125
2020-12-15,5.11517333984375,59.06634521484375,1.8761482238769531,5.382696628570557,9.474130630493164,7.927371978759766,38.781185150146484,6.710782527923584,12.357583999633789,22.8657169342041
2020-12-16,5.0991129875183105,58.483604431152344,1.8581945896148682,5.439356327056885,9.257622718811035,7.9930901527404785,38.252525329589844,6.5370707511901855,12.445504188537598,22.683238983154297
2020-12-17,5.139264106750488,58.983097076416016,1.9120556116104126,5.409137725830078,9.272555351257324,8.02595043182373,38.649017333984375,6.555355548858643,12.728800773620605,22.220027923583984
2020-12-18,5.195475101470947,59.98211669921875,1.9928466081619263,5.273153781890869,9.414403915405273,8.083455085754395,39.139923095703125,6.5370707511901855,12.699494361877441,22.12177276611328
2020-12-21,5.075023651123047,61.14762496948242,1.8941017389297485,5.072956085205078,9.227760314941406,8.009520530700684,38.5734977722168,6.409071922302246,11.898449897766113,21.363792419433594
2020-12-22,5.2115349769592285,60.065372467041016,1.938985824584961,5.371364593505859,9.309883117675781,8.264182090759277,38.98887634277344,6.518784999847412,12.15243911743164,21.897186279296875
2020-12-23,5.195475101470947,61.73037338256836,1.956939458847046,5.367586612701416,9.28748607635498,8.190247535705566,39.46089553833008,6.546213150024414,12.15243911743164,22.949935913085938
2020-12-24,5.267745494842529,61.272491455078125,1.9210323095321655,5.420469760894775,9.220293045043945,8.17381763458252,39.64970397949219,6.555355548858643,12.484579086303711,22.697277069091797
2020-12-25,5.235625267028809,60.856231689453125,1.9300090074539185,5.371364593505859,9.182964324951172,8.099884986877441,39.517539978027344,6.582784175872803,12.465042114257812,22.430578231811523
2020-12-28,5.259715557098389,61.39738082885742,1.9300090074539185,5.371364593505859,9.280019760131836,8.116314888000488,39.139923095703125,6.628498077392578,12.33804702758789,23.090303421020508
2020-12-29,5.315926551818848,63.0207633972168,1.9300090074539185,5.628222465515137,9.436802864074707,8.206676483154297,39.89514923095703,6.610212326049805,12.592037200927734,23.750024795532227
2020-12-30,5.54879903793335,63.686771392822266,1.9300090074539185,5.756652355194092,9.347213745117188,8.518843650817871,39.87627410888672,6.655925750732422,12.621343612670898,23.651769638061523
2020-12-31,5.629100322723389,63.64513397216797,1.9120556116104126,5.658441543579102,9.332281112670898,8.600993156433105,40.36717224121094,6.710782527923584,12.719032287597656,23.637733459472656
2021-01-04,5.701371192932129,64.64415740966797,2.109544515609741,5.590449333190918,9.414403915405273,8.485983848571777,42.06645202636719,6.738210201263428,12.386892318725586,24.255346298217773
2021-01-05,5.629100322723389,63.520263671875,2.1364753246307373,5.439356327056885,9.93701457977295,8.288826942443848,41.51890182495117,6.646783351898193,12.289202690124512,24.451858520507812
2021-01-06,5.90212345123291,63.60352325439453,2.1364753246307373,5.54134464263916,10.228178977966309,8.543487548828125,41.66994857788086,6.655925750732422,12.386892318725586,24.550113677978516
2021-01-07,6.046665191650391,64.10302734375,2.3339643478393555,5.5111260414123535,10.004205703735352,8.642067909240723,41.36785888671875,6.738210201263428,12.386892318725586,24.60626220703125
2021-01-08,6.038634777069092,65.17140197753906,2.2801036834716797,5.684883117675781,10.123659133911133,8.863868713378906,42.047569274902344,6.793067455291748,12.543192863464355,25.1536922454834
2021-01-11,5.870003700256348,65.34233093261719,2.2441964149475098,5.6093363761901855,11.086750030517578,8.576347351074219,41.68883514404297,6.6742119789123535,12.406429290771484,26.557353973388672
2021-01-12,5.845913410186768,65.04319763183594,2.208289384841919,5.722655773162842,11.863195419311523,8.617422103881836,41.74547576904297,6.966779708862305,12.552961349487305,27.357446670532227
2021-01-13,5.821822643280029,65.29959869384766,2.199312686920166,5.786870956420898,11.945319175720215,8.62563705444336,42.27413558959961,7.295919418334961,12.953484535217285,26.683687210083008
2021-01-14,5.71743106842041,65.17140197753906,2.217266082763672,5.730210781097412,11.631754875183105,8.461338996887207,41.82099914550781,7.058207035064697,12.93394660949707,26.346805572509766
2021-01-15,5.556829452514648,63.71839904785156,2.208289384841919,5.74909782409668,11.303257942199707,8.239538192749023,41.06576156616211,7.149634838104248,12.973021507263184,25.897634506225586
2021-01-18,5.613039493560791,64.0175552368164,2.235219955444336,6.0210652351379395,12.423130989074707,8.305256843566895,41.537784576416016,7.113063812255859,12.93394660949707,27.174972534179688
2021-01-19,5.637130260467529,63.504730224609375,2.217266082763672,5.9341864585876465,12.617243766784668,8.338115692138672,43.93564987182617,7.259348392486572,13.178167343139648,26.936349868774414
2021-01-20,5.556829452514648,64.1884994506836,2.199312686920166,5.9190778732299805,12.445528984069824,8.255967140197754,48.47648239135742,7.378203392028809,12.953484535217285,27.146894454956055
2021-01-21,5.556829452514648,62.99189376831055,2.2621500492095947,5.756652355194092,12.236486434936523,8.255967140197754,46.8055305480957,7.231919765472412,12.728800773620605,26.894235610961914
2021-01-22,5.39622688293457,63.20556640625,2.235219955444336,5.6055588722229,11.870660781860352,8.009520530700684,45.01185607910156,7.140491962432861,12.631113052368164,26.50120735168457
2021-01-25,5.267745494842529,62.778228759765625,2.217266082763672,5.59800386428833,12.087170600891113,7.845222473144531,43.16153335571289,7.067350387573242,12.406429290771484,26.78194236755371
2021-01-26,5.307896614074707,64.10302734375,2.2801036834716797,5.665996074676514,11.95278549194336,7.820578098297119,43.42586898803711,6.994207859039307,12.33804702758789,26.4029541015625
2021-01-27,5.091083526611328,63.590187072753906,2.109544515609741,5.4771294593811035,11.20620346069336,7.483766555786133,41.17905044555664,6.701639175415039,11.673765182495117,25.28002166748047
2021-01-28,5.227595806121826,63.54747009277344,2.1274983882904053,5.548899173736572,11.609356880187988,7.713784217834473,42.689510345458984,6.747354030609131,12.044981956481934,25.49057388305664
2021-01-29,5.123203754425049,61.496158599853516,2.163405656814575,5.420469760894775,10.74332332611084,7.64806604385376,41.66994857788086,6.610212326049805,11.83006763458252,25.406349182128906
2021-02-01,5.2115349769592285,61.11153793334961,2.190335988998413,5.405360698699951,11.810934066772461,7.787717819213867,41.68883514404297,6.756496906280518,11.732378959655762,26.4029541015625
2021-02-02,5.259715557098389,60.98332977294922,2.208289384841919,5.522457599639893,11.997579574584961,7.960231304168701,41.82099914550781,6.911922931671143,11.78122329711914,26.697721481323242
2021-02-03,5.43637752532959,60.7696533203125,2.2621500492095947,5.530012607574463,11.758673667907715,8.297041893005371,42.89720153808594,6.948493480682373,11.869142532348633,26.894235610961914
2021-02-04,5.364107131958008,61.15428161621094,2.226243019104004,5.590449333190918,11.975184440612793,8.149173736572266,44.03004837036133,7.049064636230469,11.917986869812012,26.627538681030273
2021-02-05,5.307896614074707,60.59872817993164,2.199312686920166,5.5149030685424805,11.713878631591797,8.017735481262207,43.539154052734375,6.994207859039307,11.878911972045898,26.094148635864258
2021-02-08,5.356076717376709,60.6842041015625,2.4147555828094482,5.6508870124816895,11.870660781860352,8.083455085754395,42.613990783691406,6.966779708862305,11.869142532348633,25.560752868652344
2021-02-09,5.484558582305908,60.17136764526367,2.3339643478393555,5.658441543579102,12.146896362304688,8.379190444946289,41.99092483520508,7.094778537750244,11.888680458068848,25.518644332885742
2021-02-10,5.476528644561768,60.89787673950195,2.3608949184417725,5.684883117675781,12.019978523254395,8.362761497497559,43.42586898803711,7.039921760559082,11.927755355834961,25.588829040527344
2021-02-11,5.380166530609131,59.87221908569336,2.2980570793151855,5.779316425323486,12.333542823791504,8.165602684020996,41.57554626464844,7.094778537750244,11.869142532348633,26.206438064575195
2021-02-12,5.331986427307129,58.93204879760742,2.2621500492095947,5.707546234130859,12.124499320983887,8.149173736572266,41.02800369262695,7.030778884887695,11.722610473632812,25.602861404418945
2021-02-15,5.380166530609131,59.231197357177734,2.2801036834716797,5.733988285064697,12.064773559570312,8.255967140197754,41.141292572021484,7.049064636230469,12.113363265991211,25.560752868652344
2021-02-16,5.227595806121826,58.16280746459961,2.2441964149475098,5.5602312088012695,11.736276626586914,8.00130558013916,41.424503326416016,6.939351558685303,11.898449897766113,25.055435180664062
2021-02-17,5.147294044494629,58.63289260864258,2.217266082763672,5.5602312088012695,12.438063621520996,7.845222473144531,41.972042083740234,6.857067108154297,11.917986869812012,26.17836570739746
2021-02-18,5.075023651123047,58.46195983886719,2.208289384841919,5.556453704833984,13.677390098571777,7.66449499130249,41.27345275878906,6.802210330963135,11.986369132995605,26.388914108276367
2021-02-19,5.171384334564209,58.50468826293945,2.190335988998413,5.575340270996094,14.334383964538574,7.754858493804932,41.613311767578125,6.802210330963135,12.01567554473877,26.4450626373291
2021-02-22,5.058963298797607,57.26536178588867,2.181359052658081,5.507348537445068,15.767823219299316,7.565916061401367,41.34897232055664,6.82049560546875,12.347816467285156,27.287263870239258
2021-02-23,5.010781764984131,56.53887176513672,2.1005680561065674,5.454465866088867,14.409041404724121,7.541271686553955,40.216129302978516,6.738210201263428,12.719032287597656,26.15029525756836
2021-02-24,4.826090335845947,55.89783477783203,2.0377304553985596,5.446911334991455,13.737114906311035,7.352329254150391,39.139923095703125,6.646783351898193,12.533424377441406,25.588829040527344
2021-02-25,4.962601661682129,55.8123664855957,2.0736374855041504,5.6131134033203125,13.289167404174805,7.459122180938721,38.913352966308594,6.619354724884033,13.080479621887207,25.26598358154297
2021-02-26,4.866240501403809,56.496124267578125,2.0018231868743896,5.5111260414123535,13.072659492492676,7.3276848793029785,36.87422561645508,6.518784999847412,13.178167343139648,24.325529098510742
2021-03-01,5.058963298797607,57.05169677734375,2.109544515609741,5.703769207000732,14.379179000854492,7.615205764770508,38.233646392822266,6.939351558685303,13.481001853942871,25.827449798583984
2021-03-02,5.058963298797607,58.20553207397461,2.172382116317749,5.703769207000732,14.379179000854492,7.55770206451416,37.45953369140625,7.067350387573242,14.467655181884766,26.936349868774414
2021-03-03,5.002752304077148,57.26536178588867,2.181359052658081,5.854862689971924,13.878968238830566,7.549485683441162,37.572811126708984,6.966779708862305,14.575112342834473,26.585430145263672
2021-03-04,5.0991129875183105,56.7952766418457,2.181359052658081,5.953073024749756,13.236907958984375,7.721998691558838,37.516170501708984,7.021636486053467,14.379735946655273,26.388914108276367
2021-03-05,5.075023651123047,58.034603118896484,2.208289384841919,5.971959590911865,13.229442596435547,7.5987749099731445,37.081912994384766,6.994207859039307,14.438347816467285,27.427629470825195
2021-03-08,4.914421558380127,57.137149810791016,2.1274983882904053,6.043729305267334,13.274238586425781,7.393404006958008,36.987510681152344,6.939351558685303,14.311352729797363,26.669647216796875
2021-03-09,4.922451972961426,58.333744049072266,2.154428720474243,6.194821834564209,13.15478515625,7.409833908081055,37.610572814941406,6.994207859039307,14.67280101776123,26.4029541015625
2021-03-10,4.978662014007568,58.88929748535156,2.1364753246307373,6.3459153175354,13.139851570129395,7.533056735992432,37.27072525024414,7.030778884887695,14.555574417114258,26.3187313079834
2021-03-11,4.898360729217529,60.128623962402344,2.0826144218444824,6.2552595138549805,13.401154518127441,7.360544204711914,38.063716888427734,7.058207035064697,14.409041404724121,27.034605026245117
2021-03-12,4.922451972961426,60.89787673950195,2.0556840896606445,6.3459153175354,13.39369010925293,7.3276848793029785,37.704978942871094,7.003351211547852,14.164820671081543,26.739831924438477
2021-03-15,4.858210563659668,60.89787673950195,2.0018231868743896,6.327028751373291,14.147737503051758,7.163386821746826,37.402889251708984,7.12220573425293,14.350427627563477,26.290660858154297
2021-03-16,4.890331268310547,61.75257110595703,2.0197768211364746,6.3459153175354,15.558777809143066,7.2783942222595215,36.987510681152344,7.140491962432861,14.399272918701172,27.427629470825195
2021-03-17,4.81002950668335,61.239749908447266,1.956939458847046,6.39879846572876,17.111669540405273,7.188031196594238,36.666534423828125,7.259348392486572,14.213665008544922,27.160932540893555
2021-03-18,4.898360729217529,61.239749908447266,1.9479626417160034,6.3459153175354,15.827547073364258,7.426262855529785,37.081912994384766,7.158777236938477,13.617765426635742,25.86956214904785
2021-03-19,4.753819465637207,61.538909912109375,1.8851250410079956,6.172158718109131,17.051944732666016,7.2783942222595215,36.6854133605957,7.039921760559082,13.471232414245605,25.967815399169922
2021-03-22,4.280043125152588,55.385009765625,1.6966124773025513,5.556453704833984,15.349736213684082,6.555484771728516,33.02254104614258,6.335929870605469,12.132902145385742,23.735984802246094
2021-03-23,3.8544485569000244,57.86365509033203,1.6607054471969604,5.817089557647705,15.640904426574707,5.906507968902588,33.72113037109375,6.46392822265625,11.927755355834961,24.891210556030273
2021-03-24,3.942779064178467,58.97478103637695,1.7145661115646362,6.160533905029297,15.95821762084961,5.914722919464111,35.023902893066406,6.747354030609131,12.709263801574707,26.246673583984375
2021-03-25,3.8945984840393066,60.128623962402344,1.6966124773025513,5.890071392059326,15.265054702758789,5.7422099113464355,33.79664993286133,6.601069927215576,12.37712287902832,24.829601287841797
2021-03-26,3.886693239212036,61.538909912109375,1.6607054471969604,5.9244160652160645,14.687413215637207,5.651846885681152,32.984771728515625,6.756496906280518,12.367353439331055,24.10565757751465
2021-03-29,3.9196317195892334,60.59872817993164,1.8222874402999878,6.272153377532959,14.24841022491455,5.660060882568359,32.682682037353516,6.774782180786133,12.19151496887207,24.382911682128906
2021-03-30,3.886693239212036,61.11153793334961,1.7325196266174316,6.392358779907227,15.226544380187988,5.569697380065918,33.041419982910156,6.729068279266357,12.416197776794434,26.23126983642578
2021-03-31,3.861989736557007,60.34231185913086,1.7145661115646362,6.551201820373535,14.887664794921875,5.495763778686523,33.041419982910156,6.655925750732422,12.455273628234863,25.491926193237305
2021-04-01,4.026679992675781,60.385040283203125,1.7235430479049683,6.555494785308838,15.704056739807129,5.758639812469482,34.2120361328125,6.783924579620361,12.699494361877441,25.89240264892578
2021-04-02,4.026679992675781,60.6842041015625,1.7235430479049683,6.503978252410889,15.719462394714355,5.7750701904296875,36.137874603271484,6.756496906280518,12.611574172973633,26.0926456451416
2021-04-05,4.026679992675781,60.2140998840332,1.813310980796814,6.632769584655762,15.773371696472168,5.790614604949951,35.87354278564453,6.829638481140137,12.758108139038086,26.12344741821289
2021-04-06,3.969038724899292,58.846580505371094,1.7235430479049683,6.615598201751709,15.164928436279297,5.698300361633301,35.34487533569336,6.756496906280518,12.465042114257812,25.707571029663086
2021-04-07,3.9937422275543213,58.93204879760742,1.7684268951416016,6.710044860839844,15.057103157043457,5.740261554718018,35.34487533569336,6.756496906280518,12.552961349487305,25.76917839050293
2021-04-08,3.9525697231292725,59.31666564941406,1.7325196266174316,6.800199508666992,14.864558219909668,5.673124313354492,36.74205780029297,6.802210330963135,12.240358352661133,25.44571876525879
2021-04-09,3.9196317195892334,58.93204879760742,1.687635898590088,7.001972198486328,14.425553321838379,5.572417259216309,35.571449279785156,6.665069103240967,11.663996696472168,24.87580680847168
2021-04-12,3.8702242374420166,59.01750564575195,1.6337751150131226,7.040609836578369,14.17138957977295,5.555633068084717,36.81758499145508,6.628498077392578,11.693304061889648,24.028644561767578
2021-04-13,3.9196317195892334,59.27392578125,1.6068446636199951,7.336831092834473,14.502570152282715,5.622770309448242,35.66585159301758,6.564498424530029,11.654229164123535,23.643569946289062
2021-04-14,4.067852973937988,59.231197357177734,1.6786589622497559,7.521432399749756,14.440957069396973,5.866144180297852,35.70361328125,6.7199249267578125,11.654229164123535,23.905420303344727
2021-04-15,4.158432960510254,59.102989196777344,1.651728630065918,7.7403788566589355,13.693879127502441,6.134694576263428,35.38263702392578,6.756496906280518,11.624920845031738,23.45873260498047
2021-04-16,4.092555999755859,58.718360900878906,1.6966124773025513,7.873463153839111,14.263814926147461,6.109518527984619,35.70361328125,6.7199249267578125,11.38070011138916,23.75139045715332
2021-04-19,3.9525697231292725,57.69271469116211,1.669682264328003,7.796187400817871,13.501330375671387,5.874536514282227,34.2120361328125,6.646783351898193,11.331856727600098,23.058258056640625
2021-04-20,4.0184454917907715,56.11151123046875,1.651728630065918,7.826239585876465,13.60145378112793,5.950066566467285,33.72113037109375,6.601069927215576,10.902027130126953,23.150672912597656
2021-04-21,4.0184454917907715,56.06877899169922,1.6247984170913696,7.658810138702393,12.939096450805664,5.840967655181885,32.739322662353516,6.518784999847412,10.648037910461426,22.072465896606445
2021-04-22,4.010210990905762,56.367916107177734,1.615821361541748,7.723206043243408,12.969903945922852,5.933282375335693,32.984771728515625,6.628498077392578,11.00948429107666,22.04166030883789
2021-04-26,4.034914493560791,56.453392028808594,1.6337751150131226,8.294181823730469,13.401206970214844,5.992027282714844,34.15538787841797,6.692497253417969,11.458850860595703,22.611570358276367
2021-04-27,3.9937422275543213,57.094425201416016,1.6247984170913696,8.349991798400879,13.732386589050293,5.975242614746094,35.17495346069336,6.729068279266357,11.654229164123535,23.2893009185791
2021-04-28,3.9937422275543213,56.667076110839844,1.6427518129348755,8.1310453414917,13.755492210388184,5.975242614746094,34.457481384277344,6.729068279266357,11.732378959655762,22.98124122619629
2021-04-29,4.0184454917907715,56.75254440307617,1.6427518129348755,8.268424034118652,13.647665977478027,6.067557334899902,35.06166458129883,6.783924579620361,11.703072547912598,23.166078567504883
2021-04-30,4.0184454917907715,55.55595016479492,1.6337751150131226,8.17397689819336,13.539839744567871,6.050772666931152,34.268672943115234,6.866209030151367,11.947293281555176,22.98124122619629
2021-05-03,4.109025478363037,56.19697952270508,1.6607054471969604,8.139631271362305,13.39350700378418,6.185047626495361,34.910621643066406,7.067350387573242,12.621343612670898,22.76559829711914
2021-05-04,4.067852973937988,55.29953384399414,1.6427518129348755,8.435853004455566,13.008413314819336,6.101125717163086,34.268672943115234,6.985065460205078,12.328278541564941,22.488346099853516
2021-05-05,4.067852973937988,55.89783477783203,1.6533807516098022,8.345699310302734,13.632264137268066,6.084341526031494,35.43928527832031,6.975922584533691,12.308740615844727,22.14948081970215
2021-05-06,4.117259979248047,56.496124267578125,1.6442961692810059,8.500248908996582,13.593753814697266,6.201832294464111,34.81621551513672,6.957637310028076,12.631113052368164,21.625782012939453
2021-05-07,4.240777969360352,55.29953384399414,1.671549677848816,8.47449016571045,14.017354965209961,6.478774547576904,34.64628982543945,6.948493480682373,12.689725875854492,22.04166030883789
2021-05-10,4.249011993408203,56.32518005371094,1.7442257404327393,8.775005340576172,13.863317489624023,6.5710883140563965,34.81621551513672,7.049064636230469,13.060941696166992,23.012046813964844
2021-05-11,4.150197982788086,55.47047805786133,1.6988033056259155,8.629040718078613,13.76319408416748,6.4452056884765625,34.7784538269043,7.003351211547852,13.041403770446777,22.688583374023438
2021-05-12,4.141963958740234,55.4277458190918,1.6897188425064087,8.581817626953125,13.632264137268066,6.4452056884765625,35.005027770996094,7.012494087219238,13.080479621887207,22.76559829711914
2021-05-17,4.232542991638184,56.06877899169922,1.7533104419708252,8.34140682220459,13.439715385437012,6.680187225341797,35.023902893066406,7.158777236938477,13.051172256469727,22.22649574279785
2021-05-18,4.281949996948242,56.11151123046875,1.7805639505386353,8.307062149047852,13.83250904083252,6.780893325805664,35.36376190185547,7.36906099319458,13.041403770446777,22.33431625366211
2021-05-20,4.364295482635498,55.53850173950195,1.7805639505386353,7.972202777862549,13.439715385437012,6.906776428222656,34.81621551513672,7.378203392028809,13.266087532043457,22.08786964416504
2021-05-21,4.3148884773254395,55.45033264160156,1.7805639505386353,8.032305717468262,13.262572288513184,6.8480305671691895,34.853973388671875,7.323347568511963,13.178167343139648,22.134077072143555
2021-05-24,4.29018497467041,55.097713470458984,1.798732876777649,8.255544662475586,13.077729225158691,6.780893325805664,34.30643081665039,7.359918117523193,13.15863037109375,21.81061553955078
2021-05-25,4.1996049880981445,54.08390808105469,1.6806343793869019,7.933566093444824,12.761954307556152,6.545912265777588,33.26799392700195,7.158777236938477,12.601805686950684,21.317720413208008
2021-05-26,4.30665397644043,54.43653106689453,1.7260568141937256,8.191149711608887,12.993010520935059,6.822854518890381,33.588966369628906,7.268490314483643,12.748339653015137,21.548765182495117
2021-05-27,4.249011993408203,53.29050827026367,1.7169722318649292,8.096702575683594,13.27027702331543,6.680187225341797,33.53232192993164,7.186206340789795,12.748339653015137,21.749004364013672
2021-05-28,4.273715972900391,56.64045333862305,1.7078877687454224,8.24695873260498,13.247171401977539,6.696971416473389,33.21134948730469,7.250205039978027,12.67995548248291,22.257301330566406
2021-05-31,4.281949996948242,56.37598419189453,1.7714794874191284,8.255544662475586,13.39350700378418,6.705363750457764,32.70156478881836,7.234548568725586,13.012097358703613,22.34971809387207
2021-06-01,4.372529983520508,56.464134216308594,1.7533104419708252,8.332819938659668,13.262572288513184,6.797678470611572,32.682682037353516,7.309226989746094,13.178167343139648,22.164886474609375
2021-06-02,4.339591979980469,55.494415283203125,1.7533104419708252,8.255544662475586,13.439715385437012,6.764110088348389,32.56939697265625,7.290557384490967,13.334468841552734,22.904226303100586
2021-06-03,4.331357479095459,54.348384857177734,1.7623950242996216,8.182562828063965,13.447419166564941,6.747324466705322,32.380592346191406,7.495925426483154,13.666608810424805,23.2122859954834
2021-06-04,4.3478264808654785,54.8332405090332,1.7714794874191284,8.11816692352295,13.786298751831055,6.797678470611572,32.399471282958984,7.533264636993408,13.7154541015625,23.304702758789062
2021-06-07,4.430171966552734,54.61285400390625,1.8078173398971558,8.204028129577637,13.616859436035156,6.957129001617432,32.456111907958984,7.645283222198486,13.949906349182129,23.474138259887695
2021-06-08,4.446640968322754,54.65693283081055,1.8078173398971558,8.165390968322754,13.63996410369873,6.965522289276123,32.24842834472656,7.635948657989502,14.145282745361328,23.35091209411621
2021-06-09,4.487813472747803,55.22994613647461,1.853239893913269,8.165390968322754,13.978843688964844,7.01587438583374,32.210662841796875,7.598609447479248,14.223433494567871,23.658971786499023
2021-06-10,4.545454978942871,55.274024963378906,1.9622540473937988,8.182562828063965,13.824808120727539,7.116580963134766,32.380592346191406,7.635948657989502,14.09643840789795,24.35210609436035
2021-06-11,4.5372209548950195,55.626644134521484,2.016761302947998,8.242666244506836,14.202201843261719,7.099797248840332,32.17290496826172,7.579939842224121,14.252740859985352,24.244287490844727
2021-06-14,4.512516975402832,56.77268600463867,1.9804229736328125,8.34140682220459,13.770895957946777,7.01587438583374,31.625356674194336,7.570603847503662,14.2820463180542,24.028644561767578
2021-06-15,4.528985977172852,56.59635925292969,1.9895076751708984,8.186856269836426,13.493632316589355,7.06622838973999,31.34214973449707,7.561269760131836,14.155051231384277,23.597360610961914
2021-06-16,4.471343994140625,57.257537841796875,2.016761302947998,8.126752853393555,13.609158515930176,7.01587438583374,31.455434799194336,7.579939842224121,13.988981246948242,23.25849723815918
2021-06-17,4.331357479095459,56.464134216308594,1.9259158372879028,8.032305717468262,13.254870414733887,6.873207092285156,31.58759880065918,7.551935195922852,14.321122169494629,23.150672912597656
2021-06-18,4.331357479095459,55.979278564453125,1.8714088201522827,7.637345314025879,13.116238594055176,6.8480305671691895,31.096694946289062,7.402575969696045,14.203895568847656,22.257301330566406
2021-06-21,4.364295482635498,56.9049186706543,1.9350005388259888,7.809067249298096,13.216361999511719,6.873207092285156,30.68132209777832,7.421245574951172,14.252740859985352,22.750198364257812
2021-06-22,4.421937465667725,56.50821304321289,1.9531694650650024,7.817652702331543,13.293381690979004,6.982306480407715,31.058937072753906,7.4305806159973145,14.41880989074707,23.859210968017578
2021-06-23,4.397233963012695,55.40625762939453,1.916831374168396,7.718912601470947,13.224064826965332,6.940345764160156,31.34214973449707,7.477255821228027,14.223433494567871,23.3817195892334
2021-06-24,4.438405990600586,55.67073440551758,1.9259158372879028,7.821946144104004,13.254870414733887,6.999091148376465,31.266624450683594,7.402575969696045,14.27227783203125,23.412525177001953
2021-06-25,4.397233963012695,54.70100402832031,1.8623243570327759,7.787601947784424,12.88518238067627,6.881599426269531,31.07781410217285,7.3185625076293945,13.949906349182129,23.2893009185791
2021-06-28,4.388998985290527,55.009559631347656,1.7623950242996216,7.800480365753174,12.823568344116211,6.864816188812256,30.34146499633789,7.234548568725586,13.539613723754883,22.888822555541992
2021-06-29,4.380764484405518,55.80296325683594,1.7442257404327393,7.843411445617676,13.13934326171875,6.923561096191406,30.37922477722168,7.225212574005127,13.080479621887207,22.842615127563477
2021-06-30,4.3478264808654785,54.78916549682617,1.6988033056259155,7.727499008178711,13.108538627624512,6.965522289276123,30.68132209777832,7.131864070892334,13.060941696166992,22.750198364257812
2021-07-01,4.430171966552734,54.56877899169922,1.7169722318649292,7.7403788566589355,13.324189186096191,7.091404914855957,30.586915969848633,7.24388313293457,13.432157516479492,23.10446548461914
2021-07-02,4.388998985290527,55.05363464355469,1.7169722318649292,7.800480365753174,13.416610717773438,7.049443244934082,30.700197219848633,7.20654296875,13.422388076782227,24.10565757751465
2021-07-05,4.479579448699951,55.185874938964844,1.7260568141937256,7.821946144104004,13.401206970214844,7.250856876373291,30.926769256591797,7.234548568725586,13.793603897094727,24.16727066040039
2021-07-06,4.421937465667725,54.92140197753906,1.7078877687454224,7.736085891723633,13.100835800170898,7.225679874420166,31.568716049194336,7.24388313293457,13.559152603149414,24.2288818359375
2021-07-07,4.430171966552734,55.185874938964844,1.7260568141937256,7.7403788566589355,13.370401382446289,7.326385498046875,32.456111907958984,7.309226989746094,13.52984619140625,24.244287490844727
2021-07-08,4.380764484405518,54.96548080444336,1.6897188425064087,7.538604736328125,13.316486358642578,7.183719158172607,31.58759880065918,7.169203758239746,13.344237327575684,23.782196044921875
2021-07-09,4.380764484405518,55.758880615234375,1.6806343793869019,7.748963832855225,13.432015419006348,7.158542633056641,31.927452087402344,7.20654296875,13.256318092346191,23.720584869384766
2021-07-12,4.35606050491333,54.039833068847656,1.6442961692810059,7.809067249298096,13.301082611083984,7.250856876373291,31.00229263305664,7.094523906707764,12.93394660949707,23.35091209411621
2021-07-13,4.3148884773254395,53.95167541503906,1.6261272430419922,7.693154811859131,13.000709533691406,7.091404914855957,31.398784637451172,7.047850131988525,12.7971830368042,23.181480407714844
2021-07-14,4.35606050491333,54.3924674987793,1.6442961692810059,7.809067249298096,13.516736030578613,7.074620723724365,31.417667388916016,7.094523906707764,12.777645111083984,23.443330764770508
2021-07-16,4.3148884773254395,54.43653106689453,1.635211706161499,7.770429611206055,13.231768608093262,7.007483005523682,32.097381591796875,7.038515090942383,12.777645111083984,23.720584869384766
2021-07-19,4.249011993408203,53.863521575927734,1.6261272430419922,7.693154811859131,13.085433006286621,6.940345764160156,31.833045959472656,6.954500675201416,12.435735702514648,23.35091209411621
2021-07-26,4.224308967590332,54.216148376464844,1.6442961692810059,7.744671821594238,13.031518936157227,6.839638710021973,31.719762802124023,6.963835716247559,12.025444984436035,24.04404640197754
2021-07-27,4.232542991638184,54.43653106689453,1.6533807516098022,7.933566093444824,13.039220809936523,6.881599426269531,31.58759880065918,6.991840362548828,12.259897232055664,24.52153968811035
2021-07-28,4.1996049880981445,54.216148376464844,1.6442961692810059,8.040891647338867,12.977605819702148,6.881599426269531,32.11626434326172,6.973170757293701,12.269665718078613,24.860403060913086
2021-07-29,4.29018497467041,55.84703826904297,1.671549677848816,8.58611011505127,13.16244888305664,6.999091148376465,32.53163528442383,7.150534152984619,12.484579086303711,25.276283264160156
2021-07-30,4.331357479095459,55.891109466552734,1.6533807516098022,8.58611011505127,13.308786392211914,7.150150299072266,32.1917839050293,7.0851898193359375,12.435735702514648,25.245479583740234
2021-08-02,4.364295482635498,55.626644134521484,1.6442961692810059,8.457318305969238,13.40890884399414,7.175327301025391,32.097381591796875,7.20654296875,12.57249927520752,26.046432495117188
2021-08-03,4.405468463897705,56.50821304321289,1.635211706161499,8.611867904663086,13.493632316589355,7.435484409332275,32.456111907958984,7.271886825561523,12.33804702758789,28.15664291381836
2021-08-04,4.463109970092773,55.891109466552734,1.6442961692810059,8.551765441894531,13.416610717773438,7.636897087097168,32.49387741088867,7.281222820281982,12.33804702758789,29.28106117248535
2021-08-05,4.545454978942871,56.42005157470703,1.6442961692810059,8.749244689941406,13.894124984741211,7.771172046661377,32.56939697265625,7.346566677093506,12.465042114257812,28.942195892333984
2021-08-06,4.471343994140625,56.860836029052734,1.6533807516098022,8.92955493927002,13.65536880493164,7.745995044708252,32.49387741088867,7.467920780181885,12.533424377441406,29.666135787963867
2021-08-09,4.454875469207764,56.94899368286133,1.6897188425064087,8.809349060058594,13.362696647644043,7.670466423034668,32.154022216796875,7.635948657989502,12.494348526000977,30.20524024963379
2021-08-10,4.520750999450684,60.343013763427734,1.6806343793869019,8.461610794067383,13.432015419006348,7.645288944244385,33.21134948730469,7.831981658935547,12.33804702758789,31.360462188720703
2021-08-11,4.413702487945557,59.94631576538086,1.662465214729309,8.186856269836426,13.216361999511719,7.511013984680176,33.26799392700195,7.785306930541992,11.927755355834961,31.683921813964844
2021-08-12,4.520750999450684,61.797584533691406,1.671549677848816,8.487370491027832,13.770895957946777,7.796350002288818,34.70293045043945,7.859986305236816,12.142670631408691,32.03818893432617
2021-08-13,4.512516975402832,61.22457504272461,1.671549677848816,8.47449016571045,13.963441848754883,7.779565811157227,35.1371955871582,8.112028121948242,12.132902145385742,32.77753829956055
2021-08-16,4.644268989562988,61.66535186767578,1.6897188425064087,8.388629913330078,13.678474426269531,7.888662338256836,34.24979019165039,8.065353393554688,12.318510055541992,31.43747329711914
2021-08-17,4.668972492218018,61.268638610839844,1.6806343793869019,8.34140682220459,13.755492210388184,7.939016342163086,34.60852813720703,8.149368286132812,12.15243911743164,31.637714385986328
2021-08-18,4.627799987792969,61.44496536254883,1.671549677848816,8.165390968322754,13.347294807434082,7.9054484367370605,34.24979019165039,8.093358993530273,11.917986869812012,31.268041610717773
2021-08-19,4.58662748336792,62.67914962768555,1.671549677848816,7.963617324829102,13.16244888305664,7.796350002288818,34.24979019165039,8.112028121948242,11.908217430114746,31.329652786254883
2021-08-20,4.6030964851379395,62.85547637939453,1.6806343793869019,8.002254486083984,13.154748916625977,7.8634867668151855,34.2120361328125,8.121363639831543,11.976600646972656,31.06780433654785
2021-08-23,4.693676471710205,63.825191497802734,1.6897188425064087,8.002254486083984,13.085433006286621,8.014546394348145,34.30643081665039,8.429414749145508,12.20128345489502,30.867565155029297
2021-08-24,4.701910972595215,64.70675659179688,1.6988033056259155,7.997961044311523,13.054624557495117,8.014546394348145,34.363075256347656,8.345401763916016,12.513887405395508,30.728940963745117
2021-08-25,4.693676471710205,64.398193359375,1.671549677848816,7.967909812927246,13.085433006286621,7.997762203216553,33.79664993286133,8.336066246032715,12.211051940917969,30.744340896606445
2021-08-26,4.685441970825195,64.88306427001953,1.6533807516098022,7.899220943450928,12.90829086303711,7.922232151031494,33.15470504760742,8.233381271362305,12.494348526000977,30.85216522216797
2021-08-27,4.718380451202393,63.64888000488281,1.6533807516098022,8.032305717468262,13.000709533691406,8.02293872833252,32.947017669677734,8.373405456542969,12.386892318725586,31.79174041748047
2021-08-31,4.850131988525391,63.34032440185547,1.671549677848816,8.062357902526855,13.231768608093262,8.291488647460938,32.890377044677734,8.308061599731445,12.386892318725586,32.361656188964844
2021-09-01,4.841897487640381,63.472572326660156,1.662465214729309,7.937858581542969,13.100835800170898,8.249526977539062,33.305755615234375,8.214712142944336,12.601805686950684,32.88535690307617
2021-09-02,4.86660099029541,63.737030029296875,1.6897188425064087,7.9035139083862305,13.116238594055176,8.274704933166504,33.192466735839844,8.270721435546875,12.601805686950684,33.054786682128906
2021-09-03,4.850131988525391,62.67914962768555,1.6897188425064087,7.774723052978516,13.100835800170898,8.241134643554688,33.116947174072266,8.177373886108398,12.582268714904785,32.51568603515625
2021-09-06,4.86660099029541,62.546905517578125,1.7078877687454224,7.83482551574707,13.085433006286621,8.316665649414062,33.079185485839844,8.149368286132812,12.650650024414062,33.54768371582031
2021-09-07,4.80072546005249,61.40088653564453,1.6806343793869019,7.7532572746276855,12.88518238067627,8.165605545043945,32.56939697265625,8.046684265136719,12.357583999633789,33.96356201171875
2021-09-08,4.644268989562988,61.268638610839844,1.662465214729309,7.697448253631592,12.769655227661133,7.897054672241211,31.908571243286133,8.01867961883545,12.132902145385742,34.071388244628906
2021-09-09,4.726614475250244,61.3568229675293,1.6988033056259155,7.75754976272583,13.062326431274414,8.02293872833252,32.097381591796875,8.074688911437988,12.33804702758789,35.95054626464844
2021-09-10,4.644268989562988,60.65155792236328,1.6897188425064087,7.697448253631592,13.185556411743164,7.964193344116211,31.625356674194336,7.972005367279053,12.12313175201416,36.274009704589844
2021-09-13,4.652503490447998,60.122615814208984,1.671549677848816,7.7532572746276855,13.093132019042969,7.8802714347839355,31.266624450683594,8.02801513671875,12.142670631408691,36.10457992553711
2021-09-14,4.652503490447998,59.46145248413086,1.6806343793869019,7.628759384155273,13.000709533691406,8.02293872833252,31.417667388916016,7.934665679931641,12.15243911743164,37.259803771972656
2021-09-15,4.57839298248291,59.68183517456055,1.662465214729309,7.461328983306885,12.815865516662598,7.913840293884277,31.304384231567383,7.822647571563721,11.976600646972656,37.044158935546875
2021-09-16,4.561924457550049,60.16669845581055,1.662465214729309,7.345417499542236,12.88518238067627,7.972585201263428,30.8134822845459,7.775972366333008,12.181745529174805,36.28941345214844
2021-09-17,4.5701584815979,61.40088653564453,1.6533807516098022,7.315366268157959,12.79276180267334,7.8802714347839355,30.68132209777832,7.775972366333008,12.4259672164917,36.951744079589844
2021-09-20,4.405468463897705,59.59368133544922,1.6170427799224854,7.079247951507568,12.723443984985352,7.620112895965576,30.416988372802734,7.654618263244629,12.513887405395508,36.87472915649414
2021-09-21,4.430171966552734,59.3733024597168,1.6079583168029785,6.894646167755127,12.33065128326416,7.70403528213501,30.20929718017578,7.626613616943359,12.748339653015137,36.443443298339844
2021-09-22,4.512516975402832,59.99039077758789,1.6261272430419922,7.255262851715088,12.500091552734375,7.9558000564575195,31.07781410217285,7.635948657989502,12.885102272033691,37.42923355102539
2021-09-23,4.364295482635498,58.3594970703125,1.6533807516098022,7.276728630065918,12.523197174072266,7.70403528213501,31.606475830078125,7.691957473754883,13.021865844726562,38.399620056152344
2021-09-24,4.232542991638184,57.213462829589844,1.6261272430419922,7.238090991973877,12.307544708251953,7.401916027069092,30.3603458404541,7.645283222198486,13.305163383483887,38.507442474365234
2021-09-27,4.273715972900391,56.64045333862305,1.6170427799224854,7.229504585266113,12.45388126373291,7.485837936401367,30.020488739013672,7.617279052734375,13.217242240905762,38.44582748413086
2021-09-28,4.257246494293213,55.53850173950195,1.6170427799224854,7.130764484405518,12.315247535705566,7.418700695037842,30.303699493408203,7.486590385437012,13.461463928222656,38.54594802856445
2021-09-29,4.3148884773254395,56.55229568481445,1.6170427799224854,7.070661544799805,12.399967193603516,7.603329181671143,30.114892959594727,7.626613616943359,13.461463928222656,38.1685791015625
2021-09-30,4.388998985290527,56.331905364990234,1.6261272430419922,7.1479363441467285,12.86977767944336,7.754387855529785,29.756160736083984,7.645283222198486,13.627534866333008,40.04773712158203
2021-10-01,4.364295482635498,55.714805603027344,1.6079583168029785,7.156522750854492,12.530899047851562,7.787956714630127,29.92608642578125,7.645283222198486,13.72522258758545,39.81669616699219
2021-10-04,4.3478264808654785,54.96548080444336,1.6261272430419922,7.01055908203125,12.322948455810547,7.737604141235352,29.92608642578125,7.598609447479248,13.549383163452148,39.277591705322266
2021-10-05,4.339591979980469,54.74508285522461,1.6170427799224854,6.933283805847168,11.95326042175293,7.787956714630127,30.17153549194336,7.561269760131836,13.7154541015625,38.4304313659668
2021-10-06,4.298418998718262,53.95167541503906,1.5988736152648926,6.933283805847168,11.706801414489746,7.737604141235352,29.623991012573242,7.383906364440918,13.393082618713379,38.507442474365234
2021-10-07,4.3478264808654785,54.17207336425781,1.6170427799224854,7.281020641326904,11.837733268737793,7.8802714347839355,30.001611709594727,7.486590385437012,13.793603897094727,39.39311218261719
2021-10-08,4.331357479095459,54.52469253540039,1.6170427799224854,7.328244209289551,11.883943557739258,7.804740905761719,29.699514389038086,7.486590385437012,13.764298439025879,39.81669616699219
2021-10-11,4.380764484405518,55.40625762939453,1.6261272430419922,7.538604736328125,12.430773735046387,7.922232151031494,30.058252334594727,7.579939842224121,13.871755599975586,40.50982666015625
2021-10-12,4.372529983520508,54.92140197753906,1.662465214729309,7.568655490875244,12.4384765625,7.972585201263428,29.850563049316406,7.579939842224121,13.67637825012207,40.740875244140625
2021-10-13,4.323122978210449,54.26022720336914,1.6533807516098022,7.461328983306885,13.678474426269531,7.871879577636719,29.68063735961914,7.589273929595947,13.93036937713623,42.62773513793945
2021-10-14,4.323122978210449,53.29050827026367,1.671549677848816,7.534311294555664,13.116238594055176,7.771172046661377,29.472946166992188,7.570603847503662,13.969444274902344,43.128334045410156
2021-10-15,4.232542991638184,53.4227409362793,1.7078877687454224,7.654516696929932,12.738850593566895,7.4942307472229,29.529592514038086,7.523930072784424,14.30158519744873,42.97430419921875
2021-10-18,4.183135986328125,53.51089859008789,1.7442257404327393,7.813360691070557,12.815865516662598,7.3851318359375,29.718395233154297,7.617279052734375,14.23320198059082,43.74445724487305
2021-10-19,4.30665397644043,54.039833068847656,1.7351412773132324,7.774723052978516,13.108538627624512,7.578151226043701,30.68132209777832,7.607943534851074,13.988981246948242,43.74445724487305
2021-10-20,4.364295482635498,53.68721008300781,1.7442257404327393,7.830532550811768,13.616859436035156,7.645288944244385,30.6435546875,7.617279052734375,13.481001853942871,43.397884368896484
2021-10-21,4.380764484405518,54.56877899169922,1.7623950242996216,8.092409133911133,14.525674819946289,7.544582843780518,31.625356674194336,7.803976535797119,13.647071838378906,44.01400375366211
2021-10-22,4.487813472747803,54.92140197753906,1.7805639505386353,8.307062149047852,14.402446746826172,7.653681755065918,32.229549407958984,7.972005367279053,13.813142776489258,44.86117172241211
2021-10-25,4.561924457550049,54.17207336425781,1.789648413658142,8.427267074584961,14.525674819946289,7.620112895965576,32.51275634765625,8.009345054626465,13.949906349182129,46.01639175415039
2021-10-26,4.59486198425293,54.78916549682617,1.789648413658142,8.58611011505127,14.556482315063477,7.754387855529785,33.286869049072266,8.168037414550781,14.360198020935059,44.97669219970703
2021-10-27,4.759552478790283,55.626644134521484,1.789648413658142,8.487370491027832,14.494868278503418,8.02293872833252,32.90925598144531,8.196043014526367,14.506731033325195,45.053707122802734
2021-10-28,4.8254289627075195,54.78916549682617,1.789648413658142,8.453025817871094,14.2946195602417,8.266312599182129,33.230224609375,8.084024429321289,14.623956680297852,45.28474807739258
2021-11-01,4.899538993835449,56.42005157470703,1.8441554307937622,8.457318305969238,14.826048851013184,8.501294136047363,32.947017669677734,7.9626688957214355,14.926790237426758,44.822662353515625
2021-11-02,4.998353481292725,56.464134216308594,1.8441554307937622,8.195442199707031,14.872258186340332,8.526470184326172,32.588279724121094,8.046684265136719,15.131936073303223,43.28236770629883
2021-11-03,5.105401992797852,56.9049186706543,1.8078173398971558,8.13533878326416,15.557724952697754,8.711098670959473,33.041419982910156,8.168037414550781,15.219855308532715,43.667442321777344
2021-11-04,5.204216957092285,58.139102935791016,1.8623243570327759,8.113874435424805,15.51150894165039,8.769843101501465,33.947696685791016,8.28939151763916,16.57772445678711,43.89848327636719
2021-11-05,5.212451457977295,57.78647994995117,1.8714088201522827,8.070942878723145,15.357477188110352,8.904118537902832,33.909934997558594,8.224047660827637,17.24200439453125,44.43758773803711
2021-11-08,5.245388984680176,59.241058349609375,1.9077469110488892,8.388629913330078,15.349771499633789,9.046786308288574,35.45816421508789,8.373405456542969,17.63275909423828,45.78535079956055
2021-11-09,5.187747955322266,57.874637603759766,1.9259158372879028,8.427267074584961,15.73486328125,8.878942489624023,35.477046966552734,8.672122955322266,17.740217208862305,47.056095123291016
2021-11-10,5.270092964172363,58.53581237792969,1.916831374168396,8.307062149047852,15.673251152038574,9.0048246383667,36.34556198120117,8.933500289916992,17.710908889770508,46.825050354003906
2021-11-11,5.187747955322266,58.3594970703125,1.853239893913269,8.345699310302734,16.13536262512207,8.895727157592773,36.005706787109375,8.840150833129883,17.310388565063477,47.094600677490234
2021-11-12,5.2206854820251465,58.88843536376953,1.8714088201522827,8.401509284973145,16.48964500427246,8.878942489624023,36.93086624145508,8.924164772033691,17.4080753326416,47.98027420043945
2021-11-15,5.739460468292236,59.241058349609375,1.9804229736328125,8.65479850769043,16.967159271240234,9.760123252868652,37.591697692871094,9.278890609741211,17.202930450439453,48.480873107910156
2021-11-16,5.788867473602295,58.491729736328125,1.8986624479293823,8.37145709991455,16.351011276245117,10.129379272460938,38.894474029541016,9.297561645507812,17.251773834228516,47.749229431152344
2021-11-17,5.854743957519531,59.49159240722656,1.9804229736328125,8.646212577819824,17.144304275512695,9.986712455749512,39.36648941040039,9.726966857910156,17.574146270751953,48.78892517089844
2021-11-18,5.970026969909668,60.85503387451172,1.9531694650650024,9.024002075195312,17.367656707763672,10.272046089172363,39.857391357421875,10.371074676513672,17.58391571044922,49.25101852416992
2021-11-19,5.953557968139648,60.67325210571289,1.9804229736328125,9.118449211120605,17.463191986083984,10.112595558166504,39.78186798095703,10.501763343811035,16.694950103759766,49.63609313964844
2021-11-22,5.920619964599609,61.445858001708984,1.9895076751708984,9.255826950073242,18.199312210083008,10.020279884338379,40.083961486816406,10.464424133300781,17.22246742248535,53.44832992553711
2021-11-23,5.681818962097168,61.854896545410156,1.9713385105133057,9.908370971679688,18.59869384765625,9.709768295288086,39.64970397949219,11.155206680297852,18.287269592285156,57.876686096191406
2021-11-24,5.747694969177246,62.71841049194336,2.016761302947998,9.874027252197266,18.32460594177246,9.927967071533203,41.2168083190918,11.192545890808105,18.531492233276367,57.76116180419922
2021-11-25,5.632411479949951,62.67296600341797,2.007676839828491,9.942715644836426,19.060726165771484,9.852437973022461,40.97135925292969,11.127202033996582,18.34588623046875,61.188316345214844
2021-11-26,5.443017959594727,62.809295654296875,2.016761302947998,9.650787353515625,18.716157913208008,9.60067081451416,41.537784576416016,11.14587116241455,16.597261428833008,60.610713958740234
2021-11-29,5.434782981872559,63.127437591552734,2.0530991554260254,9.805337905883789,19.303485870361328,9.56710147857666,40.593746185302734,11.4725923538208,16.919633865356445,63.53727340698242
2021-11-30,5.3689069747924805,63.082000732421875,2.0349302291870117,9.676546096801758,19.264331817626953,9.58388614654541,40.23501205444336,11.715300559997559,16.821945190429688,66.27131652832031
2021-12-01,5.5418314933776855,63.76371765136719,2.071268320083618,9.848268508911133,19.264331817626953,9.768514633178711,40.386051177978516,12.107366561889648,17.98443603515625,67.46502685546875
2021-12-02,5.607707977294922,63.718257904052734,2.143944263458252,10.045748710632324,19.851659774780273,9.776907920837402,40.31052780151367,12.434086799621582,17.828136444091797,69.81399536132812
2021-12-03,5.665349960327148,63.536468505859375,2.153028726577759,10.2174711227417,20.360673904418945,9.785299301147461,40.027320861816406,12.368743896484375,18.10166358947754,70.58415222167969
2021-12-06,5.920619964599609,66.35425567626953,2.1621134281158447,10.157368659973145,19.898643493652344,9.936359405517578,40.44269561767578,12.452757835388184,18.257966995239258,68.54325103759766
2021-12-07,5.937089443206787,70.49003601074219,2.1802823543548584,10.921531677246094,20.211885452270508,9.927967071533203,40.763671875,13.694299697875977,18.756175994873047,70.46862030029297
2021-12-08,6.101778984069824,69.21748352050781,2.3074653148651123,10.870015144348145,20.172733306884766,10.053850173950195,40.480464935302734,13.899667739868164,19.908897399902344,70.39160919189453
2021-12-09,6.110013961791992,68.03582763671875,2.2983808517456055,11.333664894104004,20.572111129760742,9.953142166137695,40.36717224121094,14.375746726989746,21.491451263427734,71.12324523925781
2021-12-10,5.9864959716796875,70.03555297851562,2.280211925506592,11.47104263305664,20.243207931518555,9.84404468536377,40.593746185302734,14.739809036254883,21.72590446472168,70.62264251708984
2021-12-13,6.18412446975708,71.12630462646484,2.2983808517456055,12.312481880187988,20.91667938232422,10.003497123718262,42.3119010925293,15.066529273986816,22.116657257080078,71.23876953125
2021-12-14,6.513504981994629,72.94422149658203,2.4437332153320312,12.939268112182617,22.10699462890625,10.204909324645996,43.93564987182617,15.486599922180176,22.05804443359375,71.43130493164062
2021-12-15,6.48056697845459,75.80747985839844,2.3710570335388184,13.291297912597656,22.05217742919922,10.062240600585938,43.93564987182617,15.150543212890625,22.937240600585938,69.73698425292969
2021-12-16,6.768775463104248,77.30726623535156,2.516409158706665,14.424664497375488,23.45393180847168,10.414713859558105,46.67336654663086,16.532108306884766,24.539331436157227,72.77906799316406
2021-12-17,6.093544960021973,70.21734619140625,2.271127462387085,13.265539169311523,21.11245346069336,9.760123252868652,42.48182678222656,14.879830360412598,22.09712028503418,65.50115966796875
2021-12-20,6.035902976989746,65.12715911865234,2.1257753372192383,13.471607208251953,21.887727737426758,9.718162536621094,40.669273376464844,15.290566444396973,21.62821388244629,58.954898834228516
2021-12-21,5.970026969909668,59.446144104003906,1.9804229736328125,12.132173538208008,19.702869415283203,9.550317764282227,36.609893798828125,13.768978118896484,19.469301223754883,54.064449310302734
2021-12-22,6.250000953674316,59.946067810058594,1.9350005388259888,10.921531677246094,17.737281799316406,9.969927787780762,35.87354278564453,12.396747589111328,18.443572998046875,52.06206130981445
2021-12-23,6.2747039794921875,58.17359161376953,1.9259158372879028,11.325078964233398,17.384885787963867,9.852437973022461,35.81690216064453,12.032687187194824,18.765945434570312,50.09818649291992
2021-12-24,6.2747039794921875,59.446144104003906,2.016761302947998,12.183690071105957,19.037233352661133,9.835652351379395,37.13855743408203,12.882163047790527,20.631793975830078,55.104148864746094
2021-12-27,6.447628498077393,58.08270263671875,2.016761302947998,12.3296537399292,19.115541458129883,9.793691635131836,36.609893798828125,12.64879035949707,20.299654006958008,57.06802749633789
2021-12-28,6.060606956481934,56.90105438232422,1.9985921382904053,11.943278312683105,18.64567756652832,9.43282699584961,35.1371955871582,12.518101692199707,20.006587982177734,55.21966552734375
2021-12-29,6.052371978759766,57.900909423828125,1.9985921382904053,12.57006549835205,19.021568298339844,9.60067081451416,35.76025390625,12.928837776184082,20.59271812438965,57.299068450927734
2021-12-30,6.044137477874756,56.03753662109375,1.9895076751708984,12.175104141235352,18.74748420715332,9.61745548248291,34.98614501953125,12.574111938476562,19.674448013305664,59.68653869628906
2021-12-31,5.928854465484619,55.71939468383789,1.9440850019454956,12.089242935180664,18.64567756652832,9.458003997802734,35.81690216064453,12.490097999572754,19.557222366333008,58.30026626586914
2022-01-03,6.035902976989746,58.58262634277344,2.025845766067505,12.552892684936523,19.718530654907227,9.61745548248291,36.911983489990234,12.938172340393066,21.33515167236328,63.883846282958984
2022-01-04,5.9864959716796875,61.53675079345703,2.0530991554260254,12.973611831665039,19.93779754638672,9.592279434204102,40.593746185302734,13.311569213867188,22.272958755493164,65.23160552978516
2022-01-05,6.044137477874756,62.99110412597656,2.080352783203125,13.248368263244629,20.431156158447266,9.609064102172852,40.348297119140625,13.451590538024902,23.347530364990234,68.38922119140625
2022-01-06,6.027668476104736,62.67296600341797,2.0530991554260254,12.965025901794434,20.26670265197754,9.634239196777344,40.49934005737305,13.862327575683594,24.285341262817383,67.3110122680664
2022-01-07,6.2747039794921875,66.0815658569336,2.1257753372192383,13.14533519744873,20.117916107177734,9.860828399658203,41.08464431762695,13.871662139892578,24.36349105834961,67.00294494628906
2022-01-10,6.241766452789307,64.85446166992188,2.198451280593872,13.093817710876465,19.789011001586914,9.852437973022461,40.593746185302734,13.909001350402832,26.082807540893555,65.50115966796875
2022-01-11,6.266469478607178,64.44544219970703,2.153028726577759,13.634742736816406,19.929967880249023,9.886005401611328,40.216129302978516,13.778314590454102,26.27818489074707,63.57578659057617
2022-01-12,6.2829389572143555,65.39984130859375,2.1621134281158447,13.55746841430664,19.88298225402832,9.944750785827637,41.254573822021484,14.179713249206543,26.25864601135254,63.80683135986328
2022-01-13,6.225297451019287,64.0363998413086,2.153028726577759,13.574639320373535,21.582317352294922,9.969927787780762,40.53710174560547,14.049025535583496,28.114728927612305,63.9223518371582
2022-01-14,6.18412446975708,63.8546142578125,2.207535743713379,13.51453685760498,21.34738540649414,9.953142166137695,40.46158218383789,14.067694664001465,27.567670822143555,62.99818420410156
2022-01-17,6.381752967834473,65.17259979248047,2.280211925506592,13.119575500488281,20.854026794433594,10.062240600585938,41.2168083190918,13.927671432495117,27.626285552978516,62.382057189941406
2022-01-18,6.101778984069824,61.9457893371582,2.1621134281158447,12.415514945983887,19.789011001586914,9.66780948638916,39.23432159423828,13.236888885498047,26.25864601135254,59.07041549682617
2022-01-19,6.488801956176758,63.900062561035156,2.2438738346099854,12.595823287963867,21.17510414123535,10.095810890197754,40.083961486816406,13.274229049682617,26.766626358032227,62.11250686645508
2022-01-20,6.4558634757995605,63.62736892700195,2.1802823543548584,12.303895950317383,20.603437423706055,10.020279884338379,39.517539978027344,12.872828483581543,27.4504451751709,60.49519348144531
2022-01-21,6.521739959716797,63.400123596191406,2.2257049083709717,12.338240623474121,20.172733306884766,10.01188850402832,39.253211975097656,12.994181632995605,26.864315032958984,59.37847900390625
2022-01-24,6.241766452789307,60.85503387451172,2.089437246322632,11.574075698852539,18.73965072631836,9.802083969116211,38.195884704589844,12.182045936584473,25.418527603149414,54.873104095458984
2022-01-25,6.340580463409424,61.99123001098633,2.0985217094421387,11.711454391479492,19.413122177124023,9.936359405517578,38.894474029541016,12.471426963806152,25.516216278076172,59.30146026611328
2022-01-26,6.340580463409424,62.26392364501953,2.089437246322632,11.677109718322754,19.029401779174805,9.919574737548828,38.5734977722168,12.471426963806152,26.59078598022461,58.916385650634766
2022-01-27,6.389987468719482,65.35440826416016,2.1076061725616455,11.9346923828125,19.59323501586914,10.003497123718262,39.026641845703125,12.891498565673828,27.977962493896484,59.68653869628906
2022-01-28,6.365283489227295,64.1727523803711,2.143944263458252,11.711454391479492,19.467939376831055,9.902790069580078,38.70566177368164,12.658125877380371,27.509057998657227,62.53608322143555
2022-01-31,6.620553970336914,63.945499420166016,2.1893668174743652,11.711454391479492,19.420949935913086,9.99510383605957,38.53573226928711,12.882163047790527,28.05611228942871,61.34235763549805
2022-02-01,6.587616443634033,65.17259979248047,2.252958297729492,11.848832130432129,19.765512466430664,10.020279884338379,38.53573226928711,13.190214157104492,27.665359497070312,63.38325500488281
2022-02-02,6.686429500579834,64.12731170654297,2.207535743713379,11.720040321350098,19.16252899169922,10.314007759094238,38.139244079589844,12.994181632995605,27.157379150390625,64.19189453125
2022-02-03,6.398221969604492,63.536468505859375,2.1621134281158447,11.548316955566406,18.786636352539062,10.020279884338379,37.95043182373047,12.64879035949707,26.39541244506836,62.88265609741211
2022-02-04,6.431159973144531,62.40027618408203,2.1257753372192383,11.45387077331543,18.465566635131836,10.01188850402832,37.27072525024414,12.499431610107422,26.043731689453125,62.76713180541992
2022-02-07,6.4558634757995605,64.2636489868164,2.1076061725616455,12.338240623474121,19.021568298339844,10.020279884338379,37.38399887084961,12.900832176208496,27.606748580932617,64.19189453125
2022-02-08,6.521739959716797,64.67266845703125,2.0985217094421387,12.20944881439209,19.15469741821289,10.070633888244629,37.402889251708984,13.171544075012207,28.114728927612305,65.11608123779297
2022-02-09,6.69466495513916,65.67253112792969,2.1257753372192383,12.707443237304688,19.4992618560791,10.095810890197754,37.95043182373047,13.311569213867188,29.150224685668945,68.6202621459961
2022-02-10,6.620553970336914,65.67253112792969,2.1166906356811523,12.647339820861816,19.17818832397461,10.04545783996582,38.5734977722168,12.994181632995605,29.111148834228516,67.11847686767578
2022-02-11,6.686429500579834,67.21775817871094,2.1076061725616455,12.484203338623047,19.648052215576172,10.020279884338379,38.55461502075195,12.94750690460205,28.93531036376953,67.46502685546875
2022-02-14,6.5711469650268555,66.58149719238281,2.0530991554260254,11.994796752929688,18.966751098632812,9.911182403564453,38.32804870605469,12.452757835388184,27.938888549804688,65.00055694580078
2022-02-15,6.653491973876953,68.44486999511719,2.0985217094421387,12.260964393615723,19.867319107055664,9.986712455749512,38.98887634277344,12.574111938476562,29.26744842529297,65.69369506835938
2022-02-16,6.538208961486816,68.44486999511719,2.143944263458252,12.09782886505127,20.728731155395508,9.936359405517578,38.6867790222168,12.574111938476562,28.915771484375,64.88504028320312
2022-02-17,6.4558634757995605,67.89949035644531,2.089437246322632,12.037726402282715,20.509464263916016,9.902790069580078,37.79938507080078,12.210049629211426,28.075651168823242,63.99936294555664
2022-02-18,6.546443462371826,68.85391235351562,2.1166906356811523,12.16651725769043,20.744394302368164,9.936359405517578,38.271400451660156,12.406083106994629,28.720396041870117,64.49996185302734
2022-02-21,6.521739959716797,70.03555297851562,2.089437246322632,12.38975715637207,21.143781661987305,9.902790069580078,38.214759826660156,12.322070121765137,28.759471893310547,65.7322006225586
2022-02-22,6.497035980224609,68.672119140625,2.025845766067505,12.192276000976562,20.94017219543457,9.810476303100586,37.00638961791992,12.107366561889648,28.212413787841797,63.498775482177734
2022-02-23,6.389987468719482,68.5357666015625,2.007676839828491,13.059473037719727,20.728731155395508,9.760123252868652,36.911983489990234,12.014017105102539,27.430908203125,63.15220260620117
2022-02-24,5.755928993225098,64.67266845703125,1.8078173398971558,12.484203338623047,18.661340713500977,9.239806175231934,33.230224609375,10.959173202514648,24.695632934570312,56.83698654174805
2022-02-25,5.90415096282959,66.39969635009766,1.853239893913269,13.37716007232666,20.360673904418945,9.550317764282227,34.6651725769043,11.481927871704102,26.66893768310547,61.650413513183594
2022-02-28,5.788867473602295,66.44515228271484,1.8078173398971558,13.342814445495605,21.11245346069336,9.298552513122559,33.9854621887207,11.556607246398926,25.027774810791016,61.842952728271484
2022-03-01,5.797101974487305,66.76329803466797,1.8259865045547485,14.24435806274414,20.666086196899414,9.751729965209961,34.23091506958008,11.397913932800293,24.67609405517578,60.72623062133789
2022-03-02,5.821805953979492,68.08129119873047,1.8078173398971558,14.80245304107666,20.125747680664062,9.751729965209961,35.66585159301758,11.276559829711914,25.379451751708984,58.68533706665039
2022-03-03,5.879446983337402,69.262939453125,1.8350709676742554,15.171656608581543,20.38416862487793,9.886005401611328,35.646968841552734,11.425918579101562,25.340375900268555,59.609519958496094
2022-03-04,5.780632972717285,67.89949035644531,1.853239893913269,14.596386909484863,19.569744110107422,9.944750785827637,35.571449279785156,11.257890701293945,24.715167999267578,57.83818054199219
2022-03-07,5.706521987915039,68.58122253417969,1.9077469110488892,14.84538459777832,19.27216148376465,9.860828399658203,37.47841262817383,11.33257007598877,25.301300048828125,56.644447326660156
2022-03-08,5.681818962097168,69.53563690185547,1.9350005388259888,14.78528118133545,18.85711669921875,9.734947204589844,39.78186798095703,12.05135726928711,24.715167999267578,55.6817626953125
2022-03-09,5.8465094566345215,70.26280975341797,1.9804229736328125,14.536285400390625,19.00590705871582,9.936359405517578,40.10284423828125,12.228719711303711,25.535751342773438,57.453102111816406
2022-03-10,5.764163970947266,69.03569030761719,1.9259158372879028,14.862556457519531,18.59869384765625,9.835652351379395,40.46158218383789,12.28472900390625,25.14499855041504,57.106536865234375
2022-03-11,5.8382744789123535,68.85391235351562,1.916831374168396,14.587800025939941,19.09988021850586,9.877613067626953,40.593746185302734,12.630120277404785,25.809280395507812,57.145042419433594
2022-03-14,5.895915985107422,70.39913940429688,1.9622540473937988,14.768110275268555,21.002819061279297,9.953142166137695,41.78323745727539,12.919503211975098,26.004657745361328,59.49399948120117
2022-03-15,5.90415096282959,69.262939453125,1.9713385105133057,14.690834999084473,21.39436912536621,9.961536407470703,41.537784576416016,12.68613052368164,27.02061653137207,61.88146209716797
2022-03-16,5.961792469024658,69.4447250366211,2.025845766067505,14.716592788696289,22.435897827148438,9.953142166137695,41.1601676940918,12.564776420593262,27.0596923828125,60.88026428222656
2022-03-17,6.093544960021973,71.21720886230469,2.0440146923065186,15.351964950561523,23.74367904663086,9.953142166137695,41.17905044555664,12.798149108886719,27.215993881225586,61.88146209716797
2022-03-18,6.093544960021973,73.21692657470703,2.0349302291870117,15.523686408996582,23.070213317871094,9.927967071533203,42.0286865234375,12.751474380493164,27.079227447509766,60.72623062133789
2022-03-21,6.18412446975708,73.94408416748047,2.1257753372192383,15.575203895568848,23.45393180847168,9.927967071533203,41.89651870727539,13.162210464477539,27.274606704711914,61.958473205566406
2022-03-22,6.258235454559326,76.35284423828125,2.1257753372192383,16.539173126220703,24.424978256225586,10.01188850402832,42.047569274902344,13.395583152770996,27.86073875427246,63.67373275756836
2022-03-23,6.241766452789307,76.4437484741211,2.1257753372192383,16.392375946044922,24.746051788330078,10.213301658630371,42.19861602783203,13.208884239196777,27.4504451751709,63.631900787353516
2022-03-24,6.110013961791992,75.8529052734375,2.0530991554260254,16.402162551879883,24.33769989013672,10.112595558166504,41.74547576904297,13.358242988586426,27.46998405456543,64.88697052001953
2022-03-25,5.9864959716796875,76.35284423828125,2.071268320083618,16.245580673217773,23.92934799194336,10.146162986755371,41.122413635253906,13.292898178100586,27.509057998657227,64.34310150146484
2022-03-28,5.9453229904174805,75.48933410644531,2.1257753372192383,16.000917434692383,23.766008377075195,10.154556274414062,42.19861602783203,13.255558967590332,28.388254165649414,63.590057373046875
2022-03-29,6.044137477874756,76.35284423828125,2.153028726577759,15.91283893585205,24.264198303222656,10.162948608398438,42.36853790283203,14.09570026397705,30.908615112304688,65.09614562988281
2022-03-30,6.21677827835083,78.17076873779297,2.153028726577759,15.961769104003906,24.639881134033203,10.230085372924805,43.02937316894531,14.123703956604004,31.436132431030273,66.18386840820312
2022-03-31,6.174256801605225,76.94367218017578,2.134859800338745,15.87369155883789,24.394872665405273,10.23847770690918,43.123775482177734,14.198384284973145,31.5142822265625,65.13797760009766
2022-04-01,6.21677827835083,76.35284423828125,2.1711978912353516,16.304296493530273,24.599044799804688,10.448283195495605,45.37059020996094,14.347742080688477,32.02226257324219,64.34310150146484
2022-04-04,6.565462589263916,74.30767059326172,2.280211925506592,16.822980880737305,25.317745208740234,10.599343299865723,44.483192443847656,15.187883377075195,32.68654251098633,68.0246353149414
2022-04-05,6.531444549560547,74.48947143554688,2.3528878688812256,16.930631637573242,25.636255264282227,10.481851577758789,43.7468376159668,15.439927101135254,33.7025032043457,68.9031753540039
2022-04-06,6.539949417114258,73.44417572021484,2.316549777984619,16.451095581054688,25.750595092773438,10.414713859558105,43.86012268066406,15.215887069702148,33.81972885131836,68.19197845458984
2022-04-07,6.837605953216553,74.53491973876953,2.325634241104126,16.666399002075195,25.47291374206543,10.582557678222656,43.709075927734375,15.570613861083984,34.79661560058594,67.2297592163086
2022-04-08,7.2288126945495605,75.716552734375,2.380141496658325,16.646825790405273,25.16257095336914,11.161620140075684,43.42586898803711,15.775983810424805,34.50354766845703,67.43893432617188
2022-04-11,7.781604290008545,75.89836120605469,2.507324695587158,16.813194274902344,24.991064071655273,11.648367881774902,43.879005432128906,15.925337791442871,35.32413101196289,68.19197845458984
2022-04-12,7.747585773468018,76.35284423828125,2.4709866046905518,16.842554092407227,24.950227737426758,11.522482872009277,45.049617767333984,16.121376037597656,36.37916946411133,67.94095611572266
2022-04-13,7.645532608032227,77.53450012207031,2.461902141571045,17.204654693603516,24.664382934570312,11.446953773498535,44.53982925415039,16.205387115478516,36.12517547607422,67.14608001708984
2022-04-14,7.858144760131836,77.21635437011719,2.707183837890625,17.14593505859375,24.688880920410156,11.497306823730469,44.653114318847656,16.19605255126953,36.496395111083984,69.82356262207031
2022-04-15,7.994215488433838,76.94367218017578,2.6708459854125977,17.27315902709961,24.991064071655273,11.665151596069336,44.388790130615234,16.261396408081055,36.867610931396484,71.3714828491211
2022-04-18,8.113279342651367,76.98910522460938,2.634507656097412,17.21444320678711,25.48925018310547,12.101545333862305,44.690879821777344,16.868165969848633,36.769920349121094,72.8775634765625
2022-04-19,7.977207183837891,77.76173400878906,2.634507656097412,17.556968688964844,25.293241500854492,11.90013313293457,44.992977142333984,16.774816513061523,37.86402893066406,72.29185485839844
2022-04-20,8.05374813079834,78.89794921875,2.643592357635498,17.459102630615234,25.399412155151367,11.908525466918945,45.18177795410156,16.952178955078125,37.96172332763672,71.4133071899414
2022-04-21,8.10477352142334,81.53392791748047,2.8161981105804443,17.8603515625,25.52191925048828,12.160290718078613,45.25730514526367,17.064199447631836,39.2512092590332,71.8316650390625
2022-04-22,7.773099899291992,78.44345092773438,2.643592357635498,17.10679054260254,24.61537742614746,11.908525466918945,43.652442932128906,16.644128799438477,38.821380615234375,68.52666473388672
2022-04-25,7.960198402404785,78.89794921875,2.599050521850586,16.88170051574707,24.90122413635254,12.563116073608398,43.46363067626953,16.737478256225586,38.68461227416992,68.10830688476562
2022-04-26,7.6795501708984375,75.17118835449219,2.448380947113037,16.186861038208008,24.47654151916504,12.571507453918457,42.23637390136719,16.43876075744629,38.1961669921875,65.26348876953125
2022-04-27,7.781604290008545,77.21635437011719,2.4766316413879395,16.803407669067383,24.86855697631836,12.563116073608398,42.38742446899414,16.63479232788086,39.56380844116211,65.59817504882812
2022-04-28,7.628523349761963,76.3073959350586,2.4954655170440674,16.22600555419922,24.256031036376953,12.571507453918457,42.55734634399414,16.532108306884766,39.56380844116211,65.26348876953125
2022-04-29,7.586001873016357,75.94380187988281,2.504882335662842,16.421735763549805,24.411203384399414,12.571507453918457,42.85944366455078,16.914840698242188,40.30624008178711,65.80734252929688
2022-05-05,7.46693754196167,77.35269927978516,2.551966428756714,16.392375946044922,24.443872451782227,12.571507453918457,43.10489273071289,17.55894660949707,41.693416595458984,67.94095611572266
2022-05-06,7.415911674499512,75.48933410644531,2.533132791519165,16.11835479736328,24.092689514160156,12.571507453918457,42.48182678222656,18.100372314453125,41.400352478027344,66.72773742675781
2022-05-09,7.364884376525879,74.9894027709961,2.5237159729003906,16.402162551879883,24.16619300842285,12.579900741577148,42.97272872924805,17.979019165039062,41.322200775146484,66.4767074584961
2022-05-10,7.415911674499512,75.9892578125,2.664968490600586,16.73490333557129,24.296865463256836,12.579900741577148,41.802120208740234,18.32440948486328,41.712955474853516,67.2297592163086
2022-05-11,7.203299045562744,75.67112731933594,2.5896337032318115,16.705543518066406,23.97835350036621,12.571507453918457,40.12172317504883,18.63245964050293,41.22451400756836,65.76551818847656
2022-05-12,7.033210277557373,74.76216125488281,2.514299154281616,15.756254196166992,23.259654998779297,12.571507453918457,38.724544525146484,18.29640769958496,40.892372131347656,64.84513092041016
2022-05-13,7.016200065612793,74.2622299194336,2.533132791519165,15.971556663513184,23.03097915649414,12.571507453918457,39.42313003540039,18.39908790588379,41.49803924560547,64.38494110107422
2022-05-16,6.778074741363525,74.3531265258789,2.467214584350586,15.501805305480957,22.85130500793457,12.563116073608398,39.404258728027344,18.016357421875,41.73249435424805,63.297218322753906
2022-05-17,6.676020622253418,76.48918914794922,2.4766316413879395,15.521378517150879,22.785966873168945,12.563116073608398,41.04688262939453,18.585786819458008,41.1072883605957,63.25537109375
2022-05-18,6.89713716506958,74.53491973876953,2.467214584350586,15.609456062316895,22.76146697998047,13.133785247802734,40.44269561767578,18.585786819458008,41.419891357421875,63.297218322753906
2022-05-20,6.837605953216553,73.0351333618164,2.4766316413879395,15.178851127624512,22.336782455444336,13.637316703796387,39.46089553833008,18.128376007080078,41.86925506591797,60.78708267211914
2022-05-23,6.93966007232666,72.98968505859375,2.4201302528381348,15.384366989135742,23.1861515045166,12.730960845947266,39.272090911865234,18.063034057617188,41.966941833496094,61.9166374206543
2022-05-24,6.854615211486816,70.9899673461914,2.4107134342193604,15.46265983581543,22.965641021728516,12.68899917602539,38.724544525146484,18.501773834228516,41.1854362487793,61.832977294921875
2022-05-25,6.948164463043213,72.39885711669922,2.448380947113037,15.795398712158203,23.137149810791016,12.63867473602295,39.272090911865234,19.64063262939453,41.67387771606445,62.50233840942383
2022-05-26,6.965173244476318,74.44401550292969,2.4577977657318115,15.863903999328613,23.112651824951172,12.561556816101074,40.85807418823242,19.50994110107422,43.43227005004883,62.2094841003418
2022-05-27,6.854615211486816,74.30767059326172,2.429547071456909,16.0889949798584,23.284156799316406,12.184538841247559,41.141292572021484,19.043197631835938,43.97932815551758,62.54417037963867
2022-05-30,6.9991912841796875,75.89836120605469,2.533132791519165,16.9991397857666,24.582714080810547,12.313068389892578,41.70771026611328,19.659299850463867,48.37530517578125,64.63595581054688
2022-05-31,7.1097493171691895,74.9894027709961,2.7026357650756836,16.73490333557129,25.285072326660156,12.467302322387695,41.82099914550781,19.971601486206055,48.74652099609375,63.42272186279297
2022-06-01,7.194794654846191,77.08001708984375,2.646134853363037,16.75447654724121,24.991064071655273,12.878595352172852,43.40699005126953,19.952560424804688,48.12131118774414,64.25942993164062
2022-06-02,7.509460926055908,79.98870086669922,2.646134853363037,16.96977996826172,25.55458641052246,12.91286849975586,44.21885681152344,20.00967788696289,48.453453063964844,64.97063446044922
2022-06-03,7.449929237365723,80.12503814697266,2.6178841590881348,16.891489028930664,25.415746688842773,12.904300689697266,43.93564987182617,19.819290161132812,46.87089920043945,65.3053207397461
2022-06-06,7.739081382751465,80.39773559570312,2.7026357650756836,17.126361846923828,25.848600387573242,13.829708099365234,44.40766525268555,20.82834243774414,46.75367736816406,65.89102172851562
2022-06-07,7.543478488922119,79.0342788696289,2.6743853092193604,16.97956657409668,25.334077835083008,13.409847259521484,43.916770935058594,21.97066307067871,47.339805603027344,61.37277603149414
2022-06-08,7.033210277557373,76.17105865478516,2.5237159729003906,16.695756912231445,24.207027435302734,13.06710433959961,41.972042083740234,20.80930519104004,45.64002990722656,55.26478958129883
2022-06-09,7.1182541847229,74.80760192871094,2.5237159729003906,16.597890853881836,24.272361755371094,13.109947204589844,42.104209899902344,21.85643196105957,47.22258377075195,53.758705139160156
2022-06-10,7.245821952819824,74.08043670654297,2.4389638900756836,16.265151977539062,24.296865463256836,13.127083778381348,41.76435089111328,21.15199851989746,45.62049102783203,56.059661865234375
2022-06-13,7.2118024826049805,74.53491973876953,2.4389638900756836,15.237569808959961,23.439329147338867,12.921438217163086,41.76435089111328,21.09488296508789,45.91355514526367,54.46990966796875
2022-06-14,7.169281005859375,76.03471374511719,2.429547071456909,14.885255813598633,23.570003509521484,12.861457824707031,43.7468376159668,20.885459899902344,45.77679443359375,54.30256652832031
2022-06-15,7.364884376525879,77.37677764892578,2.448380947113037,14.660165786743164,24.011022567749023,12.784340858459473,43.765716552734375,20.752187728881836,47.32027053833008,56.14332962036133
2022-06-16,7.203299045562744,75.57191467285156,2.401296615600586,14.28827953338623,23.333158493041992,12.381616592407227,44.16221618652344,20.047754287719727,46.245697021484375,55.43212890625
2022-06-17,7.739081382751465,77.19166564941406,2.467214584350586,14.112123489379883,23.815013885498047,12.93857479095459,44.14333724975586,20.847379684448242,47.066280364990234,55.34845733642578
2022-06-20,7.696558952331543,76.59004974365234,2.467214584350586,13.661944389343262,23.937519073486328,13.195632934570312,45.48387145996094,21.323348999023438,49.674560546875,54.9719352722168
2022-06-21,7.764595031738281,77.0990982055664,2.4954655170440674,14.043618202209473,24.72154998779297,13.38414192199707,45.69156265258789,21.53277587890625,50.70029067993164,56.35250473022461
2022-06-22,7.73057746887207,78.20977020263672,2.486048698425293,13.798954963684082,25.285072326660156,13.36700439453125,47.67404556274414,21.13296127319336,50.84682083129883,55.47396469116211
2022-06-23,7.500956058502197,78.5337142944336,2.4389638900756836,13.495573997497559,24.664382934570312,13.178495407104492,48.09886932373047,20.523723602294922,49.381492614746094,54.63725280761719
2022-06-24,7.458434104919434,78.11722564697266,2.448380947113037,13.632585525512695,24.419368743896484,13.007123947143555,48.42927932739258,20.714111328125,49.08843231201172,54.88826370239258
2022-06-27,7.305352687835693,76.6363296508789,2.3730461597442627,13.28027057647705,24.492876052856445,12.827183723449707,47.95725631713867,20.752187728881836,48.64883041381836,54.30256652832031
2022-06-28,7.067227363586426,77.79328155517578,2.467214584350586,13.485787391662598,23.520998001098633,12.424459457397461,47.01321792602539,20.390451431274414,46.92951583862305,53.214839935302734
2022-06-29,6.8205976486206055,75.15543365478516,2.382462978363037,12.986676216125488,22.14077377319336,11.893206596374512,46.2768669128418,19.68602180480957,45.112510681152344,51.03939437866211
2022-06-30,6.8205976486206055,74.83148193359375,2.486048698425293,13.28027057647705,21.80592918395996,11.910344123840332,45.31394958496094,20.46660614013672,45.718177795410156,50.20268249511719
2022-07-01,6.93966007232666,76.45121002197266,2.646134853363037,13.241125106811523,22.173442840576172,12.021735191345215,45.899253845214844,20.31429672241211,48.16039276123047,51.290409088134766
2022-07-04,6.76106595993042,76.59004974365234,2.664968490600586,12.70286750793457,21.691587448120117,11.610443115234375,45.823734283447266,20.181026458740234,46.57783889770508,51.70875930786133
2022-07-05,6.633498668670654,74.83148193359375,2.6273012161254883,12.761587142944336,20.923891067504883,11.541894912719727,46.08805847167969,19.990638732910156,45.91355514526367,50.579200744628906
2022-07-06,6.727047920227051,77.56188201904297,2.599050521850586,13.045394897460938,21.585416793823242,11.867502212524414,46.99433898925781,20.333337783813477,47.30073165893555,52.880157470703125
2022-07-07,6.854615211486816,78.857666015625,2.6743853092193604,12.83009147644043,22.059104919433594,12.210244178771973,46.44679641723633,20.390451431274414,48.06270217895508,53.13117218017578
2022-07-08,6.880128860473633,79.04278564453125,2.664968490600586,12.976890563964844,22.37761878967285,12.06457805633545,47.1453857421875,20.485645294189453,48.39484405517578,53.54952621459961
2022-07-13,6.769570350646973,77.56188201904297,2.646134853363037,12.712655067443848,21.43840980529785,11.9960298538208,47.05097961425781,19.819290161132812,48.06270217895508,51.41591262817383
2022-07-14,6.727047920227051,75.8958740234375,2.777970790863037,12.70286750793457,21.070894241333008,12.09885311126709,45.69156265258789,19.362361907958984,46.831825256347656,50.955726623535156
2022-07-18,7.033210277557373,78.11722564697266,2.796804428100586,13.368349075317383,21.34040641784668,12.672948837280273,46.522315979003906,19.666980743408203,48.824668884277344,52.83832550048828
2022-07-19,7.2288126945495605,79.04278564453125,2.843888759613037,13.554293632507324,21.348573684692383,12.989986419677734,47.532440185546875,20.1619873046875,49.91878128051758,53.25667953491211
2022-07-20,7.279839992523193,78.99649810791016,2.8344719409942627,13.818528175354004,21.373075485229492,12.97284984588623,48.42927932739258,20.1619873046875,50.16299819946289,53.13117218017578
2022-07-21,7.296848297119141,78.16349029541016,2.843888759613037,13.603224754333496,21.707921981811523,12.93857479095459,48.71249771118164,20.12390899658203,50.407222747802734,53.29851150512695
2022-07-22,7.347875118255615,78.44115447998047,2.975724697113037,13.7695951461792,21.72425651550293,12.93857479095459,51.11979675292969,19.933523178100586,48.8930549621582,54.21889877319336
2022-07-25,7.611514091491699,79.82951354980469,2.9851415157318115,13.916393280029297,22.5001220703125,13.409847259521484,50.222957611083984,20.219104766845703,48.39484405517578,55.55763626098633
2022-07-26,7.407406806945801,81.68061828613281,3.0039751529693604,13.495573997497559,23.3576602935791,12.930006980895996,50.31736373901367,20.028717041015625,47.86732482910156,56.64535903930664
2022-07-27,7.509460926055908,83.62429809570312,3.0322256088256836,13.319416046142578,22.973812103271484,12.904300689697266,51.78062057495117,20.12390899658203,48.551143646240234,58.15143966674805
2022-07-28,7.237317085266113,83.5780258178711,2.9663078784942627,13.299844741821289,23.275989532470703,12.587262153625488,51.92223358154297,20.219104766845703,48.551143646240234,59.19732666015625
2022-07-29,7.3393707275390625,85.24402618408203,2.909806728363037,13.515148162841797,24.729717254638672,12.441596984863281,53.055076599121094,20.771224975585938,49.234962463378906,61.74930191040039
2022-08-01,7.5264692306518555,88.0669937133789,2.9568910598754883,13.720664024353027,24.75421714782715,12.604399681091309,54.61274719238281,21.989702224731445,50.30953598022461,62.29315948486328
2022-08-02,7.475442409515381,86.49351501464844,2.9003896713256836,13.554293632507324,25.285072326660156,12.578694343566895,52.96067428588867,21.76123809814453,51.13988494873047,65.97468566894531
2022-08-03,7.560487747192383,87.04886627197266,2.975724697113037,13.534719467163086,25.146236419677734,12.715791702270508,53.38549041748047,22.161052703857422,53.72863006591797,67.18792724609375
2022-08-04,7.747585773468018,88.20581817626953,3.041642427444458,13.622798919677734,25.48925018310547,13.024261474609375,54.61274719238281,22.61798095703125,54.02169418334961,68.6103286743164
2022-08-05,7.96870231628418,88.43721771240234,3.2958974838256836,13.495573997497559,25.66892433166504,13.435553550720215,54.75435256958008,22.275283813476562,56.85466003417969,70.45109558105469
2022-08-08,7.8921613693237305,91.30644226074219,3.239396572113037,14.043618202209473,26.461124420166016,13.504101753234863,57.208858489990234,22.751251220703125,57.39194869995117,68.98685455322266
2022-08-09,8.062251091003418,90.70482635498047,3.258230209350586,13.916393280029297,26.19978141784668,13.735454559326172,56.73683166503906,22.446632385253906,57.24541091918945,69.07051849365234
2022-08-10,8.334395408630371,95.33261108398438,3.418316602706909,13.935966491699219,26.89397621154785,14.309551239013672,62.40108871459961,22.846445083618164,58.759586334228516,69.86540222167969
2022-08-11,8.564016342163086,102.64453887939453,3.437150239944458,14.004472732543945,26.926645278930664,15.48344612121582,63.91154479980469,23.074907302856445,59.980690002441406,69.27970123291016
2022-08-12,8.504485130310059,100.79342651367188,3.3335649967193604,13.789169311523438,27.62084197998047,15.209251403808594,65.04439544677734,23.055871963500977,60.957576751708984,69.78173065185547
2022-08-15,8.691584587097168,99.3125228881836,3.3147311210632324,13.622798919677734,27.03281021118164,15.680524826049805,65.1387939453125,22.56086540222168,62.12982940673828,68.86134338378906
2022-08-16,8.997745513916016,102.36686706542969,3.3335649967193604,13.58365249633789,27.64533805847168,16.537382125854492,67.45169830322266,22.751251220703125,66.28158569335938,69.32154083251953
2022-08-17,9.618573188781738,104.49566650390625,3.5407354831695557,13.671730995178223,27.580007553100586,18.182552337646484,70.2838134765625,23.09394645690918,67.11194610595703,69.53070831298828
2022-08-18,9.388951301574707,99.03485870361328,3.4277334213256836,14.425291061401367,28.07819366455078,17.97690773010254,70.66143035888672,24.27434730529785,68.03997802734375,72.79388427734375
2022-08-19,9.014755249023438,98.47953033447266,3.4465670585632324,14.542728424072266,27.343162536621094,17.497066497802734,70.04780578613281,24.48377227783203,66.91657257080078,71.3714828491211
2022-08-22,9.150826454162598,102.27433013916016,3.653738021850586,14.405717849731445,27.138988494873047,17.994043350219727,74.6736068725586,24.160114288330078,66.18390655517578,71.49697875976562
2022-08-23,9.76314926147461,102.45943450927734,3.7384893894195557,14.425291061401367,27.678009033203125,19.77631187438965,76.04248046875,24.388580322265625,66.23274993896484,71.62248992919922
2022-08-24,9.414463996887207,102.82965087890625,3.5784029960632324,14.024044036865234,26.991981506347656,20.067642211914062,74.95682525634766,23.322410583496094,67.06310272216797,71.12046813964844
2022-08-25,10.188372611999512,103.29242706298828,3.61607027053833,14.229560852050781,27.367664337158203,22.072694778442383,77.12811279296875,23.64607048034668,68.67496490478516,71.6643295288086
2022-08-26,10.188372611999512,104.49566650390625,3.7290725708007812,14.435077667236328,27.678009033203125,21.42148208618164,77.17530822753906,23.322410583496094,68.08882141113281,72.37553405761719
2022-08-29,10.111833572387695,103.94032287597656,3.7949907779693604,14.28827953338623,27.66167449951172,20.753131866455078,77.41132354736328,23.627031326293945,68.82148742675781,75.30402374267578
2022-08-31,9.967257499694824,101.25621032714844,3.7761571407318115,14.082763671875,27.10631561279297,19.707763671875,77.0809097290039,23.58895492553711,71.41023254394531,73.92344665527344
2022-09-01,10.077816009521484,101.16364288330078,3.766740083694458,13.6521577835083,26.77147102355957,19.46784210205078,77.26971435546875,22.751251220703125,69.45645904541016,74.46731567382812
2022-09-02,11.081344604492188,100.42320251464844,3.813824415206909,13.789169311523438,27.31866455078125,20.890228271484375,80.90428161621094,23.76030158996582,70.14028930664062,76.9774398803711
2022-09-05,12.067863464355469,105.42121887207031,4.124580383300781,15.159276962280273,27.441164016723633,21.678539276123047,84.06681823730469,24.502811431884766,73.41284942626953,77.52130889892578
2022-09-06,13.241483688354492,104.58821868896484,4.246999263763428,15.550738334655762,27.490169525146484,22.175518035888672,86.71013641357422,24.31242561340332,71.94751739501953,76.47542572021484
2022-09-07,13.343536376953125,105.23609924316406,4.595422744750977,15.041839599609375,27.604507446289062,20.65030860900879,84.96365356445312,25.016857147216797,72.9732437133789,75.34586334228516
2022-09-08,12.884294509887695,111.06713104248047,4.60483980178833,15.120131492614746,28.66621971130371,20.393251419067383,88.83422088623047,24.655120849609375,71.31254577636719,76.64276123046875
2022-09-09,13.539140701293945,112.17780303955078,4.812010288238525,15.883478164672852,28.66621971130371,22.432575225830078,89.63665008544922,24.940702438354492,71.70330047607422,76.3917465209961
2022-09-12,14.891353607177734,112.08524322509766,5.0380144119262695,16.34344482421875,29.02556610107422,24.660409927368164,88.36219787597656,26.654186248779297,73.21746826171875,80.24061584472656
2022-09-13,13.403069496154785,108.38301849365234,4.53892183303833,14.924402236938477,28.0373592376709,25.328760147094727,85.05805206298828,24.940702438354492,69.45645904541016,75.22035217285156
2022-09-14,12.067863464355469,110.97457122802734,4.162248134613037,15.257142066955566,29.066404342651367,22.809595108032227,87.79576873779297,25.264360427856445,72.58250427246094,78.60902404785156
2022-09-15,10.868731498718262,108.29045104980469,3.74790620803833,14.777605056762695,28.894895553588867,20.53034782409668,86.42691040039062,25.37859344482422,72.43596649169922,79.236572265625
2022-09-16,10.36696720123291,111.43734741210938,4.115163326263428,15.159276962280273,28.894895553588867,18.662395477294922,90.62789916992188,25.759366989135742,72.2405776977539,79.44573211669922
2022-09-19,9.405961036682129,107.17979431152344,3.7102389335632324,14.45465087890625,27.531002044677734,16.803010940551758,87.93738555908203,24.27434730529785,67.1607894897461,76.30807495117188
2022-09-20,10.103328704833984,107.642578125,3.7761571407318115,14.943975448608398,28.143524169921875,17.257144927978516,85.24686431884766,26.311487197875977,70.77525329589844,78.27434539794922
2022-09-21,9.797167778015137,107.45745086669922,3.6725716590881348,14.689526557922363,27.743345260620117,16.49454116821289,92.51597595214844,25.568979263305664,68.13766479492188,77.31212615966797
2022-09-22,9.88221263885498,109.0309066772461,3.7949907779693604,15.129919052124023,28.42937660217285,16.417423248291016,91.38312530517578,26.19725799560547,69.65184783935547,78.86004638671875
2022-09-23,9.593059539794922,111.15967559814453,3.7384893894195557,14.748245239257812,27.996522903442383,15.946151733398438,96.95296478271484,25.85455894470215,69.21224212646484,77.39579772949219
2022-09-26,9.652591705322266,110.32666778564453,3.700822114944458,14.45465087890625,27.433000564575195,16.51167869567871,95.06488037109375,25.264360427856445,67.79576110839844,77.8978271484375
2022-09-27,10.052301406860352,112.91825866699219,3.74790620803833,14.464436531066895,27.482004165649414,16.81157875061035,98.27461242675781,25.34051513671875,69.35877227783203,78.69271087646484
2022-09-28,9.712121963500977,111.43734741210938,3.6443209648132324,14.053403854370117,26.804136276245117,16.49454116821289,97.14177703857422,24.788394927978516,67.35616302490234,81.57935333251953
2022-09-29,9.576050758361816,108.1053466796875,3.5972366333007812,14.121909141540527,26.387622833251953,16.10895347595215,93.27120971679688,24.46473503112793,67.0142593383789,78.190673828125
2022-09-30,9.601564407348633,107.08722686767578,3.6443209648132324,14.180627822875977,26.706132888793945,16.64877700805664,95.53690338134766,24.198190689086914,68.968017578125,76.55908966064453
2022-10-03,10.55406665802002,114.1214828491211,3.992743968963623,15.28650188446045,28.061857223510742,18.302515029907227,104.50528717041016,25.835521697998047,75.85505676269531,80.32428741455078
2022-10-04,10.528553009033203,114.58426666259766,3.964493989944458,15.28650188446045,28.298707962036133,18.216827392578125,107.14860534667969,26.044946670532227,78.93224334716797,83.3364486694336
2022-10-05,10.520049095153809,114.95448303222656,3.973910331726074,14.963547706604004,27.906686782836914,17.736988067626953,102.5228042602539,26.996883392333984,82.83978271484375,82.08138275146484
2022-10-06,10.970785140991211,118.56417083740234,4.049245357513428,14.836322784423828,28.453874588012695,18.16541862487793,103.6556625366211,28.044010162353516,82.7420883178711,84.92620086669922
2022-10-07,10.936767578125,116.99071502685547,4.049245357513428,14.78739070892334,28.658048629760742,18.148279190063477,102.6172103881836,28.329591751098633,82.25364685058594,81.9140396118164
2022-10-10,10.877236366271973,115.50982666015625,4.068078994750977,14.953761100769043,29.13990592956543,17.925495147705078,104.12767028808594,28.59613609313965,84.15857696533203,80.11510467529297
2022-10-11,11.106857299804688,113.75125885009766,4.058662414550781,14.78739070892334,28.4620418548584,18.593847274780273,101.01233673095703,28.005935668945312,82.54671478271484,79.11105346679688
2022-10-12,10.996299743652344,111.15967559814453,3.898575782775879,14.395931243896484,27.3594970703125,18.251102447509766,98.8410415649414,27.187267303466797,83.13284301757812,77.4794692993164
2022-10-13,11.064334869384766,114.30657958984375,3.9268267154693604,14.307852745056152,27.947521209716797,18.13114356994629,102.5228042602539,27.07303810119629,85.96580505371094,78.94371032714844
2022-10-14,11.481056213378906,117.63860321044922,3.973910331726074,14.386144638061523,28.217029571533203,18.765216827392578,102.33399200439453,27.85362434387207,87.9195785522461,79.69676208496094
2022-10-17,12.62916088104248,127.7271957397461,4.228165149688721,14.855896949768066,29.319581985473633,20.63317108154297,111.01917266845703,29.70037841796875,96.17424011230469,82.37422943115234
2022-10-18,12.833268165588379,127.2644271850586,4.133996963500977,14.709098815917969,30.07094383239746,20.821680068969727,108.18704223632812,29.60518455505371,95.00199127197266,80.74264526367188
2022-10-19,13.360547065734863,130.78155517578125,4.190497875213623,14.552515029907227,29.90760612487793,21.969871520996094,112.52963256835938,29.205371856689453,95.14852142333984,81.24467468261719
2022-10-20,13.394563674926758,129.763427734375,4.237582683563232,14.601448059082031,29.842269897460938,21.678539276123047,111.39678955078125,29.852689743041992,96.76038360595703,80.32428741455078
2022-10-21,13.224474906921387,131.42945861816406,4.369418144226074,14.45465087890625,29.58909034729004,21.38720703125,116.49461364746094,30.46192741394043,95.68579864501953,81.37017822265625
2022-10-24,13.147933959960938,131.9847869873047,4.360001564025879,14.914615631103516,30.683475494384766,20.975914001464844,122.72528839111328,30.89981460571289,97.1999740600586,89.44445037841797
2022-10-25,13.19896125793457,129.5783233642578,4.265833377838135,14.78739070892334,30.07911491394043,20.890228271484375,118.3826904296875,32.1944465637207,98.17686462402344,88.94242095947266
2022-10-26,13.420077323913574,126.61654663085938,4.303500652313232,15.071199417114258,29.83409881591797,21.31865882873535,118.28829193115234,32.36579895019531,96.51616668701172,87.26899719238281
2022-10-27,12.952330589294434,124.95051574707031,4.256416320800781,14.738458633422852,29.458419799804688,20.49607276916504,116.3058090209961,31.699443817138672,97.10228729248047,83.67113494873047
2022-10-28,12.48458480834961,122.914306640625,4.162248134613037,14.503582000732422,29.148069381713867,20.067642211914062,112.34083557128906,30.97597312927246,94.70891571044922,82.62525177001953
2022-10-31,12.43355655670166,124.02497100830078,4.152830600738525,14.532942771911621,29.646259307861328,20.136192321777344,114.2289047241211,31.623287200927734,98.95836639404297,82.3323974609375
2022-11-01,12.37402629852295,128.09739685058594,4.246999263763428,14.52315616607666,30.038272857666016,20.050506591796875,114.79532623291016,31.394824981689453,100.03294372558594,84.34050750732422
2022-11-02,12.288981437683105,130.31875610351562,4.27524995803833,14.983121871948242,30.381288528442383,20.119054794311523,117.34424591064453,31.242511749267578,98.46992492675781,83.3364486694336
2022-11-03,12.067863464355469,129.4857635498047,4.265833377838135,14.816751480102539,28.927562713623047,19.844860076904297,124.33014678955078,31.35674476623535,99.44681549072266,84.59151458740234
2022-11-04,12.391034126281738,133.18800354003906,4.331750869750977,16.294509887695312,29.401248931884766,20.221878051757812,129.6167755126953,32.023101806640625,101.79132843017578,86.09759521484375
2022-11-07,12.960835456848145,136.1497802734375,4.5106706619262695,17.9190673828125,30.18528175354004,21.078737258911133,130.46640014648438,33.2415771484375,104.72198486328125,86.68329620361328
2022-11-08,12.935321807861328,136.52001953125,4.896761894226074,17.48846435546875,29.83409881591797,21.181560516357422,130.277587890625,32.93695831298828,110.3879165649414,86.43228149414062
2022-11-09,12.705699920654297,128.09739685058594,4.812010288238525,16.88170051574707,29.71976089477539,20.753131866455078,124.99097442626953,32.594261169433594,109.02027893066406,89.19342803955078
2022-11-10,13.122421264648438,131.79966735839844,5.06626558303833,18.369247436523438,30.054609298706055,21.38720703125,132.07125854492188,33.926971435546875,110.77867126464844,92.20559692382812
2022-11-11,12.739718437194824,125.78353118896484,4.990931034088135,17.8603515625,30.348623275756836,20.941640853881836,135.3754119873047,33.62234878540039,108.9225845336914,91.2015380859375
2022-11-14,12.952330589294434,125.22820281982422,5.329936981201172,18.27138328552246,32.1371955871582,21.078737258911133,133.86495971679688,34.2696647644043,107.16419219970703,96.47282409667969
2022-11-15,13.768762588500977,124.02497100830078,5.2357683181762695,18.39860725402832,32.831398010253906,22.29547691345215,130.277587890625,34.15543746948242,106.48037719726562,95.88712310791016
2022-11-16,14.176977157592773,119.9525146484375,5.207518100738525,18.12458610534668,34.24428939819336,22.60394859313965,124.61335754394531,33.47004318237305,102.18208312988281,102.9155044555664
2022-11-17,13.496618270874023,116.62049865722656,5.132183074951172,18.13437271118164,32.85589599609375,21.45575714111328,119.704345703125,32.403873443603516,104.72198486328125,103.66853332519531
2022-11-18,13.819788932800293,120.97061920166016,5.1698503494262695,18.056081771850586,34.75881576538086,21.747089385986328,126.40704345703125,32.994075775146484,104.13584899902344,104.5052490234375
2022-11-21,14.057914733886719,118.6567153930664,5.442939281463623,18.447540283203125,35.493839263916016,22.41543960571289,120.1763687133789,34.02216339111328,104.42891693115234,106.68069458007812
2022-11-22,14.432110786437988,121.89619445800781,5.734861850738525,19.91551399230957,36.17169952392578,22.963829040527344,121.7812271118164,35.54526138305664,108.6295166015625,107.76842498779297
2022-11-23,14.993406295776367,120.32272338867188,5.725444793701172,20.277612686157227,36.4003791809082,23.683589935302734,116.68341827392578,36.649505615234375,109.89946746826172,112.9560317993164
2022-11-24,14.627715110778809,122.72919464111328,5.9608659744262695,20.29718589782715,36.08186721801758,23.22088623046875,117.43864440917969,36.36392593383789,109.02027893066406,112.11932373046875
2022-11-25,14.304543495178223,122.45152282714844,6.50704288482666,20.492916107177734,36.5555534362793,22.60394859313965,117.06102752685547,38.039329528808594,111.16942596435547,112.20299530029297
2022-11-28,14.874344825744629,123.37706756591797,6.516460418701172,20.502702713012695,36.416717529296875,23.1523380279541,119.89315032958984,38.38202667236328,112.43936920166016,115.80083465576172
2022-11-29,14.984905242919922,123.93241119384766,6.7330474853515625,20.483129501342773,36.24520492553711,23.015239715576172,122.81968688964844,37.0112419128418,116.15153503417969,116.13553619384766
2022-11-30,14.721263885498047,124.48773956298828,6.488209247589111,20.874589920043945,36.80778884887695,22.843868255615234,126.69024658203125,37.22066879272461,117.2260971069336,120.1517562866211
2022-12-01,14.823318481445312,121.24828338623047,6.723630905151367,20.78651237487793,36.86570739746094,22.94668960571289,124.80217742919922,37.563358306884766,121.5243911743164,117.97630310058594
2022-12-02,14.33856201171875,113.84381103515625,6.723630905151367,20.267826080322266,36.48513412475586,22.15838050842285,119.04351806640625,36.916046142578125,125.33424377441406,116.47020721435547
2022-12-05,13.84530258178711,111.62246704101562,6.846050262451172,20.766939163208008,35.25241470336914,22.021284103393555,125.08537292480469,36.782772064208984,135.39614868164062,112.9560317993164
2022-12-06,13.802779197692871,117.45349884033203,6.817799091339111,20.835445404052734,35.55025100708008,22.10696792602539,127.35106658935547,38.42010498046875,132.4654998779297,114.21110534667969
2022-12-07,13.394563674926758,110.69691467285156,6.516460418701172,19.91551399230957,34.540916442871094,21.42148208618164,119.51554107666016,36.9921989440918,131.5863037109375,111.61729431152344
2022-12-08,13.777267456054688,112.73313903808594,6.780131816864014,19.651277542114258,34.44163131713867,22.124107360839844,121.7812271118164,36.93508529663086,132.27011108398438,110.94792938232422
2022-12-09,14.176977157592773,113.84381103515625,7.119138240814209,19.81764793395996,35.47579574584961,23.032377243041992,123.29170989990234,37.48720932006836,137.7406768798828,117.055908203125
2022-12-12,14.93387508392334,115.78749084472656,7.476978778839111,20.277612686157227,36.44376754760742,23.889236450195312,126.78465270996094,38.153564453125,142.52740478515625,119.64971923828125
2022-12-13,14.848830223083496,123.0068588256836,7.448728084564209,21.119251251220703,36.60923385620117,23.580766677856445,136.88587951660156,39.29588317871094,140.67132568359375,118.64567565917969
2022-12-14,14.704255104064941,119.54318237304688,7.486395359039307,20.072097778320312,34.86356735229492,23.32370948791504,130.3720245361328,37.44913101196289,133.83314514160156,114.88047790527344
2022-12-15,15.733298301696777,120.29208374023438,7.420477867126465,20.111242294311523,35.177955627441406,24.471900939941406,129.80555725097656,37.5443229675293,136.86148071289062,116.72123718261719
2022-12-16,15.962919235229492,120.38570404052734,7.684149265289307,20.248254776000977,35.70744323730469,24.728960037231445,127.63428497314453,37.6014404296875,135.98226928710938,117.39060974121094
2022-12-19,17.434194564819336,122.72602844238281,7.797151565551758,20.30697250366211,38.87610626220703,27.093889236450195,132.3544921875,38.91511535644531,139.9875030517578,123.41492462158203
2022-12-20,17.008970260620117,126.75132751464844,7.712399959564209,20.522275924682617,40.191558837890625,25.87714958190918,133.2985382080078,39.7337760925293,142.52740478515625,122.82923126220703
2022-12-21,16.966449737548828,129.93418884277344,7.571147441864014,20.610353469848633,40.00126647949219,25.534406661987305,139.52920532226562,39.14357376098633,139.5967559814453,125.25569152832031
2022-12-22,16.881404876708984,129.2788848876953,7.82540225982666,20.248254776000977,39.88544464111328,25.500131607055664,137.82992553710938,38.78184127807617,138.81524658203125,128.85354614257812
2022-12-23,16.770843505859375,128.15554809570312,8.013739585876465,20.130817413330078,39.753074645996094,25.534406661987305,137.5467071533203,39.08646011352539,138.5221710205078,129.6902618408203
2022-12-26,16.940935134887695,127.03219604492188,8.051406860351562,20.29718589782715,40.84513854980469,25.894287109375,134.6201934814453,39.67666244506836,141.648193359375,129.35557556152344
2022-12-27,16.694303512573242,128.3427734375,7.82540225982666,19.90572738647461,40.40666198730469,25.842876434326172,136.3194580078125,39.02934265136719,139.79212951660156,128.01683044433594
2022-12-28,16.269079208374023,125.90882873535156,7.684149265289307,19.847007751464844,40.59695053100586,25.071701049804688,136.13064575195312,39.67666244506836,136.86148071289062,126.76177978515625
2022-12-29,16.779348373413086,127.78107452392578,8.117324829101562,20.258041381835938,43.35194778442383,25.96283531188965,138.39634704589844,40.971290588378906,139.0106201171875,139.39610290527344
2022-12-30,16.62626838684082,128.15554809570312,8.220909118652344,20.18953514099121,43.393314361572266,25.740055084228516,138.3019561767578,40.857059478759766,137.64297485351562,138.64308166503906
2023-01-02,17.02597999572754,130.4022216796875,8.946006774902344,20.933307647705078,44.63430404663086,26.237031936645508,140.66204833984375,42.513423919677734,143.40660095214844,143.99803161621094
2023-01-03,16.651782989501953,131.05752563476562,8.870672225952148,20.66907501220703,43.550506591796875,25.551544189453125,138.5851593017578,43.884212493896484,143.9927215576172,142.15724182128906
2023-01-04,16.711313247680664,127.87471771240234,8.870672225952148,21.001813888549805,42.326053619384766,25.705778121948242,132.2600860595703,42.799007415771484,141.15975952148438,140.31649780273438
2023-01-05,16.218053817749023,123.10045623779297,8.569334030151367,20.42441177368164,41.457366943359375,24.780370712280273,129.52236938476562,41.44725799560547,138.5221710205078,137.47166442871094
2023-01-06,15.903388023376465,121.13457489013672,8.68233585357666,20.375476837158203,41.457366943359375,24.18056869506836,127.63428497314453,41.48533630371094,139.2060089111328,137.30435180664062
2023-01-09,15.146488189697266,122.44518280029297,8.220909118652344,19.484909057617188,39.959903717041016,22.895280838012695,127.72870635986328,39.86704635620117,135.2007598876953,132.36773681640625
2023-01-10,14.483139991760254,121.69627380371094,8.00432300567627,18.52583122253418,39.62897491455078,22.089834213256836,123.48052215576172,38.87703323364258,128.16720581054688,127.93315887451172
2023-01-11,13.692221641540527,116.45397186279297,7.608814716339111,18.02672004699707,37.93294906616211,20.46179962158203,119.42112731933594,36.382965087890625,122.4035873413086,117.55793762207031
2023-01-12,14.159968376159668,117.9517822265625,8.013739585876465,19.36747169494629,39.34768295288086,21.010189056396484,119.704345703125,38.05836868286133,132.66087341308594,124.08429718017578
2023-01-13,14.074922561645508,115.23699951171875,7.420477867126465,19.749143600463867,39.09121322631836,20.701719284057617,120.83718872070312,37.86798095703125,131.5863037109375,121.49048614501953
2023-01-16,14.687247276306152,120.01124572753906,7.702983379364014,20.072097778320312,41.01061248779297,21.59285545349121,126.12383270263672,39.600502014160156,141.06207275390625,128.18417358398438
2023-01-17,14.899858474731445,123.28770446777344,8.08907413482666,20.01338005065918,42.27642059326172,21.764225006103516,130.0887908935547,41.65668487548828,143.9927215576172,135.37989807128906
2023-01-18,14.763787269592285,125.81522369384766,7.928987979888916,19.856794357299805,42.532894134521484,21.798500061035156,137.82992553710938,41.29494857788086,145.6534423828125,135.8819122314453
2023-01-19,14.959389686584473,126.65774536132812,7.9384050369262695,19.749143600463867,42.110958099365234,21.969871520996094,138.20751953125,42.22784423828125,151.02630615234375,139.39610290527344
2023-01-20,15.911890983581543,126.65774536132812,8.126742362976074,20.06231117248535,42.42534255981445,23.049514770507812,138.9627685546875,42.208805084228516,149.36558532714844,142.7429656982422
2023-01-23,15.792829513549805,128.3427734375,7.95723819732666,19.435976028442383,42.623897552490234,23.27229881286621,142.17250061035156,40.66667556762695,147.70489501953125,139.47976684570312
2023-01-24,15.571711540222168,128.15554809570312,7.702983379364014,19.132593154907227,42.41706466674805,22.655359268188477,142.17250061035156,40.457244873046875,146.23956298828125,138.22471618652344
2023-01-25,15.086956977844238,127.68746185302734,7.750067234039307,18.927078247070312,41.89585494995117,21.849912643432617,138.67955017089844,39.94320297241211,148.29103088378906,134.2921600341797
2023-01-26,14.500146865844727,125.34716033935547,7.6558990478515625,19.093448638916016,42.433616638183594,21.027328491210938,136.60267639160156,39.37204360961914,146.72799682617188,136.63497924804688
2023-01-27,14.159968376159668,124.97272491455078,7.627648830413818,19.132593154907227,43.112022399902344,20.41038703918457,133.77053833007812,39.8289680480957,146.33724975585938,136.885986328125
2023-01-30,14.483139991760254,120.10486602783203,7.476978778839111,19.161954879760742,43.7656135559082,20.46179962158203,131.50486755371094,38.553375244140625,141.4528350830078,136.21661376953125
2023-01-31,14.440616607666016,116.5475845336914,7.3922271728515625,18.643268585205078,42.201961517333984,20.59889793395996,130.0887908935547,37.63951873779297,134.4192657470703,132.2840576171875
2023-02-01,13.224474906921387,111.49251556396484,6.723630905151367,17.77227020263672,40.1998291015625,19.15937614440918,122.630859375,36.4591178894043,127.77645111083984,121.8251724243164
2023-02-02,12.807755470275879,113.83283233642578,6.610628604888916,18.349674224853516,42.110958099365234,18.748079299926758,120.83718872070312,37.96317672729492,131.48861694335938,126.09239959716797
2023-02-03,14.040905952453613,118.88790893554688,6.846050262451172,19.21088409423828,44.26200485229492,20.204742431640625,127.53990173339844,40.971290588378906,139.40138244628906,129.6902618408203
2023-02-06,13.777267456054688,120.29208374023438,6.846050262451172,19.602346420288086,44.51020050048828,19.313608169555664,131.2216339111328,40.590518951416016,136.6660919189453,131.36367797851562
2023-02-07,12.501593589782715,112.33502197265625,6.168036937713623,18.388822555541992,40.58867263793945,18.045455932617188,118.09947204589844,36.954124450683594,124.25965881347656,118.22731018066406
2023-02-08,11.651144027709961,109.80748748779297,5.6312761306762695,17.439531326293945,38.13151168823242,16.854421615600586,112.62403869628906,34.76467514038086,112.34168243408203,107.43373107910156
2023-02-15,13.751751899719238,123.56851959228516,6.780131816864014,20.218894958496094,44.642574310302734,19.844860076904297,129.89999389648438,40.64763641357422,136.6660919189453,130.02493286132812
2023-02-16,13.692221641540527,125.53438568115234,6.8837175369262695,21.774946212768555,45.75119400024414,19.690624237060547,123.95252227783203,43.0845832824707,136.7637939453125,133.87380981445312
2023-02-17,13.598671913146973,126.65774536132812,6.959052085876465,22.08811378479004,45.411991119384766,19.433568954467773,127.35106658935547,42.74189376831055,138.0337371826172,137.63902282714844
2023-02-20,13.598671913146973,126.00244903564453,7.646481990814209,24.133493423461914,45.87529754638672,19.4849796295166,126.78465270996094,45.2169189453125,138.0337371826172,134.87786865234375
2023-02-21,13.52213191986084,125.72162628173828,8.409247398376465,24.397727966308594,44.51020050048828,19.433568954467773,129.99440002441406,44.45537185668945,134.3215789794922,134.20849609375
2023-02-22,13.658203125,123.56851959228516,7.571147441864014,22.264272689819336,44.34474182128906,19.519254684448242,131.50486755371094,43.42728042602539,133.2469940185547,133.62278747558594
2023-02-23,13.700726509094238,125.06632995605469,7.618231773376465,21.716228485107422,44.70876693725586,19.4849796295166,131.97686767578125,43.56055450439453,133.4423828125,136.3839569091797
2023-02-24,13.573158264160156,123.75575256347656,8.15499210357666,21.647724151611328,44.2785530090332,19.056549072265625,131.0328369140625,42.361114501953125,131.87936401367188,134.20849609375
2023-02-27,14.729768753051758,126.56413269042969,8.041990280151367,21.54985809326172,45.95802688598633,20.221878051757812,134.99781799316406,43.846134185791016,140.08518981933594,138.3920440673828
2023-02-28,14.882848739624023,127.59387969970703,7.9007368087768555,21.57921600341797,45.59400177001953,19.94768524169922,136.50827026367188,44.93134307861328,140.28057861328125,143.41232299804688
2023-03-01,14.976398468017578,130.3086395263672,7.9384050369262695,22.22512435913086,48.340728759765625,20.187604904174805,135.46983337402344,46.39731979370117,144.0904083251953,147.84689331054688
2023-03-02,15.086956977844238,132.7425537109375,7.608814716339111,21.363914489746094,48.746116638183594,20.341838836669922,138.11314392089844,45.50250244140625,138.71754455566406,152.6998291015625
2023-03-03,14.80630874633789,128.15554809570312,7.618231773376465,21.520498275756836,48.679935455322266,20.46179962158203,134.80899047851562,44.70287322998047,135.49383544921875,163.15870666503906
2023-03-06,15.945911407470703,131.05752563476562,7.863069534301758,21.726015090942383,51.029544830322266,22.021284103393555,136.88587951660156,47.73955535888672,139.10829162597656,161.6526336669922
2023-03-07,15.835352897644043,129.65333557128906,7.627648830413818,21.68686866760254,51.05436706542969,21.987009048461914,139.6236114501953,46.47347640991211,137.7406768798828,158.05477905273438
2023-03-08,16.949440002441406,130.5894775390625,7.6370649337768555,21.05074691772461,51.77414321899414,24.18056869506836,141.5116729736328,46.53059387207031,136.86148071289062,161.48529052734375
2023-03-09,16.847383499145508,130.87030029296875,7.759483814239502,21.031173706054688,50.591060638427734,24.026334762573242,143.49417114257812,45.90231704711914,137.25222778320312,169.51771545410156
2023-03-10,16.60075569152832,132.55532836914062,7.618231773376465,19.94487190246582,50.88062286376953,24.386215209960938,153.78421020507812,45.064613342285156,135.49383544921875,161.23428344726562
2023-03-13,15.903388023376465,135.08285522460938,7.476978778839111,19.533838272094727,51.4861946105957,23.015239715576172,157.18275451660156,44.017486572265625,132.66087341308594,163.99542236328125
2023-03-14,15.775819778442383,128.998046875,7.119138240814209,19.396827697753906,49.29259490966797,22.552536010742188,153.31219482421875,44.18882751464844,129.2417755126953,158.97515869140625
2023-03-15,15.818343162536621,128.4363555908203,6.789548873901367,18.878145217895508,49.36882019042969,22.655359268188477,151.42408752441406,43.769981384277344,127.87413787841797,157.13441467285156
2023-03-16,16.056467056274414,135.7381591796875,6.789548873901367,19.435976028442383,49.46198272705078,22.878145217895508,161.9973602294922,45.17884063720703,129.1440887451172,159.64453125
2023-03-17,15.486668586730957,136.01898193359375,6.667129993438721,18.594337463378906,48.352474212646484,21.901323318481445,167.85040283203125,43.750938415527344,123.57585144042969,154.7079315185547
2023-03-20,15.435640335083008,134.4275665283203,6.412874698638916,18.114797592163086,47.090511322021484,22.19265365600586,159.44845581054688,42.28496170043945,123.18509674072266,153.11817932128906
2023-03-21,14.959389686584473,131.33836364746094,6.196287155151367,18.114797592163086,48.01369094848633,21.49003028869629,157.56039428710938,41.77091979980469,121.03594970703125,154.67532348632812
2023-03-22,15.248543739318848,131.52560424804688,6.328122615814209,18.15394401550293,50.097198486328125,22.38116455078125,157.18275451660156,42.95131301879883,124.94348907470703,159.60623168945312
2023-03-23,15.571711540222168,132.08726501464844,6.572961330413818,18.15394401550293,51.2236442565918,23.46080780029297,159.54286193847656,43.52247619628906,126.40880584716797,158.91416931152344
2023-03-24,15.308073043823242,132.7425537109375,6.497626781463623,18.15394401550293,50.97801971435547,23.066652297973633,160.9589080810547,42.72285079956055,125.43192291259766,161.85543823242188
2023-03-27,15.605731964111328,131.99363708496094,6.478793144226074,18.290956497192383,51.105064392089844,22.99810218811035,158.22120666503906,41.9232292175293,122.4035873413086,166.52684020996094
2023-03-28,15.120975494384766,133.67868041992188,5.998533248901367,17.517822265625,49.97862243652344,22.41543960571289,155.76669311523438,39.98127746582031,116.63997650146484,163.2395477294922
2023-03-29,15.860864639282227,137.5167999267578,6.102118968963623,17.77227020263672,51.07965850830078,23.495080947875977,156.71072387695312,40.91417694091797,121.71977233886719,163.2395477294922
2023-03-30,15.654637336730957,137.6103973388672,6.0267839431762695,17.576539993286133,50.647708892822266,24.30052947998047,158.78761291503906,40.78090286254883,119.08218383789062,165.66175842285156
2023-03-31,15.879612922668457,139.2018280029297,5.8290300369262695,17.322093963623047,49.538211822509766,23.872098922729492,158.1267852783203,40.28589630126953,115.76077270507812,161.5093994140625
2023-04-03,15.954606056213379,139.2018280029297,5.866697311401367,17.27315902709961,49.57208251953125,24.11202049255371,158.41001892089844,40.723785400390625,118.00761413574219,162.9800262451172
2023-04-04,16.27332305908203,145.0994110107422,6.168036937713623,17.596113204956055,51.249046325683594,24.334802627563477,160.4868927001953,42.85612487792969,125.13887023925781,167.82444763183594
2023-04-05,15.804620742797852,143.50799560546875,6.007950305938721,17.331878662109375,50.639244079589844,23.683589935302734,165.2070770263672,41.561492919921875,122.4035873413086,171.1117401123047
2023-04-06,15.607766151428223,146.5035858154297,6.036201000213623,17.048070907592773,51.57936096191406,23.426532745361328,164.5462646484375,41.10456466674805,124.25965881347656,175.610107421875
2023-04-07,15.77649974822998,144.81857299804688,6.299872875213623,17.057857513427734,50.92721176147461,23.375120162963867,164.73507690429688,40.74282455444336,124.45504760742188,174.22598266601562
2023-04-10,16.18895721435547,149.4991912841797,6.864883899688721,17.556968688964844,51.460784912109375,23.837825775146484,166.05673217773438,42.28496170043945,130.41403198242188,177.34027099609375
2023-04-11,16.732650756835938,149.68643188476562,6.855466842651367,17.713552474975586,51.19823455810547,24.694683074951172,165.77352905273438,41.9232292175293,129.92559814453125,180.62754821777344
2023-04-12,17.14510726928711,150.90338134765625,6.815546989440918,17.74291229248047,51.32527160644531,25.96283531188965,169.8328857421875,42.26592254638672,130.31634521484375,179.24342346191406
2023-04-13,16.732650756835938,151.93313598632812,6.815546989440918,17.76248550415039,50.93567657470703,25.243074417114258,169.92730712890625,42.361114501953125,133.9308319091797,184.3473663330078
2023-04-14,16.470178604125977,155.0223388671875,6.688972473144531,17.468889236450195,51.27445602416992,25.215049743652344,174.36428833007812,41.828033447265625,131.29322814941406,183.91482543945312
2023-04-17,16.760770797729492,151.74591064453125,6.620817184448242,17.194868087768555,50.275054931640625,25.122821807861328,169.73849487304688,41.29494857788086,132.56317138671875,185.03941345214844
2023-04-18,16.845136642456055,151.65228271484375,6.533188819885254,16.97956657409668,50.28351974487305,25.676189422607422,172.4761962890625,40.24781799316406,133.05162048339844,184.6934051513672
2023-04-19,17.32321548461914,151.93313598632812,6.620817184448242,17.048070907592773,49.84310531616211,27.20716667175293,172.4761962890625,40.53340148925781,131.5863037109375,190.31637573242188
2023-04-20,16.592039108276367,148.37583923339844,6.542924880981445,16.86212730407715,49.37728500366211,25.952869415283203,173.51466369628906,39.98127746582031,130.90248107910156,193.17112731933594
2023-04-24,16.573291778564453,146.03553771972656,6.484506130218506,16.695756912231445,49.20789337158203,25.989763259887695,173.51466369628906,39.88608932495117,133.14930725097656,196.804443359375
2023-04-25,16.170209884643555,142.5718536376953,6.250830173492432,16.715330123901367,47.988285064697266,24.975257873535156,170.02171325683594,38.80087661743164,130.60940551757812,186.6830596923828
2023-04-26,15.804620742797852,143.78883361816406,6.0658369064331055,16.09878158569336,47.310726165771484,24.993703842163086,165.6791229248047,37.468170166015625,126.99493408203125,182.01165771484375
2023-04-27,15.935857772827148,148.18862915039062,6.046363830566406,15.961769104003906,48.530330657958984,25.823753356933594,166.3399658203125,36.744693756103516,127.77645111083984,180.36802673339844
2023-04-28,15.045323371887207,146.2227325439453,5.8516340255737305,16.216218948364258,45.51518630981445,25.25193977355957,164.6406707763672,35.08833312988281,124.8458023071289,166.09429931640625
2023-05-02,14.68911075592041,143.88243103027344,5.598484992980957,15.77582836151123,44.549659729003906,25.45484161376953,161.90293884277344,34.9360237121582,123.38047790527344,162.2014617919922
2023-05-03,14.548501014709473,146.4099884033203,5.384282112121582,15.315860748291016,44.803749084472656,25.233495712280273,161.33653259277344,35.56429672241211,126.21343231201172,165.48875427246094
2023-05-04,14.567248344421387,145.94190979003906,5.335599422454834,15.129919052124023,44.7105827331543,24.514118194580078,163.224609375,35.52621841430664,124.74810791015625,163.67208862304688
2023-05-05,14.286026954650879,146.97166442871094,5.140870094299316,14.660165786743164,43.75352478027344,23.5180606842041,161.90293884277344,35.06929397583008,122.59896087646484,155.88641357421875
2023-05-08,15.457782745361328,151.83950805664062,5.403755187988281,14.983121871948242,44.8884391784668,25.676189422607422,167.94482421875,36.55431365966797,129.730224609375,159.9522705078125
2023-05-09,15.664010047912598,154.92874145507812,5.345335960388184,14.71888542175293,44.73598861694336,26.192663192749023,172.7594451904297,35.69757080078125,125.82269287109375,158.04910278320312
2023-05-10,15.75775146484375,148.46945190429688,5.306389808654785,14.395931243896484,44.30404281616211,26.174217224121094,168.9832763671875,34.97410202026367,123.8689193725586,152.94515991210938
2023-05-11,17.33258819580078,163.26022338867188,5.773741722106934,15.217996597290039,48.73360061645508,28.775039672851562,182.86065673828125,38.458187103271484,133.14930725097656,168.17047119140625
2023-05-12,18.0825138092041,165.97500610351562,5.598484992980957,15.071199417114258,47.53940200805664,30.527362823486328,178.23486328125,37.94414138793945,129.53485107421875,166.35382080078125
2023-05-15,16.282697677612305,149.4055938720703,5.773741722106934,14.826536178588867,43.99067306518555,27.483850479125977,161.14772033691406,34.840824127197266,121.5243911743164,153.29119873046875
2023-05-16,14.782852172851562,142.1973876953125,6.2995123863220215,15.991129875183105,46.370609283447266,24.84613800048828,163.88543701171875,36.26872634887695,132.758544921875,166.61334228515625
2023-05-17,14.604743957519531,137.3295440673828,6.241093635559082,15.981343269348145,46.751731872558594,24.255882263183594,168.88885498046875,37.049312591552734,133.9308319091797,175.610107421875
2023-05-18,14.042302131652832,132.64894104003906,5.91005277633667,15.217996597290039,45.743858337402344,23.056921005249023,162.56378173828125,35.58333969116211,129.53485107421875,172.5823516845703
2023-05-22,13.536104202270508,128.15554809570312,6.28977632522583,15.257142066955566,45.328857421875,22.22687339782715,157.8435821533203,35.03121566772461,132.36781311035156,163.4990692138672
2023-05-23,13.498607635498047,125.81522369384766,6.1145195960998535,15.16906452178955,44.4649658203125,22.245319366455078,158.22120666503906,34.61236572265625,131.29322814941406,163.7585906982422
2023-05-24,13.076776504516602,124.87908935546875,6.007417678833008,15.159276962280273,43.9991455078125,21.765735626220703,157.7491912841797,33.90793228149414,129.730224609375,164.45065307617188
2023-05-25,13.404868125915527,124.50464630126953,6.28977632522583,15.188637733459473,43.2707633972168,22.20842742919922,152.93458557128906,33.86985397338867,131.00018310546875,159.26022338867188
2023-05-26,13.601722717285156,125.90882873535156,6.854492664337158,15.638814926147461,45.057830810546875,22.669567108154297,158.50440979003906,35.602378845214844,139.0106201171875,164.45065307617188
2023-05-29,13.95793628692627,128.4363555908203,7.068696022033691,16.411949157714844,47.175209045410156,23.1860408782959,164.5462646484375,37.887020111083984,142.62509155273438,169.9871368408203
2023-05-30,15.345293045043945,131.6192169189453,7.205007076263428,16.725116729736328,48.3863525390625,25.49173355102539,166.94888305664062,40.11454772949219,143.6019744873047,179.07040405273438
2023-05-31,14.810973167419434,131.99363708496094,6.9226484298706055,16.167285919189453,48.54727554321289,24.69857406616211,165.3196563720703,39.055477142333984,140.4759521484375,185.55848693847656
2023-06-01,15.317171096801758,134.6148223876953,7.049222469329834,16.304296493530273,49.65678024291992,25.030593872070312,169.3448028564453,39.59737777709961,143.6019744873047,178.63787841796875
2023-06-02,16.451427459716797,136.58065795898438,7.10764217376709,16.715330123901367,50.84251022338867,26.43245506286621,169.72817993164062,40.33281326293945,146.6303253173828,178.98390197753906
2023-06-05,17.03261947631836,144.2568817138672,7.399736404418945,17.175294876098633,53.544288635253906,27.188720703125,174.2325439453125,42.016571044921875,160.69744873046875,185.99099731445312
2023-06-06,16.910757064819336,145.19300842285156,7.253688812255859,17.175294876098633,56.152896881103516,26.782922744750977,172.8907928466797,41.49402618408203,161.57662963867188,187.20211791992188
2023-06-07,17.238847732543945,150.435302734375,7.759986877441406,17.87992286682129,58.18558120727539,27.649860382080078,175.9575958251953,44.2615852355957,168.5125274658203,192.04653930664062
2023-06-08,17.482572555541992,150.9969940185547,7.652885913848877,17.8603515625,58.67680740356445,27.96343421936035,178.44937133789062,43.54550552368164,167.63333129882812,201.21632385253906
2023-06-09,17.30446434020996,153.1501007080078,7.818405628204346,18.17351722717285,58.63447189331055,27.668306350708008,184.10379028320312,43.46808624267578,172.81080627441406,200.26473999023438
2023-06-12,16.948253631591797,154.08621215820312,7.526310920715332,18.56497573852539,58.16017150878906,26.81981086730957,185.15798950195312,42.906837463378906,179.06288146972656,195.8528594970703
2023-06-13,16.901384353637695,154.92874145507812,7.214743137359619,18.300743103027344,56.54249954223633,26.561573028564453,186.0205535888672,41.43596649169922,173.6900177001953,193.77667236328125
2023-06-14,17.22010040283203,152.74929809570312,6.912911891937256,17.76248550415039,55.017982482910156,27.041156768798828,186.4038848876953,40.25539779663086,178.672119140625,187.2886199951172
2023-06-15,18.02626609802246,159.38232421875,6.981067657470703,17.90928077697754,58.016197204589844,28.277008056640625,190.71656799316406,40.894065856933594,178.76980590820312,194.20921325683594
2023-06-16,17.707550048828125,167.62623596191406,7.010276794433594,18.01693344116211,57.10148620605469,27.742088317871094,192.72915649414062,40.87471389770508,176.52297973632812,193.77667236328125
2023-06-19,17.351335525512695,165.73109436035156,6.601344108581543,17.498249053955078,55.64472198486328,27.133386611938477,192.24996948242188,39.13288879394531,169.97784423828125,183.39578247070312
2023-06-20,17.848161697387695,157.29766845703125,6.474769592285156,17.126361846923828,56.44085693359375,28.277008056640625,190.71656799316406,38.82323455810547,167.4379425048828,185.38546752929688
2023-06-21,18.101259231567383,150.5698699951172,6.3481950759887695,16.68596839904785,57.70281219482422,27.760534286499023,187.3622589111328,38.3587532043457,165.4841766357422,185.38546752929688
2023-06-22,17.988771438598633,157.58192443847656,6.679235935211182,17.351451873779297,61.996856689453125,28.00032615661621,197.7126922607422,41.784332275390625,176.13223266601562,192.9981231689453
2023-06-23,18.55121421813965,159.19281005859375,7.088169097900391,17.654834747314453,63.81781005859375,29.143949508666992,196.85015869140625,42.5197639465332,180.4304962158203,200.35125732421875
2023-06-26,19.14177703857422,162.9831085205078,7.253688812255859,18.02672004699707,64.79180145263672,29.9739990234375,204.80467224121094,43.15842819213867,186.58486938476562,209.3480224609375
2023-06-27,18.935548782348633,161.561767578125,7.205007076263428,17.968002319335938,64.4530258178711,29.54975128173828,203.75047302246094,43.02295684814453,189.2224578857422,218.43130493164062
2023-07-03,19.404251098632812,169.52139282226562,7.487365245819092,18.936864852905273,65.64723205566406,30.17690086364746,212.08831787109375,44.80348205566406,205.63412475585938,222.41064453125
2023-07-04,19.779211044311523,167.1524200439453,7.57499361038208,18.67262840270996,64.43609619140625,31.228296279907227,215.63430786132812,44.02934265136719,203.2895965576172,215.3170166015625
2023-07-05,19.554235458374023,171.13229370117188,7.62367582321167,18.936864852905273,68.01022338867188,30.988500595092773,224.6430206298828,44.68736267089844,211.49542236328125,222.58364868164062
2023-07-06,19.179271697998047,173.59596252441406,7.730777740478516,18.790067672729492,70.94914245605469,30.527362823486328,225.3138885498047,45.19055938720703,211.59310913085938,226.64950561523438
2023-07-07,18.991792678833008,171.70082092285156,8.227338790893555,19.083660125732422,71.22863006591797,30.398244857788086,230.2974395751953,45.05508041381836,210.22547912597656,224.05429077148438
2023-07-10,19.216768264770508,175.68064880371094,8.159183502197266,19.27939224243164,69.89045715332031,30.56425666809082,237.6769256591797,45.306678771972656,209.6393585205078,220.1614532470703
2023-07-11,20.510385513305664,175.9649200439453,8.188392639160156,19.25981903076172,70.64424896240234,32.35347366333008,232.501708984375,45.7905158996582,210.3231658935547,221.1995391845703
2023-07-12,21.65401840209961,176.7229766845703,8.178655624389648,18.966222763061523,69.28064727783203,34.53004455566406,232.3100128173828,45.19055938720703,206.0248565673828,216.18209838867188
2023-07-13,22.910139083862305,174.35403442382812,8.100764274597168,18.976009368896484,68.06951141357422,36.429935455322266,235.7601776123047,46.35177230834961,204.65724182128906,218.3448028564453
2023-07-14,23.210107803344727,175.11209106445312,8.022871971130371,18.89771842956543,70.14453887939453,35.507659912109375,233.36424255371094,47.62910461425781,208.5647735595703,221.63209533691406
2023-07-17,23.73505401611328,184.39834594726562,8.032608985900879,18.985795974731445,69.46697235107422,35.507659912109375,246.49398803710938,49.98056411743164,213.7422637939453,220.1614532470703
2023-07-18,22.047727584838867,188.94671630859375,8.06181812286377,18.290956497192383,67.75614166259766,32.99906539916992,243.23548889160156,47.37751007080078,209.05320739746094,211.3376922607422
2023-07-19,23.453832626342773,189.4204864501953,8.120237350463867,18.43775177001953,70.72046661376953,34.53004455566406,251.5733642578125,48.325828552246094,218.4313201904297,219.46939086914062
2023-07-20,23.15386390686035,191.0313720703125,8.285758018493652,18.43775177001953,74.36235809326172,34.862064361572266,253.9693145751953,48.345184326171875,219.9943084716797,227.7740936279297
2023-07-21,22.46018409729004,192.35801696777344,8.06181812286377,18.202877044677734,77.58077239990234,33.88445281982422,266.42816162109375,47.067848205566406,218.4313201904297,231.83995056152344
2023-07-24,23.247602462768555,187.9043731689453,8.052082061767578,18.574764251708984,76.22565460205078,33.4786491394043,266.5240173339844,46.37112045288086,216.67291259765625,225.6114044189453
2023-07-25,23.34134292602539,184.01931762695312,7.974189281463623,18.13437271118164,74.81970977783203,35.028076171875,255.11936950683594,45.5776252746582,212.27694702148438,218.69082641601562
2023-07-26,23.43508529663086,192.83177185058594,8.100764274597168,18.447540283203125,78.36844635009766,34.97273635864258,259.81536865234375,47.125911712646484,218.9197540283203,224.9193572998047
2023-07-27,24.784944534301758,193.30555725097656,8.246811866760254,18.55518913269043,81.7308349609375,36.798851013183594,262.9779968261719,47.3968620300293,223.21803283691406,230.6288604736328
2023-07-28,26.772239685058594,205.81356811523438,8.276021003723145,18.819425582885742,81.05327606201172,39.43655776977539,274.5743408203125,48.325828552246094,229.5677947998047,237.54945373535156
2023-07-31,26.191049575805664,204.77122497558594,8.461014747619629,20.40483856201172,80.4265365600586,40.48795700073242,282.72052001953125,51.67399978637695,228.8839569091797,261.25250244140625
2023-08-01,25.366134643554688,203.5393829345703,8.344176292419434,19.94487190246582,80.16397857666016,39.3996696472168,283.7747802734375,50.5611686706543,225.66024780273438,260.73345947265625
2023-08-02,26.284791946411133,208.65628051757812,8.39285945892334,20.032949447631836,81.62921142578125,42.03738021850586,287.51239013671875,51.867530822753906,231.03311157226562,260.2143859863281
2023-08-03,25.572364807128906,216.3316650390625,8.626534461975098,19.76871681213379,80.1978530883789,42.03738021850586,298.91705322265625,50.9482421875,229.5677947998047,255.1969757080078
2023-08-04,26.528514862060547,218.7006072998047,8.626534461975098,20.130817413330078,80.96858978271484,43.34701156616211,299.0129089355469,53.07712936401367,243.0487823486328,258.39776611328125
2023-08-07,26.359783172607422,215.7631378173828,8.889420509338379,20.052522659301758,81.01093292236328,43.162559509277344,318.1803894042969,51.480464935302734,260.7303771972656,262.7231140136719
2023-08-08,26.39727783203125,219.07960510253906,8.714163780212402,20.052522659301758,79.93531036376953,44.472190856933594,317.3179016113281,49.78702926635742,255.74827575683594,256.6676025390625
2023-08-09,29.02200698852539,240.9686279296875,8.82126522064209,20.395051956176758,81.34971618652344,48.88067626953125,319.1387634277344,50.22248077392578,253.9898681640625,261.0794677734375
2023-08-10,28.740787506103516,252.71859741210938,8.276021003723145,19.54362678527832,78.54630279541016,50.26408767700195,306.58404541015625,48.38389205932617,252.52456665039062,250.43907165527344
2023-08-11,28.9470157623291,258.404052734375,8.431804656982422,20.081884384155273,80.3079605102539,51.18636703491211,327.76416015625,50.077327728271484,259.5581359863281,260.1278991699219
2023-08-14,28.309581756591797,258.21453857421875,8.509696960449219,20.82565689086914,78.427734375,51.50916290283203,339.1688232421875,49.35157012939453,255.35752868652344,252.77476501464844
2023-08-15,28.45956802368164,245.70652770996094,8.305230140686035,20.336334228515625,76.92861938476562,51.18636703491211,325.847412109375,49.35157012939453,253.69683837890625,244.21051025390625
2023-08-16,27.91587257385254,242.5795135498047,8.636271476745605,20.385265350341797,76.64913177490234,49.572383880615234,332.1726989746094,48.867733001708984,248.6170196533203,243.77798461914062
2023-08-17,28.272085189819336,239.26300048828125,8.694690704345703,20.923521041870117,77.45372772216797,49.98740768432617,335.5270080566406,49.883792877197266,256.0413513183594,249.1414337158203
2023-08-18,26.86598014831543,222.680419921875,8.32470417022705,20.502702713012695,75.60737609863281,46.713321685791016,321.0555419921875,47.84199142456055,245.5886688232422,240.40419006347656
2023-08-21,26.566011428833008,238.97872924804688,8.792055130004883,22.019609451293945,77.08953857421875,45.874053955078125,336.2936706542969,49.109649658203125,253.01300048828125,247.4113006591797
2023-08-22,25.778593063354492,237.84164428710938,8.665480613708496,21.81409454345703,77.40290832519531,45.41291427612305,334.4728088378906,48.48065948486328,249.00778198242188,247.497802734375
2023-08-23,25.928577423095703,230.26101684570312,8.743372917175293,21.82387924194336,76.05626678466797,45.652706146240234,328.7225036621094,48.81935119628906,234.1591339111328,240.3176727294922
2023-08-24,28.515810012817383,227.5130615234375,8.188392639160156,20.855016708374023,72.79550170898438,50.217979431152344,305.7215270996094,46.816253662109375,225.1717987060547,226.9955291748047
2023-08-25,28.06585693359375,243.527099609375,8.412332534790039,21.44220542907715,72.85478210449219,49.019020080566406,325.1765441894531,49.641876220703125,232.49844360351562,230.80186462402344
2023-08-28,27.934619903564453,242.5795135498047,8.314967155456543,21.43242073059082,73.89653778076172,48.650108337402344,325.27239990234375,51.625614166259766,250.0823516845703,231.9264678955078
2023-08-29,28.309581756591797,243.6218719482422,8.32470417022705,21.119251251220703,72.62610626220703,47.405033111572266,323.9306640625,50.706321716308594,242.16958618164062,226.64950561523438
2023-08-31,26.978469848632812,238.97872924804688,8.36365032196045,21.05074691772461,73.06652069091797,46.298301696777344,332.460205078125,49.59348678588867,239.3366241455078,233.4835968017578
2023-09-01,27.540910720825195,245.61180114746094,8.607062339782715,21.55964469909668,77.98731994628906,46.89777755737305,337.6354064941406,49.98056411743164,248.1285858154297,242.6533966064453
2023-09-04,28.32832908630371,248.64401245117188,8.568116188049316,21.57921600341797,76.22565460205078,47.26668930053711,355.4612121582031,50.22248077392578,246.85862731933594,236.59786987304688
2023-09-05,29.584449768066406,250.3496551513672,9.191251754760742,22.508935928344727,75.64972686767578,47.866172790527344,355.74871826171875,52.061065673828125,246.17481994628906,236.1653289794922
2023-09-06,29.434465408325195,245.23269653320312,8.996521949768066,22.73402214050293,74.44705200195312,47.45114517211914,345.1107482910156,52.593292236328125,239.3366241455078,230.88836669921875
2023-09-07,30.57809829711914,258.68829345703125,9.347036361694336,23.634380340576172,74.53174591064453,48.327308654785156,357.0904235839844,52.690059661865234,238.9458770751953,233.57009887695312
2023-09-08,30.27812957763672,255.84559631347656,9.230196952819824,23.242921829223633,76.72534942626953,48.23508071899414,363.2239990234375,52.1578369140625,237.67593383789062,247.58432006835938
2023-09-11,28.703290939331055,255.84559631347656,8.792055130004883,22.665517807006836,75.37023162841797,46.34441375732422,355.3653564453125,52.835208892822266,229.07933044433594,253.89935302734375
2023-09-12,27.765888214111328,256.31939697265625,8.636271476745605,22.313201904296875,74.1082763671875,45.708045959472656,370.8910217285156,52.496524810791016,230.54466247558594,260.3874206542969
2023-09-13,27.315933227539062,255.84559631347656,8.246811866760254,21.491138458251953,73.92193603515625,45.339134216308594,373.7661437988281,53.464202880859375,226.3440704345703,256.0620422363281
2023-09-14,26.997215270996094,259.5411682128906,8.383122444152832,21.54007339477539,77.15730285644531,46.66720962524414,378.5580139160156,54.770565032958984,232.98687744140625,262.1175842285156
2023-09-15,26.659751892089844,255.84559631347656,8.129974365234375,21.530284881591797,73.96430206298828,46.11384201049805,365.52410888671875,52.786827087402344,221.85040283203125,251.39064025878906
2023-09-18,26.753494262695312,253.95045471191406,7.896297454833984,20.66907501220703,71.73680877685547,45.744930267333984,350.9568176269531,50.27086639404297,213.05845642089844,243.95098876953125
2023-09-19,27.16594886779785,261.6257629394531,7.682095050811768,20.708219528198242,71.38955688476562,46.15995788574219,358.048828125,50.36763000488281,213.54689025878906,250.0065155029297
2023-09-20,27.747140884399414,255.84559631347656,7.594466686248779,20.06231117248535,69.97515106201172,47.497257232666016,358.43212890625,49.44833755493164,218.13824462890625,240.3176727294922
2023-09-21,29.246986389160156,261.2467956542969,7.818405628204346,20.42441177368164,71.94854736328125,47.958396911621094,363.51153564453125,51.23854064941406,227.2232666015625,244.72955322265625
2023-09-22,28.87202262878418,259.0673522949219,7.701567649841309,21.17797088623047,71.09313201904297,46.851661682128906,359.5821838378906,52.93198013305664,220.87351989746094,240.49070739746094
2023-09-25,30.20313835144043,263.1419372558594,7.96445369720459,22.665517807006836,72.00782775878906,47.543373107910156,357.4737854003906,53.41582107543945,227.12557983398438,253.46682739257812
2023-09-26,29.69693946838379,260.9625244140625,7.8086700439453125,21.863027572631836,70.72046661376953,47.45114517211914,360.3489074707031,51.867530822753906,222.24114990234375,252.60174560546875
2023-09-27,29.584449768066406,255.84559631347656,7.8281426429748535,21.726015090942383,70.22077178955078,46.851661682128906,352.681884765625,52.35136795043945,225.07411193847656,249.40097045898438
2023-09-28,30.034404754638672,255.84559631347656,7.8086700439453125,21.83366584777832,70.61036682128906,47.12834548950195,347.1233215332031,51.77076721191406,237.57823181152344,252.60174560546875
2023-09-29,31.365516662597656,260.2992248535156,7.867088317871094,21.784732818603516,71.56741333007812,49.111244201660156,349.9984436035156,52.88359451293945,236.8944091796875,255.62950134277344
2023-10-02,32.3216667175293,276.2184753417969,8.178655624389648,21.911956787109375,71.83844757080078,49.80295181274414,365.1407775878906,53.94804000854492,247.54244995117188,250.0065155029297
2023-10-03,31.777976989746094,269.5854187011719,8.091028213500977,21.882598876953125,77.80945587158203,49.15735626220703,366.0991516113281,54.673797607421875,241.97421264648438,252.169189453125
2023-10-04,31.34676742553711,274.7023620605469,7.789196491241455,21.34433937072754,76.15789794921875,47.68171691894531,375.3953857421875,52.54490661621094,232.98687744140625,247.4113006591797
2023-10-05,32.05919647216797,278.8716735839844,8.003399848937988,21.657506942749023,75.97156524658203,48.6039924621582,398.01300048828125,53.028743743896484,235.9175262451172,248.36288452148438
2023-10-06,31.55299949645996,293.7486572265625,8.412332534790039,21.99024772644043,77.66547393798828,47.58948516845703,401.5589904785156,52.25460433959961,232.88919067382812,258.57073974609375
2023-10-09,30.240631103515625,296.59136962890625,7.974189281463623,21.17797088623047,74.0235824584961,45.92938995361328,386.7041931152344,50.657936096191406,221.94808959960938,247.6708221435547
2023-10-10,31.0655460357666,303.2243957519531,8.178655624389648,22.058757781982422,75.29399871826172,47.0361213684082,388.8126220703125,51.625614166259766,232.59613037109375,253.89935302734375
2023-10-11,31.234281539916992,303.79296875,7.96445369720459,21.58900260925293,74.1082763671875,46.94389724731445,368.20758056640625,51.23854064941406,224.7810516357422,256.0620422363281
2023-10-12,30.859317779541016,303.2243957519531,7.721040725708008,21.236690521240234,73.19356536865234,46.11384201049805,362.0739440917969,50.416011810302734,219.89663696289062,248.44940185546875
2023-10-13,29.621946334838867,303.2243957519531,7.438682556152344,20.69843101501465,74.53174591064453,44.822654724121094,360.1572265625,50.22248077392578,217.06365966796875,242.13433837890625
2023-10-16,29.659442901611328,302.94012451171875,7.175796985626221,19.94487190246582,74.37083435058594,44.582862854003906,350.38177490234375,50.12571334838867,217.8451690673828,230.54234313964844
2023-10-17,30.20313835144043,296.59136962890625,7.428946495056152,20.600566864013672,74.6587905883789,45.57891845703125,355.84454345703125,51.045005798339844,219.89663696289062,234.60821533203125
2023-10-18,29.34072494506836,282.3777160644531,7.1368513107299805,19.866580963134766,71.56741333007812,43.697479248046875,356.1320495605469,49.54510498046875,211.49542236328125,230.10980224609375
2023-10-19,28.984512329101562,278.4926452636719,7.000540256500244,19.31853675842285,72.83785247802734,42.64608383178711,353.352783203125,49.109649658203125,208.66246032714844,232.61851501464844
2023-10-20,28.047109603881836,269.8697509765625,6.737655162811279,18.613910675048828,70.88984680175781,41.15199279785156,333.03521728515625,47.93876266479492,202.31271362304688,224.3137969970703
2023-10-23,28.590803146362305,275.1761779785156,6.942121505737305,18.927078247070312,73.32061004638672,42.42473602294922,347.31500244140625,48.432273864746094,208.76014709472656,228.46617126464844
2023-10-24,29.678190231323242,285.69427490234375,7.127114772796631,20.453771591186523,73.87960052490234,45.837162017822266,354.4069519042969,49.109649658203125,212.96075439453125,228.63917541503906
2023-10-25,27.747140884399414,268.5431213378906,6.513715744018555,18.643268585205078,71.8977279663086,41.96359634399414,331.59765625,45.88728332519531,198.3074951171875,212.2892608642578
2023-10-26,28.87202262878418,263.1419372558594,6.601344108581543,19.17173957824707,72.20262908935547,44.02949905395508,331.7893371582031,47.51298141479492,209.2485809326172,216.0090789794922
2023-10-27,28.984512329101562,262.5733947753906,6.523451805114746,18.819425582885742,71.90619659423828,45.302242279052734,336.3894958496094,47.93876266479492,212.17922973632812,219.036865234375
2023-10-30,28.32832908630371,264.18426513671875,6.542924880981445,18.790067672729492,71.4550552368164,44.67509078979492,328.818359375,47.145267486572266,213.83993530273438,214.53846740722656
2023-10-31,27.615901947021484,257.74078369140625,6.387141227722168,18.52583122253418,69.0149917602539,43.34701156616211,323.6431884765625,45.809871673583984,212.27694702148438,208.22341918945312
2023-11-01,27.803382873535156,261.4363098144531,6.309249401092529,18.212663650512695,69.58551788330078,43.03343963623047,334.4728088378906,46.02275848388672,213.05845642089844,210.3861083984375
2023-11-02,28.140850067138672,274.3233337402344,6.455296516418457,18.290956497192383,69.72594451904297,43.9003791809082,346.16497802734375,46.10017395019531,217.8451690673828,218.69082641601562
2023-11-03,28.122100830078125,271.0068054199219,6.406613826751709,18.300743103027344,70.94598388671875,44.435302734375,350.7651672363281,47.20332717895508,220.48275756835938,219.9884490966797
2023-11-06,28.64704704284668,275.74468994140625,6.591607570648193,18.55518913269043,75.00102996826172,46.2521858215332,353.1611022949219,47.76457977294922,220.97120666503906,224.2705535888672
2023-11-07,28.347078323364258,280.719482421875,6.679235935211182,18.53561782836914,74.43052673339844,45.91094207763672,353.4006652832031,47.51298141479492,220.7758331298828,234.0026397705078
2023-11-08,27.934619903564453,290.43212890625,6.7571282386779785,18.37903594970703,73.3333740234375,44.95177459716797,368.015869140625,47.222679138183594,223.3157196044922,228.81219482421875
2023-11-09,27.52216339111328,289.9583435058594,6.650026321411133,18.359460830688477,73.3333740234375,44.582862854003906,352.4422912597656,47.28074264526367,224.8787384033203,229.24473571777344
2023-11-10,27.16594886779785,278.35052490234375,6.698709011077881,18.721561431884766,72.23623657226562,44.084835052490234,349.8067626953125,46.87431335449219,223.80418395996094,224.48681640625
2023-11-13,26.247295379638672,269.1116943359375,6.825283527374268,18.202877044677734,69.95416259765625,42.3509521484375,343.09814453125,46.02275848388672,226.83250427246094,213.6733856201172
2023-11-14,26.772239685058594,271.954345703125,7.292634963989258,18.67262840270996,71.53404998779297,42.79365158081055,340.7021789550781,46.89366912841797,231.61924743652344,217.99876403808594
2023-11-15,26.809736251831055,275.03399658203125,7.292634963989258,18.731348037719727,71.53404998779297,42.60919189453125,337.347900390625,46.719486236572266,230.15391540527344,214.10592651367188
2023-11-16,28.103351593017578,285.69427490234375,7.341317653656006,18.741132736206055,72.93839263916016,43.64213943481445,344.2961120605469,47.41621398925781,238.65281677246094,213.2408447265625
2023-11-17,28.197093963623047,292.0904235839844,7.3315815925598145,18.731348037719727,74.5182876586914,43.734371185302734,350.2859191894531,47.31945037841797,248.372802734375,213.6733856201172
2023-11-20,28.53455924987793,288.3000793457031,7.448419094085693,19.377256393432617,73.86000061035156,44.85954666137695,347.65045166015625,47.996822357177734,248.8612518310547,219.29638671875
2023-11-21,29.00326156616211,296.8282470703125,7.4192094802856445,20.111242294311523,73.72834777832031,45.228458404541016,348.8484191894531,48.81935119628906,262.2934265136719,217.78250122070312
2023-11-22,28.9470157623291,293.27490234375,7.360790729522705,19.935087203979492,73.20171356201172,45.59736633300781,353.6402587890625,48.52904510498047,255.9436492919922,213.6733856201172
2023-11-23,29.49070930480957,293.27490234375,7.068696022033691,19.250032424926758,71.49015808105469,46.34441375732422,360.1092834472656,47.60974884033203,254.72256469726562,211.0781707763672
2023-11-24,29.865673065185547,299.90789794921875,7.127114772796631,19.798076629638672,71.92902374267578,47.63560104370117,355.07781982421875,47.76457977294922,253.7456512451172,207.6178741455078
2023-11-27,32.15293502807617,303.6982421875,7.399736404418945,20.199321746826172,72.19232940673828,50.49465560913086,360.1092834472656,48.38389205932617,254.4783477783203,208.7424774169922
2023-11-28,31.684234619140625,298.7234191894531,7.302371501922607,20.091670989990234,74.07943725585938,50.26408767700195,360.3489074707031,48.38389205932617,254.96678161621094,210.99166870117188
2023-11-29,31.79671859741211,295.643798828125,7.205007076263428,20.16996192932129,73.90388488769531,50.03351974487305,351.0047302246094,49.01288604736328,249.10546875,216.70114135742188
2023-11-30,31.53424835205078,291.8534851074219,7.175796985626221,20.042736053466797,73.81610870361328,49.849063873291016,344.7752685546875,47.667808532714844,245.1979217529297,206.32025146484375
2023-12-01,32.67788314819336,289.48455810546875,7.15632438659668,19.866580963134766,73.15782928466797,52.062530517578125,337.347900390625,47.33879852294922,254.72256469726562,206.8393096923828
2023-12-04,33.95275115966797,291.6166076660156,7.292634963989258,19.582773208618164,74.82548522949219,53.39983367919922,332.3164367675781,47.37751007080078,255.9436492919922,210.1265869140625
2023-12-05,34.27146911621094,292.564208984375,7.1855340003967285,19.572986602783203,72.8067398071289,53.907081604003906,335.6707458496094,46.835609436035156,253.01300048828125,200.95680236816406
2023-12-06,34.21522521972656,296.59136962890625,7.1855340003967285,18.985795974731445,69.3836441040039,55.336612701416016,333.03521728515625,45.38409423828125,245.44215393066406,194.0362091064453
2023-12-07,33.634033203125,306.54095458984375,7.458155632019043,19.5240535736084,71.0951919555664,54.78324890136719,334.4728088378906,46.42918395996094,253.7456512451172,199.3131561279297
2023-12-08,32.77162170410156,304.8826599121094,7.691831588745117,19.250032424926758,71.05130004882812,53.21537780761719,342.1397705078125,45.90663528442383,248.1285858154297,194.64175415039062
2023-12-11,32.71537780761719,299.6709899902344,7.312108516693115,18.839000701904297,69.69083404541016,52.062530517578125,328.4829406738281,45.15184783935547,240.60658264160156,191.18145751953125
2023-12-12,34.908905029296875,294.2224426269531,7.205007076263428,18.790067672729492,70.04192352294922,54.78324890136719,322.4930725097656,45.422794342041016,243.24417114257812,191.44097900390625
2023-12-13,34.47769546508789,286.1680603027344,6.7766008377075195,18.476898193359375,65.9166488647461,54.32210922241211,324.6494445800781,44.47447204589844,235.72215270996094,187.37513732910156
2023-12-14,35.94004440307617,296.8282470703125,7.068696022033691,19.17173957824707,67.67208099365234,57.64230728149414,332.5560302734375,45.77116012573242,246.41903686523438,195.67984008789062
2023-12-15,36.652469635009766,303.6982421875,7.214743137359619,20.502702713012695,70.34913635253906,57.22727966308594,336.86871337890625,46.913021087646484,247.3959197998047,202.1678924560547
2023-12-18,36.93369674682617,301.32928466796875,7.117378234863281,20.453771591186523,67.75985717773438,57.27339172363281,316.263671875,45.8292236328125,240.0204315185547,191.18145751953125
2023-12-19,36.44624328613281,289.2476806640625,6.912911891937256,21.168184280395508,67.49654388427734,55.889976501464844,317.701171875,45.88728332519531,239.6296844482422,190.31637573242188
2023-12-20,37.43989181518555,290.92242431640625,6.932384967803955,20.590782165527344,66.96990966796875,57.64230728149414,317.9407958984375,45.46150588989258,236.3082733154297,185.99099731445312
2023-12-21,36.652469635009766,295.9465026855469,7.010276794433594,21.099679946899414,67.62820434570312,57.41173553466797,323.21185302734375,46.11952590942383,239.3366241455078,188.84576416015625
2023-12-22,36.708717346191406,296.185791015625,6.893438816070557,20.5516357421875,65.52167510986328,55.6132926940918,324.8890380859375,44.88090133666992,227.614013671875,183.8283233642578
2023-12-25,35.65882873535156,288.0513916015625,6.7279181480407715,19.876367568969727,63.89790344238281,53.21537780761719,316.982421875,43.99063491821289,220.97120666503906,178.20533752441406
2023-12-26,35.32136154174805,290.6831359863281,6.659763336181641,19.847007751464844,64.60006713867188,51.83195877075195,317.4616394042969,44.24223327636719,222.4365234375,182.96324157714844
2023-12-27,33.634033203125,292.83636474609375,6.581871032714844,20.121030807495117,64.2928695678711,51.416934967041016,314.8260803222656,45.32603073120117,217.06365966796875,183.22276306152344
2023-12-28,33.784019470214844,294.2718200683594,6.7571282386779785,20.29718589782715,65.56556701660156,51.924190521240234,314.8260803222656,45.19055938720703,223.70648193359375,183.5688018798828
2023-12-29,34.233970642089844,287.8121643066406,6.698709011077881,20.06231117248535,64.90727233886719,53.81485366821289,321.0555419921875,44.3390007019043,223.3157196044922,181.6656494140625
2024-01-02,34.25271987915039,288.0513916015625,6.961594581604004,20.67885971069336,67.14545440673828,54.2759895324707,326.8057556152344,44.66801071166992,230.93540954589844,189.6243133544922
2024-01-03,33.12783432006836,279.6778564453125,6.698709011077881,20.218894958496094,64.95115661621094,52.108642578125,319.37835693359375,43.100372314453125,224.7810516357422,186.25054931640625
2024-01-04,34.027740478515625,289.4869384765625,7.068696022033691,20.708219528198242,65.8288803100586,53.123146057128906,329.4413146972656,44.02934265136719,227.90708923339844,190.31637573242188
2024-01-05,34.47769546508789,294.0325927734375,7.438682556152344,20.855016708374023,65.43391418457031,52.93869400024414,330.3996887207031,44.319644927978516,233.67068481445312,191.18145751953125
2024-01-08,37.908592224121094,305.2770690917969,7.730777740478516,21.20733070373535,67.89151763916016,57.27339172363281,339.5042419433594,46.42918395996094,236.9921112060547,190.66241455078125
2024-01-09,37.34614944458008,305.7555847167969,7.915771007537842,20.992029190063477,66.2238540649414,57.73453140258789,334.9519958496094,45.67439651489258,237.28515625,188.15370178222656
2024-01-10,38.189815521240234,304.559326171875,8.032608985900879,22.039182662963867,67.40877532958984,58.84126281738281,349.5671691894531,46.89366912841797,244.12335205078125,191.35447692871094
2024-01-11,38.54602813720703,314.1291809082031,7.95471715927124,21.481353759765625,68.28649139404297,60.50136184692383,354.8382263183594,46.255001068115234,240.99732971191406,197.1504669189453
2024-01-12,40.552066802978516,320.58880615234375,7.974189281463623,21.43242073059082,69.0764389038086,62.53037643432617,360.8280944824219,46.19694137573242,245.1979217529297,198.62110900878906
2024-01-15,40.47707748413086,323.938232421875,8.052082061767578,21.55964469909668,71.2707290649414,61.33141326904297,360.8280944824219,46.680782318115234,247.3959197998047,204.67662048339844
2024-01-16,39.1834602355957,320.58880615234375,8.168920516967773,21.677082061767578,71.79736328125,58.79515075683594,354.5986022949219,46.97108459472656,244.0256805419922,203.46551513671875
2024-01-17,39.370941162109375,318.9140930175781,8.548643112182617,21.256261825561523,70.30524444580078,58.472354888916016,354.5986022949219,46.44853591918945,246.6632537841797,199.8321990966797
2024-01-18,38.45228576660156,319.3926086425781,8.743372917175293,20.80608367919922,70.04192352294922,58.05732727050781,360.8280944824219,46.27435302734375,244.95370483398438,199.8321990966797
2024-01-19,38.358543395996094,320.58880615234375,8.548643112182617,20.629926681518555,69.95416259765625,58.610694885253906,358.1925354003906,46.44853591918945,244.46527099609375,198.361572265625
2024-01-22,37.5523796081543,330.6371154785156,9.22046184539795,20.571210861206055,69.9102783203125,57.550079345703125,367.53668212890625,46.27435302734375,244.46527099609375,199.8321990966797
2024-01-23,35.77131271362305,345.4703063964844,9.152305603027344,20.718006134033203,70.87576293945312,55.56718444824219,383.34991455078125,45.67439651489258,243.0487823486328,201.30282592773438
2024-01-24,37.871097564697266,351.9299621582031,9.27888011932373,20.737579345703125,72.6312026977539,57.457847595214844,379.9955749511719,46.177589416503906,245.1979217529297,203.29249572753906
2024-01-25,37.81485366821289,348.58050537109375,9.356772422790527,20.952880859375,73.64057159423828,57.22727966308594,376.6412658691406,46.33241653442383,246.41903686523438,205.88772583007812
2024-01-26,37.796104431152344,354.3223876953125,10.018854141235352,21.18775749206543,75.57154846191406,58.24178695678711,391.9752502441406,47.53233337402344,253.9898681640625,210.8186492919922
2024-01-29,37.17741775512695,355.99713134765625,9.931225776672363,21.393274307250977,75.70320892333984,58.472354888916016,389.57928466796875,48.26777267456055,267.6662902832031,211.0781707763672
2024-01-30,37.17741775512695,354.0832214355469,9.882542610168457,21.20733070373535,75.220458984375,58.65680694580078,391.4960632324219,47.82263946533203,265.7124938964844,214.27894592285156
2024-01-31,37.0649299621582,364.6099548339844,9.785178184509277,21.109466552734375,77.41475677490234,58.56458282470703,391.4960632324219,47.70651626586914,266.4451599121094,213.1543426513672
2024-02-01,37.571128845214844,357.91107177734375,9.970170974731445,21.393274307250977,77.85362243652344,59.717430114746094,404.1945495605469,48.916114807128906,268.15472412109375,217.78250122070312
2024-02-02,36.80245590209961,352.4084167480469,9.668340682983398,21.266048431396484,78.8191146850586,58.933494567871094,403.9549560546875,48.364540100097656,274.9928894042969,219.7289276123047
2024-02-05,37.70236587524414,360.0643005371094,9.902015686035156,21.29541015625,80.17957305908203,59.901878356933594,419.76812744140625,48.38389205932617,282.5637512207031,219.7289276123047
2024-02-06,38.47103500366211,362.21746826171875,10.174637794494629,21.628150939941406,82.32998657226562,59.99411392211914,423.60162353515625,48.48065948486328,284.2733154296875,222.3241424560547
2024-02-07,37.908592224121094,357.91107177734375,10.028590202331543,22.029396057128906,80.75009155273438,59.025718688964844,411.6219787597656,48.62581253051758,279.3888854980469,219.29638671875
2024-02-08,37.85234832763672,369.63409423828125,10.048063278198242,22.254486083984375,81.89112854003906,59.302406311035156,418.80975341796875,50.51278305053711,280.12152099609375,224.05429077148438
2024-02-09,37.7398567199707,379.44317626953125,10.213583946228027,22.685091018676758,83.90988159179688,59.44074249267578,424.55999755859375,50.174095153808594,287.9366149902344,224.9193572998047
2024-02-12,38.58352279663086,375.8545227050781,10.20384693145752,22.704666137695312,86.4991455078125,60.731929779052734,422.8828125,50.609554290771484,283.5406494140625,230.10980224609375
2024-02-13,37.983585357666016,363.6529541015625,10.427786827087402,22.567651748657227,83.77821350097656,59.62519836425781,417.3721618652344,49.35157012939453,274.7486572265625,221.02651977539062
2024-02-14,38.433536529541016,364.6099548339844,10.125954627990723,22.802528381347656,85.13868713378906,59.07183837890625,436.06048583984375,50.754703521728516,275.96978759765625,216.2686309814453
2024-02-15,39.239707946777344,382.0748596191406,10.155165672302246,23.03740692138672,84.21707153320312,60.50136184692383,438.696044921875,51.19015884399414,277.4350891113281,220.37771606445312
2024-02-16,38.88349151611328,373.4620361328125,10.301212310791016,24.035625457763672,84.65593719482422,60.77804946899414,433.18536376953125,51.33530807495117,275.96978759765625,222.75668334960938
2024-02-19,38.939735412597656,373.2227783203125,10.242794036865234,23.644166946411133,84.21707153320312,61.515865325927734,434.6229248046875,50.851470947265625,272.0622253417969,222.5404052734375
2024-02-20,40.40208435058594,378.4862060546875,10.5056791305542,24.280288696289062,86.54302978515625,62.71482467651367,444.2066955566406,51.867530822753906,274.7486572265625,226.43324279785156
2024-02-21,40.77704620361328,384.94580078125,10.641989707946777,23.800752639770508,86.19194030761719,63.083740234375,446.363037109375,50.89985275268555,272.794921875,227.08204650878906
2024-02-22,39.689659118652344,377.7684326171875,11.002240180969238,23.57566261291504,89.87836456298828,60.82415771484375,456.1863708496094,50.706321716308594,278.4120178222656,230.10980224609375
2024-02-23,40.21460723876953,378.0076904296875,11.3235445022583,22.75359535217285,88.91287994384766,61.19306945800781,455.2279968261719,50.657936096191406,279.8773193359375,238.32801818847656
2024-02-26,39.05222702026367,378.0076904296875,11.3235445022583,22.303417205810547,90.14167785644531,59.947998046875,456.6655578613281,49.883792877197266,278.90045166015625,234.2189178466797
2024-02-27,38.99597930908203,368.4378662109375,11.002240180969238,22.97868537902832,90.58053588867188,58.56458282470703,450.4361267089844,49.0612678527832,273.77178955078125,230.10980224609375
2024-02-28,37.927337646484375,364.3706970214844,10.856192588806152,22.949325561523438,90.7560806274414,57.68841552734375,455.94677734375,48.916114807128906,269.6200256347656,227.51458740234375
2024-02-29,38.97723388671875,371.54803466796875,10.807510375976562,22.274059295654297,89.26395416259766,58.1956672668457,472.71832275390625,49.49672317504883,275.2370910644531,231.4074249267578
2024-03-01,37.77735900878906,364.6099548339844,11.041186332702637,22.47957420349121,88.47401428222656,57.042823791503906,470.3223876953125,48.72257995605469,271.32958984375,225.78443908691406
2024-03-04,36.57748031616211,356.9541320800781,11.109341621398926,22.518720626831055,86.27972412109375,55.56718444824219,454.26959228515625,49.15803527832031,264.2471618652344,220.59397888183594
2024-03-05,36.91494369506836,355.99713134765625,10.865928649902344,22.21533966064453,87.0257797241211,55.152156829833984,459.7802734375,47.31945037841797,259.1185302734375,227.29832458496094
2024-03-06,36.27751159667969,356.2363586425781,10.398577690124512,21.667293548583984,91.45825958251953,54.41433334350586,452.3528747558594,46.35177230834961,254.96678161621094,230.97488403320312
2024-03-07,38.39604187011719,368.4378662109375,10.758828163146973,22.34256362915039,92.77482604980469,57.27339172363281,456.6655578613281,47.41621398925781,266.4451599121094,235.30026245117188
2024-03-08,39.2209587097168,371.78729248046875,11.002240180969238,22.460002899169922,97.4267349243164,58.56458282470703,466.249267578125,47.454925537109375,272.794921875,234.4351806640625
2024-03-11,40.12086486816406,373.9405517578125,10.826983451843262,22.401283264160156,98.91886138916016,58.10344314575195,468.166015625,47.41621398925781,274.2602233886719,237.0303955078125
2024-03-12,41.039520263671875,381.59637451171875,10.4862060546875,22.156620025634766,97.60227966308594,59.256290435791016,480.6249084472656,46.52595520019531,269.131591796875,232.92129516601562
2024-03-13,39.1834602355957,369.63409423828125,10.456995964050293,21.755374908447266,95.14466857910156,58.33401107788086,479.1873474121094,45.713104248046875,265.7124938964844,234.2189178466797
2024-03-14,38.021080017089844,372.26580810546875,10.61277961730957,21.6966552734375,96.98788452148438,56.85837173461914,463.85333251953125,46.23564910888672,265.4682922363281,235.08399963378906
2024-03-15,37.23366165161133,362.21746826171875,10.495942115783691,21.726015090942383,94.88135528564453,56.166664123535156,462.89495849609375,45.96469497680664,264.0029296875,229.67727661132812
2024-03-18,37.62737274169922,362.4567565917969,10.262266159057617,21.56943130493164,93.7403335571289,56.58168411254883,464.3325500488281,45.364742279052734,262.2934265136719,234.65145874023438
2024-03-19,39.6709098815918,369.87335205078125,10.369367599487305,21.657506942749023,97.4267349243164,58.84126281738281,452.8320617675781,45.7905158996582,271.8180236816406,239.62562561035156
2024-03-20,39.97087860107422,366.04541015625,10.4862060546875,21.42263412475586,99.53326416015625,59.210174560546875,445.1650390625,45.55827713012695,271.8180236816406,237.67921447753906
2024-03-21,42.22064971923828,367.48089599609375,10.233057022094727,21.45199203491211,105.94061279296875,62.6687126159668,435.10211181640625,45.55827713012695,278.90045166015625,243.95098876953125
2024-03-22,42.951820373535156,354.5616455078125,9.765705108642578,21.18775749206543,100.4109878540039,63.4526481628418,418.80975341796875,46.21629333496094,284.51751708984375,238.54428100585938
2024-03-25,43.12055206298828,340.68548583984375,9.463873863220215,21.021385192871094,97.16342163085938,63.59098434448242,397.965087890625,45.53892135620117,279.1446533203125,232.7050323486328
2024-03-26,43.313743591308594,331.5940856933594,9.074413299560547,20.610353469848633,97.07565307617188,63.36042022705078,399.64227294921875,44.087406158447266,278.6562194824219,230.32608032226562
2024-03-27,43.431129455566406,334.4649963378906,9.18151569366455,20.463558197021484,96.19792938232422,63.36042022705078,391.9752502441406,43.564857482910156,276.2140197753906,230.10980224609375
2024-03-28,45.759193420410156,336.3789978027344,9.415191650390625,20.610353469848633,101.37647247314453,65.94279479980469,391.2565002441406,44.009986877441406,290.86724853515625,235.9490509033203
2024-03-29,45.759193420410156,345.4703063964844,9.707286834716797,20.708219528198242,99.35771942138672,66.05754852294922,397.72552490234375,44.745426177978516,290.86724853515625,239.62562561035156
2024-04-01,46.756935119628906,346.9057922363281,9.006258010864258,20.209108352661133,100.84983825683594,67.31119537353516,412.1011047363281,44.938961029052734,296.72857666015625,247.8438262939453
2024-04-02,48.22420120239258,349.0589904785156,8.714163780212402,19.034730911254883,99.18217468261719,67.60049438476562,400.1214294433594,43.52614974975586,290.1346130371094,237.0303955078125
2024-04-03,48.16551208496094,354.8008728027344,8.762845993041992,18.731348037719727,99.97212219238281,67.11832427978516,398.44427490234375,43.15842819213867,293.06524658203125,237.89547729492188
2024-04-04,51.25655746459961,363.6529541015625,9.035468101501465,19.28917694091797,102.25418853759766,69.770263671875,415.4554138183594,44.938961029052734,283.29638671875,235.79640197753906
2024-04-05,54.435638427734375,387.5775146484375,9.619657516479492,20.248254776000977,106.9938735961914,71.65074157714844,433.9041442871094,47.145267486572266,300.1476745605469,250.4899444580078
2024-04-08,54.288909912109375,384.94580078125,10.291475296020508,20.522275924682617,106.20213317871094,71.50608825683594,436.3000793457031,47.358150482177734,302.8341064453125,251.8893280029297
2024-04-09,54.288909912109375,384.94580078125,10.291475296020508,20.522275924682617,106.20213317871094,71.50608825683594,436.3000793457031,47.358150482177734,302.8341064453125,251.8893280029297
2024-04-15,57.12562942504883,375.8545227050781,10.525152206420898,20.218894958496094,104.01802825927734,71.9400405883789,414.7366638183594,46.11952590942383,291.5999450683594,248.1576385498047
2024-04-16,54.63127136230469,375.1367492675781,10.418049812316895,20.07029914855957,104.92807006835938,68.0826644897461,402.51739501953125,45.73245620727539,290.1346130371094,246.05856323242188
2024-04-17,54.826908111572266,371.0695495605469,9.892279624938965,19.87217140197754,101.74291229248047,71.16857147216797,400.6006164550781,45.19055938720703,288.425048828125,242.3268585205078
2024-04-18,57.27235412597656,351.9299621582031,8.908893585205078,20.03067398071289,101.65191650390625,71.36143493652344,394.61077880859375,45.15184783935547,289.4019470214844,243.7262420654297
2024-04-19,61.13616180419922,355.5186462402344,8.723899841308594,20.417022705078125,101.9249267578125,75.89384460449219,406.3509216308594,45.67439651489258,295.5074768066406,244.89239501953125
2024-04-22,58.54398727416992,354.0832214355469,8.80179214477539,20.595338821411133,102.10692596435547,73.72407531738281,410.9031677246094,46.52595520019531,295.7516784667969,246.2917938232422
2024-04-24,58.98416519165039,352.1692199707031,9.006258010864258,20.654775619506836,100.55986022949219,76.85819244384766,410.1843566894531,47.24203109741211,302.5898742675781,251.65609741210938
2024-04-25,56.19635772705078,356.71484375,8.996521949768066,20.605243682861328,99.28579711914062,76.27958679199219,423.1224365234375,47.125911712646484,306.00897216796875,252.12255859375
2024-04-26,57.761444091796875,369.87335205078125,9.424927711486816,21.19962501525879,100.92388153076172,77.9671859741211,424.3204040527344,48.81935119628906,309.6722717285156,252.3557891845703
2024-04-29,59.03307342529297,371.0695495605469,9.551502227783203,21.734569549560547,100.65086364746094,79.02796173095703,430.3102111816406,49.69025802612305,318.4642639160156,254.68809509277344
2024-04-30,58.15271759033203,370.35186767578125,9.483346939086914,21.32840919494629,101.37889862060547,79.51013946533203,423.60162353515625,48.770965576171875,318.4642639160156,256.78717041015625
2024-05-02,56.88108444213867,386.38128662109375,9.804651260375977,22.101104736328125,103.65400695800781,80.61913299560547,427.43511962890625,50.12571334838867,317.7315673828125,259.8191833496094
2024-05-03,58.739620208740234,399.300537109375,10.067536354064941,21.88316535949707,103.10799407958984,81.9209976196289,450.4361267089844,49.738643646240234,317.4873352050781,249.09056091308594
2024-05-06,58.93525695800781,399.539794921875,10.174637794494629,21.774194717407227,104.38204193115234,81.29418182373047,446.1234436035156,49.54510498046875,318.4642639160156,253.52194213867188
2024-05-07,60.25579833984375,400.9752197265625,10.223320007324219,22.51717185974121,104.38204193115234,83.75325012207031,441.33154296875,50.46440124511719,322.37176513671875,255.854248046875
2024-05-08,58.690711975097656,401.9322509765625,10.116219520568848,22.398296356201172,101.9249267578125,82.93356323242188,433.18536376953125,49.78702926635742,320.17376708984375,253.9884033203125
2024-05-09,58.10380935668945,406.7171630859375,10.13569164276123,22.536985397338867,103.83601379394531,86.06768035888672,452.8320617675781,50.31924819946289,317.7315673828125,255.6210174560547
2024-05-10,56.538719177246094,406.4779052734375,9.62939453125,23.200712203979492,104.56404876708984,83.41573333740234,461.6969909667969,51.23854064941406,310.649169921875,254.45486450195312
2024-05-13,54.77799987792969,407.6741027832031,9.288617134094238,22.943145751953125,104.20002746582031,83.12642669677734,453.7904357910156,50.657936096191406,306.98583984375,255.6210174560547
2024-05-14,56.24526596069336,436.144287109375,8.47075080871582,23.04220962524414,107.93122100830078,86.79093170166016,446.84222412109375,51.14177322387695,303.07830810546875,254.45486450195312
2024-05-15,55.951812744140625,449.0635681152344,8.490224838256836,22.249698638916016,108.38623809814453,84.71759796142578,455.4675598144531,49.98056411743164,298.4381103515625,255.854248046875
2024-05-16,57.8592643737793,446.671142578125,8.616799354553223,22.586515426635742,109.38728332519531,85.63372802734375,465.2909240722656,50.5611686706543,299.9034423828125,267.51580810546875
2024-05-17,61.52743148803711,465.8107604980469,8.626534461975098,23.21061897277832,109.8423080444336,90.79296112060547,484.4583740234375,51.528846740722656,316.02203369140625,279.8770446777344
2024-05-20,63.0925178527832,466.28924560546875,8.879683494567871,23.755468368530273,110.47933959960938,92.43234252929688,486.37518310546875,52.1578369140625,316.02203369140625,275.6788635253906
2024-05-21,65.88032531738281,466.28924560546875,8.94783878326416,23.745561599731445,110.57035064697266,97.68801879882812,468.88482666015625,53.2222785949707,315.0451354980469,278.2444152832031
2024-05-22,64.80432891845703,464.1360168457031,9.103623390197754,23.93378257751465,111.2073745727539,97.10941314697266,473.4371337890625,53.464202880859375,314.0682678222656,290.8388671875
2024-05-23,65.09778594970703,463.6575622558594,8.80179214477539,24.032846450805664,106.29314422607422,96.43437194824219,464.3325500488281,52.64167785644531,310.1607360839844,293.6376647949219
2024-05-24,65.04887390136719,447.38885498046875,8.646008491516113,24.4786319732666,102.19794464111328,95.71111297607422,445.6442565917969,51.819149017333984,310.8934020996094,283.14227294921875
2024-05-27,66.51614379882812,456.4801940917969,8.753108978271484,24.359756469726562,102.10692596435547,95.08428955078125,457.7110900878906,52.448143005371094,307.7185363769531,284.5416564941406
2024-05-28,68.27686309814453,461.0258483886719,9.035468101501465,24.4786319732666,101.56090545654297,96.62723541259766,468.4120788574219,52.496524810791016,304.7878723144531,296.4364318847656
2024-05-29,64.55978393554688,456.4801940917969,8.840738296508789,24.06256675720215,99.01278686523438,96.14506530761719,464.52081298828125,51.383689880371094,298.9265441894531,295.7367248535156
2024-05-30,64.26632690429688,454.32696533203125,8.879683494567871,24.24087905883789,98.46675872802734,98.94166564941406,461.1159362792969,51.480464935302734,298.9265441894531,295.5035095214844
2024-05-31,64.95105743408203,459.35113525390625,8.616799354553223,23.745561599731445,99.46781158447266,103.95625305175781,462.33197021484375,48.712501525878906,295.7516784667969,288.04010009765625
2024-06-03,65.34233093261719,475.38055419921875,8.684953689575195,24.56778907775879,98.28475189208984,104.72772979736328,477.16748046875,48.025856018066406,304.7878723144531,287.107177734375
2024-06-04,62.11433792114258,470.83489990234375,8.675217628479004,24.349849700927734,92.8244857788086,100.5810546875,479.84271240234375,47.31959533691406,298.9265441894531,277.3114929199219
2024-06-05,60.98943328857422,482.3186950683594,8.529170036315918,24.112096786499023,95.28160095214844,100.87035369873047,478.6266784667969,47.45692443847656,305.0321044921875,282.9090270996094
2024-06-06,59.81562042236328,478.96923828125,8.587589263916016,24.042753219604492,92.4604721069336,99.03810119628906,484.95001220703125,47.47654342651367,298.4381103515625,279.1773376464844
2024-06-07,58.00598907470703,472.2703552246094,8.42206859588623,23.745561599731445,93.27951049804688,96.38615417480469,479.11309814453125,47.280357360839844,295.5074768066406,274.5127258300781
2024-06-10,58.15271759033203,465.093017578125,8.305230140686035,23.00258445739746,92.73348999023438,94.93963623046875,477.6538391113281,46.377906799316406,292.821044921875,273.8130187988281
2024-06-11,59.277618408203125,477.0552978515625,8.44154167175293,22.89361572265625,91.73243713378906,99.03810119628906,483.49078369140625,46.14249038696289,295.5074768066406,272.41363525390625
2024-06-12,60.842708587646484,467.4854736328125,8.431804656982422,23.67621612548828,96.91968536376953,99.32740020751953,474.73541259765625,46.515235900878906,297.9496765136719,273.3465576171875
2024-06-13,60.157981872558594,503.37225341796875,8.840738296508789,24.4786319732666,96.19164276123047,99.32740020751953,509.27044677734375,47.1822624206543,302.3456726074219,275.912109375
2024-06-14,59.76670837402344,529.2107543945312,8.831001281738281,25.558425903320312,98.19374084472656,101.15966033935547,501.9743347167969,47.43730545043945,304.54364013671875,294.33734130859375
2024-06-20,62.40779113769531,545.0009155273438,8.91862964630127,26.67289161682129,99.64981842041016,106.84928894042969,512.6753540039062,48.39860534667969,308.6954040527344,302.2671813964844
2024-06-21,64.55978393554688,549.3073120117188,8.986784934997559,26.02897834777832,98.5577621459961,107.81362915039062,518.51220703125,47.888526916503906,308.6954040527344,296.90289306640625
2024-06-24,65.6846923828125,536.38818359375,9.152305603027344,26.400466918945312,98.9217758178711,110.0316162109375,514.6210327148438,47.71195983886719,303.07830810546875,316.7275085449219
2024-06-25,63.77724075317383,545.9578857421875,9.269144058227539,26.004213333129883,101.83392333984375,109.06727600097656,527.7540283203125,46.88798904418945,298.6823425292969,319.99273681640625
2024-06-26,63.3859748840332,535.43115234375,9.347036361694336,25.781320571899414,100.2868423461914,108.97084045410156,505.8656311035156,46.80951690673828,294.0421447753906,317.1939697265625
2024-06-27,65.3912353515625,535.43115234375,9.541766166687012,26.251873016357422,102.92597961425781,112.53890991210938,510.2432861328125,47.633487701416016,298.6823425292969,319.759521484375
2024-06-28,62.652339935302734,521.5549926757812,9.454136848449707,26.375701904296875,102.28894805908203,108.3922348022461,515.5938110351562,49.2421989440918,301.61297607421875,317.1939697265625
2024-07-01,60.59816360473633,530.1676635742188,9.074413299560547,25.63272476196289,100.1048355102539,106.75284576416016,510.7297058105469,47.339210510253906,288.91351318359375,316.0278015136719
2024-07-02,61.33179473876953,530.6461791992188,9.444400787353516,25.409832000732422,100.37785339355469,108.97084045410156,520.4578857421875,47.55501174926758,290.86724853515625,314.8616638183594
2024-07-03,64.80432891845703,526.33984375,10.05780029296875,27.192977905273438,101.46990203857422,114.56404113769531,515.107421875,48.98715591430664,296.2401123046875,315.328125
2024-07-04,65.78250885009766,522.0335083007812,10.729619026184082,27.217744827270508,102.470947265625,114.75690460205078,520.9442749023438,50.32120895385742,303.81097412109375,326.9896545410156
2024-07-05,65.29341888427734,529.6893310546875,10.768564224243164,27.242509841918945,102.19794464111328,118.03567504882812,521.4307250976562,50.615482330322266,300.8803405761719,311.596435546875
2024-07-08,66.22268676757812,534.4741821289062,10.61277961730957,27.093914031982422,100.55986022949219,119.38575744628906,539.9142456054688,49.38933181762695,298.9265441894531,300.8677978515625
2024-07-09,63.19033432006836,530.1676635742188,10.729619026184082,27.044382095336914,97.01068878173828,118.3249740600586,539.9142456054688,48.81058883666992,303.5667419433594,295.969970703125
2024-07-10,62.60342788696289,519.6409301757812,10.778300285339355,27.242509841918945,94.55357360839844,118.9035873413086,538.9414672851562,48.53593444824219,297.7054443359375,293.8708801269531
2024-07-11,65.2445068359375,545.4794311523438,11.050923347473145,27.316808700561523,98.10275268554688,127.6791000366211,533.5909423828125,49.53647232055664,302.8341064453125,293.4044189453125
2024-07-12,65.2445068359375,553.6138305664062,10.953557968139648,27.3663387298584,97.28369903564453,127.77554321289062,545.7511596679688,49.04601287841797,300.1476745605469,292.0050354003906
2024-07-16,66.80960083007812,560.3126831054688,10.846456527709961,28.18361473083496,96.19164276123047,128.16127014160156,551.5880737304688,49.04601287841797,300.3918762207031,285.9410400390625
2024-07-17,66.36941528320312,572.31591796875,11.196969985961914,28.084550857543945,95.82762908935547,127.77554321289062,558.3978271484375,49.68361282348633,302.1014404296875,278.9441223144531
2024-07-18,66.71177673339844,585.759521484375,11.596165657043457,27.688297271728516,96.28266143798828,125.36468505859375,555.4793090820312,49.2421989440918,309.183837890625,279.1773376464844
2024-07-19,67.2497787475586,590.080810546875,11.790895462036133,28.505571365356445,95.46361541748047,126.52189636230469,559.37060546875,48.6928825378418,308.20697021484375,277.3114929199219
2024-07-22,67.78778076171875,591.041015625,11.713004112243652,29.421911239624023,96.5556640625,124.30390167236328,560.3434448242188,48.33974838256836,302.5898742675781,285.00811767578125
2024-07-23,67.78778076171875,590.5609130859375,11.29433536529541,28.901824951171875,94.64456939697266,121.02513885498047,552.5609741210938,47.967002868652344,298.9265441894531,281.9761047363281
2024-07-24,66.02705383300781,599.6834716796875,11.528011322021484,28.555103302001953,91.91443634033203,122.2787857055664,554.5065307617188,47.751197814941406,297.9496765136719,271.9471740722656
2024-07-25,64.1196060180664,588.6404418945312,11.839578628540039,28.059785842895508,90.91339874267578,120.35009765625,565.6939697265625,47.31959533691406,293.3094787597656,263.317626953125
2024-07-26,64.21742248535156,588.1602783203125,12.073254585266113,27.861658096313477,91.1864013671875,120.35009765625,546.237548828125,47.29997634887695,294.53057861328125,264.017333984375
2024-07-29,63.2392463684082,575.1967163085938,11.86878776550293,27.53969955444336,89.59383392333984,121.7001724243164,531.1588745117188,46.162109375,287.2039489746094,255.38778686523438
2024-07-30,61.38070297241211,591.041015625,11.3624906539917,27.688297271728516,90.50387573242188,114.37116241455078,519.485107421875,46.27981948852539,286.71551513671875,259.1194763183594
2024-07-31,60.54925537109375,600.6436157226562,11.29433536529541,27.76259422302246,90.45836639404297,119.38575744628906,513.1617431640625,46.14249038696289,282.5637512207031,261.21856689453125
2024-08-01,61.820884704589844,587.68017578125,11.29433536529541,28.356975555419922,89.77584075927734,124.01461029052734,530.1860961914062,46.88798904418945,290.623046875,257.2536315917969
2024-08-02,58.886348724365234,564.6338500976562,10.778300285339355,27.267274856567383,86.31767272949219,119.771484375,528.2404174804688,45.59317398071289,284.7617492675781,243.95947265625
2024-08-05,55.658363342285156,535.3458862304688,10.359631538391113,24.815448760986328,80.99391174316406,115.62481689453125,513.1617431640625,42.57194137573242,270.596923828125,223.2485809326172
2024-08-06,54.435638427734375,542.5479125976562,10.418049812316895,24.468727111816406,82.31346893310547,113.11752319335938,518.0258178710938,42.00300598144531,273.0391540527344,220.16993713378906
2024-08-07,54.48454666137695,535.8259887695312,10.729619026184082,24.964046478271484,80.0838623046875,111.8638687133789,505.37921142578125,42.92506790161133,291.1114807128906,221.00955200195312
2024-08-08,54.63127136230469,523.8228149414062,10.807510375976562,25.85561752319336,81.63094329833984,110.0316162109375,511.2160949707031,43.51362228393555,295.0190124511719,230.24551391601562
2024-08-09,51.7945556640625,542.0676879882812,10.4667329788208,25.063108444213867,79.08282470703125,106.65641784667969,504.4064025878906,42.57194137573242,294.7748107910156,221.7559051513672
2024-08-12,53.01728057861328,540.1471557617188,10.603044509887695,24.429101943969727,78.53679656982422,108.7779769897461,510.7297058105469,41.963768005371094,293.3094787597656,215.03884887695312
2024-08-13,54.53345489501953,547.8292236328125,10.846456527709961,24.468727111816406,80.0838623046875,112.0567398071289,508.7840270996094,42.179569244384766,290.86724853515625,225.67417907714844
2024-08-14,54.973636627197266,545.4285888671875,10.758828163146973,24.389476776123047,80.0838623046875,108.97084045410156,496.6238098144531,41.55178451538086,285.0059509277344,225.8607635498047
2024-08-15,57.076717376708984,549.2697143554688,11.245652198791504,24.69657325744629,80.99391174316406,109.93518829345703,501.9743347167969,42.72888946533203,281.8310852050781,228.28636169433594
2024-08-16,55.60945129394531,533.9054565429688,11.089868545532227,24.082378387451172,80.4933853149414,105.11346435546875,496.6238098144531,42.04224395751953,286.71551513671875,225.5808868408203
2024-08-19,58.93525695800781,550.7100830078125,11.381962776184082,24.40928840637207,83.58753967285156,107.71719360351562,507.81121826171875,42.82697677612305,290.1346130371094,234.6302490234375
2024-08-20,58.5928955078125,539.6670532226562,11.401436805725098,24.270599365234375,84.40657806396484,108.00650024414062,501.0014953613281,42.82697677612305,292.821044921875,233.69732666015625
2024-08-21,57.8592643737793,533.9054565429688,11.42090892791748,24.230972290039062,85.36212921142578,108.3922348022461,484.95001220703125,42.27766036987305,290.86724853515625,231.45831298828125
2024-08-22,58.25053405761719,539.6670532226562,11.713004112243652,24.468727111816406,85.3166275024414,109.93518829345703,478.6266784667969,42.3953742980957,287.6923828125,230.8052520751953
2024-08-23,56.83217239379883,524.3027954101562,11.352753639221191,23.89415740966797,82.3589859008789,105.11346435546875,462.0887756347656,41.49292755126953,288.1808166503906,223.90162658691406
2024-08-26,57.223445892333984,518.0610961914062,11.128814697265625,23.180898666381836,80.72090148925781,104.92060089111328,470.6009521484375,41.139793395996094,282.0753173828125,216.71812438964844
2024-08-27,57.81035232543945,531.98486328125,11.518274307250977,23.478090286254883,82.22247314453125,108.00650024414062,471.8169860839844,42.27766036987305,290.86724853515625,220.7296905517578
2024-08-28,57.41908264160156,531.5048828125,11.44038200378418,23.557340621948242,83.72404479980469,106.84928894042969,468.89849853515625,42.454227447509766,295.26324462890625,218.49066162109375
2024-08-29,57.027809143066406,518.541259765625,11.37222671508789,23.943689346313477,87.7282485961914,108.29580688476562,471.33056640625,42.591556549072266,293.5536804199219,227.63331604003906
2024-09-02,60.109073638916016,540.1471557617188,11.810369491577148,24.4191951751709,87.13671112060547,111.28527069091797,483.9771728515625,42.72888946533203,301.3687744140625,227.3534393310547
2024-09-03,59.6199836730957,539.1869506835938,12.141409873962402,24.00312614440918,85.18011474609375,109.64588165283203,487.86846923828125,42.00300598144531,295.7516784667969,218.02420043945312
2024-09-04,59.76670837402344,535.3458862304688,12.365348815917969,23.60687255859375,84.54308319091797,110.0316162109375,488.8412780761719,41.49292755126953,294.0421447753906,216.8114013671875
2024-09-05,59.277618408203125,525.7432250976562,12.365348815917969,23.795093536376953,86.22666931152344,109.45301055908203,491.2733154296875,41.39483642578125,289.890380859375,213.35958862304688
2024-09-06,58.34835433959961,525.7432250976562,12.27772045135498,23.418651580810547,84.95260620117188,108.1029281616211,471.8169860839844,41.19865036010742,287.44818115234375,207.94862365722656
2024-09-09,56.78326416015625,526.7035522460938,11.77142333984375,23.141273498535156,83.45103454589844,104.14912414550781,466.952880859375,40.41391372680664,282.31951904296875,202.9108428955078
2024-09-10,55.21818161010742,537.7465209960938,11.099604606628418,23.04220962524414,81.40343475341797,102.79904174804688,480.3291320800781,39.92345428466797,277.4350891113281,200.76512145996094
2024-09-11,54.0932731628418,540.1471557617188,10.4862060546875,23.478090286254883,78.21827697753906,102.41329956054688,484.7068176269531,38.86405944824219,273.527587890625,191.71575927734375
2024-09-12,55.560543060302734,535.3458862304688,10.856192588806152,23.180898666381836,80.58439636230469,105.78850555419922,485.9228515625,39.76650619506836,279.6330871582031,200.11207580566406
2024-09-13,55.364906311035156,544.948486328125,11.041186332702637,23.497901916503906,83.36002349853516,107.04215240478516,489.32769775390625,40.70819091796875,285.494384765625,207.1090087890625
2024-09-16,54.973636627197266,545.4285888671875,10.88540267944336,23.587059020996094,81.40343475341797,107.62075805664062,493.70538330078125,40.04116439819336,279.6330871582031,202.4443817138672
2024-09-17,56.58762741088867,573.7562866210938,10.934083938598633,23.92387580871582,83.04151153564453,108.97084045410156,511.7025146484375,40.68857192993164,283.78485107421875,205.70962524414062
2024-09-18,57.27235412597656,591.041015625,10.973031044006348,23.89415740966797,83.40553283691406,110.1280517578125,513.1617431640625,40.39429473876953,284.7617492675781,206.08277893066406
2024-09-19,60.011253356933594,585.2794799804688,11.479328155517578,24.4786319732666,84.3155746459961,112.3460464477539,499.54229736328125,41.10055923461914,294.0421447753906,208.8815460205078
2024-09-20,58.837440490722656,547.34912109375,11.674057960510254,24.61732292175293,83.17802429199219,114.94976806640625,483.49078369140625,41.39483642578125,292.5768127441406,204.3102264404297
2024-09-23,59.91343688964844,561.7531127929688,11.80063247680664,24.439006805419922,82.99600219726562,116.29985046386719,481.30194091796875,41.2967414855957,289.15771484375,203.37730407714844
2024-09-24,62.45669937133789,557.431884765625,11.975890159606934,25.335535049438477,84.08806610107422,121.50730895996094,477.16748046875,41.8460578918457,289.4019470214844,204.49681091308594
2024-09-25,62.505611419677734,538.2266845703125,11.644848823547363,25.45936393737793,83.08702087402344,122.3752212524414,469.8713073730469,41.23788833618164,284.51751708984375,204.59011840820312
2024-09-26,61.72306442260742,517.1009521484375,11.683794975280762,25.360300064086914,84.45208740234375,119.38575744628906,463.5480041503906,40.90437698364258,284.51751708984375,206.92242431640625
2024-09-27,62.163246154785156,478.2102966308594,11.897997856140137,26.05374526977539,84.77059936523438,118.6142807006836,450.4149475097656,41.86567687988281,285.494384765625,205.989501953125
2024-09-30,60.25579833984375,476.52984619140625,11.703268051147461,26.49953269958496,83.54204559326172,118.03567504882812,437.768310546875,42.27766036987305,278.4120178222656,201.0449981689453
2024-10-01,56.39199447631836,464.2864990234375,10.856192588806152,26.1032772064209,81.58544921875,117.36062622070312,427.5537109375,40.33544158935547,271.32958984375,191.90234375
2024-10-02,51.69673538208008,451.21484375,10.369367599487305,25.335535049438477,80.0838623046875,111.47813415527344,422.9328308105469,39.099483489990234,265.22406005859375,186.86456298828125
2024-10-03,50.42510223388672,462.3499755859375,9.6099214553833,24.76591682434082,78.30928802490234,108.00650024414062,410.5293884277344,38.373600006103516,262.5376281738281,183.78591918945312
2024-10-04,53.16400146484375,465.73895263671875,9.902015686035156,24.8402156829834,80.35688781738281,111.38169860839844,427.06732177734375,39.00138854980469,267.42205810546875,184.34567260742188
2024-10-07,54.435638427734375,447.82586669921875,9.541766166687012,24.597509384155273,83.22351837158203,109.74231719970703,425.3648986816406,38.49131393432617,264.2471618652344,182.85299682617188
2024-10-08,54.826908111572266,468.15960693359375,9.551502227783203,23.596965789794922,84.81609344482422,111.18883514404297,417.58233642578125,38.412837982177734,264.49139404296875,173.8969268798828
2024-10-09,55.951812744140625,469.6119689941406,9.72675895690918,23.557340621948242,87.63723754882812,115.81768035888672,434.849853515625,38.72673034667969,264.0029296875,179.4944610595703
2024-10-10,54.53345489501953,449.5203552246094,9.590448379516602,23.52762222290039,86.86369323730469,113.40682220458984,420.9872131347656,37.863521575927734,260.3396301269531,180.42738342285156
2024-10-11,54.33781814575195,451.21484375,9.337299346923828,24.230972290039062,85.36212921142578,115.14263916015625,417.3391418457031,37.059165954589844,258.6300964355469,175.94937133789062
2024-10-14,52.72382736206055,453.3934326171875,9.22046184539795,23.913969039916992,82.5409927368164,112.3460464477539,406.88134765625,36.94145584106445,251.79190063476562,172.59083557128906
2024-10-15,53.16400146484375,452.9093017578125,9.570975303649902,23.993221282958984,82.95050811767578,113.31038665771484,409.3133544921875,37.82428741455078,261.8049621582031,177.3487548828125
2024-10-16,53.31072998046875,457.02447509765625,9.794915199279785,24.48853874206543,83.31452941894531,112.73178100585938,419.04156494140625,39.27604675292969,263.02606201171875,180.2407989501953
2024-10-17,52.088008880615234,455.3299865722656,9.77544116973877,24.280506134033203,88.0922622680664,110.7066650390625,413.20465087890625,40.35506057739258,267.1778259277344,182.199951171875
2024-10-18,49.05565643310547,446.37347412109375,9.502820014953613,23.80500030517578,88.0467529296875,106.94572448730469,400.3147888183594,38.8836784362793,261.8049621582031,183.41275024414062
2024-10-21,47.402530670166016,431.6073303222656,9.239933967590332,23.53752899169922,87.59172821044922,104.72772979736328,392.5322570800781,38.079322814941406,263.2702941894531,180.70726013183594
2024-10-22,48.81111145019531,445.8893737792969,9.532029151916504,23.53752899169922,90.640380859375,107.71719360351562,394.4779052734375,38.8836784362793,268.39892578125,182.10665893554688
2024-10-23,48.04813003540039,437.17486572265625,9.444400787353516,22.883708953857422,91.00440216064453,106.84928894042969,389.1274108886719,37.66733932495117,261.56072998046875,180.3341064453125
2024-10-24,48.59591293334961,460.4134216308594,9.580711364746094,23.101648330688477,92.00544738769531,108.00650024414062,394.9643249511719,38.45207595825195,267.42205810546875,188.26394653320312
2024-10-25,48.88936233520508,460.1713562011719,9.6099214553833,23.478090286254883,92.36946868896484,107.23501586914062,397.1531677246094,38.7463493347168,269.6200256347656,177.1621551513672
2024-10-28,48.86980056762695,457.75067138671875,9.882542610168457,23.705936431884766,91.36841583251953,106.07781219482422,406.1517028808594,39.19757080078125,271.57379150390625,182.5731201171875
2024-10-30,49.887107849121094,471.0644226074219,9.989645004272461,23.696029663085938,89.3663101196289,104.63129425048828,404.6924743652344,39.472232818603516,271.0853576660156,183.13287353515625
2024-10-31,49.49583435058594,451.698974609375,9.804651260375977,23.577152252197266,89.04780578613281,103.08834838867188,395.69390869140625,38.393218994140625,266.200927734375,175.3896026611328
2024-11-01,48.83067321777344,450.2465515136719,9.590448379516602,23.745561599731445,88.68378448486328,101.8346939086914,404.44927978515625,38.58940124511719,266.6893615722656,173.5237579345703
2024-11-04,45.935264587402344,447.82586669921875,9.200987815856934,23.250242233276367,88.0922622680664,96.91654205322266,396.42352294921875,37.569244384765625,262.2934265136719,167.73963928222656
2024-11-05,45.38748550415039,445.4051818847656,9.210724830627441,23.656404495239258,88.82029724121094,94.26460266113281,387.1817626953125,37.883140563964844,265.95672607421875,173.99021911621094
2024-11-06,46.424354553222656,476.8740234375,9.424927711486816,24.151721954345703,89.95785522460938,98.17019653320312,425.8512878417969,38.824825286865234,270.8411560058594,175.2963104248047
2024-11-07,47.34384536743164,472.7589111328125,9.463873863220215,24.528165817260742,91.45941925048828,101.44895935058594,427.06732177734375,39.2956657409668,276.2140197753906,173.61705017089844
2024-11-08,50.08274459838867,477.8423156738281,10.07727336883545,25.310766220092773,95.55461883544922,105.88494110107422,444.8212585449219,40.02154541015625,283.5406494140625,179.7743377685547
2024-11-11,51.403282165527344,475.4216613769531,10.53488826751709,25.23647117614746,94.37155151367188,107.81362915039062,439.9571838378906,39.5703239440918,281.3426513671875,181.3603057861328
2024-11-12,51.84346389770508,456.05621337890625,10.865928649902344,24.914512634277344,97.46570587158203,107.81362915039062,439.7139587402344,39.27604675292969,279.8773193359375,179.86764526367188
2024-11-13,52.72382736206055,456.5403137207031,11.206707000732422,24.79068374633789,100.1048355102539,109.45301055908203,443.994384765625,39.64879608154297,277.1908874511719,180.61398315429688
2024-11-14,54.19109344482422,460.1713562011719,11.333281517028809,25.310766220092773,101.65191650390625,109.74231719970703,460.1485290527344,40.35506057739258,279.8773193359375,182.47982788085938
2024-11-15,53.65309143066406,451.21484375,11.411172866821289,24.914512634277344,98.01173400878906,108.97084045410156,459.90374755859375,40.10002136230469,283.05218505859375,182.47982788085938
2024-11-18,53.84872817993164,445.1631164550781,11.459856033325195,25.01357650756836,100.01383209228516,109.74231719970703,458.6799621582031,40.08040237426758,282.0753173828125,185.5584716796875
2024-11-19,52.38146209716797,442.9844970703125,11.72274112701416,24.53807258605957,95.55461883544922,106.84928894042969,459.4142761230469,39.1583366394043,272.5506591796875,182.85299682617188
2024-11-20,51.06092071533203,429.912841796875,10.91461181640625,23.7653751373291,90.09435272216797,105.11346435546875,450.84765625,38.1970329284668,264.7356262207031,178.18836975097656
2024-11-21,55.658363342285156,441.7742004394531,11.75195026397705,24.666852951049805,92.55146789550781,110.61022186279297,460.6380615234375,39.41337585449219,273.2833557128906,187.23773193359375
2024-11-22,59.277618408203125,453.3934326171875,11.80063247680664,24.815448760986328,92.38994598388672,115.23907470703125,455.0085754394531,39.96269226074219,273.0391540527344,193.5816192626953
2024-11-25,58.299442291259766,463.076171875,11.644848823547363,25.112640380859375,91.65157318115234,116.01055145263672,471.1627197265625,40.2569694519043,289.4019470214844,191.90234375
2024-11-26,57.908172607421875,459.2030944824219,11.683794975280762,24.815448760986328,91.55927276611328,116.20342254638672,476.05792236328125,39.76650619506836,287.2039489746094,190.96942138671875
2024-11-27,58.15271759033203,463.076171875,11.683794975280762,24.468727111816406,89.80562591552734,115.81768035888672,476.792236328125,39.5703239440918,285.7386169433594,189.2901611328125
2024-11-28,58.39726257324219,470.5802917480469,11.80063247680664,24.983856201171875,89.34413146972656,117.55350494384766,469.44940185546875,39.589942932128906,280.6099548339844,187.70419311523438
2024-11-29,59.52216339111328,458.4768981933594,12.326403617858887,25.53861427307129,89.2518310546875,116.20342254638672,473.12078857421875,39.78612518310547,278.4120178222656,184.71884155273438
2024-12-02,59.66889190673828,471.7906188964844,12.053781509399414,25.796180725097656,90.08251190185547,116.49272155761719,476.05792236328125,40.43353271484375,278.90045166015625,184.43896484375
2024-12-03,62.01652145385742,486.0726318359375,13.251370429992676,25.756553649902344,91.7900161743164,120.253662109375,485.1140441894531,40.31582260131836,280.3657531738281,183.97250366210938
2024-12-04,61.38070297241211,490.4298400878906,13.358471870422363,25.85561752319336,91.97461700439453,119.38575744628906,484.8692932128906,40.53162384033203,282.31951904296875,196.38038635253906
2024-12-05,62.0654296875,494.7870788574219,13.02743148803711,25.677303314208984,91.69771575927734,119.96436309814453,491.9673156738281,40.57086181640625,286.71551513671875,192.64869689941406
2024-12-06,63.875064849853516,498.6601867675781,12.754809379577637,25.677303314208984,92.1130599975586,124.01461029052734,498.8205871582031,40.84552001953125,293.5536804199219,192.36880493164062
2024-12-09,64.90214538574219,509.3111267089844,13.066377639770508,26.747190475463867,91.51313018798828,127.29337310791016,502.73675537109375,42.375755310058594,293.5536804199219,192.55538940429688
2024-12-10,63.728336334228516,509.3111267089844,12.832701683044434,25.915056228637695,90.35940551757812,124.30390167236328,501.7577209472656,41.59101867675781,292.33258056640625,187.6109161376953
2024-12-11,62.505611419677734,520.930419921875,12.95927619934082,25.81599235534668,91.83616638183594,121.50730895996094,516.9328002929688,41.72834777832031,294.286376953125,186.02493286132812
2024-12-12,62.26106643676758,518.993896484375,13.0761137008667,26.073556900024414,91.09778594970703,121.31444549560547,509.59002685546875,41.51254653930664,291.5999450683594,188.54383850097656
2024-12-13,62.163246154785156,512.2160034179688,13.358471870422363,26.311309814453125,91.60542297363281,123.24313354492188,516.4432983398438,42.2580451965332,292.33258056640625,190.40968322753906
2024-12-16,61.33179473876953,496.7236328125,13.192952156066895,25.81599235534668,90.54399871826172,123.24313354492188,513.0166625976562,41.002464294433594,288.6692810058594,186.39810180664062
2024-12-17,61.33179473876953,502.04913330078125,13.251370429992676,25.915056228637695,89.80562591552734,125.84685516357422,513.0166625976562,40.39429473876953,290.86724853515625,181.3603057861328
2024-12-18,61.52743148803711,494.7306213378906,13.290316581726074,25.53861427307129,88.328857421875,123.82173156738281,500.7786560058594,40.92399597167969,283.78485107421875,176.69569396972656
2024-12-19,59.81562042236328,489.85162353515625,12.852173805236816,25.063108444213867,87.91352081298828,120.253662109375,495.88348388671875,41.45368957519531,282.8079528808594,171.84449768066406
2024-12-20,59.37543869018555,482.7770690917969,12.65744400024414,24.86498260498047,87.6366195678711,120.92870330810547,486.8273620605469,42.76811981201172,283.05218505859375,174.36338806152344
2024-12-23,58.00598907470703,479.1178283691406,12.521133422851562,24.72629165649414,85.88296508789062,120.92870330810547,477.2817077636719,43.43514633178711,279.3888854980469,177.9084930419922
2024-12-24,58.93525695800781,476.9222717285156,13.007957458496094,24.627229690551758,86.06756591796875,121.9894790649414,484.6245422363281,42.55232238769531,278.90045166015625,181.45361328125
2024-12-25,63.63051986694336,498.6338195800781,13.514256477355957,24.825355529785156,86.7136459350586,128.54702758789062,500.7786560058594,42.611175537109375,281.5868835449219,185.65176391601562
2024-12-26,64.21742248535156,505.46441650390625,13.115059852600098,24.547977447509766,87.6366195678711,126.32902526855469,513.9957275390625,42.57194137573242,283.29638671875,189.19686889648438
2024-12-27,64.80432891845703,509.3676452636719,13.631093978881836,24.706480026245117,88.19041442871094,125.36468505859375,523.7861328125,42.866214752197266,284.0290832519531,191.156005859375
2024-12-30,64.21742248535156,511.31927490234375,13.757668495178223,24.36966323852539,86.7136459350586,121.7001724243164,527.7022705078125,41.9833869934082,275.7255859375,187.42431640625
2024-12-31,63.434879302978516,515.7103271484375,13.261106491088867,24.17153549194336,86.48290252685547,119.96436309814453,535.5346069335938,40.72780990600586,274.50445556640625,191.3426055908203
2025-01-02,64.75541687011719,518.1498413085938,13.446101188659668,24.270599365234375,86.80594635009766,124.20747375488281,527.2127685546875,40.88475799560547,280.8542175292969,197.9663543701172
2025-01-03,64.75541687011719,518.1498413085938,13.562938690185547,24.48853874206543,87.82122039794922,124.49678039550781,518.4013671875,41.72834777832031,291.1114807128906,195.35415649414062
2025-01-06,65.34233093261719,520.58935546875,13.514256477355957,24.429101943969727,87.40587615966797,124.88251495361328,516.4432983398438,41.33597946166992,290.1346130371094,194.6078338623047
2025-01-07,63.33706283569336,514.2466430664062,13.241634368896484,23.85453224182129,87.12899017333984,122.4716567993164,519.3804321289062,41.08094024658203,286.71551513671875,192.27552795410156
2025-01-08,62.212154388427734,521.0772094726562,13.202688217163086,23.418651580810547,86.85209655761719,123.14669036865234,520.3594970703125,40.4727668762207,286.2270812988281,197.22000122070312
2025-01-09,64.46196746826172,510.8313293457031,13.670040130615234,23.636592864990234,86.99053955078125,126.13616180419922,521.8280029296875,40.51200485229492,287.9366149902344,200.2053680419922
2025-01-10,62.99470138549805,510.3434143066406,13.592147827148438,23.557340621948242,85.14459228515625,123.53244018554688,525.254638671875,39.51146697998047,286.71551513671875,199.1791534423828
2025-01-13,61.42961120605469,511.31927490234375,13.562938690185547,22.883708953857422,84.36006164550781,122.85739135742188,522.3175659179688,38.56978225708008,283.05218505859375,198.61940002441406
2025-01-14,61.625247955322266,502.5370178222656,13.689513206481934,22.6063289642334,83.89856719970703,122.76095581054688,515.9537963867188,38.432456970214844,286.71551513671875,190.68954467773438
2025-01-15,61.820884704589844,500.0975036621094,13.699249267578125,22.626142501831055,84.17545318603516,123.72530364990234,521.8280029296875,38.432456970214844,288.1808166503906,185.37188720703125
2025-01-16,62.75015640258789,491.8032531738281,14.205547332763672,22.784645080566406,85.23687744140625,125.17182159423828,534.5555419921875,38.49131393432617,290.86724853515625,189.4767608642578
2025-01-17,64.55978393554688,496.6822204589844,14.263965606689453,22.84408187866211,85.09843444824219,128.06484985351562,537.982177734375,38.962154388427734,296.4843444824219,192.36880493164062
2025-01-20,65.6846923828125,507.9039306640625,14.487905502319336,22.626142501831055,85.19073486328125,129.22206115722656,537.982177734375,38.66787338256836,298.6823425292969,202.07122802734375
2025-01-21,67.05414581298828,508.87969970703125,14.34185791015625,22.428014755249023,85.55992126464844,129.02919006347656,542.3878173828125,38.1970329284668,294.286376953125,201.88462829589844
2025-01-22,68.08122253417969,508.87969970703125,14.429486274719238,22.408203125,85.60607147216797,132.88656616210938,555.6048583984375,38.295127868652344,298.19390869140625,203.37730407714844
2025-01-23,66.66287231445312,502.5370178222656,14.108181953430176,22.467639923095703,88.23655700683594,128.73988342285156,546.303955078125,38.412837982177734,302.5898742675781,201.3248748779297
2025-01-24,64.99996185302734,501.5612487792969,14.21528434753418,23.08183479309082,86.06756591796875,127.58267974853516,547.7725830078125,38.6090202331543,301.8572082519531,201.51145935058594
2025-01-27,64.55978393554688,493.26690673828125,14.001080513000488,22.903520584106445,84.36006164550781,129.02919006347656,537.4926147460938,37.726192474365234,299.4150085449219,194.9810028076172
2025-01-28,65.63578033447266,509.85552978515625,14.7897367477417,22.982772827148438,84.82154083251953,130.6685791015625,542.8773803710938,39.040626525878906,304.54364013671875,201.4181671142578
2025-01-29,64.55978393554688,533.2747192382812,14.62421703338623,22.705392837524414,85.05229187011719,129.9935302734375,567.8428344726562,38.118560791015625,305.7647399902344,200.2986602783203
2025-01-30,64.07069396972656,539.1295166015625,14.565797805786133,22.705392837524414,86.85209655761719,126.90763854980469,565.8848266601562,37.76543045043945,305.7647399902344,202.1645050048828
2025-01-31,63.434879302978516,536.6900634765625,14.867629051208496,22.229888916015625,85.7906723022461,122.76095581054688,572.738037109375,37.29458999633789,309.6722717285156,207.57546997070312
2025-02-03,62.40779113769531,524.4925537109375,14.137392044067383,21.477005004882812,81.59112548828125,120.1572265625,561.9686279296875,36.215572357177734,306.4974060058594,214.75897216796875
2025-02-04,64.26632690429688,518.6376953125,14.254229545593262,21.813819885253906,82.7448501586914,120.73583221435547,572.738037109375,36.19595718383789,296.4843444824219,209.16143798828125
2025-02-05,63.48379135131836,526.444091796875,13.94266128540039,21.496816635131836,83.9908676147461,119.67505645751953,571.26953125,36.03901290893555,296.72857666015625,200.6718292236328
2025-02-06,63.04360580444336,535.2263793945312,13.9134521484375,22.289325714111328,84.82154083251953,123.05025482177734,569.3114624023438,36.64718246459961,306.253173828125,199.64561462402344
2025-02-07,62.11433792114258,547.9117431640625,13.874505996704102,23.200712203979492,85.14459228515625,124.01461029052734,581.0598754882812,37.11802291870117,314.8009033203125,199.1791534423828
2025-02-10,61.33179473876953,537.1779174804688,13.631093978881836,22.64595603942871,84.72925567626953,123.05025482177734,576.6542358398438,36.66680145263672,312.84716796875,194.3279571533203
2025-02-11,61.820884704589844,549.3754272460938,13.475310325622559,23.180898666381836,84.77539825439453,124.97895050048828,579.5913696289062,36.41175842285156,312.114501953125,186.86456298828125
2025-02-12,61.478519439697266,544.0084838867188,13.329261779785156,23.180898666381836,82.929443359375,124.88251495361328,569.8009643554688,36.03901290893555,309.6722717285156,185.74505615234375
2025-02-13,62.652339935302734,565.4761352539062,13.348735809326172,23.101648330688477,84.45234680175781,125.55754852294922,578.6123046875,36.60794448852539,311.8702697753906,192.08892822265625
2025-02-14,63.434879302978516,545.4722290039062,13.689513206481934,23.1214599609375,84.54464721679688,124.40033721923828,570.780029296875,36.82374572753906,309.4280700683594,194.3279571533203
2025-02-17,63.0925178527832,540.5932006835938,13.708985328674316,23.299776077270508,83.76011657714844,123.43599700927734,560.9896240234375,36.54908752441406,312.114501953125,195.91392517089844
2025-02-18,63.67942428588867,550.3511962890625,14.74105453491211,23.438465118408203,86.25215148925781,125.65399169921875,559.031494140625,36.43137741088867,317.4873352050781,192.64869689941406
2025-02-19,62.89688491821289,541.5690307617188,13.53372859954834,22.586515426635742,86.29830169677734,123.72530364990234,552.17822265625,35.72511291503906,310.8934020996094,188.73040771484375
2025-02-20,64.16851043701172,522.0530395507812,13.679776191711426,22.76483154296875,84.63694763183594,126.13616180419922,555.1153564453125,35.8035888671875,308.451171875,186.77127075195312
2025-02-21,63.3859748840332,499.6096496582031,13.48504638671875,22.170448303222656,83.43708038330078,123.43599700927734,542.3878173828125,35.33274841308594,302.1014404296875,189.10357666015625
2025-02-24,63.3859748840332,502.04913330078125,13.115059852600098,21.912885665893555,82.32950592041016,120.832275390625,548.2620849609375,35.41122055053711,302.3456726074219,189.10357666015625
2025-02-25,64.70651245117188,492.2911376953125,13.10532283782959,21.655319213867188,82.00646209716797,121.50730895996094,542.8773803710938,35.07770538330078,297.7054443359375,184.53225708007812
2025-02-26,66.02705383300781,497.65802001953125,13.40715503692627,21.67513084411621,82.09876251220703,121.79661560058594,544.345947265625,35.31312942504883,301.1245422363281,188.26394653320312
2025-02-27,66.32051086425781,504.4886169433594,13.689513206481934,22.150636672973633,82.1910629272461,122.66452026367188,552.6677856445312,35.84282684326172,308.451171875,185.74505615234375
2025-02-28,65.8314208984375,493.75482177734375,14.020553588867188,22.111011505126953,81.45268249511719,124.11103820800781,550.2201538085938,34.78343200683594,301.1245422363281,181.92007446289062
2025-03-03,71.40703582763672,512.782958984375,14.72158145904541,22.289325714111328,82.23721313476562,132.59725952148438,560.5000610351562,34.842288970947266,307.2300720214844,185.185302734375
2025-03-04,70.5755844116211,511.8070983886719,14.974730491638184,21.833633422851562,81.8218765258789,132.79013061523438,563.4371948242188,34.62648391723633,309.91650390625,183.69261169433594
2025-03-05,71.50485229492188,529.3715209960938,15.257088661193848,23.517715454101562,85.83682250976562,134.5259552001953,583.0180053710938,35.90167999267578,318.7084655761719,189.0102996826172
2025-03-06,71.84721374511719,540.1053466796875,15.10130500793457,24.44891357421875,89.89791107177734,133.8509063720703,564.90576171875,38.47169494628906,328.2330627441406,197.87306213378906
2025-03-07,72.14067077636719,541.0811157226562,15.062358856201172,24.56778907775879,90.72859954833984,136.84036254882812,545.8145141601562,38.510929107666016,327.9888610839844,197.87306213378906
2025-03-10,72.28739929199219,504.4886169433594,14.887102127075195,24.211162567138672,91.65157318115234,135.1045684814453,510.569091796875,38.550167083740234,325.30242919921875,194.14137268066406
2025-03-11,70.33103942871094,504.000732421875,14.945521354675293,24.587602615356445,94.60509490966797,131.72935485839844,511.05859375,38.922916412353516,322.8601989746094,198.89927673339844
2025-03-12,71.94503784179688,506.44024658203125,15.10130500793457,25.043296813964844,95.15888214111328,138.38333129882812,519.3804321289062,39.66841506958008,325.7908630371094,200.6718292236328
2025-03-13,73.16776275634766,515.222412109375,15.510237693786621,25.18198585510254,96.6356430053711,138.28688049316406,525.744140625,39.33489990234375,329.942626953125,200.85841369628906
2025-03-14,73.26557922363281,511.8070983886719,15.442081451416016,25.340486526489258,97.09712982177734,138.28688049316406,533.0869750976562,39.92345428466797,329.2099914550781,203.5638885498047
2025-03-17,73.46121215820312,503.02496337890625,15.812068939208984,25.340486526489258,98.29700469970703,137.5154266357422,524.275634765625,39.80574417114258,326.2793273925781,200.5785369873047
2025-03-18,71.65158081054688,493.75482177734375,15.734176635742188,25.419736862182617,98.94308471679688,134.2366485595703,514.9747314453125,39.94307327270508,319.4411315917969,200.6718292236328
2025-03-19,64.51087188720703,444.4769287109375,14.166601181030273,22.883708953857422,93.49752807617188,120.832275390625,468.95989990234375,36.882598876953125,294.286376953125,180.61398315429688
2025-03-20,58.39726257324219,443.7450866699219,13.144268989562988,23.141273498535156,97.1894302368164,113.02108001708984,480.463623046875,37.76543045043945,300.8803405761719,173.8969268798828
2025-03-21,52.57709884643555,399.5901184082031,11.829841613769531,20.902435302734375,91.88231658935547,103.37764739990234,439.5887145996094,34.4302978515625,279.1446533203125,162.70184326171875
2025-03-24,52.772735595703125,403.9812316894531,11.75195026397705,21.496816635131836,96.17415618896484,106.84928894042969,469.9389343261719,35.56816864013672,295.99591064453125,159.5299072265625
2025-03-25,54.77799987792969,444.23297119140625,12.482187271118164,22.48745346069336,96.35874938964844,114.66046905517578,493.4358825683594,37.3730583190918,304.7878723144531,167.9262237548828
2025-03-26,53.95000076293945,451.0635681152344,12.326403617858887,22.309139251708984,95.43577575683594,114.94976806640625,491.4778137207031,37.15726089477539,302.5898742675781,162.79513549804688
2025-03-27,52.79999923706055,450.57568359375,12.092727661132812,22.150636672973633,94.88198852539062,118.71070861816406,489.5197448730469,36.58832550048828,301.3687744140625,160.83599853515625
2025-03-28,52.25,447.1603698730469,12.589288711547852,22.309139251708984,97.74321746826172,118.0,484.8692932128906,37.84390640258789,303.81097412109375,167.27317810058594
2025-04-02,52.849998474121094,435.2068176269531,12.443241119384766,22.44782829284668,96.08185577392578,117.0999984741211,472.38653564453125,36.74527359008789,297.9496765136719,166.89999389648438
2025-04-03,52.54999923706055,431.79150390625,12.452978134155273,22.269512176513672,100.97087097167969,114.0,463.5751953125,36.215572357177734,296.9728088378906,168.3000030517578
2025-04-04,52.25,426.91253662109375,12.618498802185059,21.39775276184082,98.3433837890625,110.80000305175781,465.2884826660156,35.84282684326172,297.7054443359375,163.89999389648438
2025-04-07,52.099998474121094,441.54949951171875,12.754809379577637,21.100561141967773,97.2173080444336,109.80000305175781,470.91796875,35.23465347290039,302.8341064453125,162.0
2025-04-08,51.95000076293945,456.1865234375,12.57955265045166,21.39775276184082,96.84194946289062,110.4000015258789,475.3236389160156,35.509315490722656,301.1245422363281,164.3000030517578
2025-04-09,49.779998779296875,448.62408447265625,12.267984390258789,20.763744354248047,93.65142822265625,105.80000305175781,466.26751708984375,35.509315490722656,298.9265441894531,159.0
2025-04-10,49.400001525878906,448.8680114746094,12.530869483947754,21.100561141967773,94.30829620361328,105.5,467.9808654785156,35.33274841308594,298.9265441894531,159.6999969482422
2025-04-11,49.880001068115234,449.8438415527344,12.462714195251465,21.140188217163086,93.2291488647461,107.5,472.14178466796875,35.666259765625,302.8341064453125,159.89999389648438
2025-04-14,50.099998474121094,454.7228088378906,12.336139678955078,21.59587860107422,93.4637451171875,106.80000305175781,471.1627197265625,35.86244583129883,306.00897216796875,162.60000610351562
2025-04-15,50.349998474121094,452.7712097167969,11.966153144836426,21.59587860107422,89.33482360839844,105.69999694824219,469.9389343261719,35.371986389160156,312.60296630859375,157.60000610351562
2025-04-16,50.54999923706055,445.9406433105469,11.46959114074707,21.338315963745117,85.48741912841797,105.5,462.84088134765625,34.76381301879883,312.35870361328125,151.1999969482422
2025-04-17,51.29999923706055,447.6482849121094,11.099604606628418,21.19962501525879,86.09737396240234,104.69999694824219,478.0160217285156,34.76381301879883,316.02203369140625,166.3000030517578
2025-04-18,49.540000915527344,436.9144592285156,10.94382095336914,20.902435302734375,85.90969848632812,102.80000305175781,486.33782958984375,34.48915481567383,311.62603759765625,176.5
2025-04-21,49.779998779296875,433.9870910644531,11.235916137695312,20.763744354248047,86.66040802001953,102.0999984741211,479.23980712890625,34.3714485168457,307.7185363769531,194.10000610351562
2025-04-22,50.400001525878906,437.8902893066406,11.528011322021484,21.060935974121094,85.7689437866211,101.30000305175781,468.95989990234375,34.155643463134766,312.60296630859375,188.5
2025-04-24,53.5,452.03936767578125,11.683794975280762,21.75438117980957,86.5196533203125,104.69999694824219,478.0160217285156,34.567630767822266,314.0682678222656,204.0
2025-04-25,51.5,454.966796875,11.644848823547363,22.408203125,87.08268737792969,102.5999984741211,482.1769104003906,34.60686492919922,310.40496826171875,203.10000610351562
2025-04-28,49.36000061035156,453.7470397949219,11.732477188110352,22.705392837524414,86.42581176757812,101.30000305175781,479.72930908203125,34.48915481567383,305.5205383300781,195.8000030517578
2025-04-29,48.939998626708984,452.7712097167969,11.430645942687988,22.546892166137695,85.86277770996094,102.4000015258789,482.42169189453125,34.194881439208984,290.86724853515625,200.5
2025-04-30,48.5,440.0858459472656,11.216443061828613,22.289325714111328,83.09452819824219,102.69999694824219,468.4703674316406,33.5474739074707,277.6793212890625,200.0
2025-05-02,49.5,458.6260070800781,11.839578628540039,23.22052574157715,84.079833984375,103.30000305175781,484.6245422363281,33.606327056884766,285.9828186035156,198.0
2025-05-05,48.58000183105469,462.5292053222656,11.75195026397705,23.81490707397461,82.76608276367188,101.4000015258789,488.5406799316406,33.09625244140625,287.2039489746094,204.1999969482422
2025-05-06,49.2599983215332,461.55340576171875,11.829841613769531,23.577152252197266,82.34381103515625,101.5999984741211,478.2607727050781,33.03739547729492,285.0059509277344,204.39999389648438
2025-05-07,49.47999954223633,478.14202880859375,11.74221420288086,22.428014755249023,81.87461853027344,99.9000015258789,490.4987487792969,32.40960693359375,272.30645751953125,196.89999389648438
2025-05-08,49.900001525878906,478.62994384765625,11.849315643310547,23.04220962524414,85.34666442871094,100.0999984741211,497.35205078125,32.664642333984375,278.4120178222656,200.3000030517578
2025-05-09,49.880001068115234,467.16424560546875,12.443241119384766,23.755468368530273,85.86277770996094,101.19999694824219,512.03759765625,33.508235931396484,287.2039489746094,201.5
2025-05-12,51.900001525878906,485.4605407714844,13.553201675415039,24.29041290283203,91.91539764404297,106.4000015258789,525.254638671875,36.80412673950195,302.3456726074219,214.6999969482422
2025-05-13,52.25,483.0210266113281,13.592147827148438,24.76591682434082,91.72772216796875,109.69999694824219,526.7232055664062,35.99977493286133,297.46124267578125,217.60000610351562
2025-05-14,51.79999923706055,484.4847412109375,13.368207931518555,24.429101943969727,90.60165405273438,113.5999984741211,518.8909301757812,36.74527359008789,292.08837890625,217.5
2025-05-15,50.70000076293945,483.5089111328125,13.679776191711426,24.44891357421875,87.73956298828125,110.0999984741211,513.0166625976562,35.8035888671875,286.9597473144531,213.5
2025-05-16,51.95000076293945,482.0452575683594,14.283438682556152,24.56778907775879,90.7893295288086,113.30000305175781,517.911865234375,36.31366729736328,286.2270812988281,217.3000030517578
2025-05-20,52.54999923706055,459.3578796386719,14.069235801696777,24.627229690551758,86.28504943847656,112.0999984741211,503.7157897949219,35.548553466796875,280.12152099609375,205.10000610351562
2025-05-21,52.5,455.210693359375,14.156864166259766,24.013032913208008,84.22059631347656,111.19999694824219,495.3939514160156,35.03847122192383,273.2833557128906,203.60000610351562
2025-05-22,53.650001525878906,464.96875,13.621356964111328,23.656404495239258,82.95376586914062,112.4000015258789,493.4358825683594,35.371986389160156,277.6793212890625,204.1999969482422
2025-05-23,51.900001525878906,464.96875,13.660303115844727,23.319589614868164,81.54618072509766,110.80000305175781,489.5197448730469,34.46953582763672,273.2833557128906,195.39999389648438
2025-05-26,51.95000076293945,472.04327392578125,13.251370429992676,23.299776077270508,82.76608276367188,111.80000305175781,490.98828125,34.548011779785156,273.527587890625,194.6999969482422
2025-05-27,50.95000076293945,468.14007568359375,13.144268989562988,23.577152252197266,80.84239196777344,110.4000015258789,489.5197448730469,34.077171325683594,268.6431579589844,190.0
2025-05-28,51.650001525878906,468.384033203125,13.416891098022461,23.636592864990234,80.0916748046875,111.19999694824219,486.4461669921875,33.665184020996094,270.1084899902344,183.39999389648438
2025-05-29,52.79999923706055,471.3114318847656,13.679776191711426,23.596965789794922,79.20020294189453,109.5999984741211,482.9715576171875,33.56709289550781,272.0622253417969,181.10000610351562
2025-05-30,50.95000076293945,464.4808349609375,13.61161994934082,23.22052574157715,75.21204376220703,105.9000015258789,473.54046630859375,33.0,266.93359375,177.0
2025-06-02,52.04999923706055,474.23883056640625,14.078972816467285,22.80445671081543,76.24427032470703,107.80000305175781,478.0078430175781,32.7400016784668,269.37579345703125,174.89999389648438
2025-06-03,55.650001525878906,484.4847412109375,14.955256462097168,23.200712203979492,79.95091247558594,114.0,474.533203125,33.900001525878906,277.1908874511719,184.6999969482422
2025-06-04,56.20000076293945,503.02496337890625,15.052621841430664,23.517715454101562,82.53148651123047,115.69999694824219,484.2124938964844,34.13999938964844,280.3657531738281,184.39999389648438
2025-06-05,56.25,508.87969970703125,15.052621841430664,23.319589614868164,82.15613555908203,116.0999984741211,487.6871032714844,34.08000183105469,279.8773193359375,182.5
2025-06-10,59.849998474121094,511.8070983886719,15.461555480957031,23.97340965270996,81.4054183959961,122.30000305175781,494.3881530761719,34.31999969482422,284.2733154296875,181.8000030517578
2025-06-11,60.0,506.44024658203125,15.685495376586914,23.93378257751465,81.17082214355469,121.0999984741211,492.40264892578125,34.34000015258789,283.78485107421875,190.8000030517578
2025-06-12,59.20000076293945,493.26690673828125,15.334980964660645,24.666852951049805,78.30873107910156,119.0,490.41717529296875,33.5,272.30645751953125,188.8000030517578
2025-06-13,59.5,483.0210266113281,14.780000686645508,24.56778907775879,77.65185546875,117.19999694824219,472.2995300292969,32.900001525878906,257.6531982421875,184.89999389648438
2025-06-16,59.900001525878906,484.4847412109375,15.239999771118164,25.657489776611328,78.07412719726562,117.4000015258789,470.5622253417969,32.7599983215332,262.5448303222656,184.39999389648438
2025-06-17,58.599998474121094,490.8274230957031,15.109999656677246,26.350936889648438,78.91868591308594,115.0999984741211,469.5694885253906,32.7599983215332,259.08050537109375,183.0
2025-06-18,58.349998474121094,473.6140441894531,14.369999885559082,26.232059478759766,77.83953094482422,114.5,449.4663391113281,32.47999954223633,254.6264190673828,178.60000610351562
2025-06-19,57.150001525878906,467.7122802734375,14.34000015258789,25.162172317504883,76.66654205322266,112.30000305175781,453.9337158203125,32.08000183105469,249.42996215820312,177.3000030517578
2025-06-20,57.20000076293945,461.5646667480469,15.140000343322754,26.113183975219727,78.49641418457031,115.30000305175781,452.6927795410156,32.5,254.1315155029297,178.5
2025-06-23,57.900001525878906,449.2693786621094,15.180000305175781,25.677303314208984,79.76323699951172,115.19999694824219,453.6855163574219,32.47999954223633,250.4197540283203,178.0
2025-06-24,61.04999923706055,480.9912109375,16.489999771118164,25.756553649902344,81.26466369628906,120.0,477.01507568359375,33.5,271.70050048828125,183.6999969482422
2025-06-25,60.95000076293945,468.6959228515625,16.84000015258789,25.558425903320312,81.45234680175781,119.5999984741211,468.32855224609375,34.08000183105469,268.7310791015625,184.6999969482422
2025-06-26,60.79999923706055,459.84332275390625,16.600000381469727,25.281049728393555,79.3409652709961,118.80000305175781,461.62750244140625,34.5,262.5448303222656,186.5
2025-06-27,62.0,460.5810241699219,16.739999771118164,25.57823944091797,78.96560668945312,122.80000305175781,466.0948486328125,34.540000915527344,265.0193176269531,184.8000030517578
2025-06-30,68.19999694824219,486.64703369140625,18.0,26.41037368774414,83.75139617919922,135.0,491.1617431640625,36.040000915527344,280.60870361328125,196.1999969482422
2025-07-01,68.0999984741211,487.8765563964844,17.850000381469727,26.450000762939453,84.59595489501953,136.89999389648438,495.8772888183594,36.0,287.5373229980469,203.89999389648438
2025-07-02,69.1500015258789,503.614501953125,18.059999465942383,27.420000076293945,88.11492156982422,138.89999389648438,506.3011169433594,36.279998779296875,288.0321960449219,206.5
2025-07-03,68.80000305175781,499.1882019042969,17.8799991607666,27.299999237060547,87.31729125976562,135.60000610351562,500.3446350097656,37.0,288.527099609375,213.0
2025-07-04,69.69999694824219,498.6963806152344,17.770000457763672,27.479999542236328,87.73956298828125,137.39999389648438,498.85552978515625,37.060001373291016,289.7643737792969,212.60000610351562
2025-07-07,67.94999694824219,491.3192138671875,17.719999313354492,27.020000457763672,86.8011703491211,136.39999389648438,495.62908935546875,35.720001220703125,284.5679016113281,207.6999969482422
2025-07-08,67.69999694824219,480.007568359375,17.93000030517578,26.81999969482422,87.12960815429688,137.3000030517578,474.533203125,34.81999969482422,277.6392822265625,208.8000030517578
2025-07-09,69.30000305175781,484.9256896972656,18.18000030517578,26.899999618530273,88.95947265625,139.60000610351562,476.5187072753906,35.29999923706055,283.8255615234375,212.0
2025-07-10,70.3499984741211,490.8274230957031,19.0,27.260000228881836,90.41397094726562,141.89999389648438,486.197998046875,36.02000045776367,288.0321960449219,212.89999389648438
2025-07-11,69.75,487.6306457519531,19.149999618530273,27.15999984741211,89.42866516113281,142.1999969482422,485.9497985839844,36.099998474121094,290.0118103027344,213.5
2025-07-14,66.9000015258789,490.8274230957031,18.5,26.899999618530273,90.13246154785156,137.5,482.4751892089844,35.70000076293945,288.0321960449219,211.0
2025-07-16,65.44999694824219,479.0239562988281,18.690000534057617,26.780000686645508,89.61634063720703,133.89999389648438,479.0005798339844,35.5,282.0934143066406,204.8000030517578
2025-07-17,67.8499984741211,487.8765563964844,19.15999984741211,27.079999923706055,88.58411407470703,141.60000610351562,494.6363525390625,36.2599983215332,286.300048828125,207.6999969482422
2025-07-18,67.30000305175781,481.7289123535156,19.479999542236328,26.8799991607666,86.33197784423828,139.0,491.9062805175781,36.29999923706055,286.0526123046875,210.89999389648438
2025-07-21,68.5999984741211,490.0897216796875,20.360000610351562,27.260000228881836,86.7542495727539,143.0,509.27935791015625,37.459999084472656,291.0016174316406,213.8000030517578
2025-07-22,67.5999984741211,495.74554443359375,20.299999237060547,27.040000915527344,87.97415924072266,139.39999389648438,516.2285766601562,37.400001525878906,294.2184753417969,210.39999389648438
2025-07-23,67.55000305175781,491.07330322265625,19.729999542236328,27.040000915527344,87.59880065917969,140.3000030517578,514.739501953125,37.599998474121094,291.49652099609375,213.39999389648438
2025-07-24,68.19999694824219,500.17181396484375,19.790000915527344,27.100000381469727,88.49028015136719,139.6999969482422,530.6234130859375,37.79999923706055,292.981201171875,222.8000030517578
2025-07-25,68.0,502.6308898925781,19.440000534057617,26.940000534057617,86.70732879638672,140.0,527.1488037109375,37.29999923706055,290.0118103027344,219.39999389648438
2025-07-28,67.1500015258789,506.56536865234375,19.3799991607666,26.719999313354492,87.22344207763672,137.1999969482422,527.1488037109375,36.68000030517578,287.28985595703125,217.1999969482422
2025-07-29,67.1500015258789,508.5326232910156,19.889999389648438,26.420000076293945,85.86277770996094,139.0,525.163330078125,36.400001525878906,282.3408508300781,214.0
2025-07-30,67.19999694824219,511.4834899902344,19.729999542236328,26.6200008392334,89.56941986083984,142.39999389648438,524.6669311523438,37.08000183105469,284.3204650878906,226.6999969482422
2025-07-31,67.5,521.8115234375,19.850000381469727,26.719999313354492,89.28791046142578,142.8000030517578,520.1995849609375,36.7599983215332,285.06280517578125,230.8000030517578
2025-08-01,66.55000305175781,519.3524169921875,20.100000381469727,26.940000534057617,91.44620513916016,145.5,521.1923217773438,37.41999816894531,285.8051452636719,229.39999389648438
2025-08-04,66.8499984741211,519.8442993164062,19.959999084472656,27.239999771118164,94.30829620361328,151.8000030517578,528.1415405273438,37.52000045776367,291.49652099609375,231.0
2025-08-05,66.75,517.3851928710938,19.950000762939453,27.1200008392334,95.34053039550781,150.0,523.6741943359375,37.439998626708984,292.486328125,230.0
2025-08-06,66.69999694824219,525.2542114257812,19.850000381469727,27.479999542236328,96.09123992919922,149.60000610351562,533.1052856445312,39.779998779296875,305.3537292480469,229.1999969482422
2025-08-07,68.55000305175781,520.827880859375,19.850000381469727,27.260000228881836,99.75096893310547,148.39999389648438,530.6234130859375,39.459999084472656,305.8486328125,232.60000610351562
2025-08-08,67.9000015258789,522.7951049804688,19.850000381469727,27.15999984741211,98.43721771240234,146.5,540.0545654296875,39.70000076293945,311.04510498046875,230.6999969482422
2025-08-11,68.25,529.1886596679688,19.90999984741211,27.479999542236328,99.6571273803711,146.5,541.0473022460938,40.220001220703125,312.52978515625,233.5
2025-08-12,68.25,528.6968994140625,19.649999618530273,27.520000457763672,99.75096893310547,146.3000030517578,539.061767578125,39.52000045776367,316.2415466308594,234.8000030517578
2025-08-13,68.3499984741211,516.401611328125,19.780000686645508,27.860000610351562,98.62489318847656,148.10000610351562,503.8192443847656,39.15999984741211,320.943115234375,237.0
2025-08-14,66.75,522.3032836914062,18.950000762939453,27.6200008392334,98.3433837890625,144.60000610351562,496.3736572265625,39.599998474121094,322.6752624511719,236.0
2025-08-15,67.19999694824219,514.434326171875,19.149999618530273,27.65999984741211,98.71873474121094,142.89999389648438,492.6508483886719,39.97999954223633,327.624267578125,235.5
2025-08-18,66.5,515.41796875,19.1200008392334,28.780000686645508,100.4078369140625,141.0,490.9135437011719,42.5,330.5936584472656,237.5
2025-08-19,65.8499984741211,500.6636657714844,20.1200008392334,29.360000610351562,104.16140747070312,143.0,482.9715576171875,41.47999954223633,335.04779052734375,235.5
2025-08-20,67.19999694824219,504.59814453125,20.1200008392334,29.299999237060547,106.97657775878906,145.89999389648438,489.672607421875,41.91999816894531,335.29522705078125,242.0
2025-08-21,68.25,520.3361206054688,20.780000686645508,29.559999465942383,107.16425323486328,148.10000610351562,496.3736572265625,42.7400016784668,333.5630798339844,247.5
2025-08-22,69.8499984741211,514.9261474609375,21.360000610351562,29.399999618530273,107.44577026367188,149.60000610351562,495.38092041015625,43.099998474121094,334.0579833984375,246.0
2025-08-25,69.25,517.8770141601562,21.239999771118164,29.65999984741211,108.57183837890625,148.10000610351562,496.1254577636719,43.68000030517578,334.8003234863281,255.0
2025-08-26,70.5,527.221435546875,21.040000915527344,29.68000030517578,111.01166534423828,148.8000030517578,491.6581115722656,42.060001373291016,339.9967956542969,253.25
2025-08-27,69.0,521.8115234375,21.15999984741211,29.579999923706055,106.41354370117188,145.10000610351562,487.4389343261719,40.939998626708984,335.29522705078125,247.6999969482422
2025-08-28,69.5,527.221435546875,20.84000015258789,29.799999237060547,104.91211700439453,145.8000030517578,485.9497985839844,40.7400016784668,336.532470703125,254.5
2025-08-29,68.25,521.3197021484375,20.700000762939453,29.860000610351562,104.81827545166016,144.10000610351562,482.22698974609375,40.70000076293945,331.5834655761719,250.25
2025-09-01,69.19999694824219,520.827880859375,21.18000030517578,29.84000015258789,103.9737319946289,146.0,473.7886657714844,40.58000183105469,334.0579833984375,246.89999389648438
2025-09-02,66.05000305175781,501.15545654296875,20.700000762939453,28.520000457763672,98.43721771240234,140.60000610351562,459.89019775390625,38.91999816894531,327.5,232.60000610351562
2025-09-03,60.79999923706055,502.1390686035156,19.079999923706055,28.5,98.71873474121094,133.8000030517578,454.181884765625,38.2599983215332,329.25,228.0
2025-09-04,61.599998474121094,507.5489807128906,19.31999969482422,28.18000030517578,98.15570068359375,138.39999389648438,457.4083251953125,38.15999984741211,322.5,227.5
2025-09-05,62.45000076293945,506.56536865234375,19.510000228881836,27.34000015258789,100.4078369140625,138.8000030517578,454.4300842285156,37.68000030517578,319.5,225.10000610351562
2025-09-08,61.54999923706055,479.0239562988281,18.940000534057617,26.5,99.0940933227539,136.8000030517578,433.83056640625,36.58000183105469,309.0,222.6999969482422
2025-09-09,62.79999923706055,478.2862243652344,19.739999771118164,26.260000228881836,96.56044006347656,138.10000610351562,427.62591552734375,36.34000015258789,316.75,237.0
2025-09-10,63.900001525878906,485.9093017578125,20.5,26.020000457763672,96.37275695800781,141.89999389648438,431.10052490234375,36.720001220703125,322.5,240.10000610351562
2025-09-11,61.0,480.9912109375,19.219999313354492,25.700000762939453,94.77749633789062,137.8000030517578,418.9393615722656,36.47999954223633,316.0,239.60000610351562
2025-09-12,62.0,480.4993896484375,19.299999237060547,25.700000762939453,94.5898208618164,137.89999389648438,419.43572998046875,36.29999923706055,314.0,240.5
2025-09-15,65.44999694824219,515.9097900390625,20.700000762939453,27.5,98.81257629394531,146.3000030517578,444.0062255859375,38.79999923706055,331.75,260.5
2025-09-16,66.5999984741211,516.401611328125,20.559999465942383,27.6200008392334,101.72158813476562,149.8000030517578,446.23992919921875,38.7599983215332,327.0,268.25
2025-09-17,67.3499984741211,512.9324951171875,20.18000030517578,27.520000457763672,98.53105926513672,148.5,441.7725524902344,38.34000015258789,321.5,262.0
2025-09-18,65.05000305175781,507.9765930175781,19.610000610351562,27.239999771118164,97.68650817871094,143.60000610351562,439.53887939453125,38.52000045776367,317.75,260.75
2025-09-19,66.6500015258789,527.3045043945312,20.299999237060547,28.940000534057617,99.28177642822266,148.0,446.9844665527344,39.279998779296875,319.75,265.25
2025-09-22,67.69999694824219,537.2162475585938,20.299999237060547,29.6200008392334,98.62489318847656,149.60000610351562,453.4373474121094,40.18000030517578,326.0,269.25
2025-09-23,66.0,533.2515258789062,19.75,31.65999984741211,95.43436431884766,146.5,445.7435302734375,40.70000076293945,324.75,261.5
2025-09-24,65.55000305175781,531.7647705078125,20.280000686645508,31.440000534057617,94.77749633789062,146.0,447.7290344238281,39.70000076293945,324.0,262.75
2025-09-25,64.6500015258789,527.3045043945312,19.889999389648438,32.439998626708984,96.74811553955078,142.5,444.0062255859375,39.959999084472656,328.25,261.25
2025-09-26,61.79999923706055,521.357421875,18.979999542236328,30.31999969482422,94.4959716796875,139.8000030517578,441.7725524902344,38.13999938964844,319.75,256.75
2025-09-29,61.20000076293945,530.2780151367188,19.549999237060547,29.360000610351562,93.27606964111328,137.60000610351562,437.0570068359375,37.540000915527344,319.25,252.75
2025-09-30,62.70000076293945,536.2250366210938,19.8700008392334,29.399999618530273,92.9476318359375,139.8000030517578,441.7725524902344,37.31999969482422,315.0,259.25
2025-10-01,64.25,562.4911499023438,20.65999984741211,29.899999618530273,94.12062072753906,146.0,460.13836669921875,37.47999954223633,315.75,268.5
2025-10-02,62.45000076293945,561.99560546875,20.700000762939453,29.65999984741211,93.7452621459961,140.5,463.36480712890625,35.880001068115234,315.0,268.0
2025-10-03,59.45000076293945,558.5264892578125,19.510000228881836,29.34000015258789,92.7130355834961,135.6999969482422,468.0803527832031,35.599998474121094,311.0,265.5
2025-10-06,58.45000076293945,556.5441284179688,19.209999084472656,29.020000457763672,90.60165405273438,133.0,459.6419982910156,35.13999938964844,305.5,269.0
2025-10-07,59.099998474121094,561.99560546875,19.600000381469727,29.0,91.35236358642578,134.5,463.6130065917969,35.31999969482422,313.75,278.75
2025-10-08,58.099998474121094,551.0926513671875,19.68000030517578,27.81999969482422,89.99169921875,130.89999389648438,451.70001220703125,35.0,310.25,282.75
2025-10-09,57.349998474121094,538.7030029296875,19.510000228881836,28.0,88.25567626953125,130.0,448.969970703125,35.0,312.5,275.0
2025-10-10,57.5,539.1986083984375,19.81999969482422,27.860000610351562,87.78648376464844,130.10000610351562,447.232666015625,35.040000915527344,313.75,273.0
2025-10-13,55.95000076293945,541.180908203125,19.040000915527344,27.399999618530273,86.94193267822266,126.69999694824219,445.2471618652344,34.459999084472656,309.0,257.0
2025-10-14,53.5,539.6941528320312,18.059999465942383,25.959999084472656,86.7542495727539,119.5,436.31243896484375,33.68000030517578,302.0,249.60000610351562
2025-10-15,53.599998474121094,541.676513671875,18.649999618530273,27.700000762939453,86.09737396240234,118.80000305175781,440.7798156738281,34.52000045776367,300.75,260.0
2025-10-16,55.29999923706055,534.73828125,18.5,27.139999389648438,84.9713134765625,120.5,434.3269348144531,33.380001068115234,296.0,254.75
2025-10-17,54.849998474121094,522.3486328125,18.399999618530273,26.399999618530273,87.08268737792969,118.0999984741211,425.14404296875,32.880001068115234,292.0,255.25
2025-10-20,57.95000076293945,533.2515258789062,18.989999771118164,27.18000030517578,90.55473327636719,124.19999694824219,438.7943115234375,33.31999969482422,297.75,251.5
2025-10-21,57.599998474121094,519.3751220703125,19.299999237060547,27.360000610351562,91.96231842041016,125.9000015258789,428.8668212890625,33.52000045776367,294.5,255.0
2025-10-22,57.900001525878906,533.2515258789062,19.34000015258789,26.84000015258789,91.68080139160156,126.0,445.2471618652344,34.099998474121094,288.0,260.5
2025-10-23,58.54999923706055,542.172119140625,19.3799991607666,26.84000015258789,90.97700500488281,126.19999694824219,446.48809814453125,34.540000915527344,284.25,275.25
2025-10-24,60.20000076293945,574.38525390625,20.100000381469727,27.239999771118164,93.83910369873047,131.60000610351562,457.4083251953125,35.81999969482422,297.0,276.75
2025-10-27,58.79999923706055,560.5088500976562,19.760000228881836,27.68000030517578,92.29075622558594,128.8000030517578,456.1673889160156,35.720001220703125,295.0,266.0
2025-10-28,58.54999923706055,561.00439453125,19.770000457763672,27.579999923706055,91.49312591552734,128.0,451.2036437988281,36.2599983215332,292.0,263.0
2025-10-30,59.5,527.3045043945312,19.93000030517578,27.479999542236328,90.32013702392578,130.0,443.5098571777344,36.7599983215332,290.0,262.5
2025-10-31,60.79999923706055,534.2427368164062,20.219999313354492,27.479999542236328,93.13530731201172,134.60000610351562,450.2109069824219,36.779998779296875,291.5,264.25
2025-11-03,61.099998474121094,531.2691650390625,20.739999771118164,28.84000015258789,93.93293762207031,134.5,455.6710205078125,37.20000076293945,294.0,269.0
2025-11-04,61.0,527.8001098632812,20.219999313354492,29.18000030517578,92.4315185546875,134.1999969482422,452.6927795410156,36.97999954223633,289.0,245.3000030517578
2025-11-05,61.20000076293945,524.8265380859375,20.100000381469727,27.059999465942383,93.18223571777344,135.0,458.40106201171875,36.900001525878906,290.0,241.1999969482422
2025-11-06,62.45000076293945,546.6323852539062,20.559999465942383,26.520000457763672,91.86848449707031,136.60000610351562,466.83941650390625,37.619998931884766,292.5,238.8000030517578
2025-11-07,60.900001525878906,551.0926513671875,19.940000534057617,26.1200008392334,91.11776733398438,133.5,495.38092041015625,36.0,289.5,230.0
2025-11-10,59.900001525878906,541.180908203125,18.81999969482422,25.239999771118164,90.5078125,130.10000610351562,501.33740234375,35.68000030517578,278.25,230.8000030517578
2025-11-11,58.29999923706055,550.1015014648438,17.899999618530273,24.479999542236328,88.58411407470703,127.69999694824219,491.409912109375,35.20000076293945,273.0,226.10000610351562
2025-11-12,58.900001525878906,556.5441284179688,18.149999618530273,24.34000015258789,88.53719329833984,129.10000610351562,504.5,35.36000061035156,268.0,231.1999969482422
2025-11-13,58.70000076293945,546.6323852539062,18.149999618530273,24.280000686645508,88.86563110351562,129.5,503.5,35.400001525878906,271.0,236.5
2025-11-14,58.29999923706055,539.6941528320312,18.59000015258789,23.899999618530273,88.86563110351562,129.1999969482422,507.0,35.68000030517578,269.0,232.5
2025-11-17,58.349998474121094,535.23388671875,19.200000762939453,24.0,88.77178955078125,128.0,504.0,35.81999969482422,268.5,232.60000610351562
2025-11-18,58.849998474121094,539.1986083984375,19.06999969482422,23.799999237060547,88.39643096923828,129.1999969482422,505.0,35.58000183105469,267.5,233.0
2025-11-19,61.349998474121094,547.62353515625,19.75,24.18000030517578,89.1940689086914,132.60000610351562,530.0,36.15999984741211,277.5,231.60000610351562
2025-11-20,61.900001525878906,546.6323852539062,19.93000030517578,24.440000534057617,89.56941986083984,135.5,529.0,36.13999938964844,276.25,231.0
2025-11-21,61.79999923706055,543.1632690429688,20.1200008392334,24.1200008392334,88.25567626953125,133.1999969482422,527.0,36.220001220703125,273.0,229.6999969482422
2025-11-24,62.900001525878906,530.2780151367188,20.059999465942383,23.940000534057617,88.39643096923828,135.10000610351562,522.5,36.2599983215332,270.25,229.3000030517578
2025-11-25,63.400001525878906,531.7647705078125,20.15999984741211,23.8799991607666,88.63102722167969,136.8000030517578,522.5,36.720001220703125,273.25,227.5
2025-11-26,63.5,540.1897583007812,20.559999465942383,24.0,89.14714813232422,137.60000610351562,527.0,36.86000061035156,274.25,229.3000030517578
2025-11-27,63.75,538.7030029296875,21.0,23.8799991607666,89.28791046142578,138.8000030517578,524.5,36.599998474121094,272.5,230.6999969482422
2025-11-28,64.75,532.2603759765625,21.1200008392334,23.860000610351562,88.77178955078125,138.89999389648438,521.0,37.31999969482422,272.75,229.8000030517578
2025-12-01,66.25,540.1897583007812,21.68000030517578,23.979999542236328,90.69549560546875,142.8000030517578,529.0,37.540000915527344,276.5,233.8000030517578
2025-12-02,66.05000305175781,544.6500244140625,21.81999969482422,23.920000076293945,92.14999389648438,142.0,528.0,37.400001525878906,279.0,235.10000610351562
2025-12-03,66.69999694824219,524.8265380859375,21.780000686645508,23.899999618530273,90.19999694824219,141.8000030517578,512.0,37.439998626708984,275.5,230.6999969482422
2025-12-04,64.4000015258789,523.8353881835938,20.8799991607666,23.780000686645508,90.3499984741211,137.39999389648438,515.5,36.599998474121094,270.0,230.3000030517578
2025-12-05,67.0,509.9589538574219,20.940000534057617,23.799999237060547,90.80000305175781,141.5,508.5,37.7599983215332,270.25,233.5
2025-12-08,68.30000305175781,522.84423828125,21.0,24.15999984741211,92.25,141.1999969482422,511.0,41.52000045776367,272.25,243.5
2025-12-09,69.30000305175781,521.357421875,20.799999237060547,24.239999771118164,91.3499984741211,140.60000610351562,520.0,41.70000076293945,271.5,236.39999389648438
2025-12-10,68.6500015258789,528.295654296875,20.559999465942383,24.139999389648438,90.5,139.6999969482422,518.5,40.58000183105469,270.5,234.0
2025-12-11,69.0,549.1102905273438,20.420000076293945,24.3799991607666,93.6500015258789,139.1999969482422,527.5,39.68000030517578,269.5,234.1999969482422
2025-12-12,69.55000305175781,552.0838623046875,20.81999969482422,24.559999465942383,96.9000015258789,140.39999389648438,533.0,40.060001373291016,272.25,240.0
2025-12-15,71.0,568.438232421875,20.8799991607666,24.860000610351562,99.30000305175781,141.39999389648438,545.5,40.36000061035156,274.25,244.10000610351562
2025-12-16,71.30000305175781,561.5,20.399999618530273,24.5,97.4000015258789,139.6999969482422,551.0,39.5,273.25,245.89999389648438
2025-12-17,70.69999694824219,551.5,20.399999618530273,24.700000762939453,97.25,140.1999969482422,540.0,39.619998931884766,274.0,247.39999389648438
2025-12-18,71.1500015258789,544.5,20.540000915527344,24.600000381469727,96.05000305175781,143.60000610351562,544.0,39.29999923706055,274.5,245.5
2025-12-19,71.80000305175781,550.0,20.260000228881836,24.559999465942383,95.3499984741211,142.0,538.0,38.81999969482422,277.25,243.89999389648438
2025-12-22,72.9000015258789,540.0,20.18000030517578,24.34000015258789,94.5,144.0,530.5,38.900001525878906,272.0,246.5
2025-12-23,71.94999694824219,535.5,20.219999313354492,24.059999465942383,94.44999694824219,142.3000030517578,523.5,38.29999923706055,270.5,242.0
2025-12-24,69.8499984741211,552.0,20.399999618530273,24.15999984741211,95.44999694824219,141.1999969482422,539.0,38.880001068115234,271.25,246.5
2025-12-25,69.75,548.0,20.559999465942383,24.040000915527344,95.0999984741211,140.89999389648438,523.0,39.68000030517578,271.25,247.39999389648438
2025-12-26,69.25,543.5,20.979999542236328,23.84000015258789,94.30000305175781,139.39999389648438,516.0,38.47999954223633,268.0,251.75
2025-12-29,69.55000305175781,530.0,20.15999984741211,23.639999389648438,91.05000305175781,141.39999389648438,518.5,38.279998779296875,264.5,247.6999969482422
2025-12-30,69.75,539.0,20.239999771118164,23.940000534057617,92.6500015258789,142.0,521.5,38.400001525878906,267.75,248.60000610351562
2025-12-31,69.80000305175781,536.5,20.440000534057617,23.81999969482422,92.6500015258789,143.5,522.0,38.380001068115234,268.5,247.0
2026-01-02,73.5,543.0,21.200000762939453,24.219999313354492,95.5999984741211,149.6999969482422,530.5,39.13999938964844,274.25,258.75
2026-01-05,73.19999694824219,553.5,21.200000762939453,24.520000457763672,96.19999694824219,148.3000030517578,550.0,39.47999954223633,277.75,270.0
2026-01-06,74.4000015258789,573.5,21.68000030517578,25.1200008392334,98.25,150.3000030517578,570.0,40.2400016784668,288.5,277.25
2026-01-07,72.30000305175781,587.0,21.360000610351562,24.440000534057617,97.55000305175781,146.1999969482422,581.0,39.880001068115234,290.75,280.75
2026-01-08,72.69999694824219,592.0,21.280000686645508,24.719999313354492,98.0999984741211,145.8000030517578,588.0,39.91999816894531,294.5,276.0
2026-01-09,73.80000305175781,604.5,21.360000610351562,24.65999984741211,98.44999694824219,145.5,592.0,39.220001220703125,291.5,276.0
2026-01-12,73.5,619.0,21.520000457763672,24.8799991607666,98.80000305175781,145.60000610351562,591.5,39.5,291.5,280.25
2026-01-13,74.5,643.0,21.540000915527344,25.139999389648438,100.9000015258789,147.6999969482422,607.5,39.18000030517578,287.0,283.25
2026-01-14,74.0,621.5,20.899999618530273,25.559999465942383,101.5999984741211,146.10000610351562,608.0,38.47999954223633,280.25,279.25
2026-01-15,73.8499984741211,624.5,21.34000015258789,25.479999542236328,104.30000305175781,144.5,616.5,38.720001220703125,287.75,284.75
2026-01-16,74.9000015258789,647.0,22.8799991607666,26.059999465942383,105.4000015258789,144.8000030517578,649.5,39.65999984741211,292.0,287.75
2026-01-19,77.30000305175781,621.0,22.940000534057617,26.579999923706055,103.69999694824219,148.5,632.5,39.900001525878906,295.75,282.25
2026-01-20,78.19999694824219,618.0,22.5,25.68000030517578,103.0,146.8000030517578,621.0,38.97999954223633,292.0,282.25
2026-01-21,79.9000015258789,611.0,22.799999237060547,25.920000076293945,103.0999984741211,151.0,620.5,38.939998626708984,297.0,285.25
2026-01-22,77.80000305175781,626.0,22.920000076293945,26.760000228881836,103.9000015258789,148.5,625.0,39.65999984741211,299.0,295.5
2026-01-23,78.8499984741211,628.5,23.399999618530273,27.059999465942383,105.0999984741211,151.3000030517578,628.5,40.279998779296875,301.0,301.25
2026-01-26,79.6500015258789,633.0,23.739999771118164,27.600000381469727,107.80000305175781,150.8000030517578,634.5,40.91999816894531,299.25,304.25
2026-01-27,79.55000305175781,625.0,23.5,27.440000534057617,109.19999694824219,147.0,613.5,40.619998931884766,294.25,311.75
2026-01-28,84.8499984741211,637.0,23.959999084472656,27.899999618530273,110.30000305175781,150.3000030517578,619.0,41.619998931884766,298.0,313.75
2026-01-29,89.0,675.0,24.559999465942383,28.479999542236328,112.0999984741211,157.6999969482422,625.5,45.779998779296875,302.25,319.0
2026-01-30,92.94999694824219,664.0,25.5,28.18000030517578,113.69999694824219,161.3000030517578,637.0,45.5,304.0,326.0
2026-02-02,90.94999694824219,665.5,25.040000915527344,27.540000915527344,113.80000305175781,160.10000610351562,637.0,45.36000061035156,305.75,320.75
2026-02-03,87.94999694824219,683.5,25.940000534057617,28.760000228881836,116.5,165.0,654.0,46.18000030517578,318.75,325.0
2026-02-04,85.6500015258789,688.5,25.280000686645508,28.81999969482422,115.80000305175781,161.60000610351562,663.5,46.34000015258789,320.5,325.0
2026-02-05,84.4000015258789,676.5,24.040000915527344,28.700000762939453,115.19999694824219,154.3000030517578,647.5,47.540000915527344,317.0,323.5
2026-02-06,83.8499984741211,683.0,23.760000228881836,29.020000457763672,115.69999694824219,154.8000030517578,653.0,47.52000045776367,322.5,314.0
2026-02-09,85.44999694824219,704.0,25.020000457763672,30.0,119.4000015258789,157.1999969482422,670.5,48.279998779296875,329.5,317.0
2026-02-10,83.55000305175781,698.5,24.100000381469727,29.200000762939453,115.9000015258789,155.1999969482422,666.0,47.119998931884766,333.0,312.75
2026-02-11,83.94999694824219,698.0,24.299999237060547,29.239999771118164,120.19999694824219,154.5,674.0,47.68000030517578,331.0,315.25
2026-02-12,91.1500015258789,701.5,25.040000915527344,29.899999618530273,127.19999694824219,163.3000030517578,679.0,49.0,337.0,330.5
2026-02-13,88.69999694824219,707.5,25.579999923706055,29.579999923706055,129.0,160.8000030517578,686.5,49.540000915527344,347.75,338.5
2026-02-16,89.5,716.0,26.040000915527344,30.100000381469727,134.3000030517578,161.3000030517578,695.0,50.79999923706055,347.75,348.25
2026-02-17,88.9000015258789,699.0,26.219999313354492,29.100000381469727,127.80000305175781,159.3000030517578,688.0,48.02000045776367,345.0,335.25
2026-02-18,90.5,705.0,25.920000076293945,29.639999389648438,123.9000015258789,161.10000610351562,686.0,46.34000015258789,328.25,335.25
2026-02-19,87.0,690.0,25.139999389648438,29.420000076293945,120.80000305175781,155.1999969482422,666.0,44.79999923706055,312.5,330.75
2026-02-20,88.3499984741211,684.0,24.3799991607666,30.059999465942383,121.30000305175781,157.6999969482422,664.5,46.0,320.5,331.25
2026-02-23,90.3499984741211,689.0,24.920000076293945,31.479999542236328,120.5999984741211,158.39999389648438,664.5,47.0,315.75,333.5
