Date,AKBNK.IS,BIMAS.IS,EKGYO.IS,EREGL.IS,FROTO.IS,GARAN.IS,MGROS.IS,SISE.IS,THYAO.IS,TOASO.IS
2017-05-03,0.2681642263142786,0.16414194902766183,0.13463272639984075,0.41640841623214975,-0.02074010715561725,0.28991238499715277,0.33739772950964436,0.38395238670083376,-0.08051362341746265,-0.023356088608481818
2017-05-04,0.25707018961258177,0.17992583681491442,0.12465538410600635,0.4262618296996411,-0.0020095320681826068,0.26839225446036685,0.3245498905094215,0.3743027016801139,-0.06211228979711647,-0.021036265017746636
2017-05-05,0.2618967112794912,0.17161539100186635,0.12573555372271805,0.4144438544532417,-0.011528519029766426,0.28360356260868913,0.32609684249727683,0.3733585166588936,-0.06731981320110586,-0.007902099991304534
2017-05-08,0.25148622424673517,0.17069729779836507,-0.3562175020802394,0.43530813725618583,-0.034883741728929385,0.2719051221599188,0.32658498499672656,0.37766620023212927,-0.021993038651256458,-0.030553684229635503
2017-05-09,0.24138137483508235,0.19832527466738858,-0.3635598969340307,0.46748469884622434,-0.028615791595139217,0.2679836757864057,0.29533386803292744,0.3751490103679721,-0.05851090030216116,-0.004971313704669134
2017-05-10,0.23415234006067784,0.08529844693172431,-0.37294750136948485,0.45647149746178495,-0.02945315451836822,0.25200773707686,0.2824611240673259,0.3967178921944116,-0.03867141849005862,-0.02603696341487277
2017-05-11,0.2362501762078075,0.24537807175163312,-0.3691765128328127,0.4490743521748142,-0.032304573735326525,0.24925218652694245,0.2862399747424606,0.42232566157062057,-0.03706948333313559,-0.05996985307300351
2017-05-12,0.22806038379823876,0.2643550903159557,-0.3593696897435201,0.43137114787066333,-0.1892699038164864,0.24586034356590394,0.2933994512301859,0.427334413701079,-0.039582701120698005,-0.06215853580132208
2017-05-15,0.22350597832891703,0.2769774262853966,-0.35725158617957675,0.4088478375027876,-0.18993311972110155,0.24647478502255135,0.28282282250838503,0.44200386318094087,-0.029574041866108014,-0.0638739650621919
2017-05-16,0.22933114003946817,0.24358811294092086,-0.3647575260046584,0.4129317613652195,-0.18558057640336015,0.2457627200965928,0.29640196613060255,0.43020774209908585,-0.01049572655260883,-0.057389613711262166
2017-05-17,0.23905294534477492,0.22519986204570508,-0.3618307777856974,0.4181239027152373,-0.20639817293625556,0.2525838602617593,0.3032028453420673,0.4384848809582311,-0.00028980222904589903,-0.06812954371677615
2017-05-18,0.23130333477712614,0.23826533327882676,-0.3588574759894977,0.43032441120773235,-0.22285129051106028,0.24846107346769328,0.29176007145038235,0.44514338546325977,-0.0026877918884452567,-0.06086105125601726
2017-05-22,0.23050918688677421,0.2321236825949185,-0.35895831646446674,0.4437508393014006,-0.21142191152516196,0.25015565923157,0.3003106803976944,0.42305941010692166,-0.005708844333167928,-0.06382038619648261
2017-05-23,0.23523526273733994,0.23274755592567553,-0.35517119899540783,0.42608932282881695,-0.21028411533211414,0.2483600587798662,0.3041381574044411,0.4136597706226397,0.01593078049949942,-0.07070559447075675
2017-05-24,0.2539453682300318,0.20227833786361155,-0.35059697312369587,0.40916843043881884,-0.2102697956977671,0.2661448937611214,0.31275185687990886,0.4299449379086584,0.021057054717055712,-0.09442411097774339
2017-05-25,0.2616647821577225,0.21795972107467376,-0.344270005413433,0.40129585412693536,-0.2330756236883083,0.2694729744626735,0.29209839807176996,0.43334554346541715,0.04519906353550723,-0.10369070779295803
2017-05-26,0.24655718987807343,0.228498236481313,-0.34372967751342753,0.4012004022679786,-0.23090098991964067,0.2628564046534896,0.2946199712667185,0.43143123864044874,0.0433555969004798,-0.09388837265543354
2017-05-29,0.2105976098127577,0.107768854872614,-0.37799054263986787,0.19644068418876248,0.045615909783771946,0.22384036342155844,0.17184726031704073,0.23053950046354083,0.33172792391610717,0.1796124358637145
2017-05-30,0.20082139946951355,0.0977958029890657,-0.3747246229298429,0.1913038003666101,0.05483933418937856,0.21260245940879535,0.1875836722403752,0.22922004337425034,0.3274897816993548,0.19306832919249933
2017-05-31,0.27426092769670757,0.33754314903225613,-0.30185457784609265,0.31277084265364535,0.15287346316466333,0.2859662766184418,0.4317761856333662,0.3528405389053567,0.3924955863237552,0.28132760781790045
2017-06-01,0.2738744390817917,0.3546363840846087,-0.2991214826648952,0.29711822828989426,0.16227491852368534,0.2795250309686668,0.4375599574636767,0.3446095940839983,0.3826400285936436,0.2868829015749297
2017-06-02,0.2677729252936867,0.362778099554006,-0.3053477590302292,0.3108640970687049,0.1680098658013128,0.27829009040587566,0.42158650115493496,0.3569889155000124,0.3793767371503229,0.27968052710137314
2017-06-05,0.2682334343454052,0.3546568348490006,-0.2905899519126426,0.3225887627864,0.14544996343717195,0.2826948114687822,0.41848298557583574,0.34196534312347543,0.410943699067533,0.2655741172590385
2017-06-06,0.2777464147946573,0.3109907872062861,-0.295827881935454,0.3263384108309501,0.15589992416194431,0.2869177878471573,0.39718223007953196,0.364268824175842,0.42944771265141995,0.26703579018766493
2017-06-07,0.3232548125773903,0.403184285991903,-0.26365559376699244,0.5274052674851979,-0.09460009413864046,0.33454217857908675,0.508776661983136,0.5621806992324627,0.14634096555645915,-0.007429183500002767
2017-06-08,0.2826389389797441,0.2996172433702533,-0.3039100412417699,0.32019540789840156,0.1722158437539579,0.29013754189222246,0.39865542443895785,0.35043215810346356,0.430400597195013,0.27961688560975617
2017-06-09,0.283513450328111,0.31540548017254877,-0.305632548691879,0.32836308131818065,0.16664816655241307,0.27990012092442174,0.38822126161285064,0.3524788919949256,0.432566739962818,0.2785353558256095
2017-06-12,0.3313907870580458,0.4410607219260566,-0.27475261340606894,0.5353889806439066,-0.10777499513235064,0.32603755936892853,0.5009651428789872,0.5447131834910183,0.14854604584163567,-0.0055748126701590794
2017-06-13,0.34541564071430353,0.4492215649553869,-0.2925453156652853,0.5347999661692519,-0.0856165424331912,0.32569759951499055,0.5023503799523803,0.5370490453861618,0.1216477688850437,0.0019798925209581486
2017-06-14,0.3479968542512082,0.4676311196266544,-0.29090065252340214,0.5052742201782382,-0.0835249125301589,0.3344856761096021,0.48796701100906154,0.5375313818054004,0.13244019690584685,0.0010991051675495744
2017-06-15,0.3396566001968243,0.4739089428592689,-0.29126900786380716,0.4946255554060312,-0.07289401397064388,0.32933635018999907,0.5029163545384573,0.5235384767411133,0.11862093468491275,0.02155980721784434
2017-06-16,0.34660638042233716,0.4679145081640852,-0.28408793020567746,0.4828455348996428,-0.07617122050137057,0.3306037590445108,0.5122871524925252,0.5235362194927702,0.12411411754770008,0.012351478643476799
2017-06-19,0.0760210999628389,0.4021445939679219,-0.5536083167518826,0.40880038985180994,-0.135078883131483,0.04523737054623095,0.4969726042846198,0.45055852487904086,0.08618615559518616,-0.03723353920428285
2017-06-20,0.07502744162068681,0.4004674126410302,-0.5561946223439911,0.40631720447557357,-0.11891111843515387,0.05445025660283492,0.4787576305346011,0.4494743197372155,0.09459198682990955,-0.043980511662706556
2017-06-21,0.07318783299111853,0.39765689986364805,-0.5528859823677057,0.42773216673543135,-0.12580684423562327,0.053676118564228936,0.45330928212419613,0.4293682390563245,0.12260366564505365,-0.038841378376672064
2017-06-22,0.36188845854135876,0.4307611669570704,-0.2713237895670503,0.5100069736382626,-0.08130892876542281,0.3455118442789543,0.4758376433577284,0.49341123600602077,0.1703874017245191,0.0048279938285586965
2017-06-23,0.30113053485006097,0.30417765471604663,-0.2879482524982336,0.3135837886512694,0.20191967858965137,0.2848888406010247,0.3610510587139733,0.28911412116561974,0.46592909386346143,0.28615348134712615
2017-06-28,0.05774022682564861,0.3638876658141894,-0.5064190620442617,0.47218893887695473,-0.14035215838551365,0.05391079717206765,0.4292671667990797,0.40265399678689706,0.15706636273712665,-0.04994393458218832
2017-06-29,0.05416115743004729,0.3735480875219062,-0.5126676409790016,0.4925935294368419,-0.12447950325497159,0.05178206497734589,0.42499303037627,0.39520015080352233,0.14203868860149754,-0.057169564913457926
2017-06-30,0.0490807730695591,0.37608252502566347,-0.4991194467204021,0.4838751233219737,-0.1420371211471302,0.04254458744177669,0.43200671368814075,0.3997659905768361,0.15421006708488,-0.05640921234129753
2017-07-03,0.05060189651589131,0.3714607785172897,-0.5082326822557601,0.48278623673715765,-0.14300719569091241,0.044743701373058664,0.4266761229796883,0.4146813617532045,0.15371301714999025,-0.05342323707960778
2017-07-04,0.05604912507033538,0.3746221955588172,-0.5046076486995832,0.47259842473613783,-0.13986051929948343,0.05514636223071995,0.4079038383717453,0.4134149377403166,0.1622589216180011,-0.057525637327006884
2017-07-05,0.017184511702431737,0.26336068592209605,-0.5388687344839158,0.2909154431784288,0.11843923470110396,0.012878167045808575,0.28170464237642645,0.22303559082884566,0.4393695178137761,0.2119809409149985
2017-07-06,0.021362533538783146,0.27206551115024125,-0.5389383825946772,0.2741823991732899,0.1279794762725606,0.003908505326778222,0.2793592540007168,0.2292815623279275,0.4425282022904997,0.20827093851388007
2017-07-07,0.015436585101264277,0.2691554200598302,-0.5255751930246804,0.2779485373488091,0.12473999019585483,0.008936590799528521,0.26843004134078263,0.2185681586986854,0.4495886892454858,0.2127711802344396
2017-07-10,0.014988479135433885,0.25882833947683304,-0.5221130469256576,0.2867760940714543,0.1101563643854983,0.010515936090281397,0.26624154125971033,0.22115967480168303,0.45096697101552063,0.22247964668924267
2017-07-11,0.02693242410003044,0.2537628758144419,-0.5228800839036405,0.2924765319185312,0.10091441932433881,0.021569598395150547,0.2699912418825898,0.2173986660194145,0.4462955642541673,0.21353876219497628
2017-07-12,0.015553922012926213,0.2732224503964653,-0.5141866242075787,0.3008299897492105,0.24410098932428795,-0.0008831527911249415,0.28894350453036577,0.21867446973251525,0.4391347708109308,0.2046096804420019
2017-07-13,0.007613212059680519,0.26773455983044914,-0.5021383243521302,0.30623103804592855,0.24395361390901896,-0.0002767951417128045,0.2836149576988132,0.22072081377876335,0.439995024423144,0.20255189974804563
2017-07-14,0.003876091672031068,0.27240184050022054,-0.502856077723778,0.3002274806466213,0.10086049262818078,-0.0026255160043953674,0.2796345450352471,0.2241528795788062,0.4424474577216879,0.20188080594537816
2017-07-17,0.00758200675566395,0.26325340442784917,-0.5064876704154329,0.29947273835549293,0.10152220651492735,-0.005907743277452637,0.2798144879555513,0.2214368105681549,0.44555827066224285,0.21375548845300293
2017-07-18,-0.0021472091080182443,0.26858684545876277,-0.4976529816491086,0.30549525612931916,0.1161436085561296,-0.019570239122675193,0.27966731731116756,0.21733613690199943,0.44081050606607797,0.21133075945634547
2017-07-19,0.004902925812790726,0.28147061591519285,-0.5017216335091748,0.3020191038096289,0.1170001596236705,-0.012419037753354067,0.27292169710417347,0.21464439932535212,0.44007959413963926,0.20110217553208096
2017-07-20,-0.009169927573633385,0.2845094660386974,-0.49425548726515595,0.2928751724844874,0.11165080174988459,-0.01925235484911475,0.2886417732859067,0.21582948190633416,0.4422511058087102,0.20691996841388394
2017-07-21,-0.010222788007738515,0.2782469266910279,-0.49399842714923914,0.3011149559873525,0.2673870385239341,-0.01417328621085201,0.285917923905577,0.20661739912628974,0.44065887474892995,0.20845138238471841
2017-07-24,-0.012621402734860843,0.2854188395399059,-0.49338024404863895,0.29559086613954566,0.118626796947542,-0.010792788008715526,0.27807415393150925,0.21405423143881785,0.4421196824410687,0.20290986435382588
2017-07-25,-0.013519137075577947,0.28307268087911,-0.5038099637392375,0.3022310800951553,0.12286794625024408,-0.008425465819039635,0.2853372472809429,0.2124754773852242,0.43643597280356383,0.20333416193961473
2017-07-26,-0.024680928552342718,0.29067289757198334,-0.5070489123440143,0.3027986125379017,0.2779253110973069,-0.01907167211496008,0.2970646145363567,0.21527233808365887,0.42864086535237256,0.20842687383173714
2017-07-27,-0.025577349065955324,0.2784581462115979,-0.500506931719764,0.2876171230241372,0.2679320821420218,-0.014330925094185543,0.3131526776833352,0.20991849203108703,0.4377120391967062,0.2156246455910195
2017-07-28,-0.02731429060904761,0.2974817715590309,-0.018493201476111276,0.2772121309012314,0.280977554820235,-0.023063844349282603,0.3114970766690198,0.20266532229139173,0.4349252438055141,0.2141122363880186
2017-07-31,-0.006464727201944909,0.2946763309362107,-0.022472552852274286,0.2597878844541794,0.2707319659517806,-0.0034731013596032145,0.3072778489676329,0.20592515945452472,0.44503268886652714,0.19897850278296703
2017-08-01,-0.010770078017171725,0.3065010954653541,-0.021460730178818277,0.25968482189986114,0.27588796942916405,-0.003508853352046093,0.30736182245436083,0.20657561898490184,0.43875599372183904,0.19097233959255508
2017-08-02,0.07354389074376697,0.5530360401050787,0.0524417202170602,0.39029574086849017,0.3616217124748611,0.07105241811285254,0.5348956422652805,0.319296855633683,0.5165260812735677,0.2772898983053593
2017-08-03,0.07164094529292545,0.5423173220252591,0.06285751886656069,0.4195665573670042,0.34701079608596286,0.07383687449200635,0.5297378789987366,0.3165809029640682,0.5119947519015332,0.2744564520059436
2017-08-04,0.0774364087430823,0.5375812731571893,0.07131017439517132,0.42030243256688765,0.32148365962819836,0.0743602098635743,0.5182246372445775,0.33579021458104685,0.5179257463915065,0.2755852434287661
2017-08-07,0.11430069710084678,0.6573253710301664,0.09834553745651614,0.6138524914021615,-0.09077562544762091,0.11551604698074736,0.6293848788136583,0.534143582642622,0.2427064799978511,-0.14479945997694843
2017-08-08,0.11414319452222865,0.6447865707089524,0.0836460028366692,0.6230841547134895,-0.04712947249114294,0.12970089834412946,0.6160813131542926,0.5266139173636747,0.23051364618217052,-0.001440225334463946
2017-08-09,0.11598579777959434,0.6315584190391952,0.08989850681480183,0.5974111096196002,-0.04790774686925445,0.12944086694173945,0.6227426820218847,0.542943140324281,0.2434237932478565,-0.005496568919698297
2017-08-10,0.12323330206043276,0.6076695938429537,0.09654979930586488,0.6050729100414718,-0.05766730636824874,0.134001654364661,0.6175167699893265,0.5215977307294808,0.2517978300530438,0.02022771598101386
2017-08-11,0.12340783371301839,0.596940866402677,0.09938871252273956,0.5847908898868976,-0.03935326505365952,0.13886063130771492,0.6264133474149394,0.48149093595203674,0.24935408585845714,0.05870596199517886
2017-08-14,0.13205406140031117,0.5794094425993478,0.10287670893711531,0.5933962101762591,-0.039483674517062,0.14541703761671182,0.6142925044151523,0.4897254349975315,0.24772150672123427,0.05459076765339882
2017-08-15,0.09066626367960942,0.4981413999517211,0.04084067338231118,0.38359620658272714,0.23884042992831728,0.10661277377190845,0.5327472141753498,0.2681102125855205,0.5185027843298149,0.17194204161272045
2017-08-16,0.09159849402116774,0.49970568821031774,0.03748081188147212,0.40811048686394824,0.23982826603993837,0.10496884740893589,0.5167698020263802,0.2728182222096586,0.5127739947945923,0.3159453865435887
2017-08-17,0.07783441548056139,0.513068631623167,0.035889088204545366,0.4000396469285698,0.2652798739240975,0.09840648836932667,0.4965874657962908,0.27237940374999786,0.5063870756804767,0.3341279102429672
2017-08-18,0.06782369999769564,0.5361874016591216,0.027734166753490525,0.38973199358329524,0.27819165224499304,0.08312275007040629,0.5078515587766106,0.2847259927146546,0.4979630191018338,0.32666776509789874
2017-08-21,0.06692537655029593,0.5315562369159252,0.026644848188860537,0.39963061231553,0.2757403702971607,0.09477070663628315,0.5034036558765946,0.28366043221950793,0.4962489546715252,0.32141880632831676
2017-08-22,0.06715694351918564,0.5365232678115965,0.025853358639787327,0.4231945718705884,0.2632867600104274,0.08955798647333671,0.4965615080720331,0.2900325753684122,0.4915496419613077,0.3162833862733252
2017-08-23,0.06622964195061201,0.5664129465162095,0.014106720887572727,0.4338622482727621,0.2466132287838938,0.08598243399525154,0.5000987748804945,0.28671840986117886,0.4747325206192463,0.32524307423277865
2017-08-24,0.1050882415573044,0.669906237214235,0.0489956649651295,0.6169113769603574,-0.008842968201255602,0.13109386926200012,0.6293494125454557,0.4753814169906914,0.19234266473909112,0.05977408396699113
2017-08-25,0.12098833069119014,0.6812397484316985,0.0450287524543625,0.6180789728834828,-0.03409645911885584,0.15131783614033917,0.6166656799906268,0.4712057919357486,0.19803510604225566,0.05153624054915179
2017-08-28,0.1203078775438885,0.6802617087593119,0.05028603919633787,0.6216856419515935,-0.04166611289579178,0.1485717940209853,0.6087953495636989,0.481155972459003,0.20618163491568692,0.044420094485286166
2017-08-29,0.12947231801128534,0.6826067652390901,0.04644426576245966,0.6236348007483791,-0.041412321080962655,0.14877207698506545,0.5987291715782708,0.48716323159950603,0.20331621889402807,0.041273472262878474
2017-08-31,0.12291696349774495,0.6913801201131129,0.05221057834501017,0.6405411694441658,-0.05418226832670159,0.14263203655584694,0.5953030214264743,0.49350888919245417,0.196566750490079,0.03912273926181348
2017-09-05,0.045858798626732145,0.4355767926969796,-0.02220978263944781,0.5171014219236008,-0.12380524361874862,0.05991384465581451,0.354962070542662,0.3593268295025951,0.12263391365238135,-0.02935864534256899
2017-09-06,0.043136304301172435,0.44252727497685473,-0.01835697100731573,0.503191974217284,0.023581502237314644,0.06379252629712223,0.3629295346458373,0.34882244282538255,0.12755446886311123,-0.027179057356763237
2017-09-07,0.029476959796997937,0.4440560204158096,-0.024672982427082685,0.5005899378119931,0.038623848312503095,0.06447517706161376,0.35868673087528236,0.3494840600984804,0.11638591734281029,-0.00710566928840789
2017-09-08,0.02599770276588015,0.4380575684939136,-0.02948568203490451,0.5049756463397459,0.044359984489796556,0.052068775892103514,0.37617905082060316,0.34647203542829685,0.10818202408303423,0.003192893721530754
2017-09-11,0.03280360493098433,0.4380603525577289,-0.016498125246555084,0.5098877423254103,0.0007125793566766792,0.050867356148680765,0.3858804204357469,0.3500268466191234,0.13103703000881173,-0.01277780713660781
2017-09-12,0.04523079595692098,0.4228390063737825,-0.005597702399414123,0.4979145484256727,0.0045518870769789554,0.05928086363700091,0.36575460900203255,0.3533887142240587,0.149329268121057,-0.022691990418090113
2017-09-13,0.041620807250968894,0.438693616436934,-0.011696051076923508,0.4963149043477751,0.011602201483280727,0.06332592495755235,0.3688477507394154,0.3504421682764955,-0.010157390080409778,-0.028993932335088735
2017-09-14,0.32169261504510416,0.471465726948568,0.2695992388994958,0.5842226354633945,-0.0994230675182437,0.34790248713407823,0.39376412334466687,0.4346657575337097,0.02922443239810274,0.016886050751124093
2017-09-15,0.3212155099618821,0.46303427872810726,0.26642961161376744,0.5867782661645319,0.04845016891183079,0.3536777975243829,0.39282502389818014,0.44051948563501014,0.030978088029590622,0.01609176953271696
2017-09-18,0.3179833922275127,0.48625727179976574,0.24984400137707602,0.6016865384124883,0.06730677187396183,0.3579803101871146,0.24495320249599747,0.43624171034101666,-0.004714445566178116,0.012461246851244778
2017-09-19,0.3171069321049391,0.49777985307595096,0.26128092083304133,0.5793607863488505,0.06679845720926098,0.35721905372482443,0.22955293402277802,0.45056621809045394,0.012249336573932457,-0.1519144919840314
2017-09-20,0.30830205490536233,0.5000658495046735,0.266630221038036,0.587022721504965,-0.10153884256227921,0.36069908205271006,0.21976231328085327,0.45712240378966096,0.01236900427754789,-0.14043480779152953
2017-09-21,0.29970417201064736,0.5051457810643238,0.2661704847540227,0.5901635617018892,-0.08123129252074485,0.34231533640320644,0.20107637885462307,0.467086580343104,-0.005722757934801259,-0.11470824467627022
2017-09-22,0.3155662259221427,0.5089617145252276,0.2662652729833585,0.5792105340504469,-0.09614900535541074,0.3478480665109729,0.35628962626573357,0.4614653085396234,0.009192120245767377,-0.12864986368786185
2017-09-25,0.27661926625524047,0.4105969308112689,0.21717286188088028,0.38944977329508773,0.1879539686586836,0.3055084015231323,0.08635246220177181,0.26359258938718205,0.25884593519446564,0.15390781079228733
2017-09-26,0.2732115484288854,0.2305129449950985,0.08463348187915787,0.4306377880898043,0.15966652824720354,0.31177985453470103,0.08136944379492546,0.267128226774504,0.25854393684202653,0.15251624641369343
2017-09-27,0.2651225487153046,0.24303420783025156,-0.4042305747499484,0.44587728101017715,0.14284517089362195,0.14963359502461124,0.10184711319810937,0.2771546563158896,0.23036993127211036,0.16834607048987268
2017-09-28,0.255578521523077,0.26350274412896635,-0.41394618092404833,0.4037479009994175,0.18665551503993252,0.14083559876712964,0.10050670516346978,0.27219920088327165,0.24341763670768657,0.16750235771109748
2017-09-29,0.2505238987544394,0.2679006753779341,-0.4119081748060764,0.3814470665629787,0.1943265785727111,0.12578760151085086,0.09591978669698514,0.277274789563591,0.24221212479246768,0.19651565297411855
2017-10-02,0.25503157543168997,0.25667110463203807,-0.41478721562715953,0.38914780021338,0.20041616642771357,0.13272990448139163,0.08706083521709729,0.27614157872438855,0.24089663538048237,0.19669161511897806
2017-10-03,0.2542046171613581,0.25254334822728797,-0.40757579142423106,0.4122870815093996,0.21255307159168688,0.124671490533344,0.09714739919931847,0.2656621077269931,0.22292811792618888,0.1855785575486541
2017-10-04,0.25936076435110594,0.25794824223842694,-0.4112671617480668,0.4041699273477152,0.22354322180745437,0.13484892492414768,0.09745219689447067,0.2577563397891678,0.2178412194235303,0.17834632497204794
2017-10-05,0.25908366221792806,0.2486032533155233,-0.41606398035220443,0.40299891188907516,0.21667554687874563,0.13693857347512495,0.09654036846414125,0.25843292151060493,0.2297898187403284,0.1870009238607329
2017-10-06,0.2527289178848513,0.23515600374519252,-0.4130523427500858,0.40707028237184295,0.22399038080845718,0.14238720514406678,0.09320024685030678,0.25993973151053046,0.23282738389550603,0.18575219053933176
2017-10-09,0.2613394616456637,0.24529143415918941,-0.41272004937211465,0.4151456700782618,0.24912800910053612,0.14206117900931012,0.09789958197195976,0.2655479997367136,0.1659515230763368,0.19035519059414333
2017-10-10,0.08082726044253122,0.1335188354407128,-0.44513535971376406,0.19970014424738503,0.5456156259682714,0.10550332993182915,-0.02827835820597531,0.0622680312858816,0.4348982329761174,0.4610822576270105
2017-10-11,0.2158116530466729,0.15030370844494145,-0.4384859713520224,0.17726308200821828,0.539774908749748,0.08791036573047989,-0.031225171950337513,0.07225457791769652,0.4618403519504124,0.4645524954541904
2017-10-12,0.22298743674020924,0.1316050628978186,-0.4517617073610187,0.03551495211630237,0.5408647832660081,0.0954725045184705,-0.03862706775219048,0.07856876852479577,0.4762597301946959,0.4591155368549087
2017-10-13,0.22928992834462195,0.1395776159927291,-0.46339811793294394,0.03412448530647755,0.5387897440258154,0.10790202293200746,-0.016846580140860892,0.05943854184447295,0.46566435607823686,0.4554580035494435
2017-10-16,0.21822618311715739,0.12858941634352072,-0.4746130520892432,0.045225947838242464,0.5266816707812414,0.10755058689909211,0.001788838086061978,0.06232524648206095,0.48369441203562663,0.4505307505062394
2017-10-17,0.2141369145636157,0.1335266590144561,-0.47060819307658,0.04137367121464425,0.5290079162731696,0.11341152406229132,0.008247685242695174,0.06251587480492005,0.4880093076464208,0.430378640254367
2017-10-18,0.21395149535329497,0.14183772553689628,-0.4730857723744204,0.028567972814040082,0.5244433292687632,0.10791200548457308,0.013632101749570441,0.06645217219111077,0.49784228585392604,0.4284466841222453
2017-10-19,0.2140388446742433,0.12021106062838657,-0.4807020224539398,0.03347477564107318,0.5088289703212235,0.10996062460560982,-0.0011561932108448691,0.0812184746583885,0.5263235638465472,0.4378019012893124
2017-10-20,0.21954707672101784,0.12798932785895678,-0.471190197074873,0.036087177799066394,0.49931466500270827,0.11160866545174475,-0.014126252528626315,0.0849388306404677,0.532175636726772,0.42365506940276554
2017-10-23,0.06592567276925948,0.13714316993684028,-0.4711400313287035,0.1623955713319945,0.5098228016101537,0.09526652480604961,-0.007732732765176359,0.0988395798970727,0.5337922012197455,0.42568724252276413
2017-10-24,0.10753981185873125,0.23898553571287562,-0.435260430927699,0.3824542328793856,0.2369694796287611,0.13056353148147296,0.10961571075760798,0.300458479231723,0.245755763502367,0.15291788587477448
2017-10-25,0.07674837636045691,0.11498076126411916,-0.46340259842384257,0.17567852978535808,0.5270318457816416,0.09093970261299045,-0.026246524714671787,-0.04594268054390305,0.5323057325540728,0.41790685532377847
2017-10-26,0.07314396431544783,0.12699833771121755,-0.4675270083490196,0.018696334197601805,0.515822844223548,0.08522485799267326,-0.020144267109799413,-0.037771309782247964,0.5332010276608542,0.4223552191397244
2017-10-27,0.06999935611427972,0.12239902682447337,-0.4589071750130048,0.008374256197399038,0.5244276568027724,0.09209114129430643,-0.025579950097599127,0.10666439655149884,0.5414056648146826,0.5691256265111916
2017-10-30,0.07870160317132946,0.1169979071574275,-0.45853630667380696,0.01059397183876365,0.5241741927958741,0.09297277708744561,-0.026870165655510175,0.09898719248395244,0.5470455027333201,0.5659333250612042
2017-10-31,0.085513610995155,0.09821228560929099,-0.46339138098035604,0.022371423399508372,0.5463262623175271,0.10322200612141816,-0.03794265488694959,0.09285531208791792,0.5242910961084137,0.4285420392280743
2017-11-01,0.015393482282131499,-0.1442437849638238,-0.5497161181915198,-0.08898011513159432,0.4479373476186095,0.027937875615261232,-0.28409018608096026,-0.026346983729166995,0.45088674300366627,0.35122173957739644
2017-11-02,0.008748954127565128,-0.14782205098972556,-0.5405019680216296,-0.08925322083680609,0.4546236272625065,0.026629378919315827,-0.2909571870901818,-0.17036153080609312,0.4490452570878143,0.34984874034723434
2017-11-03,-0.00406288440007839,-0.13853017723661323,-0.5288465893400879,-0.10861914349690208,0.4687754041753661,0.021604826241583136,-0.29070498155605085,-0.17010274950471532,0.4469189561045006,0.35356733901299775
2017-11-06,-0.00013820712739402718,-0.15244185722702394,-0.534423890481465,-0.10269203672313937,0.46091741971753275,0.0221138655593478,-0.28600914170015806,-0.17158990056585954,0.46097474210266265,0.35328900644549655
2017-11-07,-0.003604091818750918,-0.13256918533508832,-0.5381685726888109,-0.08708922624096915,0.4616459954441572,0.00818220695599059,-0.27783380477347985,-0.16416145904513835,0.4336718404445713,0.49992629705751834
2017-11-08,-0.016460842695845704,-0.12131768712087795,-0.5342223336361842,-0.09353292151291123,0.4563849627548574,-0.005110947698086302,-0.27726534831623073,-0.1520381350678368,0.42516635929436464,0.36839689399875075
2017-11-09,0.015785854485664413,-0.02296982755594079,-0.49743720341370107,0.12326571000351799,0.18674385895988632,0.023483482982896806,-0.1259258091760136,0.036128823858344594,0.14114519689468336,0.08977991296066182
2017-11-10,-0.023538238489744526,-0.14228576345028163,-0.5488333010193761,-0.06145843219414049,0.4559296505089866,-0.014595257990384664,-0.23589146476570505,-0.14936892576807906,0.4022020568699941,0.3678396762987306
2017-11-13,0.026409523496253987,-0.0076026155178379184,-0.5257941691263812,0.14313791165384543,0.1597200778566672,0.03420931094738429,-0.09672593592576059,0.060067550891137134,0.10414974377734215,0.07242860194734962
2017-11-14,-0.021213080604297135,-0.11515472174173433,-0.5599268164191246,-0.06980980986273139,0.44103443431937905,0.0005212396243488848,-0.22126046604650332,-0.14735550319675325,0.40225955892894455,0.34090516499847134
2017-11-15,-0.022003730844964223,-0.15760490299527002,-0.5450565456709422,-0.06947527646662499,0.4800392327058749,0.0003376372644141312,-0.245609448652296,-0.1546309891446177,0.39643884338203833,0.5175651804223877
2017-11-16,-0.02359064406165813,-0.14466167772264313,-0.5427013393332182,-0.08970258416421473,0.4789574012412746,-0.0026868879122968897,-0.2593343953108047,-0.13819452121168455,0.4007552946452403,0.5211593538300052
2017-11-17,-0.015257259205567558,-0.14534274460711535,-0.5478114463653112,-0.08489905508747622,0.4611334209456638,-0.017344883547358914,-0.24903142334589395,-0.14020075595068127,0.4287987123159791,0.5099554348477614
2017-11-20,-0.022809760763457795,-0.02778201603825242,-0.541159893096805,-0.07810090005956241,0.4711203355516559,-0.012060432414208691,-0.24622983672023835,-0.15419803817480385,0.4337264301188698,0.5274941115968027
2017-11-21,-0.02667811706393071,-0.02879762682260284,-0.527873367970104,-0.08629817783361826,0.45889250131889425,-0.022750254910032533,-0.24961501745636624,-0.15167357496788214,0.45901238386332055,0.5257812518423217
2017-11-22,-0.01032181267008768,-0.03772259478513634,-0.5232945535023783,-0.09409087142542133,0.4530798600815217,-0.005412476129177751,-0.29032819468647353,-0.13920992081372055,0.46215160883048456,0.5351489551003891
2017-11-23,-0.016631084345758634,-0.04042782478929452,-0.5112558774373711,-0.08938909289413241,0.44809699209410203,-0.005293860611831888,-0.29298068647225994,-0.14708664299332383,0.46782648435873375,0.5371415930911364
2017-11-24,-0.021434566019147575,-0.04157217419987419,-0.5064395400438025,-0.07486603667790759,0.44083915186602374,-0.009448983308229603,-0.2918802685381602,-0.14623654105581077,0.46188959330596,0.5391493646709485
2017-11-27,0.020398316542455955,0.0658614974612377,-0.4570432672593306,0.11221936967464988,0.1680713282609811,0.02954918445496807,-0.16971139632296023,0.05406950937767188,0.19538422183199677,0.25120123597832933
2017-11-28,0.018440118959967777,0.0818646343511969,-0.46484509989622913,0.10113116794855825,0.1856833698567097,0.02294998551555516,-0.16621404663705802,0.04868405608312304,0.1760973317087119,0.26620848210946435
2017-11-29,0.029760623626824703,0.06932804969838857,-0.46640640819659285,0.0910201581521308,0.17443951754046932,0.036124508783198575,-0.16096870198866814,0.038465048856246575,0.21079039246514603,0.24744681106285638
2017-11-30,0.03198192419494006,0.06219466716653416,-0.4637985909099609,0.07787279298104635,0.18345118832295476,0.04421209456203423,-0.15117207978151173,0.027811025724168437,0.21857512079757457,0.23887185694222002
2017-12-01,-0.456521095515193,0.07191793957583387,-0.46088228312970697,0.06906179757793676,0.1751349791312647,0.04537514492468625,-0.14584975449479753,0.03741145052141706,0.22829846656420183,0.226053354844357
2017-12-04,-0.45057278375249277,0.052756528979493456,-0.45917468292384006,0.08706746004391253,0.17705507403672455,0.04782575262917055,-0.1494424369324772,0.041313581014251644,0.2228481134295604,0.22032339347569685
2017-12-05,-0.4430154294806419,0.04955484860495868,-0.458269083574099,0.09459938963034972,0.16314606847792615,0.05503956993909817,-0.15938217073265243,0.042757229384511514,0.2273784784507008,0.21819109929984826
2017-12-06,-0.4485763595002204,0.06158476345412528,-0.4469914916652798,0.08251820932742407,0.17959999739688315,0.05491074168086146,-0.16379239572136467,0.034177329856625,0.22167127682495447,0.21489792834599136
2017-12-07,-0.45487039969831267,0.052864135327481854,-0.44354382138311116,0.08542123429935636,0.18984079736315618,0.051761813740078294,-0.1625208679727816,0.03632765851530789,0.2117261512973651,0.22299329851145966
2017-12-08,-0.4588572140779065,0.05281344751310135,-0.4545416081285709,0.08227832507415411,0.19685821868946973,0.05079534074285835,-0.15083221984439238,0.04220717752094724,0.2074024288845478,0.22187610362579113
2017-12-11,-0.4518922192242683,0.03953715306224359,-0.45374182263771945,0.1036361092873552,0.18809857023362325,0.0459214147286581,-0.6267472008950532,0.043662338840657566,0.20737719899864226,0.21414845760586088
2017-12-12,-0.4549778092136758,0.05338127082838606,-0.4524938000067293,0.07297248688008848,0.18952417140472683,0.0399442085615216,-0.6206327961612096,0.037119551057055805,0.22102981274161965,0.07413290390821614
2017-12-13,-0.4554081092384029,0.05758314345599519,-0.45382471320893203,0.08398519663444406,0.17982508635930455,0.03665117497435927,-0.6230651230440246,0.03405196906322769,0.22293267133589462,0.07726870366813407
2017-12-14,-0.45190292856177117,0.04618548202017253,-0.4374694036695082,0.08299568738517585,0.1427746625528804,0.03942858788863818,-0.619026877695527,0.03258023623185588,0.24936968716387087,0.2250648666842125
2017-12-15,-0.45059489705632066,0.04163752306449642,-0.44210700063586855,0.09730895566548342,0.145171331911717,0.03915973425185372,-0.6106286882229967,0.018031151445040555,0.24420271076727595,0.22781917880931868
2017-12-18,-0.40783779083120897,0.15401865863713304,-0.3872912142851712,0.29178002313201307,-0.12282670048164968,0.07824229828097048,-0.49002421239361205,0.2180249459729144,-0.037570347559097494,-0.06651566047229152
2017-12-19,-0.4446852934348038,0.03689651049220577,-0.42790930821814954,0.09071557531991867,0.14145071770338122,0.04476854158458196,-0.5999869165107983,0.013541739462779728,0.2527221484170128,0.2024862851838713
2017-12-20,-0.4515851416267882,0.027668474147162947,-0.4282772825133631,0.10431333524995282,0.13522313408798745,0.04045586105675869,-0.5959503610686654,0.026627400352209563,0.24787566081970547,0.20364891949503966
2017-12-21,-0.4113013411617049,0.007732990683036317,-0.3894658139496707,0.2768580172691202,-0.15087186959576898,0.08433565365112937,-0.47299936268848225,0.22910505003278467,-0.018511724363659943,-0.07488159987678367
2017-12-22,-0.41442769830225623,0.16319048463076052,-0.39589364597371834,0.2727138874831038,-0.13082265431165613,0.07995797745820489,-0.469254140227462,0.23151608270914145,-0.026592269521720446,-0.08038802394439748
2017-12-25,-0.4084595508920471,0.1588774836445822,-0.3963747097260434,0.265719649945762,-0.12491566372119747,0.08741974937822414,-0.4714904591104891,0.23173420152906746,-0.026762086112943784,-0.08574861493491492
2017-12-26,-0.4095493857943723,0.16293855999838391,-0.3949716826043983,0.2729995066405958,-0.13152382187951916,0.08514209647397256,-0.47450856877803455,0.22785829397744348,-0.02531559189527749,-0.08306940613879371
2017-12-27,-0.40493329461550764,0.008587054751399925,-0.3960478349590575,0.2705418388950662,-0.14168185249989654,0.09474704217039193,-0.474062868590518,0.22483321155398486,-0.019388471441838362,-0.08259482526402478
2017-12-28,-0.3213385965487381,0.24548941638049576,-0.31390097331839595,0.388515820817965,-0.07049253222511759,0.17894682139061063,-0.23573033734860466,0.35107190629196494,0.06410054587687591,-0.006662071317055873
2017-12-29,-0.3181501204926155,0.39779326594129216,-0.3198689647223911,0.3787307268423742,-0.0726755174402878,0.1803077303063748,-0.23384011394600662,0.3495518083721456,0.0675405898630076,0.0006105952761067401
2018-01-02,-0.322973189687526,0.24854915128378124,-0.31958453690633504,0.38941318815272236,-0.06223496509255155,0.1711380981805629,-0.2341528171912814,0.3444869050316133,0.06120955762467045,-0.14585139139565603
2018-01-03,-0.3189739565238181,0.2448916135932051,-0.3233203744585714,0.3844325911647024,-0.06959844083709751,0.17291249900425454,-0.2341210849963113,0.35198063698457127,0.0646603916762179,-0.14286387560715286
2018-01-04,-0.31773202016050717,0.24386417842634853,-0.3220199145061835,0.3828399482751323,-0.0746738178547027,0.16999610757292458,-0.22950981883988525,0.35931960124070034,0.06628559520846411,-0.14836985936229108
2018-01-05,-0.3106332480833518,0.2449402257926008,-0.31661564983195956,0.3726532595449006,-0.09229673743507394,0.17385663887302913,-0.2258610212513616,0.35787984670005113,0.07431870776151595,-0.14824202207035042
2018-01-08,-0.31700347294937226,0.2466212279710309,-0.3170068274636172,0.3697966671252203,-0.0940904713659603,0.17102492366756075,-0.21849503521732133,0.36305291031781495,0.07428010986579109,-0.14818003195114673
2018-01-09,-0.31636300984843246,0.2411527151934067,-0.319286079290492,0.3780945308185869,-0.09360718586699082,0.1689862862826786,-0.218323408734087,0.36834568324397166,0.07145835167884845,-0.1504578834774897
2018-01-10,-0.32702593986801054,0.24056468071908937,-0.30744852750822715,0.3665614469122912,-0.08930543397411247,0.16774915714172328,-0.22888320738196793,0.3782370592550749,0.07028393217477669,-0.14073316747063694
2018-01-11,-0.321777286972145,0.23969109733022403,-0.30268385487842686,0.36910893694006686,-0.09805210511226387,0.17017981928432283,-0.236300743156717,0.3810735909212303,0.07164039196111494,-0.14287984631740608
2018-01-12,-0.3166677565839222,0.23807785676974674,-0.30388517461540665,0.3808946337917871,-0.09672309156061218,0.1695261389157676,-0.24398411146828097,0.3783716428418673,0.06940108492645164,-0.14501122301739813
2018-01-15,-0.3594894010558032,0.12322891351465792,-0.35023284931052023,0.1883074629505455,0.1887092008530861,0.1278274134021526,-0.37375270263097427,0.17762901298496192,0.34535032739357663,0.14242262189831714
2018-01-16,-0.31326035624651294,0.3842886137961455,-0.3159266757096084,0.38972573933527477,-0.0955069709556613,0.17995726282041768,-0.25504439921040106,0.38117395960485906,0.06465517146566102,-0.1400623449001741
2018-01-17,-0.3206385070176584,0.387824022209375,-0.32693590392361893,0.3913328692166643,-0.0696296443085141,0.18408391857604586,-0.2568221545704065,0.3699869437641876,0.05706335907744242,-0.13626490302351718
2018-01-18,-0.31494531523401315,0.3843424995576631,-0.33702288649012047,0.38451738918731326,-0.059972529779464795,0.18081941670999205,-0.25666067128772424,0.3730553175378538,0.05260932417582215,-0.12674254437732155
2018-01-19,-0.3474838911840649,0.2558256766594199,-0.3762149988037687,0.18639479656953514,0.21085049855983387,0.1549034893315737,-0.3815669521528335,0.16874708931757387,0.3340514004512849,0.15449289125144566
2018-01-22,-0.34266974647975235,0.25934325517076523,-0.381135406428973,0.17924244555883803,0.20363161152676293,0.1648480112372167,-0.37780688037361554,0.17383586435859766,0.33727779358381466,0.14343305184634575
2018-01-23,-0.30659976474557016,0.3849178517532431,-0.34409922168294904,0.3727069662643935,-0.07294711951861185,0.20100872347438295,-0.24554911698106674,0.36303362790944294,0.0612528333336958,-0.13372477980696032
2018-01-24,-0.32952223391401503,0.25363999660691416,-0.3765179707309153,0.1737044186297706,0.2064529271494164,0.18610953276113776,-0.3743431549466392,0.15238937007866762,0.3362326122073673,0.1318545021582957
2018-01-25,-0.32777409156619225,0.2499445847920685,-0.3698818541372615,0.1801555069352633,0.2174653838447758,0.17368595150256713,-0.37732423804352544,0.1579511149770815,0.33226995174374335,0.12350768995147975
2018-01-26,-0.28020504242433786,0.3647175335364863,-0.34725909650749753,0.37508930910813243,-0.07104802584948752,0.23576830598913148,-0.25856993875583983,0.3708959445733584,0.04425559204570384,-0.15364458171564965
2018-01-29,-0.28722486376750345,0.36778007666132395,-0.3338900756905375,0.36115078412236956,-0.09541075880955471,0.22634118461448294,-0.24304791057632824,0.3764607835017173,0.06155403022058803,-0.1537132502765577
2018-01-30,-0.3004792001294826,0.3717616783804064,-0.3276775159627824,0.35748743534193417,-0.09352107987979855,0.21113306299077728,-0.23890465107082703,0.3779274911816952,0.06704476791098979,-0.14477198876291222
2018-01-31,-0.33061788711045986,0.25825764939078444,-0.36592095604651775,0.15873418176123064,0.16377199095267694,0.18009617078051612,-0.35202057360559075,0.16222876584856943,0.3529873477384003,0.13248331029039054
2018-02-01,-0.33115126705694786,0.25949202740651234,-0.376663786064871,0.16950408054499602,0.16977788254785536,0.18349885131969812,-0.3454022274361846,0.15739225783598168,0.34921378239884837,0.12433839850411169
2018-02-02,-0.32933050196004526,0.25849179892870755,-0.371538164162138,0.15975113377751798,0.18341103486777505,0.18293675557097439,-0.3492531459055752,0.15386709157917536,0.34871487644145027,0.12294912086215788
2018-02-05,-0.32331210308093317,0.2612263496948702,-0.35772060118956484,0.1452930667249069,0.1737427538303053,0.18420726734164586,-0.3461007725701933,0.15422945839704486,0.3521477920320935,0.11628678881982471
2018-02-06,-0.31218087580497383,0.25995089979832803,-0.3535094500933473,0.15788240493039699,0.15724046766059938,0.18968836596019586,-0.3445016155856501,0.14927594669815628,0.3501082695254205,0.10604558691087425
2018-02-07,-0.3065795276011065,0.26436007133377226,-0.34743529290790387,0.143852480621953,0.15769980790240437,0.20020544786785757,-0.36968544427676947,0.16260098288472136,0.34552944590968465,0.10945202826538665
2018-02-08,-0.31501952744186595,0.2712917183141546,-0.34715938853697964,0.14674286735605138,0.16211509780292765,0.20008448784034766,-0.36584988523302087,0.15535867971597522,0.34747976995262686,0.10495618022978304
2018-02-09,0.16196399678699644,0.27228360219899594,-0.34391172589155267,0.156278669129723,0.1590829131321869,0.18610544561753078,-0.3802601222547866,0.1590508116970159,0.35059613138971973,0.11881027819417067
2018-02-12,0.16254768576273074,0.269124658037284,-0.35611829015395396,0.15679387097664796,0.16750308307314898,0.1868989747668699,-0.3846389688900139,0.16338055691229994,0.3478254646618406,0.12668296485314587
2018-02-13,0.16428818922355826,0.2718627194277011,-0.3553642184026628,0.1747801187509893,0.15519699522763716,0.18823680090104866,-0.39071173964321143,0.16242956001583791,0.34518296585693586,0.12409860864216593
2018-02-14,0.16141676823079726,0.27259079351314053,-0.35512104561517127,0.18383069129820176,0.1594772644113506,0.18425345546983377,-0.3843497697270825,0.1603109304715268,0.3448816996102368,0.11270921233716624
2018-02-15,0.16568126594112903,0.2635427127038349,-0.3551781858607039,0.1863181530399,0.16000298384288117,0.19725360795702976,-0.38870802464390114,0.16052586348187417,0.33841176347204766,0.11214986006590828
2018-02-16,0.17707929692233376,0.26765945435889466,-0.3505106564253367,0.18282822718956732,0.14797075270754215,0.1989605234723486,-0.3869750213629889,0.16023252981580077,0.3378481147403765,0.10490677858146184
2018-02-19,0.22226392636697379,0.3934448464988249,-0.3194949524711973,0.37891424621949243,-0.13173131932889093,0.24275984109202112,-0.2704976579535711,0.3629781128048438,0.05533560591740333,-0.1739726491459
2018-02-20,0.21117918719670556,0.3942752848649639,-0.31820219584898457,0.38520268159650034,-0.11827766803605791,0.23272453251636055,-0.2548691972973689,0.34828082895815654,0.06123092413561665,-0.18154437808589205
2018-02-21,0.18294631221283228,0.2652435319581103,-0.3570114087432842,0.17509023261861303,0.15324121431930862,0.20756941994892733,-0.3639086616675374,0.14599700704159882,0.33717059165629487,0.09366176065513636
2018-02-22,0.2271317237553118,0.38160460402145374,-0.3167174938794447,0.3600707504070817,-0.116225689199217,0.25296890068797295,-0.23981359890900883,0.35138216546732726,0.05325840506092522,-0.19365976741240204
2018-02-23,0.18331682886799341,0.2588148543139133,-0.36198821908130313,0.18400227653816653,0.15854706674799296,0.2066359610972669,-0.3493909069405567,0.14998069726449523,0.3308356286562969,0.07924581253573446
2018-02-26,0.1740337962437303,0.25978083462767104,-0.35992195673609145,0.18537962363044924,0.15564965017295715,0.20086166118140203,-0.3515018083239489,0.14913701324116746,0.3376176941284827,0.08896349183418047
2018-02-27,0.17620858470774192,0.25742214945658215,-0.3564700519795293,0.20112011845346855,0.16179624298692843,0.2033237098679104,-0.3617583902532186,0.15537194485494496,0.3264193396877946,0.07656635221737686
2018-02-28,0.1719371583916902,0.26336625708131783,-0.3522145734935572,0.2306657463728284,0.1539054110731321,0.18714364346962672,-0.37807493200852504,0.1548988105335414,0.3223468991416818,0.08602557943826382
2018-03-01,0.2588547693420754,0.33965173499861356,-0.2633279269384347,0.3479783645922917,0.22458399728171966,0.2689064383211773,-0.14530176734329275,0.2893261563495372,0.3981829133553608,0.17114532004095212
2018-03-02,0.26230422998817104,0.34755784606054557,-0.2668348735912641,0.3227115189719078,0.21522980982858012,0.26995330568163634,-0.1389851794325902,0.29938448455462663,0.40834242586997976,0.17033643206840715
2018-03-05,0.2522129948533244,0.35253689201434046,-0.2731178660806587,0.32660620870855905,0.22851630915534907,0.257052125984488,-0.1235918241300113,0.3038478740211172,0.40964724687639653,0.1562900385970954
2018-03-06,0.27911447215113205,0.34226372982785613,-0.28562028320134636,0.3494020570745483,0.2027617964875159,0.27893109368679625,-0.11215562469802848,0.3232191999016589,0.37064948144151577,0.1414340773283517
2018-03-07,0.29494714257860183,0.3486486089847656,-0.2835138511522106,0.32649286014555945,0.20543164477576106,0.28768527592787996,-0.11496656300334224,0.3273318609901542,0.366329949705427,0.13161307104740402
2018-03-08,0.2924942686989067,0.3631019106439025,-0.29013850960651627,0.3560875343984512,0.21414501707643493,0.28932455275701685,-0.13460794588336894,0.3142896515682691,0.3536842699403473,0.13161925040655684
2018-03-09,0.2714575851550991,0.40101738944021414,-0.2984229150604068,0.3481492416537674,0.20651413053157844,0.2896922651958297,-0.13808953176759237,0.3125884642980754,0.36501279853230173,0.13208057202113338
2018-03-12,0.27459751610324645,0.3701062748571289,-0.28885940510488456,0.5041767361341083,0.2017770122193103,0.29783223169489326,-0.12801650691699884,0.32790088899286407,0.35196591313192654,0.12851933888840567
2018-03-13,0.25953445322421437,0.3703109213302688,-0.2823270610305916,0.4928305050044787,0.21720863934023457,0.2848425099249957,-0.13301600671381425,0.3418546192225268,0.36300267735206126,0.12575874234562567
2018-03-14,0.2534819621659701,0.36305061368488034,-0.2908802796308685,0.49108887474248203,0.24839128022490553,0.2725734514500802,-0.13149132293322263,0.3503229756346788,0.3595196157533396,-0.35605717109224544
2018-03-15,0.25451726639144223,0.3688268229615627,-0.2928155715506113,0.49811965240221034,0.24007884265922835,0.2716785073943575,-0.13763620877714183,0.35288345103665486,0.35639007352603647,-0.3520428360437392
2018-03-16,0.2524072393786045,0.37837636310936384,-0.16577779769564854,0.49391637748610806,0.2296754749656568,0.2659536020948069,-0.11983896869656402,0.36233180096600703,0.3575435178664766,-0.344587609474811
2018-03-19,0.24784804441731254,0.38158095305132045,-0.16140343509886412,0.49760475551608435,0.24579633603266887,0.266238652199415,-0.14084237940533983,0.3736551378810151,0.34243772933716926,-0.34291579393078153
2018-03-20,0.25784599806282593,0.3761249324634773,-0.15765235376182776,0.4867225014264005,0.24480953249172002,0.270124780975459,-0.15946280999073276,0.3561289907921218,0.3625637067240881,-0.3272052791835319
2018-03-21,0.2612002145237714,0.3533394671401588,-0.15423748533770942,0.5093251102544629,0.24115611187401562,0.2747342745078183,-0.14940788922756842,0.35122572711673694,0.3512051867346775,-0.32854071758636333
2018-03-22,0.2633456528146295,0.35643398674824445,-0.16312985501263494,0.49946213185852745,0.24206162256436897,0.2684319411403038,-0.1535034869377861,0.341798099364776,0.3680029934666792,-0.31290308600710826
2018-03-23,0.26154714536777257,0.35324099652245033,-0.15232204431600338,0.33217479854376697,0.24582900938619234,0.26425282341971457,-0.15868094892372092,0.3460102998735779,0.37793159849712205,-0.3099836783708724
2018-03-26,0.2518119165002546,0.3472539086637158,-0.15138078095645038,0.3295744030047407,0.2555680240657714,0.2606173498232589,-0.15294735367714113,0.34215555009793724,0.3844084467184329,-0.30706146424051994
2018-03-27,0.24821580090963757,0.3511638374896883,-0.134483362985833,0.32821729469178007,0.2814891317529011,0.26084958307722295,-0.16180244260157867,0.34723774320506395,0.367862152079558,-0.3287497376184402
2018-03-28,0.21698232474779736,0.24283716545073963,-0.19238222798914054,0.12662301205498325,0.5566106480001562,0.21667568870315074,-0.27427673410256165,0.1370796188603731,0.656682144777798,-0.04683164050329619
2018-03-29,0.21312516307320467,0.237471057268909,-0.17899228644269877,0.11019494074418248,0.5424967057012976,0.2182584370604104,-0.2736895547617018,0.14561870961086376,0.6675089593286765,-0.04199213158314391
2018-03-30,0.13335543695159474,-0.0027693320426507295,-0.26143696415767637,-0.007142815352575965,0.44989117045179805,0.14227874132873258,-0.5137201174779937,0.03996838077012321,0.5802835989887107,-0.1207080994600625
2018-04-02,0.1280973322746652,0.15327578458914026,-0.2569389804409862,-0.013348021747309924,0.4877610260988906,0.13797092219303694,-0.5173267264713306,0.023762263019994317,0.5780039943879354,-0.13125759390403607
2018-04-03,0.16846212447969897,0.27089117607940744,-0.2133351761276004,0.20515512312110276,0.19847745773738687,0.18405205509748523,-0.390597263683051,0.2034500354481111,0.30204962790604434,-0.41860516005858533
2018-04-04,0.16503241846719582,0.2667053245944038,-0.19912007533217777,0.2038806694639214,0.2001343046927091,0.1746999905476513,-0.401783500732835,0.2081184327436035,0.3033767874873003,-0.4110443519317724
2018-04-05,0.17557088982142685,0.26527225046725816,-0.21257683934091404,0.2145462054425801,0.203904182380743,0.17467970363686772,-0.40953350151303475,0.19882419200275003,0.2989570812864113,-0.39964416418408827
2018-04-06,0.13115159982828697,0.13698221742120292,-0.2598848342763494,0.007864995458009755,0.48832614493661425,0.13255303685001313,-0.5063820421380751,-0.012331416110946347,0.5907474425350503,-0.11902714450380647
2018-04-09,0.1320877383457607,0.14698302102280597,-0.2625309770751092,-0.0030797390635265987,0.48701376670478347,0.11959468406466603,-0.48938583441471034,-0.028774832985305143,0.6056505229227045,-0.1175583495220694
2018-04-10,0.1225256336960436,-0.32128505580925915,-0.2733025429653074,-0.0014919228565717924,0.5170036954708179,0.1102719819019422,-0.5054171432587917,-0.022516623492861654,0.5910088798174449,-0.10679690250345719
2018-04-11,0.10744869922768652,-0.3191273587119646,-0.2606617835036912,0.1516020910114111,0.5270853821731172,0.09527240494710276,-0.5277304614723624,-0.012674441192641439,0.583011079886737,-0.08422561236539494
2018-04-12,0.11899774663394055,-0.3329390090058939,-0.24723129332780014,0.15979213057614639,0.5047175429624661,0.09100105195737568,-0.517170468066023,-0.012842652636365914,0.5935277337461813,-0.09785278284002713
2018-04-13,0.11914437731462585,-0.323230411135901,-0.25440820905130923,0.18008538706208566,0.5272018074116536,0.07812056628491819,-0.5202504334534703,-0.030767316627365232,0.574086836562955,-0.0899826043681925
2018-04-16,0.11053933948979838,-0.31787226340173846,-0.2397339909628236,0.16642059356375483,0.5042939862227795,0.07133952803136893,-0.5061131521163331,-0.03285304355413432,0.599429802622095,-0.0954507998947674
2018-04-17,0.15630901633353764,-0.18627396601441829,-0.19527511670142034,0.38140090382301767,0.2089656637579814,0.10376573917429817,-0.39163746434534297,0.17055741283351178,0.3139873813591895,-0.38179957022035454
2018-04-18,0.16027771611554617,-0.19937695156352297,-0.1992113929091374,0.22963095194176042,0.20409327238777425,0.12353786162451756,-0.3842366679130215,0.16491629011520129,0.3198091698265931,-0.3894402496257109
2018-04-19,0.1453533065250235,-0.1974879438588759,-0.18628514567194954,0.24340122394884445,0.19618874735699623,0.11175037261891603,-0.3629704185633921,0.14754373602704393,0.32079772143771607,-0.38829159982032263
2018-04-20,0.13641979266988774,-0.19879185393092813,-0.18585036177419695,0.2751571313507802,0.1844342657936344,0.10822756876185759,-0.36852072796825025,0.16890809324400718,0.29818373199648635,-0.3881676401432781
2018-04-24,0.12894863137774315,-0.1819022698506855,-0.18406002608519137,0.2812699938127115,0.18231826052629319,0.09331828601173453,-0.37677234295196776,0.17885450890040716,0.28756248743975193,-0.37953752918079686
2018-04-25,0.12733455928529833,-0.1529756507023273,-0.20465864304483708,0.2759146315509311,0.15022142242037365,0.09294530309104349,-0.35723184406868475,0.18069330900834435,0.2961571081620465,-0.3784001957021882
2018-04-26,0.10966711494645384,-0.14783818118947914,-0.17626133639459987,0.28164446546837313,0.15052476345741164,0.0785234212642617,-0.3539711195431213,0.1692494232446836,0.28710271337863613,-0.36864126463261976
2018-04-27,0.10252306942957101,-0.1538440704195053,-0.16908172041551162,0.265125405954437,0.1706396381356061,0.08908068431892707,-0.35859402701732174,0.16970355710468232,0.2978109389714276,-0.3833634760623125
2018-04-30,0.09515085588324225,-0.15863063762805327,-0.15472367256468003,0.26119826376100796,0.18906769710039342,0.08227046074790702,-0.3499186529706263,0.1535396311809459,0.29380308632327756,-0.3817570318334145
2018-05-02,0.08834768237120481,-0.1638273941447223,-0.28801023793834946,0.27863042542639754,0.2252517501533915,0.07108536979320239,-0.36269801874798824,0.14769334057095507,0.24883007952927466,-0.36530299701336594
2018-05-03,0.08543518769000281,-0.15472661003885602,-0.2647262063643477,0.27286837134652897,0.20934868195535983,0.05271365341689502,-0.35686800435967997,0.1551495643810612,0.23785432579787041,-0.3570489638248345
2018-05-04,0.0882878897275341,-0.15627804296137823,-0.2676777369784244,0.27311862082361305,0.21422761521778977,0.06670957623223008,-0.37178021436840625,0.1822872580894258,0.23113578008769572,-0.3800307458700795
2018-05-07,-0.44194155212052655,-0.26835233597528063,-0.2985461311362728,0.06033089600534686,0.514508285899223,0.021043465401054673,-0.49218891374614737,-0.026355315398564394,0.4957718462555991,-0.08427024518443194
2018-05-08,-0.43321128489467775,-0.2509120733282476,-0.3047778423040506,0.07807793561528642,0.509168522713205,0.030701634410428127,-0.5063317875102655,-0.02378666481165262,0.4684168594412859,-0.08734529933131152
2018-05-09,-0.4191160927784543,-0.25153510602234735,-0.3126609631837962,0.09315829396551678,0.48070091533563986,0.041052502813776356,-0.4934066756938295,-0.04894802004677923,0.5007200486095836,-0.10996490299931011
2018-05-10,-0.39619570872900023,-0.2796787651174727,-0.16675985997632245,0.0878979952458479,0.5022960589225238,-0.4364668902718195,-0.5283993725308304,-0.050217315731509116,0.5075214653854381,-0.08999760719685573
2018-05-11,-0.40511630083814687,-0.2542219398320632,-0.16199189458684174,0.09101090062505351,0.517439383771639,-0.436979423802178,-0.5109746880656014,-0.05944248600331359,0.46864663927307915,-0.09837019054162693
2018-05-14,-0.4067640659085475,-0.2704899378343243,-0.3029565306833588,0.0988618136958676,0.5045330795891976,-0.43888240419318925,-0.5065287880014722,-0.04662513411806682,0.46860683289302113,-0.0997548654391276
2018-05-15,-0.36820864804748193,-0.15478480918386978,-0.2707450966222929,0.29810314760645223,0.22245359260358652,-0.4042178054743181,-0.3754717662303319,0.15359317637678227,0.20427402371755482,-0.3849958147460812
2018-05-16,-0.3648683974681934,-0.2954813943816521,-0.2856751648271744,0.3046798165310725,0.22375307767881764,-0.39832380801374767,-0.3901815222784373,0.14813401660673248,0.20028211821865452,-0.3723187420660722
2018-05-17,-0.41114446693171025,-0.3941241694225564,-0.3259717622730327,0.0943930832658651,0.5166135331783819,-0.44643482609540475,-0.50788382417575,-0.0537079157710966,0.46104561301939473,-0.0827852647940911
2018-05-18,-0.407615348034734,-0.40268496802434806,-0.3418729939281533,0.0917895835237813,0.5362833874342579,-0.4462050400487829,-0.5049057016165075,-0.05622842270755299,0.4593826798240454,-0.07794317642200604
2018-05-21,-0.39897067807788655,-0.4116038402564663,-0.3511793295589972,0.10036066306737534,0.5245704563064886,-0.43024062334655266,-0.5138018294762354,-0.06573605052843298,0.4832744250190174,-0.08667319314831018
2018-05-22,-0.3996112209185301,-0.42219746511974104,-0.355242199565696,0.10552940583878401,0.5231242249065781,-0.41367949908612267,-0.5148231417666471,-0.0518682587412842,0.48185643742628165,-0.10308828297362282
2018-05-23,-0.39959867212053146,-0.41227779537603565,-0.34845034188124013,0.08598905490128905,0.5509556993165823,-0.4223431872809994,-0.5125041611600338,-0.05693229716743825,0.6153508056609531,-0.10018910489254568
2018-05-24,-0.38714047216667,-0.393238933573067,-0.3716668698857578,0.08781200598587319,0.5586591286009222,-0.42199347287734357,-0.5045248217897427,-0.07523761272703179,0.43758815007513063,-0.08025710164231326
2018-05-25,-0.3894866034633193,-0.39408383607340747,-0.3729498433558923,0.09651708098411343,0.5452562551983491,-0.4134125598403775,-0.5173812945243818,-0.06712955374670979,0.4459849727718277,-0.08331461795020201
2018-05-28,-0.3961323148363124,-0.4145290151414315,-0.36910781805733406,0.10005348224145055,0.5542587790028225,-0.41437839792606757,-0.5023278597505274,-0.06355149306073546,0.44301327418079994,-0.08729863665266463
2018-05-29,-0.41104936122970115,-0.4235202971925794,-0.3614943594446307,0.10981322100344965,0.5425962499263539,-0.4179168639998383,-0.48998900421926495,-0.07273310101076769,0.4520969693167657,-0.0778034531497872
2018-05-30,-0.4237979640510552,-0.4292012277597962,-0.3822855389658978,0.0919845670226967,0.568648420731459,-0.40988779966138267,-0.48882303592879084,-0.06558683056434261,0.4418229661422354,-0.05287355696512597
2018-05-31,-0.42238179984150603,-0.2487253742634116,-0.3865093813537315,0.08663541591742463,0.5662373562671442,-0.41796194698056044,-0.4628829344923585,-0.07570111441152334,0.411351231004656,-0.050061451846133476
2018-06-01,-0.4259960378145191,-0.2700209437092329,-0.3898102579261674,0.09130314260439537,0.5663363539076887,-0.42324711526754044,-0.47070215210897487,-0.056791930382215305,0.4348744527224503,-0.055945512025884325
2018-06-04,-0.4245755585070774,-0.2772134104417434,-0.38361718225359875,0.0938479363059167,0.56676738894446,-0.42305609111747855,-0.46862690810901403,-0.056757982304600135,0.4310215585788356,-0.05778975109570006
2018-06-05,-0.43165743768068077,-0.2772880450178603,-0.3902973379358644,0.09021698136472839,0.5573357427301315,-0.4274221460498965,-0.483061606323942,-0.05827883636075279,0.615527170040536,-0.045074484766399414
2018-06-06,-0.4294369665004868,-0.2677068498506596,-0.3986465766260803,0.09919590925015631,0.5515298229334433,-0.412590481513331,-0.4924841049575743,-0.04849890862856249,0.4473833176071313,-0.048745161714036644
2018-06-07,-0.4345569604856876,-0.4200772454048584,-0.4002713785906554,0.10200929810139325,0.5457853113019814,-0.41804149061734863,-0.48409646541133355,-0.042701441382784505,0.5977896586216238,-0.04583928613233035
2018-06-08,-0.43524894823233007,-0.2852869397486952,-0.379711451253572,0.06582765327647272,0.5727880978953899,-0.4215236327520169,-0.4947111739938057,-0.0057777660104177675,0.40573297906321926,-0.022088818244244357
2018-06-11,-0.7135506718641622,-0.3143875736625631,-0.6650003356758141,-0.00698602512329477,0.5229672074367944,-0.7055307020045263,-0.5371649482829552,-0.5649283371553495,0.36711680957363324,-0.06253542324176226
2018-06-12,-0.7017654994607495,-0.31110176006380985,-0.6685800638838577,0.0014430889380340761,0.52648861476176,-0.6926371625398062,-0.5195491248694017,-0.5909150634407742,0.3379669298761354,-0.06134995931753012
2018-06-13,-0.694610301365992,-0.29891296266325973,-0.6676916338138186,0.012271120995613005,0.5018999680524742,-0.6870781774985416,-0.5196430067303833,-0.5955804643469294,0.3169456329961037,-0.04760017562526614
2018-06-14,-0.7026780037851867,-0.4275880531804122,-0.6666636974509413,-0.0038153212518581836,0.5096796085959574,-0.6842542528923453,-0.5189542619147316,-0.6009828163090631,0.3157963730341686,-0.05053957484558763
2018-06-18,-0.6912692562585194,-0.45087627458056206,-0.6597511713102298,-0.014246514418980172,0.528950131861862,-0.6755802706410323,-0.5304173336128046,-0.6084488764141283,0.3140839969799798,-0.0424444316055852
2018-06-19,-0.6498182026390646,-0.35064945901536715,-0.6108547788505798,0.21339072965804917,0.23475496512142016,-0.6324000345561998,-0.4040205188376045,-0.4151940729895037,0.037812380009029076,-0.33302100790017886
2018-06-20,-0.6973704421384801,-0.46823662570815716,-0.6322462516676709,-0.016277128406542607,0.5253790235665964,-0.6739558960150079,-0.4932916796173406,-0.620355037453741,0.29272867570504557,-0.046374638264701507
2018-06-21,-0.6977448675637243,-0.4611073636407351,-0.6381189020303166,-0.03140504906457103,0.5395640105220783,-0.6758628682911789,-0.5155886826471738,-0.6207893482446947,0.3079059613871487,-0.03685289042683265
2018-06-22,-0.6521531299810103,-0.33059191656783593,-0.6025253578789485,0.1550925232928512,0.27002016601602474,-0.6288350514535985,-0.4046571014971305,-0.4159602105305127,0.027716455672828155,-0.32810637707266765
2018-06-25,-0.6590308756452994,-0.31140144729299957,-0.5968127076677671,0.17656257675413856,0.24790699815692327,-0.6359013252014295,-0.3897777861021029,-0.4135404510134862,0.018650136709424073,-0.3466551186974012
2018-06-26,-0.6090168984889364,-0.19764731088672816,-0.5615442756787182,0.39656001991505324,-0.05039045185579727,-0.599924666172717,-0.27468597953552476,-0.21305597536012794,-0.26479845820436754,-0.615496003732136
2018-06-27,-0.6074852465939213,-0.18909098839185523,-0.5732565178068978,0.40677385766459934,-0.07304119944916815,-0.6073793906467504,-0.2628574460337705,-0.2151386991897813,-0.2661996587607396,-0.6023247107917151
2018-06-28,-0.6595951388469556,-0.30868177778306505,-0.601047492687122,0.1997838126813028,0.2100632884485967,-0.6466499428147898,-0.39194495581427347,-0.41834875619878586,0.019945640949558863,-0.31352467793446637
2018-06-29,-0.6530437674850822,-0.3071122407584669,-0.6063334875672924,0.19305273303750448,0.21877694207776202,-0.646545696871426,-0.3656964952362929,-0.41502433448323567,0.005755769752664154,-0.33382942246613445
2018-07-02,-0.7377848117483548,-0.5521543794761908,-0.6911912195472971,0.08172005644673047,0.15009552124932415,-0.7254387468893554,-0.6081166399471905,-0.5364105374180548,-0.05607853790375898,-0.4346407047658525
2018-07-03,-0.7351414104824496,-0.5495137744792615,-0.6987961040348388,0.10817686345307703,0.11640615385249029,-0.7186135177302646,-0.6214689958777477,-0.5089248316357413,-0.05182806849138957,-0.4502963145738741
2018-07-04,-0.733140785955195,-0.5271267982409413,-0.7014954763253379,0.08640650830511365,0.12526337622600903,-0.7147608369940908,-0.6303456369759332,-0.5082467786301363,-0.06103087290685404,-0.44552269850263404
2018-07-05,-0.7398383435123307,-0.5209089767585686,-0.7165130805545227,0.09264660412649534,0.11165358814698717,-0.714708949295425,-0.6137131232723233,-0.5071449379762062,-0.05400903304062818,-0.447463747863478
2018-07-06,-0.7411606082582805,-0.5172392943417605,-0.7125144240769541,0.09316851838480705,0.11489472323761243,-0.7081178459745094,-0.615769178187612,-0.5160549459278483,-0.04936850953463365,-0.4578384353208209
2018-07-09,-0.735067028730702,-0.5285624520316231,-0.7110676388005744,0.10012819788037874,0.12251901816672628,-0.7100350076445232,-0.6341312427730769,-0.5126054607377015,-0.0385493898093829,-0.46262899551952097
2018-07-10,-0.7345481164550571,-0.542296452907519,-0.7158427744212761,0.1083586914375253,0.11904776693069649,-0.7207512983379423,-0.6293882816928592,-0.5043980951378708,-0.0339623625793153,-0.45621907683638196
2018-07-11,-0.737184996016796,-0.5418793978975986,-0.7152611310029939,0.10427029456431997,0.10459023826030134,-0.7447914734416674,-0.6326085227984658,-0.4835087838009315,-0.029600013939823117,-0.43402621392634466
2018-07-12,-0.7427654028427172,-0.5302741355735678,-0.7318837107023626,0.08934663583748031,0.10775728237761673,-0.7445738785993429,-0.624367115692057,-0.45785545714347253,-0.0035406391792777436,-0.47184357848229896
2018-07-13,-0.7984944571636953,-0.6456362648057199,-0.7782908566632388,-0.13227463571782844,0.39810780538616997,-0.7871678757296838,-0.7338778223124063,-0.6499961251834718,0.2904875096164379,-0.1928572774265636
2018-07-16,-0.8000945032659047,-0.6438770844097645,-0.7752534196481862,-0.13803934214244595,0.3828646031599654,-0.7986953455699797,-0.7445108646160603,-0.6356796571503187,0.31063348546414815,-0.18734787182145368
2018-07-17,-0.7512220264265339,-0.5371652500335802,-0.742844322594516,0.07068870839960578,0.09865157497007765,-0.764450195571107,-0.6200552818698113,-0.4324819301103276,-0.45331547707875985,-0.4578057996850474
2018-07-18,-0.759854166513396,-0.5363253964431212,-0.7489736072225397,0.08818212260327402,0.09017981801348207,-0.751551274906104,-0.610245305360521,-0.45600855559765513,-0.43580952223835245,-0.46959411233506654
2018-07-19,-0.759787918999851,-0.5197739732805062,-0.7429813539545542,0.06864474445155122,0.1038694100514175,-0.7612047342507516,-0.6108542652024682,-0.4542437436510492,-0.44992909251416924,-0.463739072649619
2018-07-20,-0.7547365830812921,-0.511271665754533,-0.7445594750164481,0.059376108213965606,0.10999350943660874,-0.7565244898208808,-0.6302952427879336,-0.4521107423202971,-0.4471834074830573,-0.46268801138613247
2018-07-23,-0.756780811804435,-0.5130569861864909,-0.7537555250599894,0.058086111057035816,0.11144854278669969,-0.7587981397876669,-0.6186479866146373,-0.46333722459898147,-0.42699360877757797,-0.46816437101395636
2018-07-24,-0.7635488770990715,-0.5241716449362832,-0.7507917756306566,0.04373552892255603,0.12026876754295393,-0.7689543140527151,-0.6173999088937696,-0.45647666272620624,-0.4154058638141723,-0.4572552493126357
2018-07-25,-0.7516637509081823,-0.5546507700261124,-0.7540892911844794,0.05044575815319535,0.1235146578754095,-0.764829001180749,-0.6330436459437,-0.44697716653360897,-0.39283955354733935,-0.4658672367044333
2018-07-26,-0.7436322292630828,-0.5558758918869395,-0.7584003808225562,0.04442590725754997,0.13247943461743852,-0.7713563475739135,-0.6248332723049075,-0.44288152192207,-0.4069760304583252,-0.4629496676431939
2018-07-27,-0.739319290184779,-0.551306545834982,-0.7594510576440773,0.06365080817222724,0.10939284810652392,-0.7744285614420354,-0.6286197632006858,-0.44224469473961797,-0.41471696695071947,-0.4529567762818544
2018-07-30,-0.7276193679308316,-0.5598952631379259,-0.7606601490266487,0.061146604853075714,0.0927568602794481,-0.7663079718159238,-0.6434296057217517,-0.41737181139009094,-0.41170962263166133,-0.45690967347768996
2018-07-31,-0.7622573690761761,-0.6671178520833174,-0.8146397770415272,-0.15623503374751124,0.36004676751987974,-0.8046497712328176,-0.755051205541232,-0.6097430489933906,-0.12327822670522393,-0.1770744830986839
2018-08-01,-0.7578503475564693,-0.6803407262410675,-0.8166139811277491,-0.1299628324279657,0.36138805607631985,-0.7927334769534697,-0.7617342441951227,-0.6241718038002538,-0.12315283694470902,-0.18482780682951294
2018-08-02,-0.7705014573199194,-0.6777893464322028,-0.8097629229309602,-0.11650048371522015,0.3522066085404778,-0.7962215867746204,-0.7481103407085827,-0.6362509949623105,-0.1221208203498404,-0.18494865534682137
2018-08-03,-0.7654379314847364,-0.6914330391447581,-0.8053320655457528,-0.10706697748733601,0.34583397203356536,-0.7912806771777986,-0.751211657202125,-0.6331431281021473,-0.12223162571367063,-0.18869687017524062
2018-08-06,-0.7758585434758964,-0.6862457534955642,-0.8099053359301256,-0.12096682950643128,0.3487679777853865,-0.799135893882863,-0.7443348846689073,-0.6335959570943339,-0.11118402592927307,-0.1775407538019917
2018-08-07,-0.7722512609538681,-0.6882787935421467,-0.8089657023921071,-0.12098680826213137,0.355498945747317,-0.8008676590430004,-0.7496621134761037,-0.6306762070056628,-0.1192171811522521,-0.174593219920045
2018-08-08,-0.7752631779150089,-0.6874084903257466,-0.8013825603262271,-0.12801327344564828,0.352392899019795,-0.8044775790505363,-0.737602991198625,-0.6191766891938506,-0.12026376650795478,-0.1888043710561974
2018-08-09,-0.774834685941256,-0.6840609051993468,-0.8006601213581375,-0.1323389965605779,0.3451690665641994,-0.8048688900092931,-0.7365362809159968,-0.613715519756926,-0.1188747432143657,-0.18927892360829962
2018-08-10,-0.7777242209185142,-0.673994590484441,-0.8041911001607314,-0.14997648355359194,0.34496162426321625,-0.8082970092292598,-0.7457025447050003,-0.6055105285424172,-0.12178260373971306,-0.16778254292954742
2018-08-13,-0.7759207515744548,-0.6805964039488084,-0.7862193552046628,-0.18198954138077547,0.36080779808975516,-0.804025129489298,-0.7709191622732465,-0.5792593447287762,-0.13182527455842158,-0.16005283493131156
2018-08-14,-0.7854903865319103,-0.7049489621384271,-0.7642345304696053,-0.19572974701270407,0.36192967328189285,-0.8042774955619294,-0.7636015110038128,-0.0882402444250045,-0.1150748554425759,-0.1703319406959235
2018-08-15,-0.7953336470632126,-0.7079148824724648,-0.7421535339388091,-0.1847492354828138,0.3611574160021117,-0.8072061330460201,-0.7666745758990717,-0.08967744616950474,-0.13060162543460996,-0.16684633649560499
2018-08-16,-0.796350584202831,-0.6853640109555293,-0.7432895098142398,-0.18901168379191022,0.3392976108075977,-0.803576836810078,-0.7751007080847572,-0.09210784336727085,-0.1169222240021695,-0.16757420977881177
2018-08-17,-0.7920681250407802,-0.6928314507742526,-0.750177467595397,-0.17495117249754188,0.3437884396340014,-0.80368153255158,-0.7692416153956116,-0.08805106480122898,-0.14658880306197264,-0.1561972079156364
2018-08-20,-0.786319404301663,-0.6947178093446416,-0.7472828151408508,-0.189190955562293,0.3314050311732998,-0.802034493278772,-0.7728066863346177,-0.08081261537175072,-0.12841354643131941,-0.1598267054073913
2018-08-27,-0.7902334420054764,-0.693841892114022,-0.7400982119751974,-0.1782285373907224,0.322766622960864,-0.8017550785769256,-0.7774106034055204,-0.08676988474480946,-0.1278317948962588,-0.1565971778519315
2018-08-28,-0.7899332442467386,-0.6972485847339325,-0.7383457414367925,-0.1784129680182512,0.31921215063111874,-0.7957350970635353,-0.7793325410406167,-0.0856121353469888,-0.11891935032029988,-0.16567248842396343
2018-08-29,-0.7906883633970103,-0.6859629849099238,-0.7398269470418835,-0.20246417865168428,0.3404798823439469,-0.7990252358482992,-0.7806385050416282,-0.08045623537154994,-0.1360016317949742,-0.15541580028699342
2018-08-31,-0.7886737995274652,-0.6865559358671193,-0.7329284059016272,-0.20503413555061592,0.35216186329770666,-0.796510700646065,-0.786856899044724,-0.07979558523370228,-0.15208248965331905,-0.15372391187306883
2018-09-03,-0.784155402767194,-0.6826234751409161,-0.7380236248951094,-0.20913004261358079,0.34274854513429465,-0.7939185425969634,-0.7894566726338694,-0.07750411125311685,-0.14171269434876077,-0.15622397888478395
2018-09-04,-0.7805572256903875,-0.6793915306787437,-0.7367982283548922,-0.21325201038445143,0.35339374174094906,-0.7941760773419967,-0.7923312111258773,-0.07940293964267081,-0.14114527077643985,-0.16633924774548947
2018-09-05,-0.7797451303636367,-0.6910904919586169,-0.7346614433132086,-0.22109542025574075,0.34302949993530407,-0.7879628576477125,-0.7910522802845857,-0.07104672619956987,-0.1349510956652854,-0.16142405424694767
2018-09-06,-0.7803895860082435,-0.679358437033269,-0.732251236476871,-0.22231066086917287,0.3369724477612198,-0.7863135566212733,-0.7951963765320471,-0.07425068033240084,-0.1325024277380385,-0.1643994861499038
2018-09-07,-0.7816854758582124,-0.6728435338423898,-0.7323350788620774,-0.2185458779009087,0.3324865801698469,-0.7874089088630307,-0.7951745986004584,-0.07848120342475001,-0.12585189716841833,-0.1701600056496012
2018-09-10,-0.7828617488156909,-0.6642842203088632,-0.7311401922453099,-0.22033890664882733,0.3277919043035701,-0.79282735722846,-0.7895824909107216,-0.08220415697785566,-0.12125794230567183,-0.17329488886216937
2018-09-11,-0.7836728854868026,-0.6703167628841638,-0.7341575391059614,-0.21905947229872963,0.3298827196581291,-0.8016367727716522,-0.789159450454888,-0.09371397829459732,-0.0960030898966327,-0.17216276846470158
2018-09-12,-0.7911958713276512,-0.6699409632490282,-0.7287993990754218,-0.21890826337560154,0.3368257643860413,-0.8053058390585219,-0.7923974746786415,-0.10597778983267597,-0.08633846562021008,-0.16796169816828932
2018-09-13,-0.7880440615291133,-0.6719752224997313,-0.7487184994198476,-0.20758966803990542,0.32272891258203457,-0.7999515996098305,-0.782749354262904,-0.12234033614078998,-0.05473358535100112,-0.17662658572891138
2018-09-14,-0.7882056975555582,-0.6622034533751335,-0.7410504270958929,-0.21581500032064185,0.3117568710954727,-0.8002531126608154,-0.7821220270774978,-0.12365737254724024,-0.05407706606700316,-0.17437271439568985
2018-09-17,-0.7816703876421369,-0.6624722786491346,-0.728905231069395,-0.2200008514491467,0.2998156494314836,-0.7987167317210621,-0.7875962811189939,-0.12394364019656579,0.4289775880442669,-0.1754878356293157
2018-09-18,-0.7820130109807412,-0.6684991028634182,-0.7322258381567871,-0.22824018833564422,0.31278775214005144,-0.7953598929335994,-0.789292742921153,-0.12313958745956172,0.4342067824024145,-0.17822417089156112
2018-09-19,-0.7681429590222127,-0.6947937992566373,-0.7259482272202684,-0.23230914735259173,0.3099336064717154,-0.7896151044068075,-0.7915795840641486,-0.1134882630917109,0.4408529620974217,-0.18490948415475972
2018-09-20,-0.6913068612952789,-0.43059399319020586,-0.6566787499376616,0.17240099494134783,-0.26429422092420574,-0.7096830340594715,-0.5421865187859533,0.28664586888161003,-0.12707868385870685,-0.7472248017714742
2018-09-21,-0.6852620553883864,-0.4261279242545848,-0.6645282327791366,0.16321713364999918,-0.2586674863087605,-0.7067835953104145,-0.5435641923612865,0.28998882901015127,-0.1294891214959764,-0.748783354761605
2018-09-24,-0.7144166827904024,-0.5520271269402999,-0.716553665367454,-0.032275700009381264,0.015679759686040462,-0.7328173335602923,-0.6702985549810847,0.08372814305183746,0.16155468236617274,-0.4725735214551361
2018-09-25,-0.7560051599681341,-0.19422928276824558,-0.7586831111916579,-0.23137835611148785,0.29250678963726084,-0.7738942683286222,-0.7797061243508591,-0.10318807641022454,0.43031020647458296,-0.19573261698261257
2018-09-26,-0.7161304672994724,-0.08040213402362764,-0.7157881818217344,-0.03655323950346251,0.006410589431196684,-0.7305988031844376,-0.6574091888019242,0.0877851048300125,0.16563758582074642,-0.47295126544729704
2018-09-27,-0.7093178374454134,-0.07611104747606118,-0.7304642959842065,-0.036112421486602625,0.03175803858178919,-0.7237530436563513,-0.6695140720739741,0.0773088371912945,0.16886688194415447,-0.482661039594629
2018-09-28,-0.6734045776923476,0.05244592985393648,-0.6899810178836845,0.1606534308571205,-0.2442740918317547,-0.6757654927843755,-0.5469476903200868,0.2716699005733599,-0.11033558498912632,-0.7740608057830416
2018-10-01,-0.6852209304285561,0.06598590097889201,-0.6938176612388662,0.17568781585512652,-0.22540681588942937,-0.6892075022187003,-0.5545993697190065,0.27196213098995087,-0.1302775915403504,-0.7651059767890607
2018-10-02,-0.6882696973016775,0.053339046946062785,-0.6922199558115851,0.18178588584783464,-0.2126223489461739,-0.6883870087199522,-0.5593761170706812,0.2830760348155594,-0.14278614826022917,-0.7645396914991578
2018-10-03,-0.6922886850586549,0.06827836367676685,-0.6894363221037316,0.18430250318943645,-0.21807537794628543,-0.6926222995642033,-0.5683016589475175,0.2667385907636696,-0.1374770407029967,-0.7511180733064835
2018-10-04,-0.7016117611951183,0.08592469514556436,-0.6871145237065457,0.19110309948594253,-0.2048401899332746,-0.7023683039532145,-0.5718232553244127,0.260223309686928,-0.16204447737272965,-0.7374485928331396
2018-10-05,-0.701201618686301,0.07613568442989763,-0.6886697983939678,0.18010370326893452,-0.18747603437436697,-0.7034320159470643,-0.5773256812956559,0.24100379983815767,-0.14411819270338105,-0.7250198461362529
2018-10-08,-0.6956887282095696,0.05749977547528845,-0.6885856166790387,0.1769131682029802,-0.1912098404725844,-0.6963867563918936,-0.5828057985973231,0.2536891010932786,-0.13820581994186215,-0.7252194844792761
2018-10-09,-0.695241447889326,0.052779195540205104,-0.6843706944722578,0.17825559097107835,-0.18837438858025704,-0.6952363818392748,-0.5870361143002021,0.2667629589089106,-0.15272882515678698,-0.7248098931820892
2018-10-10,-0.6935824910327274,0.06148601612065757,-0.6806132757775907,0.17656586914628888,-0.19230925976679783,-0.6991500291927026,-0.5900931102462386,0.26917915998555614,-0.16280506786531523,-0.7186778113711304
2018-10-11,-0.6994128447627213,0.0895498726081746,-0.6750696689968625,0.17232426765923017,-0.18638713071881832,-0.6998623430351312,-0.5887251214311323,0.26073743618596984,-0.18534333670957856,-0.7178111307991304
2018-10-12,-0.6908979557851023,0.08102473403318741,-0.6659596192915782,0.1502888315447933,-0.19604516410221579,-0.6885730172851683,-0.5930769361024871,0.2520873954652644,-0.14662483172535817,-0.7322234367513352
2018-10-15,-0.6503796027657107,0.057442671580727744,-0.6592969107668532,0.1257509188886089,-0.23901518226829163,-0.6247645020779796,-0.5897572515637536,0.22869764722242036,-0.10163661504080118,-0.7770411732083671
2018-10-16,-0.6656562420664384,0.08623461857464723,-0.6571096968742149,0.14692343299075902,-0.2261601644425168,-0.644460244825017,-0.6090764959658119,0.2591541873694648,-0.1555746996957582,-0.7642746950651141
2018-10-17,-0.6198108905038857,0.08891392323123976,-0.645376483644862,0.13490128279824828,-0.23520596382408168,-0.6109050653188536,-0.6273808403483642,0.26266840126755014,-0.21659155260504934,-0.7612128110519419
2018-10-18,-0.6160723745344981,0.08978526512870613,-0.6342420697920403,0.11581302327482562,-0.21919597616642775,-0.5882980112780838,-0.6198871971422434,0.24507771877093712,-0.2234492468829622,-0.7795311313782133
2018-10-19,-0.6228420121988469,0.10151732252469944,-0.6158939999404522,0.10842431409502616,-0.21234371660025353,-0.5942013957151204,-0.6072374849852283,0.24788206530129858,-0.256460089600533,-0.7788450028805897
2018-10-22,-0.610831172334541,0.08615684873081719,-0.6084266145484918,0.08306006528771677,-0.17729364346043872,-0.6035996212325729,-0.6155418969783021,0.2255192237235455,-0.2687333783878565,-0.7403098107998765
2018-10-23,-0.603692882532699,0.08178744477188196,-0.5868888378628094,0.08841100412756302,-0.1953581720956805,-0.591084172129378,-0.6263695185203898,0.20233426052763098,-0.25576068923627604,-0.7433784370498433
2018-10-24,-0.6086429135150655,0.08846942850477546,-0.5852688152555925,0.06555849612809857,-0.18391859288491438,-0.6067258048677155,-0.6124799757546875,0.19834589284419785,-0.24876082454850976,-0.7365768906505868
2018-10-25,-0.6286610986078971,0.10763113630416246,-0.5992257360416895,0.09689823614118125,-0.18430542866048627,-0.61208871704142,-0.6183680017548885,0.2090147528963713,-0.24137778746419025,-0.7595173557711434
2018-10-26,-0.6223622424815025,0.11197368269448502,-0.5724998512677159,0.08912325495976722,-0.24557082641361383,-0.5885566523804278,-0.5998305929210014,0.20068030930651262,-0.07751786705414537,-0.7754392144423581
2018-10-30,-0.625525312947137,0.12963212207531374,-0.6000200702231078,0.0806746064185258,-0.21869189708009076,-0.5822902067348511,-0.5967164364750512,0.17005950711628315,-0.1315691717612137,-0.7055531403886715
2018-10-31,-0.6429550072530337,0.1206772281871977,-0.6203045395502347,0.09235285265811001,-0.17844446716454132,-0.5942587390175216,-0.6037077226082391,0.18703255558666754,-0.1401007995110703,-0.7002913613273348
2018-11-01,-0.6190052731189442,0.11386282873777195,-0.5985610254895102,0.06535940482375883,-0.19706329995250765,-0.5726117630494469,-0.5834470276303032,0.18456733393356656,-0.13872602726224992,-0.7343751509921352
2018-11-02,-0.6258342101514779,0.1196776667267965,-0.6121633735328582,0.07811326610602709,-0.18568292065247613,-0.5523041663283843,-0.5738008092806663,0.15655584078099077,-0.2848707674043572,-0.7496905262635944
2018-11-05,-0.6044907703174233,0.09987228579582011,-0.6285987421106349,0.08365858881280701,-0.19798299817118564,-0.530308239622282,-0.5663806314450669,0.1789789572872644,-0.29742286032778553,-0.7673255899015133
2018-11-06,-0.5973488794341324,0.10718844806793668,-0.6238071029996768,0.06830918502432361,-0.22515674798493723,-0.5449502875509684,-0.5578582523089075,0.2041387454864189,-0.2955279089801883,-0.7649871993198686
2018-11-07,-0.5843749993073095,0.0838148110669123,-0.6091830566567504,0.03961523488493167,-0.22283603067606614,-0.5368154153402321,-0.548464501930589,0.18158737253920684,-0.2752452060320131,-0.7580982085480907
2018-11-08,-0.5850594667038559,0.09896941269971812,-0.6275242159729162,0.05057988991047827,-0.21510561362675662,-0.5435251256570484,-0.5389289291752203,0.18757296476865812,-0.3050078333717653,-0.751971082871292
2018-11-09,-0.5729744636715912,0.09001570453310356,-0.6259323749534184,0.05389101089694248,-0.22468454623450665,-0.5377627520608448,-0.5436322758475437,0.1875949275482985,-0.27981441082787334,-0.7767008193825666
2018-11-12,-0.5996753241189057,0.12269341841810841,-0.6154404395443813,0.055732496231578665,-0.23631358018673648,-0.5608764223182116,-0.543410743433835,0.19920176648050772,-0.2775980023804826,-0.7743131691476423
2018-11-13,-0.6029225178897429,0.12021319836016739,-0.6115759196564762,0.05868214876977586,-0.24333039752218352,-0.5515791421443698,-0.5595942998053882,0.18640991923940722,-0.2591748589337167,-0.7671281304174733
2018-11-14,-0.5977461116647014,0.10127959641230064,-0.626549902376874,0.06083078016918708,-0.2441679970385676,-0.5366217449363875,-0.5624782299399164,0.19666518754406723,-0.24261691521264508,-0.7785946629564633
2018-11-15,-0.5901418051341351,0.11050276508539761,-0.620718902020416,-0.41438735611721117,-0.2431079841351586,-0.5377111867018064,-0.5388891108606185,0.16973686721229522,-0.24589554742295772,-0.7993877399053895
2018-11-16,-0.5705338715481116,0.08167124815716889,-0.6219997401225761,-0.4045921213069124,-0.2675194502310709,-0.5100342777832296,-0.48831332220237644,0.12678113316338416,-0.25612958616839465,-0.7993300119578812
2018-11-19,-0.5614483615062458,0.10056910533160388,-0.6580584600180941,-0.3985514514971579,-0.2705921265554516,-0.51954353634206,-0.4912105826618731,0.1355869031314673,-0.2547503032210994,-0.7920011866610894
2018-11-20,-0.5549205655940259,0.08981623962606622,-0.6758625741286295,-0.4046842434772285,-0.26995608334443116,-0.521308399895674,-0.48424568653856426,0.13963170214961998,-0.23665239063829555,-0.7918179981588374
2018-11-21,-0.5530233262016866,0.08231201431540489,-0.6685510097702796,-0.408062671838147,-0.25711119300459506,-0.519029517940927,-0.4879449214094108,0.1345618409537154,-0.23703339035930407,-0.7961178247447702
2018-11-22,-0.5619618619777705,0.08486176157518457,-0.6596215861476349,-0.4250238938202289,-0.2572661361112537,-0.5266936649266967,-0.4787520601532368,0.14129746944433724,-0.22913726431135642,-0.7977027635713441
2018-11-23,-0.5621828847553283,0.08370475420175219,-0.6621492455538391,-0.4274392314558855,-0.24372051644895956,-0.5298223176871604,-0.4655739391722987,0.11861606776269895,-0.23013592541929462,-0.791296761471685
2018-11-26,-0.5529312200776573,0.07534287873925088,-0.6708565227558203,-0.43147217071185584,-0.24989834514323886,-0.5314769866722108,-0.45370792324961373,0.12122820697314055,-0.7159909751681828,-0.780236941933812
2018-11-27,-0.5537252126668916,0.07385457515047175,-0.6652364345405762,-0.43754060731767636,-0.25810031171205927,-0.5436657518097543,-0.4361377212409985,0.1205912794457695,-0.7085326233424112,-0.781507191965874
2018-11-28,-0.5510510735870618,0.06235170877140575,-0.6664703214584422,-0.2803119506181864,-0.2585456436587345,-0.5357484394655327,-0.4369471395482677,0.11182470088788576,-0.7020717687410873,-0.783030072581979
2018-11-29,-0.5486968968798305,0.054268408265968515,-0.6677117417468692,-0.27175198705799786,-0.2753385325487464,-0.5331475755365037,-0.4247580365878961,0.10672889839271071,-0.703687031284078,-0.7759055050167576
2018-11-30,-0.5457406196843972,0.05115176188993359,-0.6695302786097468,-0.2751399625650143,-0.2791157561723684,-0.5279829462728376,-0.4276731879939084,0.11166192612419786,-0.7157758682237884,-0.7618550684920704
2018-12-03,-0.5410767758242949,0.05233377638920167,-0.6696808712149045,-0.40729131633059706,-0.2896873527847744,-0.5276676077175818,-0.4227285753088109,0.11448597749723423,-0.7252230459013999,-0.7734642088040725
2018-12-04,-0.5434081024103428,0.05975936630443052,-0.6654738146249346,-0.4059746055816095,-0.28384542391443324,-0.5277855755260396,-0.42362869533018677,0.11013569941832771,-0.7349512589557046,-0.7748275893795074
2018-12-05,-0.5498169795370631,0.06445675523468336,-0.6676023371781601,-0.40594849870317473,-0.28811682116061077,-0.531257468913503,-0.41721475570554856,0.11301616746516445,-0.7278305083958827,-0.7796855531059049
2018-12-06,-0.5625562408867043,0.07783291261437972,-0.6702238471649159,-0.42418457000273535,-0.7660369655742563,-0.5289930125503013,-0.43159339441025957,0.1328421279111023,-0.7223287187830023,-0.7747582911533071
2018-12-07,-0.5943032824180744,-0.060298020206018293,-0.5537570613981878,-0.6191894286327544,-0.4819529291851863,-0.555516763581551,-0.5592201566419785,-0.06623647953054038,-0.4522417413810189,-0.49728413702469
2018-12-10,-0.6005207817050559,-0.05606093072858609,-0.5467000766745156,-0.6204841587818546,-0.48166223936166985,-0.5560828040290486,-0.5544656622523116,-0.06470306948184529,-0.4616572751019292,-0.49766300188318324
2018-12-11,-0.5554500861026513,0.0631737631746675,-0.5109197195593953,-0.4147193906736465,-0.7707161641209532,-0.5172329225327543,-0.4346496971427882,0.14065636797319342,-0.7440258705646077,-0.7761162804510644
2018-12-12,-0.5596478096509405,0.09043371306040413,-0.6591159575217553,-0.4152858832785498,-0.7595970120978247,-0.5263180338146973,-0.45460320688836886,0.14584535762797238,-0.746775269989771,-0.7849358974464691
2018-12-13,-0.5740504239782138,0.10218410288856664,-0.6730093185220427,-0.41169560493360374,-0.751700987640509,-0.5296795809811126,-0.4607770327830677,0.1703450567889079,-0.7458446704107317,-0.7957715404281933
2018-12-14,-0.5773460868444451,0.0816419519057599,-0.6800698332161175,-0.41281212430342273,-0.7368693936761166,-0.510898157043838,-0.44994782241608466,0.1557302162155962,-0.7506994870675712,-0.7887292635537606
2018-12-17,-0.5713181668847362,0.08011253541014382,-0.6756610362991184,-0.4086827229848829,-0.7377774440638439,-0.516378544575216,-0.44034744709049944,0.15172461741782958,-0.7584570363032399,-0.7932147546264366
2018-12-18,-0.6207502063850363,-0.022217469865231376,-0.5743642312981923,-0.6132061577939881,-0.4587414060313346,-0.5614589378083676,-0.5653426005431968,-0.053135129523109115,-0.4663561678365009,-0.504427692915043
2018-12-19,-0.6150280610620011,0.09847260984378997,-0.5668928470374217,-0.6129364507777684,-0.4561646707940783,-0.5434183777966693,-0.5690610988728911,-0.059866612237472666,-0.45468863496379186,-0.5104158563016954
2018-12-20,-0.6192806838848011,0.1023815316176348,-0.5649513710222873,-0.6218170949786099,-0.45902336448121683,-0.5529550331055734,-0.5544543879296573,-0.05753994302935053,-0.45325279006240315,-0.5091068631237352
2018-12-21,-0.6263903118189349,0.12848852270557476,-0.5557268069406573,-0.6276172179565156,-0.4410065304179882,-0.5738820505635692,-0.556030826149815,-0.06430982378412012,-0.46056198761801814,-0.5129629674559563
2018-12-24,-0.5772080031871727,0.24699338324788236,-0.5010158000696672,-0.42119541656829007,-0.7350797198331522,-0.533205603976017,-0.44066629784893063,0.12352812740303079,-0.7354001242769468,-0.7967505448907366
2018-12-25,-0.6165014718646962,0.12471457532213742,-0.544893137828871,-0.6188973932994641,-0.46472643927970014,-0.5752798495106753,-0.5525322725593255,-0.0634590322068651,-0.45665769013357405,-0.521767288638966
2018-12-26,-0.6209668090538327,0.1217691284175238,-0.5313404778678305,-0.637969596937254,-0.4824094756496954,-0.5782790237050086,-0.5559687803698543,-0.046727269962136525,-0.45312359822680515,-0.5049840966451069
2018-12-27,-0.6216824769035603,0.13844788777062683,-0.5412236734704388,-0.6416926998332532,-0.4780397938559462,-0.5926143701738474,-0.5802670078096765,-0.015061020336085057,-0.4551974016540806,-0.5026694437337389
2018-12-28,-0.4516955466932051,0.5909122004306591,-0.38596429618339867,-0.40054185325292313,-0.32905402136134543,-0.42731333098518126,-0.09055031087846432,0.24522433804388144,-0.2964151452263235,-0.34460203389369914
2018-12-31,-0.44831774813009095,0.5942135142387687,-0.3948038325542823,-0.4021980078375143,-0.32645267510173537,-0.43221621284823103,-0.0892800110774492,0.24036533187913178,-0.2874359492269595,-0.3438744093416377
2019-01-02,-0.45325177319224963,0.43349509345791504,-0.3860040131042748,-0.39907221435342316,-0.331312998342723,-0.4220384627954124,-0.08681000513999804,0.23963479277522615,-0.28288730704036025,-0.35175311226469974
2019-01-03,-0.4369143831505334,0.4218979360901359,-0.3873908894666065,-0.38475787288732055,-0.33994322750485273,-0.41754974907948395,0.07155352704545764,0.2251749806028404,-0.2855296523175056,-0.35654066933213135
2019-01-04,-0.4346589248133389,0.574961811954467,-0.38525795456213957,-0.3756578637022226,-0.3417967022140056,-0.414497629644565,0.06649491614855443,0.2270737036407996,-0.29851896955067536,-0.358142387256874
2019-01-07,-0.4427421008525456,0.59087782949833,-0.39653624018309963,-0.3785653524210254,-0.3369225260914086,-0.42279422980916104,0.06768405837739302,0.23587277271226254,-0.3026271583047181,-0.354247052926027
2019-01-08,-0.44993911045276946,0.5999298515866952,-0.3960021366704853,-0.3801762184893091,-0.33512878813363933,-0.4194996038328882,0.06478541753720937,0.22681766645337448,-0.2984414008334465,-0.3523456771647411
2019-01-09,-0.4646538471373799,0.6143468232521617,-0.40748893554463966,-0.37784899872614025,-0.3192608957473294,-0.4238256271957909,0.0627410854439234,0.2296061395355321,-0.14291603548972312,-0.36069970839061394
2019-01-10,-0.46015192190498155,0.611914455464563,-0.4190146392627956,-0.38826758467078826,-0.2954326918819443,-0.43097667170385345,0.05134612069595354,0.23722949397325066,-0.1379784061019575,-0.3586681546074466
2019-01-11,-0.4609928286720594,0.6134089842749159,-0.42186181987419963,-0.3905263528382748,-0.3068122870244999,0.04351306409995534,0.04894330673052716,0.256010065361735,-0.1515573887426498,-0.34012474331544984
2019-01-14,-0.47861388525169224,0.6250071615649014,-0.4205078089601543,-0.3919668456193658,-0.2786192625824724,0.18776176645470724,0.0348111868034052,0.26290301802708005,-0.1660572646465899,-0.33471806578981944
2019-01-15,-0.4716023153547132,0.6164410227872709,-0.41855245143674613,-0.3896013813090542,-0.2783825708446519,0.20574814936042782,0.025843840942090024,0.2515034759584808,-0.16363266367211834,-0.3377651064309858
2019-01-16,-0.4650129933371807,0.6103385049825248,-0.42745322381461276,-0.3843720212897959,-0.2822348652733302,0.06437230117184137,0.0216621664930155,0.24459466396981244,-0.151529631363178,-0.3403649015390964
2019-01-17,-0.46348415578095625,0.6096068093044018,-0.426385964299668,-0.377958964541301,-0.29553817618827427,0.07262191934178933,0.022378472538890193,0.2431631458843872,-0.16715722829065358,-0.3272458579686153
2019-01-18,-0.46976960011288205,0.6083892137261325,-0.43315262140116606,-0.37008747818761,-0.2954318315855372,0.0808968797476475,0.03467341193673382,0.2327277321734016,-0.16408124714029973,-0.33416445915642
2019-01-21,-0.47842118133627387,0.4439806541693334,-0.43368380593364686,-0.356487770191777,-0.31556908015984586,0.07536072944717578,0.04547077730104171,0.26917502491976436,-0.15665209609953873,-0.35317325211623296
2019-01-22,-0.4681316316140004,0.42314479524376464,-0.43769311637139463,-0.3502241557802187,-0.32062451483263843,0.08039860560965686,0.06303901039045087,0.2672049223282669,-0.16528582569250555,-0.35182808928138154
2019-01-23,-0.4686928037296254,0.5765687670880122,-0.44441402517886586,-0.3314119920152452,-0.33304791551645874,0.08364984864402683,0.05546561651769963,0.26497304827387547,-0.16131732582498842,-0.35177321825843033
2019-01-24,-0.46797933660887703,0.5680942151062149,-0.4427159427039948,-0.35597206937126713,-0.3290574326083575,0.0826347843434048,0.0575744915796951,0.2721072159695319,-0.18278257231555353,-0.3119033533907968
2019-01-25,-0.4680517408011342,0.5506272104420493,-0.47022261493561945,-0.2036262995051374,-0.1296907103321333,0.22656773150148748,0.04154402060619464,0.27864947838357496,-0.1975268075310405,-0.2882702678282416
2019-01-28,-0.48927939065257287,0.5575965293598839,-0.4590934539400221,-0.20543717409239542,-0.11629503522168233,0.19479338000815258,0.03902006890989149,0.47275723861299956,-0.16029617928507803,-0.34376598369917677
2019-01-29,-0.46407991423910533,0.5521839002259633,-0.4493470113406436,-0.35003742888166306,-0.1538433752998216,0.2071691982539817,0.04421127522920526,0.3070153942597773,-0.1432607155528705,-0.3600113226548234
2019-01-30,-0.3258111559236868,0.5397978279583485,-0.4698876553953123,-0.33753605091279504,-0.14128116417152345,0.17574971234408046,0.026684073417525767,0.34232386550848387,-0.13084988492678967,-0.33918956789833143
2019-01-31,-0.32121428486509795,0.546064297972472,-0.4457968509944583,-0.2066962955868844,-0.15391698841602922,0.16382652381488697,0.021263809655400118,0.3542517004237043,-0.154814422581607,-0.3129674894223864
2019-02-01,-0.34628048335017036,0.5675701569448772,-0.4438747253100366,-0.21281057466040798,-0.15344208484061705,0.14951930821816797,0.041844904023168844,0.35497918483998614,-0.16957843164437736,-0.29792725422059085
2019-02-04,-0.30394164316660566,0.6857101688354745,-0.4218140323431926,-0.013870700378839806,-0.4218799593463119,0.1923000397572111,0.17064873578398734,0.5456112011487958,-0.4276698621838775,-0.5950939481066412
2019-02-05,-0.287110260719603,0.7143259133913515,-0.4286098422261911,-0.008523599870236764,-0.4133689907193294,0.20303742901013733,0.16688812445468426,0.5109329456664102,-0.47208201717150156,-0.5754897018157215
2019-02-06,0.17085980405636342,0.7243226534945698,-0.42534376182861133,-0.014216102172234735,-0.4205182819583748,0.1973401409116755,0.1376444096916326,0.5252151431169798,-0.4314545384977899,-0.5738494668142102
2019-02-07,0.16809412468286378,0.7121076398598006,-0.4289737098020653,-0.0006796735078939964,-0.41668195077909953,0.1928174727802343,0.14918459689341337,0.5314025297137417,-0.46700449287485524,-0.5502665369661395
2019-02-08,0.1792828644912467,0.6697441971576832,-0.4508273456692513,-0.002693699131046917,-0.3963288642930019,0.20504167755336372,0.1690046369683508,0.5270095129196987,-0.4576016325952028,-0.55263134740184
2019-02-11,0.1811155280753068,0.6793919134318938,-0.4563610882522428,-0.0004902618796264746,-0.3841712973058742,0.20621240379414651,0.18290394741397903,0.5077633579967922,-0.46896548762655155,-0.557399015647823
2019-02-12,0.16857134074095165,0.682489993586441,-0.4356165158735066,0.00601132409016783,-0.3565641878199044,0.19884340797732186,0.17766299893070353,0.5050540670549246,-0.5043184473769147,-0.5521339813101847
2019-02-13,0.01756906461678462,0.6805996980183893,-0.4419729621107617,0.027696191431592715,-0.39032844265250666,0.20695602326017926,0.16737024965269756,0.511203956235594,-0.5096140189681551,-0.5294797594838139
2019-02-14,0.1643605414480997,0.6704029754648153,-0.43953897235581185,0.03485947988368873,-0.4054269031071944,0.19509894685961382,0.16230690337535908,0.5351840581337624,-0.49844868903388284,-0.5287983406684497
2019-02-15,0.15799423709237315,0.6792588682291153,-0.4304884085167201,0.04372242838311005,-0.4103872920786397,0.18102191514223548,0.15934911123866125,0.5325517694814059,-0.5108269883992049,-0.5121956405723361
2019-02-18,0.1543300651772302,0.6679921223767298,-0.4297015265573641,0.07598437915346257,-0.40703001097507746,0.16188108185828837,0.15276943357186534,0.5172833856712713,-0.522767939503159,-0.4807409907732468
2019-02-19,0.15083225424106883,0.651345900098159,-0.4249314712365549,0.08805268936959376,-0.4068388001287287,0.1633009155048819,0.1636192055894068,0.5250576633024684,-0.5281491324013448,-0.49228922433895
2019-02-20,0.10873440015918664,0.5402818432668357,-0.4661421052343401,-0.11747350466107893,-0.12888270396575455,0.12705459601868432,0.03826973852482121,0.3199939883950506,-0.24682694051625634,-0.20500931198714878
2019-02-21,0.11508683193755279,0.5471806280873593,-0.45506207747098393,-0.11145771823297144,-0.14065545564305973,0.12459745945404407,0.027216237889865436,0.3352338101049388,-0.2471196179539343,-0.2250200981728109
2019-02-22,0.10226533536803675,0.5144352971286146,-0.44788431971761006,-0.08107382430656788,-0.135636075314489,0.12162196865925576,0.01904362650164529,0.3557135212245143,-0.23107110077257784,-0.2474144287708218
2019-02-25,-0.04308878496342619,0.5061460168829909,-0.44690336880254933,-0.08661943874391746,-0.12173123797664712,0.12937297969645842,0.008687181787000425,0.3398591348586348,-0.24306279317712307,-0.22265968956142126
2019-02-26,0.10980843689578293,0.4965837879002505,-0.43798293520663556,-0.06908895660929025,-0.13973937330772776,0.1254014882759454,0.011366504642546404,0.3440727509707403,-0.23950939144112657,-0.23091231212048532
2019-02-27,-0.04642576672854623,0.5026525803853163,-0.4226169770811319,-0.042506272780605286,-0.1455908276899168,0.11409508356121875,0.00272884973918483,0.3362155457919559,-0.24148714661984835,-0.2370650685776273
2019-02-28,0.23848241884212706,0.3855628205032099,-0.1484942234739896,0.030068826617224834,-0.09250755105754913,0.401609959662118,0.04072619423280971,0.42554628794351823,-0.19699865834148012,-0.2139960749279889
2019-03-01,0.14822530170721554,0.3171545622815714,-0.23682963097039822,-0.13774979285161087,-0.16467892765671419,0.32218798179929653,-0.1962673393436225,0.308754347356356,-0.280159861790533,-0.2606366405315607
2019-03-04,0.17232832991496153,0.1396843330610705,-0.24718970010381433,-0.12232905130616299,-0.18586995316127622,0.3447157831702911,-0.18577106221521061,0.2857551426649718,-0.28334568615382283,-0.24797813587100803
2019-03-05,0.35792574736396426,0.12791776951803197,-0.24496519018400031,-0.15585573250799445,-0.19741391917307768,0.3601843064959887,-0.18218860355960229,0.27399889055353743,-0.2805918731728263,-0.23901139533402138
2019-03-06,0.3652060240602818,0.11703158581345435,-0.25395750966860864,-0.12855758663844236,-0.17796537442171892,0.3448699123424033,-0.16229294061518876,0.25100515358565983,-0.2927724645165727,-0.24256679994126784
2019-03-07,0.33575256262168646,0.1434401247474801,-0.2540908897171427,-0.12218531385034494,-0.17931740309957575,0.33302301710191057,-0.1512844796538335,0.252837922349994,-0.30204282781734126,-0.23613271268283295
2019-03-08,0.3334891758211541,0.1549068941199738,-0.24617995366116302,-0.10425078380801207,-0.17360073780980814,0.33258984622216226,-0.17810173344182234,0.243536913364599,-0.30733957522299293,-0.23505004558409054
2019-03-11,0.3368614808840534,0.12095897994866067,-0.22676222902163212,-0.0937355586120795,-0.17537066092113146,0.34212742055262374,-0.19745778380119341,0.26931261261643985,-0.29550952161370325,-0.2604247400320378
2019-03-12,0.3530171016641374,0.09822128801344687,-0.21715567449410955,-0.10770141570782056,-0.18685347283720563,0.35656196740639606,-0.19105467997330805,0.24938629988849184,-0.2939610164312117,-0.24046039752881662
2019-03-13,0.38696179502568223,0.1032730980055214,-0.19203655265025943,-0.12216684879676418,-0.20663316264575762,0.3779297567417143,-0.19368943904732683,0.21848043442251822,-0.3024704358623684,-0.2496486451929597
2019-03-14,0.6552578954909016,0.12962756485653976,0.10636742679173156,-0.0197692168979218,-0.17928162854759105,0.6360334938655762,-0.15399951928657146,0.30077143662411243,-0.2534091961999978,-0.20159825669677947
2019-03-15,0.6483351506168467,0.1354176915922884,0.12123132296026531,-0.017583849490213216,-0.18141830662075004,0.6294281604772283,-0.1625017164413073,0.29480812089467473,-0.2547731358458746,-0.1929434381431582
2019-03-18,0.6416101681212575,0.12959131396317153,0.11282872536993863,-0.01028275731687299,-0.19079700840833555,0.6278285478475301,-0.16017251760485401,0.4550822877818946,-0.24224973827067744,-0.1934390214830524
2019-03-19,0.6313723219698504,0.13401722917498549,0.12123199094177686,-0.007784508720066544,-0.18950256807900193,0.6129507237627394,-0.161134063222289,0.4534265828871165,-0.2427242679238065,-0.18185344079130455
2019-03-20,0.6227836313879922,0.13030679710662313,-0.03855069602930211,-0.012932518449625452,-0.18809030888278433,0.6234255109472411,-0.1681757830662562,0.4609865044621479,-0.23353065771127415,-0.17622247976476216
2019-03-21,0.6348171194572465,0.12689586167325206,-0.051172692977403345,-0.01945462197632393,-0.19905049958257334,0.6517512180240447,-0.1610004571840855,0.31235189577324624,-0.22977559493196584,-0.19536222827543762
2019-03-22,0.6194577026510273,0.1354833979295244,-0.05005041963675627,-0.01512580453916322,-0.1711131417679774,0.6471369054010622,-0.17988954914613878,0.3157113512001224,-0.24131168334535794,-0.1902987587463428
2019-03-25,0.4413252235230243,0.1506763267092646,-0.06009282130106475,0.01917592003850637,-0.15534080343763434,0.6072239806103761,-0.18994151670301396,0.3223807318696225,-0.22825273773351265,-0.18715430357556812
2019-03-26,0.4424074030700901,0.16105080298740315,-0.061176110229304026,0.03747267508100113,-0.1621320363888686,0.6064442200535322,-0.1730184150062159,0.30519182153833635,-0.23898920028694007,-0.1972511608190343
2019-03-27,0.3888511115279579,0.03253854150898873,-0.06863596702125974,-0.14807217729606156,-0.03788586422819673,0.40251478803869284,-0.2841499859466999,0.07995317419693596,0.04921735403188754,0.08566902518775499
2019-03-28,0.45169060928649274,0.16192628245359578,-0.0368507287093115,0.06490900774787735,-0.30964311846441583,0.44523467772867453,-0.1750022631605704,0.2602362556998049,-0.23252906246897878,-0.20997166011316884
2019-03-29,0.47871467247965094,0.14503275315509404,-0.028579689378807782,0.05826321707036268,-0.31543189546119066,0.4658303064256274,-0.1739260471223631,0.2415691709311568,-0.23136751399059483,-0.2201049741089355
2019-04-01,0.4760820806740139,0.13760408731488846,-0.04700510866467644,0.055541679198109324,-0.2916214205395813,0.44974446120643075,-0.1670159228191769,0.2570498954135363,-0.2374172512129322,-0.21296250057061197
2019-04-02,0.4317034653346824,-0.0015550017175163106,0.07041162494027339,-0.16293724955384603,0.0014343119644798508,0.4148680815909946,-0.2846200081623619,0.05684513944928693,0.04074473063495371,0.08310490551905333
2019-04-03,0.43785805586642734,0.12422808939391658,0.09766644617452458,0.03754151669734738,-0.27573933727882116,0.581352577925766,-0.15460290243485625,0.2668246053097135,-0.2241930371834628,-0.1709360144705552
2019-04-04,0.43973566338950143,0.11922428152388427,-0.04876128724966389,0.04319605852813838,-0.2921424493320002,0.4394804933795245,-0.1566781546122324,0.23766308370361003,-0.2006659605194704,-0.16105172881129176
2019-04-05,0.474335734352718,0.10089576915897633,-0.057024916720938235,0.030319752153609464,-0.2787809418117849,0.4577092975194518,-0.16789669742143185,0.2401513326712276,-0.20533302695582106,-0.1743763029460071
2019-04-08,0.48643226712420146,0.09291926655704005,-0.05808949507119171,0.012980454625002871,-0.15217491243297987,0.46909659127620496,-0.1718830341569358,0.2629624433783251,-0.19905069070659956,-0.17319289059306747
2019-04-09,0.4708289218028605,0.09868307457863257,-0.04984663229844932,0.035386880261609244,-0.1879179466902365,0.47201978689964746,-0.16272158559567013,0.27454071664800306,-0.1870786346490473,-0.19389458095734954
2019-04-10,0.45316259175968077,0.10180670864937098,-0.04734152559179039,0.04706782374809393,-0.17883453005630034,0.481229024159604,-0.16571549501999278,0.2676848639263918,-0.18789416707556875,-0.2011652944994892
2019-04-11,0.4487192898025523,0.10804681090982081,-0.05349362747987846,0.042594265850591756,-0.17937187110287628,0.6157699378538106,-0.1652266356905478,0.28514908635273906,-0.1912184115027285,-0.1909688449934835
2019-04-12,0.44477726520018945,0.11931784065354033,-0.05882058615621405,0.05505315917482784,-0.17521416145254057,0.4356708847882479,-0.1660224357444463,0.2668443492396172,-0.17373026416410603,0.3021239484608841
2019-04-15,0.40960535444148594,0.12693564327560586,-0.0506841074206108,0.06326384292716851,-0.1661265761195995,0.5580593721926352,-0.16249589227875488,0.27046092768283114,-0.14822737508565503,0.29920881038489355
2019-04-16,0.3693100312753602,-0.008066670210532617,-0.0785888777847974,-0.13105257828011851,0.11670237171488398,0.5073425039009847,-0.2830210451084691,0.08150513383839869,0.15821427588174472,0.5476548547725453
2019-04-17,0.4044249311123581,-0.022043196176100677,-0.08467685468386149,-0.1481559174667243,0.12073896973129675,0.5187636753670701,-0.30501464584984256,0.07566488041903993,0.15290810382631093,0.567390053720453
2019-04-18,0.3927384434128862,-0.017665869423428876,-0.09838207469259802,-0.16148906773196275,0.14632444792084973,0.5219274510946987,-0.3116410510325071,0.0655688232153187,0.15014354357915735,0.592475353657586
2019-04-19,0.3761989281909196,4.4542318826043537e-05,-0.09965242770926569,-0.18046166404612848,0.14303452370816436,0.5118744030752845,-0.32579027867884397,0.09908952663863868,0.1563846729695257,0.5992777735328793
2019-04-22,0.3734582682348472,0.004444702656844227,-0.10058791495171332,-0.17661192178318139,0.15817631018533443,0.5129506553547223,-0.3262421832086462,0.11559968477417484,0.13217796990460165,0.5866344288330163
2019-04-24,0.4216059771149159,-0.019342813853346352,-0.1011802481153175,-0.1774373386256172,0.15063143829232953,0.5281710601086551,-0.3422873599032253,0.1195908534104469,0.14575895001747394,0.5544894815536849
2019-04-25,0.4199677950470265,0.006135253692407583,-0.04858569586410849,-0.14815257956392258,0.14017426295980395,0.5126657012833601,-0.35896075230743,0.10054403892280409,0.16591510033464135,0.4902968754954175
2019-04-26,0.46524703882725954,0.1326004690052613,-0.01694231996803547,0.07334359036206976,-0.13272775728804,0.5765319552655749,-0.23183748986165617,0.27629974833594745,-0.13541659937816264,0.1929013646997814
2019-04-29,0.3646171422161324,0.03696819776264568,-0.05296982190284033,-0.14497995905862837,0.17421134665355067,0.49908400191122254,-0.36287703148215994,0.08955427734204588,0.16911584681852818,0.5072759997395032
2019-04-30,0.34871225759870605,0.08000605863842987,-0.02963130374604972,-0.13285479426430485,0.14287101516342499,0.5256427731001618,-0.3497494175551067,0.17351507707006214,0.1335856595450165,0.53790267444966
2019-05-02,0.34569395816360027,0.06571891407117124,0.09215822588969944,-0.13311828606913742,0.17108576127347605,0.5288695568240884,-0.3539834332075763,0.16485080694439025,0.1579390023119455,0.5407854937983425
2019-05-03,0.07466274258183156,-0.00020885145981718034,-0.18274276795010316,-0.23291547329470397,0.16656462720963522,0.2544510051388288,-0.4098094905310092,0.08966453191853763,0.12999992354254433,0.49033375284425573
2019-05-06,0.07557152190570252,0.0011079816738191611,-0.18724728609159044,-0.258159056809065,0.17013193384214037,0.2481481069145691,-0.41044868404759577,0.09715858729245885,0.10850527034224983,0.5352316249773112
2019-05-07,0.06552067079201196,-0.004610479264961567,-0.18774331595095603,-0.236668554990747,0.15669120851484475,0.23481091909641236,-0.4078103443787293,0.13826030311462084,0.13055410109234813,0.4909954919751558
2019-05-08,0.08192068049552878,-0.012995829995339145,-0.18200514703529064,-0.22043683942493425,0.15637245363300545,0.2420969455012514,-0.3922093437650411,0.13355866811309686,0.08492358128794128,0.48877483118978116
2019-05-09,0.07590993941440957,0.006564390787214991,-0.33236688243361534,-0.24729981351068606,0.1725116294556523,0.24508543667125818,-0.4107550150499221,0.1348366222933547,0.07720232254827611,0.5083113698240576
2019-05-10,0.08089979723510572,-0.47342301794810665,-0.3396612937967056,-0.22344826239627633,0.164741374341619,0.24302579945139488,-0.388891187019905,0.12187510545734198,0.06240649660246786,0.502475188073064
2019-05-13,0.08351819430312021,-0.4840777931568136,-0.3686988159031165,-0.22624249953961728,0.1709434633240996,0.23198533143251351,-0.38511186783284773,0.12651495895870157,0.08790343351410859,0.5132655948998515
2019-05-14,0.09889096518856,-0.48804361567904436,-0.3887365975520026,-0.21878315378000374,0.14720034072437285,0.09986082821428643,-0.3903515876181715,0.11358526566728067,0.1087275260222017,0.5176500288125206
2019-05-15,0.11308845071995152,-0.5167553749983227,-0.3792419456689239,-0.23485887575646577,0.1939463143552691,0.09863244479980826,-0.37524004129188754,0.08653141071593456,0.10719381761218924,0.506703799512447
2019-05-16,0.11238924010464266,-0.5011298720721777,-0.3958817645919125,-0.23535607631376507,0.20089465665432504,0.10868883951819625,-0.371925149203768,0.07106574096616397,0.10425900263936907,0.02699538229892623
2019-05-17,0.1586451518055706,-0.39674600602023874,-0.3500748995973669,-0.04495344839294362,-0.07284392456594634,0.16043988754766655,-0.25046505183388834,0.2583664871269181,-0.1590959304280839,-0.2632722656416875
2019-05-20,0.15561215573682813,-0.3924810553487162,-0.3627256794019414,-0.04897181850604463,-0.05683114526180056,0.1622648656031819,-0.25088741987515556,0.2694507183536686,-0.13510964627183394,-0.3003209750281863
2019-05-21,0.16122850538744501,-0.3751468261190011,-0.36599173126035667,-0.06707610380463438,-0.04017612042797745,0.14978570394178928,-0.26252051705755197,0.2723108358336078,-0.1420933187985132,-0.29032042769480737
2019-05-22,0.13528098843065786,-0.47562978025530517,-0.4022389365791592,-0.24947634664313648,0.23235070458692236,0.11839475779362102,-0.3827595821970518,0.05797262787927687,0.12591972289565936,-0.03981415591148496
2019-05-23,0.16161488477124206,-0.3364978251187305,-0.3860304452454609,-0.039698632435630356,-0.06431694125824416,0.1593475869118502,-0.2570286734840133,0.2569802050310807,-0.1356384510537236,-0.3187317081183703
2019-05-24,0.18348654093041267,-0.3122173567943653,-0.4038641512100563,-0.08433123060420637,-0.04271840634997964,0.18719310286761054,-0.24550925221500242,0.2291107358585609,-0.16180548354524274,-0.30934449893773147
2019-05-27,0.12372538792754953,-0.42929491093258604,-0.4333143175386076,-0.26649446737947813,0.23514107429660674,0.14082803449975845,-0.3658925871834833,0.03779936864750555,0.13653589144833425,0.09096652621440038
2019-05-28,0.169688543983337,-0.27865366467519753,-0.41380001353465873,-0.09573366732133266,-0.042842988538802286,0.188624232631871,-0.25440585882894146,0.24795432712511245,-0.15472950484536865,-0.176101405996019
2019-05-29,0.1736673359059775,-0.2871410352757176,-0.4400822263046421,-0.10943922122512764,-0.044256872290691425,0.18496671362324665,-0.23661719871171383,0.2551812179473937,-0.13655683885195874,-0.16972187481676645
2019-05-30,0.1590496891509974,-0.26384763803678696,-0.42827636185779816,-0.1104517612982638,-0.03438629387770587,0.18274037240835078,-0.22531062371206814,0.2513397461855823,-0.15434462447738914,-0.1865125044849183
2019-05-31,0.17065272317931998,-0.29242315092843907,-0.43032063318719155,-0.10210116666344429,-0.027563717175151364,0.17991630451384355,-0.21623128822578194,0.24964325070908167,-0.16008840284489512,-0.1814839193773419
2019-06-03,-0.17067036886436507,-0.2702496684874711,-0.42147323973134654,-0.10478290420531712,-0.025016030525840904,0.16244959036620762,-0.20560945131053024,-0.23004138340330682,-0.15162897590141372,-0.2029775679366162
2019-06-07,-0.2645640427993655,-0.1567407107826984,-0.383434583053499,0.08704313314572207,-0.30335442615179176,0.22161230446093982,-0.1096956993977409,-0.017469877209125156,-0.45108997191990513,-0.622306126292536
2019-06-10,-0.24715846260496158,-0.17073438893796467,-0.3705991864052325,0.09897443028836209,-0.3172813307042908,0.22529644933150958,-0.13142071212703615,-0.030637092923059994,-0.4323848705515188,-0.6240548353658072
2019-06-11,-0.23013987053047866,-0.20679016124514293,-0.3607766437221541,0.10324186287602005,-0.3176293498926284,0.21653065378718717,-0.14470506230976737,-0.023333869932338075,-0.4325378856202813,-0.45385967341041633
2019-06-12,-0.238927054587156,-0.22305761747475367,-0.3682093528112149,0.10031512984466602,-0.31474305037967903,0.21082942918922637,-0.1280007216626555,-0.02877431702785402,-0.4119238521544853,-0.4475085929360938
2019-06-13,-0.24849760004750007,-0.19042140167386917,-0.37582440679300644,0.08064879859163804,-0.30210026940664286,0.20024346774615298,-0.10584780410473527,-0.04305005854864652,-0.41552664306891063,-0.59962408269448
2019-06-14,-0.2601035749228734,-0.18204858372922839,-0.375792118597819,0.0705165369760147,-0.29599067147372077,0.1916240979596322,-0.09965995448005147,-0.03972888038916739,-0.40880652703337383,-0.4500103243094127
2019-06-17,-0.2717794768222551,-0.1929886584601796,-0.3825866249992198,0.055467448319979656,-0.29162574489092574,0.18491557584835933,-0.0901558116563316,-0.028123405730652917,-0.4003806881456067,-0.4327426134631676
2019-06-18,-0.26165166091240233,-0.18552623365369514,-0.39218924329699323,0.04098321239317673,-0.2928749130236357,0.18847727238198422,-0.08370846439829405,-0.025495054541466694,-0.4106801520787416,-0.5773347628699321
2019-06-19,-0.2562256542836264,-0.19335935794378512,-0.3920004817644188,0.03277304678718965,0.1877657753073702,0.20008733826505906,-0.08551310426840508,-0.025697301972409492,-0.4177049918768902,-0.5701252682500837
2019-06-20,-0.25285046421824975,-0.1904209809860034,-0.39270483598855066,0.0433236905222355,0.19164297455043183,0.1993237603608659,-0.08146695848209332,-0.022941569685175522,-0.43778179779925075,-0.42612381827420964
2019-06-21,-0.24110522711059099,-0.18546680573249502,-0.3895686201930426,0.03833946525886539,0.19415968454523874,0.19535519299019694,-0.08109066862141337,-0.01724980229422443,-0.4527269675292193,-0.43064625131331535
2019-06-24,-0.23255470523796104,-0.19146146788311497,-0.23290815109809945,0.0477512521078039,0.1894194117627792,-0.2725842316525344,-0.08276967928810156,-0.0330042543263962,-0.4629000845405427,-0.42898808984383263
2019-06-25,-0.2543598010073669,-0.1958870220304163,-0.23078979018447157,0.058173989652982844,0.1953253976303993,-0.2900304798631558,-0.07874013501345295,-0.020524677463246876,-0.47133105378424633,-0.4118364279370255
2019-06-26,-0.2454945687501908,-0.207170158220234,-0.2444956992221581,0.05978839924338725,0.18262318110041703,-0.2835027265652046,-0.06966153449868243,-0.01812155074107133,-0.4741584992658846,-0.3998068430803784
2019-06-27,-0.0738723259537133,-0.21252295876428523,-0.2425989707524456,0.03920835875529116,0.17613985958247613,-0.2555470966635617,-0.06121233232937259,-0.023098845763101228,-0.48931724060315795,-0.4071784475081296
2019-06-28,-0.07615886594299381,-0.2049877038586399,-0.24272214684110902,0.03319603385611125,0.17912942309916507,-0.25232903692828956,-0.08220070786382053,-0.01979150701958529,-0.4741813700253471,-0.409954118475491
2019-07-01,0.031730841973073284,0.035226194181964154,-0.31844584390403163,0.1412419741140446,0.2330010934228222,0.006194957452206315,0.17232892270255576,0.09585538936655516,-0.40506809488729845,-0.34206543442189125
2019-07-02,0.008078371018967162,0.05186043877664803,-0.315453720463038,0.5950819925811748,0.23939895259504865,0.014722393375430604,0.17336600390089632,0.08469377143366263,-0.3788486600929223,-0.34289954312586785
2019-07-03,-0.01659349534727017,0.07074148792210394,-0.31326730720191487,0.5985289138554982,0.24692066450417025,0.002670770756608598,0.17486462372394804,0.08482828381815868,-0.39284450454268127,-0.3258494374886212
2019-07-04,-0.004472485180323643,0.07900997768919815,-0.3179875232638112,0.5992165170072015,0.22125135745731192,0.026731148251484663,0.17826993635791435,0.07338441596266687,-0.3901623861368282,-0.33524095814481425
2019-07-05,0.5092866587388171,0.06574330856633842,-0.31882307348119054,0.5939350247938472,0.1965546763269075,0.519356312668183,0.17994488738031647,0.07823397474420568,-0.3919849023729799,-0.34224686736444476
2019-07-08,0.5242012584863776,0.06409414466808044,-0.29442966569973616,0.5939731322125117,0.20422224046820123,0.5113178298140488,0.16806075785617056,0.0725677152324328,-0.4131636650426649,-0.3408437479954219
2019-07-09,0.5171056494411699,0.09498728178808347,-0.2953155864558573,0.5971236383089413,0.2196872499661763,0.48476444163658394,0.170932310503765,0.08951189261784398,-0.4352009882438904,-0.3535958895628159
2019-07-10,0.5145441128003452,0.10363097379896624,-0.2891405916940323,0.5929841746401412,0.21739970783666832,0.4838416570804487,0.18988432610119946,0.07956536613719745,-0.4365418533446599,-0.3661678733562741
2019-07-11,0.5091128340324597,0.1149435785923264,-0.28766602380465667,0.6029485919715927,0.2148542074661299,0.47536923303703227,0.1994616254590093,0.07172739602153944,-0.4391820134505361,0.10843057067510323
2019-07-12,0.4772624280536711,-0.0008374571068921755,-0.32535227397804534,0.3915971331729025,0.4926562895127842,0.4334532286356562,0.07040461352809244,-0.11900777130145973,-0.15716369091842033,0.3869875004017112
2019-07-16,0.5118219166672497,0.12238529723568428,-0.2877385105749003,0.5945751685447449,0.2235253643053299,0.4535831907785435,0.1901592023337013,0.07881446529561559,-0.4283254024160311,0.1111993078300624
2019-07-17,0.5105106605063842,0.10974759324423994,-0.28807679518558604,0.5938979639980888,0.22113545989144393,0.46420214617895306,0.20100869814534475,0.06439379556358044,-0.42403575642225844,0.11721623407980977
2019-07-18,0.5177967931220889,0.10357969053679394,-0.2895837908380019,0.582552265073035,0.21149433912600804,0.48226357891878935,0.19924773060111908,0.06747886440451173,-0.41877873847129776,0.11394926752695364
2019-07-19,0.5168189150897583,0.10505825622179438,-0.29231915382797635,0.5985266493608138,0.20863861016467758,0.4717043855003441,0.2080372081193372,0.06789162179873864,-0.4362501629108676,0.1218936704833802
2019-07-22,0.5059357428886123,0.10629420388559374,-0.28317447354533387,0.5997827701521687,0.21042163846288955,0.464108873346345,0.2110179943737691,0.06300017375380296,-0.44835771248270884,0.14097078916486175
2019-07-23,0.502103522498165,0.10607338507708292,-0.29089820949958156,0.597876147354576,0.19571611679999076,0.4773826446388434,0.21802909929738826,0.05772889439383849,-0.44187206456438044,0.14786046400407762
2019-07-24,0.5100780565996603,0.11453246278178533,-0.2821352282917242,0.5927443655140563,0.1846858228600811,0.4859502666900758,0.22347342085789076,0.06434249496073124,-0.45211065566914455,0.12843899369658798
2019-07-25,0.5091572996961723,0.09763788002115642,-0.2847226786522318,0.5944070314077574,0.18955031774194545,0.48174769504019455,0.23621127064640268,0.059558387236087806,-0.44951025708189524,0.13596305394441058
2019-07-26,0.47539061851363773,-0.03392481789677165,-0.32620658325419793,0.3908057290474799,0.45468766010955136,0.4488097012413953,0.13541167336967352,-0.1406395228234893,-0.16382745242322844,0.4094929941159494
2019-07-29,0.5040878254775176,0.09650311506570508,-0.28598379426465537,0.5971864100113793,0.1663588305503854,0.4782441075581747,0.27379062085719863,0.05818263112565264,-0.44682847101740736,0.1284587246360495
2019-07-30,0.4974429129732051,0.09283605137334483,-0.29623375507214555,0.5956933391808612,0.16364298330290358,0.48187513009863514,0.2720164326607299,0.06140145308947281,-0.4426245412103549,0.1439499936033484
2019-07-31,0.4976246493231873,0.08710284213036384,-0.29850279505375776,0.5985955961200173,0.15009123500583146,0.4907473927641073,0.26800404691712826,0.06644645497526996,-0.44850754445983754,0.15839812227769004
2019-08-01,0.5069924834419818,0.08488518481357038,-0.2830941948084189,0.5889562850621253,0.13789608774561393,0.4999507133375095,0.27130606558527626,0.06147739318220102,-0.4481930363870201,0.14982301802716122
2019-08-02,0.502999165944281,0.5713864520774576,-0.2818304879561814,0.5886932615746436,0.15033381378110602,0.49382982430072775,0.28528507038275686,0.06088952733792291,-0.44178501163485306,0.12019838419213894
2019-08-05,0.5091989664395017,0.5781188503080192,-0.27243764628545886,0.5872785840639025,0.14519435288846186,0.5036508546571226,0.2784865782930178,0.053484712772571885,-0.43053477937352935,0.09755952623639089
2019-08-06,0.47766079976844106,0.4622613129997802,-0.30886290712799913,0.3889631597887827,0.4087928450211783,0.45948990196562634,0.15749467618492152,-0.15063378108349812,-0.14783367535309253,0.3826676678358598
2019-08-07,0.46828472653336123,0.4620228006502629,-0.30328293359166003,0.383059298355894,0.3989670672554886,0.4609347957913191,0.1704968297360407,-0.14884219873491022,-0.14616974384761675,0.3845293578518205
2019-08-08,0.5037178384788122,0.5786406230493277,-0.26400109564442,0.5786701296693024,0.11726169524805488,0.4895134642255017,0.30460751763513755,0.054186945649461415,-0.42325430283632076,0.11065718452514298
2019-08-09,0.5080581158321629,0.5763630567649822,-0.2649108474400401,0.5755190478500326,0.11756863300199608,0.4920684635709056,0.29909341410393614,0.04882674794766523,-0.41302526485582114,0.11043863322418088
2019-08-15,0.4934734359767169,0.588992100913382,-0.25942082557547064,0.5641318023063973,0.1306907314081087,0.48009051564940175,0.3027152020578442,0.0480783981579489,-0.41071846787753896,0.11196710698321014
2019-08-16,0.4788226965729223,0.5905471368920013,-0.25402835542038316,0.5553161288164086,0.1405282749258903,0.4633886037718966,0.7928774303220341,0.051516487923704,-0.4092680504389936,0.12029964663451995
2019-08-19,0.46996522532902096,0.7480187109244654,-0.09017613912159678,0.5553037996579872,0.13208158592959077,0.46092151570005335,0.803247265033963,0.06359339635700118,-0.4229862689001348,0.11003090908964999
2019-08-20,0.4641340739906257,0.7446759030573951,-0.08184220462439923,0.5539597471152469,0.12959325884884984,0.4512045716278288,0.8104169403957597,0.06425799731228382,-0.42347965232531937,0.1170793646017291
2019-08-21,0.4635399974088338,0.7524314970910734,-0.07676933309907569,0.548764322298722,0.12564040277352326,0.45596898418285936,0.8074070853191434,0.06639243534784928,-0.4178994357382842,0.1045240444153557
2019-08-22,0.4175041053485677,0.6330130098645415,-0.11752550846468254,0.3499970814704686,0.4060267036676881,0.4121672495791112,0.6905099023419481,-0.13224447037899484,-0.13781364543123567,0.38836557200258814
2019-08-23,0.41766002619660186,0.639503347124015,-0.26255002628811996,0.35410013795959583,0.410347286432947,0.41073765638732307,0.6856117317948303,-0.13410211602403127,-0.14429374238342574,0.3829856988002639
2019-08-26,0.7009574141111585,0.6683776358562135,0.020445700370289366,0.42973611257882177,0.4424084278252248,0.7009125930411686,0.7298065295887519,-0.0554817027683997,-0.09892330697740515,0.4217605963741765
2019-08-27,0.7021222688180613,0.654211443401818,0.018542981129765213,0.4290320514951913,0.4461310479038192,0.702485428321517,0.7358388017416262,-0.05707136605976387,-0.09432087093219288,0.42302821418015857
2019-08-28,0.7026382161655285,0.6458970209464665,0.17304929651270692,0.4274899320905469,0.44007627925999815,0.7021965059958899,0.7410771606399598,-0.05315736580170838,-0.09669943532785785,0.42743238951846974
2019-08-29,0.701111135267693,0.6331919945937206,0.18099635533904662,0.4268852237912006,0.44695237904612684,0.7016419596474303,0.7437617186598888,-0.04800631621757534,-0.1091953428339138,0.43266089270638264
2019-09-02,0.7068009884071196,0.6375677584508765,0.1911900683410213,0.4254200765101629,0.4359569660028473,0.699042558587283,0.7415509671526794,-0.049806581409210515,-0.10798281252382061,0.430260010481041
2019-09-03,0.7159019506964206,0.6252398718010926,0.18427703965173872,-0.048167613827059585,0.43283795098322775,0.7059506038127166,0.743889100633752,-0.05128595406060549,-0.1071510899633952,0.42850814027211204
2019-09-04,0.7071511519161189,0.619527759500895,0.047450155707845776,-0.04143516570183153,0.4248459019026639,0.699627016527351,0.7519924528008977,-0.05019724415948462,-0.10797379963596296,0.4290117711415068
2019-09-05,0.7020489156991813,0.6167176008328238,0.043004631229069834,-0.04047887330510702,0.4171402259650736,0.6982850167395,0.7562995042849021,-0.04783836201418748,-0.10367332959034528,0.43849467015908905
2019-09-06,0.6992402708464878,0.6227989481479528,0.042583862640590386,-0.037017640175661726,0.41801504714924165,0.6861349069929356,0.7578391377976951,-0.0490892745683493,-0.10395569512871797,0.4434504362978259
2019-09-09,0.7080601918091156,0.6297759831952388,0.04486603510414089,-0.03269869171164455,0.41237568513034895,0.6966217826970497,0.7497954916705545,-0.05444792292405898,-0.11035725032988383,0.4360086953591389
2019-09-10,0.7107459664224973,0.6292505313544718,0.059675935907503364,-0.04233269025856626,0.41482974196304667,0.6963456703046345,0.7395380627432979,-0.06238265389454417,-0.10935023276871672,0.4436796682263755
2019-09-11,0.6940334957276206,0.6295072843573598,0.059126753544582245,-0.033344662934466945,0.4167123351154818,0.6874035838502858,0.6031274445762931,-0.05481125759698813,-0.1091260851384242,0.4373711084982559
2019-09-12,0.7017261752181193,0.6369099535833123,0.0485760318892558,-0.03025081275245753,0.4147025644549688,0.6953069119176001,0.5978403934146949,-0.05479788910931194,-0.11647359713076008,0.4364602685145784
2019-09-13,0.6615245743635221,0.5223826125721538,0.003034068027610193,-0.23710043239403164,0.700698428689952,0.6543432596331589,0.4796261832200789,-0.2537096804558154,0.17630471035145634,0.7028962759919151
2019-09-16,0.7027449155024823,0.6457839053494273,0.04390756239883892,-0.0357968012691412,0.42574326685331054,0.6913791789944645,0.5960710818334417,-0.0516663836342538,-0.11566909690401139,0.4275023708754411
2019-09-17,0.7047561734392243,0.6392115311799913,0.2005728655506867,-0.035343787911556596,0.414324780925031,0.6945211061255312,0.7473027434943724,-0.05065651969049578,-0.11512924972808877,0.4304403566153041
2019-09-18,0.7100744612712055,0.628134047631927,0.20766776258520023,-0.02358736173941109,0.4016413329229046,0.6943048985832305,0.752327580134286,-0.04660804938259899,-0.11662064418808782,0.42266597218134383
2019-09-19,0.7030986685325129,0.6389225842711709,0.210583143186057,-0.018986371123732804,0.4001832029775819,0.6864622937853604,0.7514705790813311,-0.04674438560766661,-0.11992557394964895,0.4249358588470342
2019-09-20,0.7007841891724402,0.643267827719711,0.2192964045550314,-0.024223384708732337,0.4016844754653708,0.6882108603177202,0.599966126747552,-0.037428221544047846,-0.12133131310971021,0.4097730353846647
2019-09-23,0.6928569568859166,0.6527335762495883,0.21324451920708512,-0.028550400837857898,0.395362654141565,0.6843052768599236,0.7529622275361478,-0.03292112334289726,-0.11004632994032232,0.4100526432408509
2019-09-24,0.6904891910713202,0.6481869365015573,0.2192208938567756,-0.033394213444409154,0.4019223047903564,0.6841694679987955,0.603755198068056,-0.029376474153513243,-0.11160593462750953,0.40663262993857074
2019-09-25,0.6882732920532909,0.6512601627208601,0.22857140647070096,-0.03885303036412788,0.39583793198269346,0.689784596852744,0.5977176892153288,-0.029507187642785315,-0.10898930643049642,0.4059044451417916
2019-09-26,0.723012427986994,0.7783491589983365,0.2748363079139409,0.15834067115747075,0.12219049002448712,0.7107017105651202,0.7152366480383168,0.17027796366956127,-0.3916143020186301,0.13866892366440253
2019-09-27,0.7473785774957342,0.7825284787126174,0.12517483075047864,0.1554013129532107,0.11361766627371023,0.7282770734706246,0.7007751712632493,0.15992114171653193,-0.3827095411762962,0.1196352885401391
2019-09-30,0.7448160357468169,0.7766276164690473,0.11875788435845297,0.1556169961837629,0.10484866004375604,0.7234892772146122,0.7102278646516733,0.1626056932729668,-0.3701568306691082,0.12316680272801994
2019-10-01,0.7465162684134392,0.7775804252084844,0.11759060319596987,0.15761653659894406,0.11028269148523695,0.7229964069610485,0.707301061773822,0.15554015906133542,-0.38099632185209586,0.13557216915381565
2019-10-02,0.7373728561884902,0.7644866367545708,0.1166310760705696,0.1540389522984916,0.10801246125274228,0.7144698403596748,0.7126494709847706,0.15792825711031527,-0.38390279808368905,0.16831324706406386
2019-10-03,0.7227390292371443,0.7657414293854299,0.2552046364773396,0.15404994827181206,0.12848394303520888,0.6991258873379614,0.8706886278184691,0.16152126128307004,-0.3838144508026722,0.17625968795623692
2019-10-04,0.686701247342774,0.6287939063629464,0.2035590722637398,-0.03720353406323523,0.40742944147699667,0.6629434419649929,0.7580726643373987,-0.03881543239279878,-0.1059732226933098,0.46449241540049546
2019-10-07,0.6866004768742813,0.6203836737456041,0.20728476191671727,-0.04008800950775021,0.407830316875484,0.6564281950742428,0.6105434313044034,-0.03736998792072682,-0.09807503013986107,0.4664621717776053
2019-10-08,0.6946183725140731,0.6229386434003622,0.21325534148481542,-0.042247207165641176,0.42189023705949547,0.6483724032688793,0.7486372664848016,-0.04628331798428681,-0.10715416992447391,0.4759724308619747
2019-10-09,0.6635196103618672,0.6333760168946193,0.06052948818536763,-0.029016496917061263,0.42872496693090933,0.6358672347371924,0.598609987826346,-0.044887992542839955,-0.10574057602511822,0.4890177605487175
2019-10-10,0.6548922307655434,0.6455897276100504,0.19593548320180232,-0.022471813119787132,0.4189878949604958,0.6392767955350829,0.6067616062140839,-0.039589019622205096,-0.09726024111228326,0.4778773355672168
2019-10-11,0.6456288391545082,0.6156340687303772,0.21877970768053248,-0.01108758248717892,0.40638816631961594,0.6417861773713054,0.6192894088103962,-0.03455108438890381,-0.08911540892028685,0.4672477077296342
2019-10-14,0.6232807519233489,0.6452279526570692,0.21111865519134806,0.00693297184000774,0.4300110804139282,0.611081802183063,0.596095644526188,-0.03864300931410139,-0.09489370581839926,0.4897878563975475
2019-10-15,0.6282639068138922,0.62519110767328,0.20009771530618395,-0.013764525371929265,0.4312239327513061,0.6238778989536258,0.6088287233334573,-0.023191683226471416,-0.09365618905132891,0.4931291128179843
2019-10-16,0.6322530786170983,0.6141847399875262,0.18251628202519476,-0.0031234414335142013,0.4279704064467055,0.6331386964659822,0.612999573640372,-0.02368689014422226,-0.09613965702055091,0.49988721141540826
2019-10-17,0.6509860839739701,0.6173603140537005,0.1751367900847884,-0.02003921787760249,0.43040199826072345,0.6496406323573682,0.6148783577946326,-0.031298908409510495,-0.09680938337800168,0.48974333313993124
2019-10-18,0.6581381371152559,0.6116755107093588,0.03977193418822056,-0.022416363728724714,0.41634689948110126,0.6542353331147657,0.6241394271495024,-0.02553843169151343,-0.0952772122019962,0.46892476586402965
2019-10-21,0.6459966909372872,0.6205612691150583,0.04293074614523229,-0.02416707869645074,0.41684180938977244,0.6475297324280362,0.6227023208861514,-0.01211352338768984,-0.09993267383014895,0.4696507070127519
2019-10-22,0.6502753568823652,0.620907567398656,0.04297137930491557,-0.0432056415850042,0.42333647014367837,0.6653851781879012,0.6166760137307631,-0.023171923924827892,-0.09357148722674374,0.47039708708829653
2019-10-23,0.6488612270444256,0.6085459203648247,0.028540631180305087,-0.04013517853960963,0.42118030583025556,0.6743700116374938,0.6192308705621201,-0.024272175605980023,-0.08346796165717849,0.4771463491833434
2019-10-24,0.6397170243103023,0.6117205832435181,0.030361076121070585,-0.03884820250788537,0.4477429569843022,0.6655632106324529,0.6174687303826731,-0.020802959742274446,-0.09455015801979974,0.47162773859564033
2019-10-25,0.6437634203974695,0.6033485592037993,0.026772726785392942,-0.03896173186322455,0.44835846218546727,0.6590010097756391,0.615528687893886,-0.026809244766882456,-0.08452759046498787,0.4835257008534407
2019-10-28,0.6447359998172744,0.607313963385486,0.02656827032620518,-0.04749790692368863,0.44091796874920075,0.6620778110780083,0.61261884954515,-0.023784791140175704,-0.08112784907827034,0.48817768424081
2019-10-30,0.6365469995447307,0.6128886912955448,0.022836484219304176,-0.040523899840538447,0.46873833018436173,0.6510563758697802,0.5974473599135672,-0.03449058633787619,-0.08702413303386716,0.502524378184993
2019-10-31,0.6258239664492249,0.6205520998993933,0.018684451963587312,-0.038332830673344365,0.47511315875052307,0.6471873761830029,0.580768185260518,-0.034144330159816494,-0.0875511522541774,0.5218990745810888
2019-11-01,0.6335641397086095,0.6024113489588436,0.02365903350665699,-0.03693890568705327,0.4714245213717292,0.6523756260853072,0.5980052373687856,-0.030132438710705534,-0.09082542644589475,0.5064568638437215
2019-11-04,0.6278780145025875,0.5905005318591758,0.03208331661857927,-0.030635985777699715,0.4769851966019034,0.6414224065668479,0.5932694998777027,-0.03051343534913334,-0.08655775553874592,0.5155682106387824
2019-11-05,0.6265813279481642,0.5862264686596337,0.02193003335135707,-0.017586481228536455,0.4778357929317366,0.6434325052818106,0.5843620979586959,-0.036232745471995814,-0.08764769695567134,0.5310986975248057
2019-11-06,0.6327699496064292,0.5705049725281321,0.022037530432015284,-0.01903102900732012,0.4942592359007497,0.6381179091463816,0.5553535010970072,-0.027592512130593383,-0.0936360193987161,0.5572164618259144
2019-11-07,0.6261262733902142,0.5766980817134779,0.017894421903055402,-0.008842902507709416,0.4925076509523184,0.6281896679793733,0.5586312040867372,-0.023961193544301124,-0.09284125675221616,0.5555980527790504
2019-11-08,0.6201294694489954,0.5711138654933974,0.0070063200011283855,0.0010460087022606257,0.4864686664184569,0.6301068326612034,0.5648134651396203,-0.030886167969868455,-0.07233351615489081,0.552535056259697
2019-11-11,0.6495933913033975,0.6430851651464254,0.0704268262904203,0.22834463423210238,0.20462095822902193,0.650747134788513,0.6653023794038307,0.1884229324163828,-0.3302253983395847,0.27968197652949084
2019-11-12,0.6488428792197607,0.6111183059175092,0.08384153788334703,0.23727785962086825,0.1964515478539589,0.6655139562528074,0.6382822944400881,0.19123501025591888,-0.30874365358792777,0.2861802621436693
2019-11-13,0.6494161398838256,0.6147403299020477,0.07905951304170139,0.2251851640881427,0.18773412115796728,0.6570917308915374,0.6600217994855314,0.20413466320271625,-0.3038848341261864,0.2765013724727168
2019-11-14,0.6749037640922261,0.5793867048210872,0.06889415175190655,0.24793642700494056,0.17957998380516527,0.6753453984287313,0.6593964012591399,0.2018048132475143,-0.2951869085370693,0.2579392641263583
2019-11-15,0.6906351472170014,0.5680579434970409,0.07792732642208117,0.2632243012358042,0.14063686384686197,0.6979565356449366,0.6481451393346811,0.19272333687779475,-0.28606368588819,0.256757091811988
2019-11-18,0.690557978124924,0.5667331688424315,0.08992259148629705,0.25980425487691794,0.1274337781390078,0.7017982568821118,0.6383546777487443,0.19253233715641518,-0.27178398912343255,0.2546469458665829
2019-11-19,0.684225491689141,0.5669288741371963,0.11672858264712654,0.2526405778987949,0.12940093489604731,0.6952463070334747,0.6458109392955016,0.19266710183875516,-0.2817858960384398,0.24813708660240213
2019-11-20,0.6847791371413448,0.5766572008740176,0.12278222205191647,0.2507226275939885,0.1234647729103886,0.692377222024574,0.6485260844751037,0.1853150571838392,-0.2909166581321125,0.25629233387693984
2019-11-21,0.6476773864579979,0.45113393470362495,0.10454530246200044,0.03548640630216321,0.406788529288001,0.6557741240279971,0.5261891436217577,0.0005830117203022844,-0.033340049256010335,0.5351622106721659
2019-11-22,0.6884411999832993,0.5685290378198634,0.1356697715500022,0.2508412833325334,0.1276088139125895,0.6907715415713849,0.6032420818650545,0.20281578249572088,-0.29210313399472043,0.2741836214642725
2019-11-25,0.6897761204856263,0.5835191121622305,0.13212524053669011,0.25791201342771863,0.13642875074266425,0.6848703984530281,0.60027666577829,0.19348266400966804,-0.3219575944228557,0.2935666288269396
2019-11-26,0.6911359836893038,0.5819111668509168,0.1405079089595332,0.27487647186635267,0.10350195558663389,0.6859880090865349,0.6126898454888352,0.20194808167944728,-0.3168025225997736,0.2742430993922156
2019-11-27,0.6428105648004332,0.46373687343620396,0.10161606797639189,0.07393484303785866,0.3879706129424204,0.6488086551476316,0.46337834699676106,0.010707640503257204,-0.028389832607865567,0.5654262277669075
2019-11-28,0.6434075144456859,0.474830804972429,0.5771450057783962,0.06905971810923844,0.3776543786100025,0.6404537748917108,0.45357426244605037,0.016630251812450675,-0.015709520887015688,0.5729538098210516
2019-11-29,0.622259924513783,0.4863627139969228,0.556935368779459,0.09452319827128618,0.3895350349908684,0.6285519862382684,0.4661114671745932,0.01846625375448549,-0.028201718388213254,0.5754557706685467
2019-12-02,0.6100646277965558,0.5025939025529833,0.565090566055449,0.10747187232992575,0.37659803550256943,0.6231502881622895,0.44843316296353697,0.025567393934745747,-0.01605908178361687,0.5670892324855612
2019-12-03,0.6154919850293814,0.49642639357554447,0.5525175575034347,0.10786548125807137,0.390629752104956,0.616932065658939,0.4325739503272673,0.0374661897942091,-0.00898189446805106,0.5690785192162476
2019-12-04,0.6208958264658488,0.4737655923674866,0.5847638545183407,0.11437523412572649,0.3970337531338075,0.6406466404890543,0.4120659882419208,0.043271002492025645,-0.022902911359271944,0.5460850195250612
2019-12-05,0.6257579240898188,0.4538729058490255,0.5718224909001162,0.0894952127580484,0.4279738897208948,0.6515902174398807,0.4223840155266096,0.03672156920539826,-0.027870093616947006,0.5582518681271548
2019-12-06,0.6216257824917092,0.4536718573945626,0.5456464085050428,0.08396260362638097,0.4265931869968339,0.6473745987273556,0.46086130105276246,0.02928785471648243,-0.024004703824862444,0.5649811103137324
2019-12-09,0.616395405287625,0.4554587690095065,0.5498616443618204,0.0964132702384529,0.41623787880231267,0.6469046945338145,0.4924730315538355,0.02696681247217586,-0.04116614030466981,0.5504546340451263
2019-12-10,0.6241926525244565,0.4615111795069057,0.5662006893445413,0.10269981146753236,0.40628760853350165,0.6519808881604724,0.4534334695157215,0.020853510205660758,-0.03761295180382496,0.5604531425450328
2019-12-11,0.6024947078426522,0.4643505340428494,0.5613150517532453,0.08608671423471369,0.41960107162511595,0.6461201956954002,0.4627076337252082,0.030306328265972876,-0.024553308847733935,0.5615710716625761
2019-12-12,0.605103219253282,0.471090423325928,0.5486513035736809,0.10047759706009027,0.4107990217058415,0.6522973875076885,0.4637217216280213,0.028979891619219517,-0.03833992843481787,0.567219362761066
2019-12-13,0.6219404015681642,0.4472454461543523,0.533110352059066,0.10126539884188984,0.4096002006774281,0.6847044874420755,0.4933216058280105,0.007642059333079182,-0.028190187377398562,0.5393602354733331
2019-12-16,0.629215129139023,0.4400906846791286,0.5310476285995253,0.08367418698024326,0.4334630996384091,0.6714684512685112,0.4872836980400508,0.01566238513927526,-0.03204216202010782,0.5501368985359413
2019-12-17,0.6288067723667876,0.45093942713714186,0.525192791617958,0.5596657325537888,0.4247530825204191,0.6733467024414113,0.46217401231548255,0.020191220566073087,0.45504561870787164,0.5698846397730661
2019-12-18,0.6332953340181666,0.45916465422621666,0.4980010717294464,0.558753202246237,0.43270421023315486,0.6681351709462102,0.45662906507234957,0.029050403389324547,0.45568688115903755,0.5785800069798566
2019-12-19,0.6359014790296686,0.473491971640412,0.4789056975876887,0.5656269736538958,0.4338719031854862,0.6665133045999543,0.4569946014997005,0.01994842296369065,0.4544187391631468,0.5843269066763566
2019-12-20,0.6342778820285913,0.47041531117241925,0.4765918514037715,0.5971981319062628,0.43741660300379814,0.6636664491144181,0.44477901639377804,0.02971630015182891,0.4487695199964976,0.5671689348286346
2019-12-23,0.6293905982419594,0.4841926987966581,0.4701153246998766,0.5988403228209118,0.4396326257583002,0.6551661132358939,0.44321854810667094,0.029702887991464227,0.44645611102847693,0.573284769319788
2019-12-24,0.624170086075783,0.4848817123557461,0.46340353510272103,0.5986221721833325,0.4360126862206476,0.6564818898502369,0.46675531376445406,0.022026704831264593,0.45086482453566157,0.5667810750801529
2019-12-25,0.6168610901121644,0.4812539532608291,0.45444816890109463,0.6072898324761954,0.43176043138021014,0.6602540562931996,0.47878871930613326,0.03506408684643167,0.4579719866269747,0.5463076747967672
2019-12-26,0.5995043955874442,0.5018514278778514,0.4603828672678982,0.5962422689715688,0.4500701836539671,0.6355496606358211,0.48759124089870254,0.03847049276292441,0.4416680805854204,0.5586693817584019
2019-12-27,0.6011810947089985,0.5006404653872311,0.46114683075154694,0.6151027908573352,0.46808328035175795,0.6434537596880705,0.4673604894800446,0.03404033040380067,0.42983328088010175,0.5491576774911124
2019-12-30,0.5185132390121292,0.2356674808405178,0.3910184495761701,0.5004661986923022,0.38369637705906523,0.5701230485156006,0.22140053924966374,-0.07865470436652192,0.38852723361470354,0.43924213780636967
2019-12-31,0.5143218542217338,0.233778642924759,0.4012107416517452,0.5171350653182811,0.39297881035139837,0.5714624764566519,0.21848489857051218,-0.07620336721478885,0.39414243612387356,0.4026884415958337
2020-01-02,0.4394562449826609,-0.014754490524675479,0.33730090410365865,0.3980326838392056,0.28549797337561156,0.4976184046656157,-0.027209666456357834,-0.1966519539899354,0.3297528819427614,0.3209570180614547
2020-01-03,0.4264780151372345,0.012013575036705165,0.3415477070955383,0.4127713736958651,0.2928298269205276,0.48495055831434875,-0.05881169922408075,-0.17386053879146207,0.31653962732017604,0.3155415544951474
2020-01-06,0.4253138559561691,0.03970821001908134,0.3216801627560512,0.43278983882544136,0.3059863434795814,0.4872372104903919,-0.05132922333094822,-0.17719079262584364,0.2828672196514094,0.3029371747786661
2020-01-07,0.41950442570803065,0.03159614441260378,0.31989139219488527,0.42279102756756076,0.30852493808796155,0.48666425616188447,-0.030355384796520835,-0.17533163615296982,0.2754018050997654,0.3113130317167986
2020-01-08,0.43499510792451856,0.009689078875890822,0.3059891858403694,0.41560633646277684,0.3019218184009026,0.523265162104096,-0.021578173185090394,-0.1764554423469652,0.2636311415606255,0.3129357843628757
2020-01-09,0.46774044030281325,-0.03439040699111451,0.31476409855535636,0.3892788363072655,0.29609135134948894,0.5553263272590914,-0.012532043672788401,-0.1856720938396056,0.2726040765283031,0.3067894142011901
2020-01-10,0.48865756935458404,-0.05266685064964846,0.3296576966663671,0.3747848072497719,0.29115591309048994,0.5656086493148593,-0.023086264814507984,-0.1895746162212381,0.28139855800241365,0.30406453800690836
2020-01-13,0.5141923085017394,-0.0571590529534812,0.3507186730730905,0.3407674896430776,0.24493224165783842,0.597699310803494,0.00031916846469415283,0.292514773775829,0.2989070806321068,0.2671080064016115
2020-01-14,0.5198550126901401,-0.05448871492354035,0.370921727771527,0.35410924461908133,0.2401272510284361,0.5854057778047838,0.010199541007700624,0.26408224175102013,0.2982445058186549,0.26154341243219614
2020-01-15,0.5077436852291113,-0.05027822313687694,0.4417930830446917,0.31691966648622355,0.24924764034020283,0.5787750932328275,0.008632351416151735,0.25398353134387475,0.3030309216491429,0.24015225039465063
2020-01-16,0.48979666521089904,-0.04151224946838636,0.45294483222448434,0.3327038393014831,0.23286890373277117,0.5717774163084898,0.003713106180530862,0.2501489666487344,0.29828737056900634,0.25927114929198736
2020-01-17,0.4667124422630452,-0.03748686149654909,0.567232235330501,0.38093298929428937,0.2599473344230774,0.5381002024781062,-0.015152078082640102,0.23522439537606205,0.2891054297844162,0.3153839106296916
2020-01-20,0.4878469923069151,-0.03229107339227941,0.5652130177006489,0.3897416043293846,0.2692604181029882,0.5380773903632402,-0.01296563036305634,0.21079765251441523,0.28169107744829636,0.3026285509894473
2020-01-21,0.4829568907467685,-0.021969576698325388,0.5821404388158603,0.39626599875460516,0.2762273602941112,0.5304527598339264,-0.028548640059796654,0.21635000935379212,0.2580868548931461,0.30803790406591236
2020-01-22,0.4766679864858848,-0.014979398110380404,0.5810573494118745,0.40540082032467706,0.27448458015250743,0.5179396464729472,-0.03580531130400422,0.2244573719139354,0.25720948184488535,0.31356747280767283
2020-01-23,0.4988472181134306,0.0100727552966354,0.5772084946996693,0.4283292123479177,0.23638727023108155,0.5156281603947117,-0.0406305032256882,0.22523704029617098,0.24753767832867182,0.301382673517399
2020-01-24,0.5041995080785051,0.005238791872882648,0.5843968968053135,0.42006309982465945,0.22235420431591565,0.525740484300064,-0.04128986667805465,0.2235515932236346,0.2622737436810709,0.29347154457600866
2020-01-27,0.49801123408345616,0.011342049518895586,0.5960748146020479,0.41613182070486937,0.24053963075296161,0.5242601916491536,-0.044840132854870984,0.2110209776086765,0.2501876621442344,0.2972717517905755
2020-01-28,0.49888088254955165,-0.0040062139108664185,0.610755716026338,0.39219101524049443,0.2270445203408262,0.5367732464722554,-0.015213376932772804,0.2173423780818577,0.2583612103749059,0.27787062175740973
2020-01-29,0.4871288708360949,0.0069372731648058295,0.6136649047615284,0.402954000991213,0.24110932391195652,0.5457652265135908,-0.03597955991099963,0.22105458196189232,0.25864152034373455,0.2587238574261831
2020-01-30,0.5036248103378301,0.019356504175746275,0.6084803243764241,0.40721328122163997,0.24027891889422046,0.5596678491532607,-0.07687825281485629,0.2209324519697164,0.24885672223577285,0.26846739045024515
2020-01-31,0.49441092653324803,0.009712273812602007,0.6093838316517987,0.3965424597159056,0.22519642547417537,0.5520392000316989,-0.07084809660060062,0.1571927179585132,0.24174061109637232,0.23462965032628666
2020-02-03,0.5047118125680117,0.01409299775570741,0.6293710154448473,0.36916781786286484,0.22396999110773155,0.5530263294547219,-0.06907819364552831,0.16386190288952063,0.25462983644853854,0.20624649011358445
2020-02-04,0.5049760574159342,0.00976016118535003,0.6275619451965307,0.3648947643212067,0.20044709197777166,0.5637605844760422,-0.029921559460399066,0.13494790841234405,0.26119773988995554,0.2123753065852638
2020-02-05,0.5088836769283326,-2.2475159186990945e-05,0.6230521534907435,0.3557597561173286,0.20352887958960214,0.5727722342766359,-0.01520082925112623,0.13103669215803804,0.2520653523896724,0.21812455945995993
2020-02-06,0.4964092155060438,-0.0012876414074290687,0.6296261497633198,0.34340796971188364,0.21290236618409128,0.551806566314074,-8.500753469709021e-05,0.1611194862831966,0.23966354961949746,0.21643734556001956
2020-02-07,0.47875191101624637,0.017010670743674267,0.6295486295381896,0.3426153890113114,0.23213675709828538,0.5439410169053018,0.016316681909932795,0.16830701992469865,0.21484572041697755,0.20652620343538228
2020-02-10,0.4657381221865383,0.03983453605782364,0.6215169635238961,0.3448707518934332,0.24141515803869604,0.5472018911019199,0.004644592316604745,0.18441869254672416,0.17436989881477163,0.22598939351959227
2020-02-11,0.45989584230319913,0.03887963062581168,0.607139967118861,0.37548842166151475,0.24950287287825315,0.5613359834093666,-0.021067609340800403,0.16666353936410644,0.17104719610030322,0.2411141558793846
2020-02-12,0.4287857824589233,0.035019610930497214,0.6262032262098837,0.3621226798451907,0.26816004945519334,0.5437736145677541,-0.03792843681594546,0.178326312483916,0.1989935131243467,0.24654364774024026
2020-02-13,0.42733118061419084,0.023831203073677726,0.6097081305981535,0.34908118190748605,0.33377768638986427,0.5321007930758698,-0.09066310249520028,0.18500617181502016,0.22072666689610307,0.25910008812483465
2020-02-14,0.4349644838952961,0.04072725002943112,0.6042635925087985,0.35319768329788886,0.19398462031210897,0.5270130197087985,-0.10302017908803594,0.1791872738778938,0.2001759996234084,0.2695062558344117
2020-02-17,0.42967666013306227,0.0393231708362379,0.5639662716685628,0.3561659953373043,0.2252080604351744,0.5489762196557685,-0.12577169731910198,0.1582887703381899,0.2360630391412553,0.26810350977354647
2020-02-18,0.43337041558273814,0.04823151687998398,0.528896846160783,0.362871203211876,0.220643712521617,0.5453550225283103,-0.1358947534741991,0.17900105447343062,0.23257294897674266,0.2849520331387174
2020-02-19,0.43196282777355066,0.07831350388783387,0.5098016739357013,0.34000173100180997,0.25039691647997064,0.5290896970821836,-0.1515834391144968,0.3040108850151616,0.2543211672585597,0.3036850366797256
2020-02-20,0.4022461837518525,0.10945411151199869,0.4725657121618658,0.35200235655922374,0.2698195415728222,0.5189352671730961,0.07952349272279441,0.1364519976381261,0.24022785536211086,0.26877348154610947
2020-02-21,0.40019166651308924,0.10334279377111133,0.46346834628195255,0.34624523772691057,0.27251007601570687,0.5298955181871545,0.10652055812684624,0.12136114745577976,0.24888166084788318,0.25758299507356563
2020-02-24,0.4082450195667224,0.1492093278153226,0.47409562619404766,0.3009484400487583,0.2847085355606578,0.5188479088972068,0.10629263893518193,0.11635316413628129,0.21572046750616988,0.2755788713396514
2020-02-25,0.4121530889671053,0.09351492943280393,0.4716449800079223,0.31401519125263316,0.27210818308093676,0.5134433613378977,0.14679302428210922,0.11730360790337711,0.1992566861873619,0.3097669475478527
2020-02-26,0.43446081285398885,0.09292037462068409,0.4741678883785102,0.3257509474001219,0.27314011338023303,0.5048404643010221,0.13505387028656596,0.10320385774198813,0.1861142297404764,0.32034744129640935
2020-02-27,0.4368106468550982,0.13688689393929848,0.4953404241128766,0.3037199166265222,0.27795844995619456,0.5052281863997179,0.11115009075194043,0.11120514419442475,0.016807618035287873,0.3048926291286391
2020-02-28,0.5133517920727643,0.3850671661631281,0.41407762123304037,0.41396301834864074,0.3493569588257033,0.564590481053965,0.36721333676634493,0.21951731186477988,0.10909442939897926,0.4137678842726541
2020-03-02,0.5231129909198328,0.37537706331220166,0.4178744224814133,0.40753070394959245,0.36841601799991863,0.5663268456261512,0.3493600717466817,0.22556177363350044,0.11711828677216084,0.39932182355854684
2020-03-03,0.5271936411826748,0.3857501122039414,0.4272619685101521,0.399569121919654,0.35000400960689304,0.5641920181549285,0.3540402275739851,0.21481887285727347,0.10257572964204666,0.42459429834845097
2020-03-04,0.5485464554958901,0.41687930016280317,0.4289125713498366,0.4065457418526511,0.32243613222014267,0.5870752938019155,0.3453492322084777,0.20663501415689267,0.06960720136851417,0.4180130573828762
2020-03-05,0.5475400373022382,0.4406495506073539,0.43400807109374695,0.4224935796649556,0.31841065384179956,0.5728939948663668,0.32874854338364623,0.20331631715142923,0.079914624570568,0.4020246275178956
2020-03-06,0.5601198905287883,0.45951538619224086,0.40748975596520565,0.42867922685013293,0.3163134034352537,0.5695164751816306,0.33568345622684725,0.20833425207298634,0.08615867118159731,0.37818948236531713
2020-03-09,0.5638108791624292,0.47084615874491553,0.41375141591224873,0.2815629055745858,0.316995385596445,0.40822956004634137,0.3465678878016383,0.2048254891467316,0.09662080160178141,0.19678951641288314
2020-03-10,0.5691952925847305,0.4738254361524866,0.40182247465660526,0.2935988314855183,0.2989187577428749,0.422021469481206,0.18321863804995908,0.2010146458088567,0.0900950322839603,0.21628942175380247
2020-03-11,0.566602245261528,0.47735120760189387,0.40729935415743307,0.4359203641915,0.29317599070041944,0.4234446092626026,0.1866258188067726,0.20056088859174354,0.08530961355990566,0.2237099078662013
2020-03-12,0.417637889682059,0.498590980987365,0.40734580319535585,0.28743724639709556,0.27332078619189815,0.4216904332578657,0.1760588736107764,0.2065412001480719,0.09600931924660103,0.2153674672829114
2020-03-13,0.4102061718542463,0.5095140647107294,0.41079394709816597,0.2947768363706206,0.24325393303369192,0.43203643135271985,0.18375205688276214,0.21393597237069842,0.09404097414905338,0.20768961217731197
2020-03-16,0.420099820302537,0.35989927715582337,0.4257202041618856,0.2956148407197899,0.2444499966050474,0.4279774541245924,0.18471265353342092,0.21455838953069492,0.0909471494249534,0.1860202144412551
2020-03-17,0.430940644721459,0.352519891589299,0.44469483092131334,0.30700052510478515,0.20519182044144033,0.44728832566811383,0.2068880181838278,0.21831015621325123,0.08225769774179337,0.15490808941471707
2020-03-18,0.3873720818303322,0.24642379071349602,0.4057215930664095,0.10751281284299286,0.45081980184585996,0.39859406032206124,0.08465517249848926,0.03064937197981718,0.3879829202541081,0.43026839464643385
2020-03-19,0.37817310338818183,0.2506478086660946,0.4156899386213201,0.09417820280665443,0.43624007473887966,0.3789819658703884,0.10878059811125716,0.03439762228563206,0.40463978228110953,0.4282709032304824
2020-03-20,0.3674053567536137,0.24298259362318592,0.4127190524503578,0.09948858292645521,0.4509813480561313,0.36957840050460933,0.12478643179737954,0.03421133724205591,0.3983592701487678,0.42948762649744343
2020-03-23,0.366857894790551,0.2388111102838788,0.39933227695419893,0.08963925576853046,0.46455224105444515,0.3545643579706334,0.1519190969226507,0.02664695475352072,0.40415919969981146,0.43351761180177956
2020-03-24,0.36241884342332276,0.23133893390667298,0.4032205548031039,0.09596692274929833,0.47042886879390605,0.35885392621216966,0.1569071645310835,0.017302703958996468,0.39829108958536324,0.43527099203608327
2020-03-25,0.35066584687800817,0.23481592972213494,0.4062330036981478,0.0874513697916002,0.4683014103916707,0.3528611687365517,0.15779996153744857,0.027104996020403088,-0.07245334518668206,0.43721965841071697
2020-03-26,0.34792380064712536,0.2402705251881172,0.4108141828770069,0.07046352814489804,0.459439246193455,0.3600705798868359,0.1614173639212253,0.024927509488976984,-0.06826022872292897,0.4429334923752885
2020-03-27,-0.09165475304375048,0.3607674195690799,0.4431715200830616,0.26509396049889195,0.18554905983888184,0.40498868821946654,0.28139376075183375,0.22919473477910868,-0.3580527922920561,0.16954840159548237
2020-03-30,-0.12516548555183693,0.2342698519159151,0.4014335934729648,0.06830219711742055,0.45416496165440584,0.3772156947228009,0.17001319432407136,0.028770926218129267,-0.08411642624788895,0.44511149237401815
2020-03-31,-0.08587348628568797,0.36212156704667775,0.4415004999340594,0.267986814532272,0.17723356097858464,0.4140823121351602,0.273456904134429,0.2405745862031639,-0.36564024423097996,0.16455748555232114
2020-04-01,-0.09459909194792399,0.3512208690740076,0.4429027002314626,0.2721285815761089,0.19993130448502014,0.40055119331644207,0.2826637592448253,0.24394362265499783,-0.36396843398161616,0.15522549534667565
2020-04-02,-0.13483726113495387,0.21864275749159318,0.40944294736116016,0.06631660577257467,0.47978582956552185,0.3493506661850292,0.1810248749685599,-0.43293660602186596,-0.07888976623232813,0.4320999520447091
2020-04-03,-0.14147136701228896,0.21191884358779778,0.4026663068555846,0.0659349290719865,0.48993546858030973,0.3488621189888338,0.1876658110247208,-0.43373433891711466,-0.07998162456166469,0.438203852381835
2020-04-06,-0.15154594062406057,0.2012370779066514,0.41337332311073466,0.0710913002329562,0.49824401272577645,-0.15171115903870852,0.1827155997403641,-0.4312129885492063,-0.08321002527487459,0.4610187997703671
2020-04-07,-0.15877324001326404,0.20932333467353897,0.40326590528877737,0.06008044557647077,0.5184285673177923,-0.15986052537089446,0.1682951174270621,-0.43143354643972587,-0.07234467065722178,0.47301861219746477
2020-04-08,-0.15849357440989675,0.2087151021790835,0.39290810986077407,0.05197088768645822,0.5194073752872792,-0.1540992397342839,0.1764631458842475,-0.43369389244229767,-0.07095126612576225,0.4777733518143982
2020-04-09,-0.14560115533471868,0.22163969683481854,0.3918930955880773,0.04348417171479188,0.49543918757886546,-0.14153666184149244,0.17451482383493988,-0.42637957926066405,-0.08222911272976935,0.47877553361515146
2020-04-10,-0.14457582882891096,0.23732417291029845,0.38732206052415175,0.03839976300738818,0.4895823373030922,-0.13457076036203897,0.14802732365440952,-0.4102145057260204,-0.08173676644942018,0.4804422039670505
2020-04-13,-0.14795861616403289,0.22545407225481062,0.36901549050807414,0.04988124339562011,0.4715843758316449,-0.13775580108210989,0.17537125926399055,-0.40583712602286565,-0.061474942453877746,0.471720044468746
2020-04-14,-0.15241114654035554,0.21746157642330816,0.3588979487751263,0.05650398508873247,0.4740758100816894,-0.1432320256131842,0.1826782173766241,-0.4058355969394707,-0.04926486235422439,0.4711260937017543
2020-04-15,-0.148413802102711,0.20897790236724395,-0.11424881009644133,0.05516776732075368,0.46368647789845185,-0.13534074089628262,0.20262519341247165,-0.416396100101523,-0.04925511408496508,0.46319722628300186
2020-04-16,-0.14905705216106635,0.2053014122505329,-0.11991161920827892,0.04728689420911969,0.47117222992846386,-0.13352405022843222,0.2034084865720961,-0.40836925081668024,-0.053931141288202755,0.46762409074244793
2020-04-17,-0.14947345213284513,0.20211875353141778,-0.12859478713956518,0.04949646582662284,0.4712778718598641,-0.14002399915949343,0.2027111895917521,-0.4039914762670815,-0.045374551226552595,0.47185398511588095
2020-04-20,-0.14867809772603585,0.19831015332081553,-0.1282708723350598,0.04662536300887918,0.4809659649618243,-0.14065267377599833,0.20638670848388563,-0.4048628002831932,-0.04701027744659303,0.4671865317914755
2020-04-21,-0.15958088277891297,0.18531877960927717,-0.12242242172861811,0.043001375046545026,0.48515644015306947,-0.1471150165119301,0.20561434026897962,-0.3866214599677361,-0.04301187842005766,0.46966072432938366
2020-04-22,-0.15697180622310658,0.18291100038217895,-0.12467847068654819,0.039467996798360216,0.4867472965297741,-0.1468003808148085,0.19968279894096574,-0.3739189438689132,-0.05110003149909642,-0.005339459558806048
2020-04-24,-0.15132650465504666,0.18868070755942562,-0.12493620549026407,0.03656654663303979,0.4759364477642367,-0.14402568610871452,0.20132919114148284,-0.3757511362501987,-0.048983632954547496,-0.007489727639413579
2020-04-27,-0.1488955470287346,0.1912384744916561,-0.12977731537129356,0.03564791496476377,-0.00030910315847637593,-0.150706319701237,0.19689099881002714,-0.378368570608276,-0.04761993298944617,0.0018994005910167866
2020-04-28,-0.14765668881602717,0.1846520732843397,-0.12764388646049724,0.028746643224662666,0.0005506800436259063,-0.15268312563651115,0.20311503436119288,-0.3822999391740944,-0.049836985587592086,0.013056194760900808
2020-04-29,-0.1491802550644215,0.1786933291593662,-0.12830707430002047,0.033062139759021086,0.0004639229688757629,-0.1557177639486062,0.21204858071356913,-0.4027002083045882,-0.0460047029557909,0.02764203197259507
2020-04-30,-0.15125512077377767,0.18980229617796945,-0.1314024031573207,0.040484607067429956,0.01227549757660834,-0.15563862414727603,0.2039318773213034,-0.4390590735598564,-0.04044413007786052,0.04130507357278024
2020-05-04,-0.15027950042933896,0.1839656152379432,-0.13171836588556546,0.037639240839210525,0.008723735896813078,-0.1499345546406703,0.215318014133681,-0.4376541354674581,-0.03922259647341447,0.03316254678879943
2020-05-05,-0.15459845324898686,0.18707392470264123,-0.13081338264501702,0.040951160872439135,0.021965429985299434,-0.15454882288913224,0.20753505707981235,-0.4291448951777375,-0.041956468087719634,0.023536449408401272
2020-05-06,-0.15306783960231402,0.18255147495776441,-0.13153004079026082,0.049843996722537615,0.012651957686713178,-0.15562389151674155,0.2106892419999754,-0.41888804785450245,-0.044802346964475714,0.018175495361303917
2020-05-07,-0.15411314492029127,0.18533821518473254,-0.12466460968632315,0.05531830743409455,0.0004831549956976211,-0.1557350476701872,0.21078844808499309,-0.4199778889774095,-0.044642687694880445,0.01720525324957367
2020-05-08,-0.15260399535647784,0.1870548655117802,-0.12600848099569167,0.06153098701084311,-0.012017714150740655,-0.15501587942577683,0.20981480729258162,-0.41910721116145705,-0.040959167784570205,0.017311789059509308
2020-05-11,-0.14870902225710442,0.1718651468548834,-0.1153092712324682,0.052503094797987065,-0.010366723814107581,-0.15332090255994024,0.23110189185172736,-0.42376050073210986,-0.03474643338695699,0.0007427204780893204
2020-05-12,-0.14997656394268694,0.16806078571172667,-0.10064135624133447,0.04811862137914136,-0.00379955660209369,-0.15328811522117902,0.2343759418251234,-0.42465777962670426,-0.04130743799067105,-0.006884539291321989
2020-05-13,-0.1025087975762255,0.296848263487417,-0.06900035485818107,0.2534893650639027,-0.2933309472355139,-0.10786259871118953,0.3501730333545352,-0.22720774312329906,-0.33041246911070377,-0.2801877512907419
2020-05-14,-0.09878990217469619,0.30453507414193803,-0.06749731696029715,0.25364974521925665,-0.30703920868646184,-0.10184513487178792,0.34846182716506513,-0.22686170215734258,-0.32683831204225056,-0.2877750696334237
2020-05-15,-0.09992333746643978,0.3176759900305365,-0.07077811455912297,0.2487945953293508,-0.3032646822570618,-0.100570152134484,0.33942411425633356,-0.23183359216683913,-0.3264971888917967,-0.28302763214047644
2020-05-18,-0.09940784084050375,0.3327362077071059,-0.06686928870486453,0.2434101279878727,-0.3012974077161906,-0.1040991749910748,0.323879362537439,-0.2319029334503549,-0.3298282850405704,-0.27662076748885844
2020-05-20,-0.10280385116478669,0.31541939712546874,-0.056503379304654044,0.23971613137714745,-0.29890909781525443,-0.10753300694333395,0.3386176302025944,-0.22877463148284372,-0.3305059358202084,-0.2787232561741294
2020-05-21,-0.09947856378867126,0.3137349868246371,-0.0577497424344407,0.24782141594814114,-0.3108301560922224,-0.1073677675025706,0.34088333530558956,-0.23039511906755322,-0.3254959663843705,-0.2811224228085393
2020-05-22,-0.05988790772850866,0.433179499000501,-0.01124838019625346,0.43616297537422943,-0.5913932110044411,-0.07069319474713037,0.460909562255004,-0.027812733667698653,-0.6025922533970243,-0.5566243558886778
2020-05-27,-0.0652376633136943,0.431711953258691,-0.0033062184638559255,0.42869799578357703,-0.5898474889641083,-0.07670055727578107,0.4606629380030544,-0.030729227592919517,-0.5886123913230288,-0.5566393401119347
2020-05-28,-0.07296227841288416,0.4280847184534036,-0.00779144747772631,0.4300676756379351,-0.5854710763159182,-0.08188484502546489,0.4586655583890952,-0.03344380631516641,-0.5791543564385135,-0.5461101424947603
2020-05-29,-0.06940348523165529,0.44812607104332447,0.0039044675761580883,0.4279312546732401,-0.5949347133210956,-0.07816908487291163,0.444111724259223,-0.03706275681077742,-0.5745867140468932,-0.5599167632686124
2020-06-01,-0.07036778214972428,0.4344810640846534,0.025764051000795873,0.416501784197444,-0.5998180535956315,-0.07450177932267676,0.4535733082019611,-0.041839062788213366,-0.5666012387180036,-0.5671922909106049
2020-06-02,-0.07338524324451057,0.41132284617698534,0.040402247082844234,0.41652222972622555,-0.5977343353749545,-0.07721075208501194,0.4648340680624368,-0.04534103768430908,-0.5629574341932475,-0.5664525884664583
2020-06-03,-0.06962135243197287,0.4174575338854431,0.03785397762721043,0.4178143489032251,-0.60468743482084,-0.07190968516271329,0.4638708424095741,-0.041035025791886504,-0.5669550676933377,-0.5727881369247023
2020-06-04,-0.06723922485858314,0.4368324249916202,0.025044925992607547,0.4253434036035503,-0.6152631347239065,-0.06613826994784094,0.45297791483156197,-0.04451305427174901,-0.5630469606551116,-0.5739980249621487
2020-06-05,-0.07346446290467495,0.43642368087047184,0.017292192875060064,0.4314914593719006,-0.6014038810836688,-0.07313139267366209,0.45261424546825024,-0.040349756495249856,-0.5600313898279776,-0.5794406956004494
2020-06-08,-0.0852385936143567,0.41574382117544256,0.03876805720264159,0.4375783774832256,-0.5911674550051673,-0.08289003946819035,0.4541324938367172,-0.042379448122520424,-0.5520501204546349,-0.5824970930331572
2020-06-09,-0.0829781888554838,0.39717100787465215,0.0664712626149142,0.423374294326766,-0.5923419620583172,-0.08072838311758945,0.45593225498572293,-0.04403401546474883,-0.5480658157718896,-0.5848004545340264
2020-06-10,-0.08275588706246106,0.36967168533559314,0.08791548158740659,0.4086982450325128,-0.5999664152572246,-0.07650563854525105,0.45502921389478557,-0.03920947231079375,-0.5388894268807618,-0.5739877857938058
2020-06-11,-0.08465961517875426,0.34868400412164274,0.08681308252479986,0.40420679292757683,-0.6019257783456013,-0.07114153830606729,0.4617749151252082,0.4482890582881079,-0.5369968406748817,-0.5650440804820307
2020-06-12,-0.07940119200820356,0.34167543786453497,0.0825809339035482,0.39671118118805393,-0.5857930138229894,-0.07305398899921295,0.46781787869900343,0.4462811043079684,-0.5321550750536794,-0.5746632660790232
2020-06-15,-0.07775324863866817,0.3451353755698584,0.0812555991661808,0.39578742575814757,-0.5859073305471436,-0.07201466667696943,0.4689857695754073,0.4472032307655327,-0.5341788636043682,-0.09851329136797715
2020-06-16,0.07493312006457953,0.3173198129073842,0.09105999742137166,0.3898037420585321,-0.593701111456833,-0.07235558739756609,0.4562787939373481,0.46091616709857597,-0.5114937752523598,-0.09276115938103255
2020-06-17,0.06927808090531101,0.3389882917725655,0.5629441396076373,0.386385571324552,-0.5728515416662514,-0.08222945005034504,0.4602383909250249,0.45531560804220983,-0.5310001589669568,-0.0870689318937472
2020-06-18,0.06016104284334256,0.3397924865883889,0.5504117078732178,0.5353840847431157,-0.5701728735253975,-0.08147154742427226,0.45993367448918293,0.6100045570016586,-0.5250311522717321,-0.07901198031750464
2020-06-19,0.0542908130796278,0.3423874452753119,0.5424676556938121,0.5253653734703909,-0.06262317663414549,-0.0908252237754758,0.44501483853755797,0.601272380468203,-0.5156509485480159,-0.06169915756726632
2020-06-22,0.020397096834224027,0.1937653369670015,0.5118433448843295,0.16753897712787516,0.24511236222064264,-0.1268825468364791,0.31937266424972854,0.3955591123388187,-0.24714888862613985,0.230442540839999
2020-06-23,0.021290893170229253,0.17403753952466736,0.5043084616953621,0.15825093480403563,0.2687925019190057,0.030277112120209004,0.2982577689721273,0.39783663865530466,-0.25073890444922864,0.2576870535882876
2020-06-24,0.01976974317226554,0.19766243254201366,0.5115637168279297,0.15491465869561397,0.2471105031821803,-0.1237371273634923,0.304167632081933,0.39550669019629553,-0.25034639612398457,0.2533881467892452
2020-06-25,0.013927839884318116,0.1774920563064802,0.5317368991577456,0.30134434845468394,0.2381260049845366,0.040563950886730815,0.25979869740575584,0.4022539407509167,-0.23427999576602362,0.27903625793485576
2020-06-26,0.013431361069121628,0.1915305186343821,0.5258616403883953,0.30138870408049484,0.23511109797630977,0.029801044298179147,0.26529423562163257,0.4098012567696997,-0.23647894545515194,0.27425908661693676
2020-06-29,0.022269068054889263,0.18727601752100326,0.5425514320132846,0.3037422209578694,0.22588438032219352,0.03489657034666466,0.2871312313895986,0.4043052346127892,-0.2621556459714247,0.26409949075313227
2020-06-30,0.024980062616688614,0.18937142608586605,0.5565724791239208,0.3218714208279902,0.2295986232697252,0.024533455646212732,0.28758236012727434,0.4039355602316048,-0.2807140143756882,0.2522686264464054
2020-07-01,0.025379944572669122,0.18859320145136513,0.5511262733648276,0.32401864495448973,0.22489168889815145,0.019647196956975588,0.4380641435250039,0.40801146546449973,-0.278829442860716,0.2590968836727338
2020-07-02,0.025362124365852334,0.18334791479425794,0.553499365731183,0.3275224956072425,0.23960499805588786,0.013380822330697317,0.42514035911397596,0.42063299170081625,-0.2798261293710317,0.25133505767111863
2020-07-03,0.027310786220493932,0.19359559757705225,0.5405017368790166,0.32763934848069853,0.24046473907758883,0.016015816533950178,0.446564290826133,0.40401898141375503,-0.29360352117178234,0.257492224163094
2020-07-06,0.03987948942123459,0.191894620557366,0.5435739525860839,0.3243042186721493,0.20974026602684462,0.02903946378612593,0.32046228452851866,0.40280173142613823,-0.30189543026382737,0.25019940325936585
2020-07-07,0.035686797074026,0.2000453354999474,0.5578039165291344,0.32034507905972814,0.20342459701442583,0.03458770617057255,0.3029182639149526,0.27743643168873144,-0.31058804392431427,0.23833991697279594
2020-07-08,0.039076483219421976,0.20407196269778416,0.5749166250234868,0.3282359154459453,0.18395895682842567,0.0360879679090399,0.2874137088935726,0.2814218518834822,-0.31073646929870014,0.23555299739754154
2020-07-09,0.036996175566680806,0.20962979481044575,0.5719966066322857,0.3333624635973725,0.18306840452619602,0.03249654557654971,0.29484528899169615,0.29022529093602234,-0.30054899154202774,0.20792842090477867
2020-07-10,0.037245829246702,0.21503505393506128,0.562704209537068,0.3399732852663937,0.17661191165816553,0.03040373924149739,0.3115218878850965,0.2784293588095693,-0.3001781569185257,0.20825288133897177
2020-07-13,0.03473712804264395,0.21354958939385868,0.5725630686594636,0.346636388603158,0.1757190998875013,0.029041450857094364,0.29842022103004473,0.2744366471213262,-0.3051266065447784,0.2200230129496875
2020-07-14,0.027730042282045564,0.21951966403574213,0.5705550277048237,0.3511151246980144,0.19364481433535996,0.020691418212717916,0.29278039628702324,0.2693326224289345,-0.30660691353327074,0.2212378035486094
2020-07-16,0.023993681395550526,0.21484594336473226,0.5657637128698134,0.35585715352896474,0.211028306770506,0.01625140659254737,0.2972397700426772,0.2552466062486376,-0.3041110592633085,0.22388447844987935
2020-07-17,0.024194949616323735,0.215845223516054,0.5727046415343171,0.3548933815940636,0.2275660543882533,0.01677754555372757,0.27520482132399626,0.2538033721040288,-0.3165250103625268,0.2355350207317625
2020-07-20,0.030310000689749955,0.22245899819322498,0.576461863425922,0.35033149037676503,0.22935856107268038,0.020616965583387326,0.2660144740490281,0.2652670562545383,-0.18063007161719993,0.2298106619719037
2020-07-21,0.04145915928622307,0.20536076032404088,0.5935823903998885,0.33831565090136606,0.23452166270794136,0.027366033201632056,0.3951260361899631,0.2688317313334079,-0.1717113550481811,0.22714793070371841
2020-07-22,0.048588786915861076,0.20613078300048868,0.6096929899797385,0.3391889205653348,0.2249467317487986,0.034530612902061664,0.38670845430063316,0.2558613699644175,-0.16153189904702067,0.21588324966968672
2020-07-23,0.046827647438169945,0.21818402882929724,0.6039919416630732,0.33544541364103714,0.22239160800238697,0.033758346779976245,0.3992954263197209,0.2556336263747143,-0.16331361357087132,0.2077855745224953
2020-07-24,0.0494140719375572,0.21783081893879822,0.607214153729523,0.33760868834777796,0.21188809154458962,0.035947008320412754,0.3978545717871954,0.26293069313129547,-0.16463207333473026,0.20394397559758076
2020-07-27,0.04787608954308328,0.22129935686784405,0.6046264535138153,0.34140319158379695,0.21204415421748554,0.03455627512399767,0.4067576196640055,0.2491222024765101,-0.16674179605933223,0.20905645306879378
2020-07-28,0.0454937067852581,0.23192779998310412,0.5946559126579499,0.3402335702521488,0.23172163023580405,0.032423660292493384,0.41411175049966653,0.23256510044729348,-0.16932132434590316,0.2061881931921849
2020-07-29,0.04183203493939788,0.22228318850645495,0.5872675214329174,0.3434815755984103,0.24715104728762283,0.029020674104166533,0.41986482899705624,0.22715982259432205,-0.1678459208727689,0.20978522741242067
2020-07-30,0.03842337515325128,0.22668572544006366,0.5821634704752332,0.34190410590740405,0.2423292497386207,0.03199318703023671,0.428036185839776,0.23378167758030574,-0.17375642855722548,0.20843945139233422
2020-08-04,0.032833462796005436,0.213326660742688,0.5754205680052442,0.34989414159499294,0.24893486483213467,0.02180460323799288,0.43415100807007445,0.2436899558018225,-0.16162279920744504,0.20156753412649
2020-08-05,0.03161312847355857,0.20141279486153224,0.5815514691526034,0.355155927023554,0.23358348659700215,0.023603166010064347,0.4204139068442827,0.28765345142636417,-0.16022061119369718,0.18523328080473556
2020-08-06,0.027305591480748903,0.21913745807478918,0.573956613650305,0.36786765306606506,0.23578513864780531,0.019924456433984605,0.2757977726021995,0.280882276155473,-0.1658376288005763,0.17518066868920584
2020-08-07,0.022187258349123273,0.2175458617769874,0.5778489969510285,0.374357221149112,0.240481407839694,0.014685140940438046,0.25482755939989354,0.2851811649284308,-0.1636336064469002,0.1865189951121926
2020-08-10,-0.259802564219581,0.1829494513139712,0.28312157140751804,0.29658246780040687,0.20935739249888077,-0.26665270547148395,0.23509080986612424,0.19182262449137039,-0.21375826944886228,0.15128922176165582
2020-08-11,-0.29695046152137095,0.05835322711623847,0.24493905647025613,0.07556022892639846,0.5135683456235423,-0.30177707965576317,0.0987209153371546,-0.006338065588456815,-0.07249320124917069,0.42641703454117164
2020-08-12,-0.2969523015299549,0.0681092080925424,0.23542803807627874,0.07796446833145004,0.535363925423089,-0.2998334255517494,0.08466512270760077,-0.010779682603017482,-0.0764697730414785,0.42250442009523936
2020-08-13,-0.2894978166755806,0.07362438707136684,0.23168617146637302,0.0815633328205973,0.5556146081338378,-0.29516880179992955,0.06419282369885274,-0.020712937419870486,-0.0796050320871638,0.4183032647915166
2020-08-14,-0.2931989115051834,0.08122105514125688,0.23073690470991345,0.08952070477923252,0.5519558794341366,-0.29710873469973664,0.047951685501021635,-0.010029132682618208,-0.07758346584121395,0.4165340151631911
2020-08-17,-0.29325989576347933,0.08640644575337897,0.2240455352006487,0.08853595105611883,0.5542824444046025,-0.29803604632456115,0.049236851456280956,-0.008687808727122631,-0.07983101117719438,0.4173075341213275
2020-08-18,-0.28988402071001873,0.07747800450369782,0.23957158724501568,0.0860476654013585,0.5486597184070925,-0.2901416441150668,0.04858491335351181,-0.00990002352431743,-0.07667713175802116,0.4062609311967479
2020-08-19,-0.2856193418540069,0.06682005519053741,0.24467754312585674,0.0866092068887857,0.5483719222177229,-0.28668147760080176,0.033947299149164195,0.001028031165868637,-0.08110496392438349,0.4119517256412566
2020-08-20,-0.28428557341840577,0.043216417488553344,0.24822809582136804,0.1007033953030273,0.5494696399729275,-0.2864740966748527,0.03680286939264807,0.003492318734264477,-0.07927547963609843,0.40812241301656815
2020-08-21,-0.283979373492367,0.02531439125882498,0.23717720733162792,0.10959173272618306,0.5540300165151884,-0.2880404217545387,0.047952456119582626,0.01369162756230427,-0.08129236140221263,0.4055547251354069
2020-08-24,-0.2924723322658679,0.04661827646153055,0.22710942299522083,0.11697166874219306,0.5577351261151953,-0.2941681522805869,0.04711062710120517,0.006240103691396548,-0.08114785375081696,0.4060031131905303
2020-08-25,-0.29019797155984917,0.04163647179131916,0.2193950206011391,0.10950788511251663,0.5696239461891405,-0.28951926789312954,0.050623386152867295,0.00425573593097725,-0.07667675875332819,0.40135155242834697
2020-08-26,-0.2915997712934235,0.048095280306798965,0.21894534249428618,0.11176767315818248,0.5590882603539339,-0.2868968020747392,0.04471281339282926,0.022402235638890128,-0.08953570707676828,0.40302067510001005
2020-08-27,-0.2872248529069136,0.0545628619742006,0.21145573181121644,0.12049566040383597,0.5505848927708105,-0.28202555941410457,0.05750065362736986,0.028710827132109318,0.03359311951475638,0.40234666508671896
2020-08-28,-0.28629990788304605,0.062227920470492665,0.20108442751401137,0.1270950812063354,0.5476426871741211,-0.2848603513258774,0.06931890110056946,0.027813774250022183,0.02765161380907344,0.39832585368429774
2020-08-31,-0.28938743159303537,0.04739954621888376,0.17611299451587423,0.13375650253409488,0.5555932452405059,-0.2884647259438791,0.08728556944031104,0.02835380389748493,0.025251555814955418,0.41409893987480406
2020-09-01,-0.2882499449847375,0.05009068131246783,0.15155915465577705,0.13061743606068688,0.5502615872615353,-0.28578177358636936,0.08922149766560392,0.051940699567987636,0.02422572531213052,0.4161149367349176
2020-09-02,-0.28715233972890375,0.0637902157518549,0.1298429335563986,0.13828445498617958,0.5450329262624143,-0.2879826836731421,0.09025565671869848,0.05708881450201897,0.024503878706517823,0.41633614291796306
2020-09-03,-0.288102943268589,0.06326927015406056,0.1387474537287581,0.13909488750162913,0.534372978372042,-0.29359908419688774,0.09619155545208063,0.05978443964572788,0.027940488283275777,0.4123009543279025
2020-09-04,-0.28337581201978157,0.02972126403628475,0.14111080062717846,0.13299874983996357,0.5572169576086143,-0.2870333337956673,0.09088807866129653,0.055471570812346827,0.03147562607088722,0.4215260981588771
2020-09-07,-0.2889335568172685,0.033591298517098855,0.16095118667875494,0.12480191713782918,0.5556912904572127,-0.2933866339824537,0.08680235227383978,0.049027387724575544,0.03566033380101302,0.42579442420939817
2020-09-08,-0.25016287641692614,0.17032372450712624,0.17583727536916036,0.32459386168683124,0.277756050979931,-0.2560076995820774,0.2098862689616983,0.25121638773640287,-0.24171554731302275,0.14827255407087642
2020-09-09,-0.24805396746840985,0.17488597756542887,0.14205598862799454,0.33565829119311485,0.27408378149230067,-0.2519496183309993,0.2082030444303201,0.26091980345207927,-0.23907367960640302,0.15327037864457396
2020-09-10,-0.24197792459290368,0.1775153126175584,0.12415832646224789,0.33940699355216936,0.27740449330993816,-0.24637956069393263,0.20372998848309185,0.261891760899562,-0.2389561617216521,0.15320677168392077
2020-09-11,-0.2459035576085485,0.1930476050489706,0.11857773477654332,0.3431653817196521,0.2694490594656083,-0.25219127097626437,0.19351587154290328,0.26316357400906126,-0.2346294261549422,0.1618050281770163
2020-09-14,-0.2464056066779075,0.19869089276935306,0.12943525945737955,0.35064272089174997,0.2534696785919547,-0.2513713704610057,0.32812510854609556,0.2776051526057456,-0.2400840932345638,0.15989225751119868
2020-09-15,-0.244009339262729,0.1859122601196229,0.12731463004534666,0.3461851628602753,0.2815699685485796,-0.24798497882101067,0.33132183361904965,0.2566471055804247,-0.24172540800764264,0.16476876531808357
2020-09-16,-0.24418771313096022,0.18564999603279797,0.1281255459675431,0.34782483889535526,0.2769548404843481,-0.25121639172039495,0.34106847024540266,0.2572271679040642,-0.24105277919315843,0.15960602451500225
2020-09-17,-0.2480304139400443,0.17606562083807914,0.12956605295625342,0.36859491438117065,0.26754884936415535,-0.25368266132944434,0.3404300701527837,0.25713274857373986,-0.23864559086647033,0.1610204098697767
2020-09-18,-0.24725452732454287,0.17214667705838263,0.13292349731153066,0.3607273516501788,0.28035306513662395,-0.2540276217430742,0.3447513025087103,0.24515002378414888,-0.23997845088013722,0.16520868249817913
2020-09-21,-0.24901991159034062,0.17326047664937452,0.1379682128300586,0.3622151409005109,0.2666838727372627,-0.25444330739013427,0.34881737696160486,0.26114559349377575,-0.23599918056034797,0.14937172596823559
2020-09-22,-0.2542960488717338,0.31890651467224357,0.12750504001007093,0.36526224428894843,0.2582059102460437,-0.25670777887866636,0.21592456649111125,0.2573382284179605,-0.22714113278903372,0.15500245641305557
2020-09-23,-0.25124466696234987,0.31347411245059825,0.1300941793943887,0.3637062453134315,0.26499712456011376,-0.25255174221690924,0.21427036953435094,0.25864454917242247,-0.22684964855943807,0.1454594773133915
2020-09-24,-0.23951977986656597,0.2992389858696024,0.12353886276866617,0.3695873771647806,0.2704747891241694,-0.23161810937599045,0.3516144281124643,0.26792637545471004,-0.23772532273216374,0.13648239348032715
2020-09-25,-0.23151154486954176,0.2982813886024318,0.12893600635735114,0.35232729941918156,0.26494942761270507,-0.22915107767521892,0.35080329074752475,0.2851519875875209,-0.2405400669308307,0.13075328914887607
2020-09-28,-0.22871997563743887,0.2980660645846939,0.1298651774401672,0.34890781260057646,0.23578176867550793,-0.22806746308782372,0.336963370832915,0.3140236002694071,-0.23581256180670437,0.1389922061286995
2020-09-29,-0.2378418547460358,0.3142781327483231,0.12167619251234142,0.35979972180353414,0.24817997613805576,-0.23965070135233799,0.3351654062252669,0.29556002064796927,-0.23273239924912217,0.14556550527200543
2020-09-30,-0.26976255728809795,0.19845249165927692,0.061498109004971935,0.010513293500929832,0.5299688297096927,-0.27193779844455945,0.21624131339393865,0.0939231902312434,0.04746627369526038,0.42363685453734345
2020-10-01,-0.2722732154937142,0.20912117844099237,0.05730881877832915,0.18128538770256636,0.5363471797004108,-0.2768531079356701,0.22125707225069985,0.0680596822471613,0.0440057807209675,0.42174122358825683
2020-10-02,-0.2745067862800501,0.2155060952285227,0.04657807553177366,0.1797579148266406,0.5248736630734867,-0.2799030681865611,0.23922904578831478,0.06396871346905703,0.04871099885657659,0.42578534769223897
2020-10-05,-0.2357658557321475,0.32880096928439956,0.0927429910740252,0.3915109160612018,0.24096467596885401,-0.23863385815329166,0.3470640346933735,0.2705714670947984,-0.22671039729376521,0.13945505700255184
2020-10-06,-0.2392014137293215,0.32460920163117163,0.08875760506078147,0.4045481990199437,0.262820187858059,-0.2360704215384003,0.3132050424675035,0.25241388816794413,-0.21197744594532794,0.1508951570076464
2020-10-07,-0.23534220355779156,0.3176853728054439,0.21576537644240223,0.42751444589496884,0.25814985565018184,-0.23644008113260928,0.329933124180865,0.20805332365530185,-0.19282623400324675,0.16750702006448395
2020-10-08,-0.23346160740500377,0.32247971331400777,0.20292271609788037,0.41259337580655675,0.26035064868531926,-0.23442496864175733,0.3255230414635917,0.2200334695180274,-0.17979146914085894,0.16377508030223667
2020-10-09,-0.272661255318289,0.20797247085772308,0.16953989695409383,0.2016600995546941,0.5584632068099238,-0.26820643056177307,0.20237113734424667,0.013744974779172164,0.07756005807230226,0.5995558415079061
2020-10-12,-0.27210276350463075,0.20007853534922765,0.18515670579653928,0.19732552944288284,0.560168113718924,-0.2649324561983197,0.19010443676658567,0.026263036753813446,0.05393926923427064,0.46399959264070667
2020-10-13,-0.26839623497801823,0.19071018042241256,0.18947700041265145,0.1881479421892267,0.5759288320323712,-0.2646640878133887,0.19552995520534688,0.01712387700622947,0.05423423968363736,0.6119082958395313
2020-10-14,-0.2632918757948026,0.1891805193384148,0.17594476734628203,0.1871109348512779,0.5805006664771322,-0.2558994549225988,0.19596860896291896,0.005369127181481886,0.06244387635483348,0.6126728302050601
2020-10-15,-0.27785418797521966,0.19189810007020397,0.19378442186036432,0.18868145017671845,0.5562642546661266,-0.2745612159485933,0.2316932675466516,0.022421439957530126,0.04684504954909874,0.6108274200971191
2020-10-16,-0.2712335306392253,0.19647146433967777,0.1827462068596173,0.19586664034814327,0.5474724563727584,-0.2656369758568511,0.2261421714714565,0.031815188542549167,0.04429392738212762,0.6020624511797461
2020-10-19,-0.25125126365223727,0.17939965946741587,0.16663696895611152,0.20345884507131995,0.5600168612225631,-0.39020707876309124,0.21424564300422438,0.012760046130418978,0.04430131333630288,0.6006390052269717
2020-10-20,-0.2576682911989059,0.18270917727057956,0.1733344177201036,0.2037943665392321,0.555983094155807,-0.3980528611554608,0.18634290090990352,0.020374918481139176,0.04676764381628282,0.6264146334613185
2020-10-21,-0.21032499500572074,0.30436606561257806,0.2039244293091515,0.4033828262930346,0.279684632485971,-0.35357052672065675,0.3165871795696546,0.21399337281609565,-0.23136575700650827,0.3333227726464003
2020-10-22,-0.37596902754518635,0.3145337445997353,0.2203546288539332,0.4052940293534541,0.2803519660204031,-0.37152682653503205,0.31624950245963457,0.2095647769001636,-0.22930453028913028,0.34045173618202473
2020-10-23,-0.37188976740226465,0.2993153833671608,0.21528490279917495,0.4088219997346448,0.2833263372031043,-0.36500826587961266,0.312955251988507,0.18868600322433376,-0.219421846728073,0.20793000169302467
2020-10-26,-0.3671355502825374,0.30597236856231547,0.2082331875129722,0.4057228741803065,0.28521553201438327,-0.3589300469324224,0.3171041637563244,0.1726072540722714,-0.22032642880813968,0.21153664592452642
2020-10-27,-0.35956800095691843,0.29931560346696356,0.21390663359687953,0.40581218961047305,0.29142213164327524,-0.34664901868791403,0.300033421432999,0.19627050092182632,-0.23213870135918166,0.1915952403315976
2020-10-28,-0.38787083294171565,0.18276834000045422,0.1685181540900471,0.2081883489262179,0.5639963542363005,-0.3703168163400068,0.1587257144090688,0.01222916260856119,0.04610758583699398,0.4576539891740786
2020-10-30,-0.6246392997173382,0.2632597641947574,-0.06308980378397891,0.33924322156903486,0.24422416986862236,-0.6125730006260124,0.216820023563395,0.11774673372667394,-0.2627436189052478,0.1417518101100939
2020-11-02,-0.6288714028841016,0.27488251839564426,-0.04981900258397598,0.3280734883977684,0.2544299273261451,-0.6179222649288669,0.21515114935933152,0.11504999161165519,-0.42539910845165163,0.14442470375805166
2020-11-03,-0.6542580796992682,0.16922983841124,-0.0980416389400845,0.12122927988012322,0.5393348322290394,-0.6462397715358996,0.09749527299185384,-0.12473302084690382,-0.1464652180202165,0.43244850553011605
2020-11-04,-0.5118937572868395,0.1477655050685639,-0.08684185626641394,0.1044290516009635,0.5517778946560167,-0.6579782007534261,0.10298573048293252,-0.1190207590161444,0.0061332145358724,0.6026431769784749
2020-11-05,-0.5070012389784443,0.15263588594529237,-0.08681289285170685,0.09140544375822246,0.556453332155032,-0.654761358261687,0.1140431193656653,-0.11739819383170141,-0.0074484860176449175,0.5988843887169721
2020-11-06,-0.5035873408184031,0.15030780048063835,-0.08170209931541178,0.09773709938601616,0.5497936669155913,-0.6503784657527752,0.08501365664316696,-0.11105702495339803,0.0008762106480237619,0.6029964967665515
2020-11-09,-0.6450975786185386,0.15315356243351325,-0.09318987595505929,0.13171777447616329,0.673570210200112,-0.49554941223114646,0.08356664790622675,0.030494605038782152,0.0008390617864865446,0.6004950049634603
2020-11-10,-0.6322539083426295,0.1265617598423902,-0.09850932980245447,0.00962316756689946,0.6465109570510118,-0.6414153100252031,0.08442015960026927,0.021504738413771207,-0.1302259160276013,0.6037836817235462
2020-11-11,-0.5453779661207645,0.21241244890835173,-0.07131687208625684,0.19436732098464776,0.17236713413293078,-0.5507386483471035,0.20227966114170698,0.23227830934418875,-0.40782437945762195,0.3215529914999208
2020-11-12,-0.5322984978979509,0.21267163737927555,-0.06789887093943697,0.17158310910670754,0.16981290289792347,-0.5277887243838291,0.19788002547720257,0.22123619202566264,-0.41014834583089244,0.3249505721653376
2020-11-13,-0.544332512832052,0.20967212394345264,-0.05597364013268116,0.15104481342112733,0.20740274795320357,-0.5380034171823136,0.18755338812187905,0.22470829025036387,-0.41448739405468893,0.3324156005117094
2020-11-16,-0.5149139400880389,0.3303885093784317,-0.022041635686837396,0.33851970611322785,-0.04933574186606987,-0.5134160364151767,0.3168860831960835,0.42236348609455837,-0.6875977339373969,0.059147303211218416
2020-11-17,-0.5249918140722969,0.3365834897368289,-0.03155717799006677,0.3584881713848204,-0.04943543733557487,-0.5260884655539821,0.3503531581385877,0.3970788275061983,-0.69175878258025,0.061328030765735564
2020-11-18,-0.5071607636683255,0.3362096114028852,-0.021081133265117874,0.3840624585622777,-0.08385917288131445,-0.503304433698186,0.32903704543942164,0.3920845806591018,-0.6897913941533286,0.04380320160258605
2020-11-19,-0.49925195173802517,0.327579235380495,-0.014760671830813088,0.34404164929513903,-0.08813669580976083,-0.46749063131244645,0.32603049898404646,0.391939022738838,-0.6904913018250093,0.0505408461175364
2020-11-20,-0.4974940363001405,0.312113826134978,-0.011366278939635238,0.3238721069690821,-0.08496367430266691,-0.47229879568686883,0.32126152450469886,0.41392334829231847,-0.6875857556999412,0.06253773502817528
2020-11-23,-0.515977512552011,0.3059810719783922,0.029389841919645943,0.32707059199269234,-0.07139845441027642,-0.48930198082480525,0.3101982411681071,0.42124295099528486,-0.7114249462140004,0.07422019594697093
2020-11-24,-0.5280409429344293,0.2884934019664051,0.049533566640323934,0.3321882409153933,-0.04673678739797299,-0.5061740929969336,0.32280453466154924,0.3991438374378101,-0.6958474529538463,0.06463569466170044
2020-11-25,-0.5704916377882058,0.1754765361403799,-0.01118838226360419,0.1393419784268742,0.23568547328197495,-0.5470347850225625,0.20641457390577475,0.19951726726179903,-0.41177988729594284,0.34405886335351255
2020-11-26,-0.5589222162885665,0.17265249064604385,-0.0028104100612690863,0.1465060797746311,0.2190661840523405,-0.5259529684783237,0.1954987130859878,0.196879199953089,-0.40992306512237286,0.3270059924384401
2020-11-27,-0.5202779179304485,0.29202047761326144,0.07442612282817501,0.3414486294538352,-0.05070372241627363,-0.4929087597888759,0.3095088650061513,0.3840110294853109,-0.6901714937594883,0.03264676950835271
2020-11-30,-0.5285466695663582,0.3024050595789077,0.10201341849748247,0.3565101229151274,-0.07547198477935971,-0.49784103950479713,0.3273688129585282,0.3553740104821048,-0.7100890890586926,0.048277358477057
2020-12-01,-0.6056889853339431,0.04698316675105896,-0.004126951000365198,0.20831560306738534,-0.1373309818773928,-0.5664767575653915,0.06235459316412559,0.2530612127239581,-0.7408251656667606,-0.036265734262674876
2020-12-02,-0.6206839364401178,0.0475257971505863,0.0017366035690445925,0.21196718706501952,-0.12256368339042023,-0.5745994391166478,0.07124167689326297,0.2542491453983398,-0.7483909457271176,-0.040482405401949695
2020-12-03,-0.6078792843153293,0.05233555324191824,0.007639825223284102,0.22557408067978446,-0.14931483167016985,-0.5578402580652658,0.06498503768887079,0.24708633447215173,-0.7549042088516262,-0.04768224840361818
2020-12-04,-0.6104169881136512,0.0641247886138121,-0.025061383603784848,0.22139670563277694,-0.12317814744804256,-0.5603778490822419,0.07082652149802662,0.2575627181827296,-0.7617247129388358,-0.053151652740789035
2020-12-07,-0.624169188188171,0.0744429315219158,-0.04569335503189442,0.24295980073001716,-0.11479245935311605,-0.5833220986599146,0.07147258821767713,0.2601283161430613,-0.7519197035838574,-0.04910683179571801
2020-12-08,-0.6324092274590734,0.0660726463036371,-0.04485789729100287,0.27652482120929395,-0.14767883612184135,-0.5954145469207321,0.0716957380988735,0.12846037205099214,-0.759482687343954,-0.032910382526193105
2020-12-09,-0.6262083297366027,0.0646335801793215,-0.04239094473326532,0.28008525244894344,-0.15610770303619123,-0.10372353963885086,0.07269880714684562,0.11941219922568086,-0.756078257527776,-0.042321064328105396
2020-12-10,-0.6194070842682232,0.060865499433873094,-0.049366852515391635,0.2653146185529867,-0.1518973301619129,-0.08610753652034467,0.07812975187408053,0.12702613592742945,-0.2861812534547521,-0.04837594886774538
2020-12-11,-0.6180972924489541,0.06575095998108219,-0.059700312047970105,0.2814449841812023,-0.1633076382428053,-0.09234770399484851,0.08408307570050974,0.26997265757742345,-0.2785551474466643,-0.04924358325897543
2020-12-14,-0.1333807235799447,0.06283435204480609,-0.054780506779936955,0.28388100880414524,-0.19744665460771596,-0.08195916790014462,0.06876800937688232,0.2778619115106688,-0.26574256209771,-0.04003566677105025
2020-12-15,-0.1809329981635427,-0.05838552193397348,-0.08594767081276072,0.08005868181225223,0.09506278738868712,-0.12910293861503808,-0.05219921948682499,0.06851919930510925,0.015291407802761392,0.24763627270333008
2020-12-16,-0.17737911314186386,-0.05893341643557018,-0.08226994755994727,0.07500913529065945,0.0945438292484162,-0.11923166970980956,-0.05225651460497435,-0.08974389348066131,0.02003329773677945,0.24022829265697135
2020-12-17,-0.17414294452375276,-0.06025475183462073,-0.07519815225437665,0.07849914558945692,0.08904505798129408,-0.1152343853907144,-0.054400167986547676,0.05737995133968388,0.02891289723165455,0.2253933498479226
2020-12-18,-0.16848018140947166,-0.05924879125497623,-0.051139182682168494,0.0569632325027537,0.09258412162093582,-0.11034068859647927,-0.05819519715636043,0.0361968256067291,0.028833344140528128,0.23282651722850947
2020-12-21,-0.1610450476683588,-0.03380524457164655,-0.05751644855721033,0.044497977273687844,0.10496649266661259,-0.09476435613609419,-0.06356774147815356,0.03582736388806712,0.006058902544382627,0.21934810203871327
2020-12-22,-0.1661353183760033,-0.04057869917779694,-0.05774140698530433,0.06590222485379282,0.09622390915190579,-0.10411237637015458,-0.054994446836575145,0.03385539111841043,0.010807583412866695,0.21677313920885857
2020-12-23,-0.18691721456640575,-0.03491267324654326,-0.04921508812341241,0.0717315929862643,0.10294268074462762,-0.1357231231591849,-0.06162558921366873,0.029258728326833683,0.013189727411153984,0.2512709588403357
2020-12-24,-0.14569237339893873,0.08347473683812057,-0.020862999083196332,0.28291340491870115,-0.17924779768448387,-0.10467529371619877,0.0670999859720536,0.22196622663873147,-0.24994079809115907,-0.03503509239363006
2020-12-25,-0.137070885286353,0.09300941732075577,-0.010277531077178048,0.27237783180771424,-0.1748294196712875,-0.0967475310082366,0.07531052146610404,0.19621337446171055,-0.24217290750669382,-0.05581287050653577
2020-12-28,-0.1364132242461302,0.08870997564898694,-0.007433735002068453,0.265823749951253,-0.17229011902911476,-0.09188105949803674,0.06514286610173545,0.2075866993700046,-0.2515017461050779,-0.04774340719155201
2020-12-29,-0.14821220917529984,0.09364741698625714,-0.01115167594521621,0.2775385881706081,-0.17070775031891602,-0.10380911306969101,0.06878430828265131,0.20725649447813863,-0.2484684069189989,-0.19487765248953332
2020-12-30,-0.13526820073051604,0.09033641174867277,-0.0203945197636487,0.283719379826863,-0.1753145066342581,-0.09035815003284958,0.060567477759719546,0.2281592809763564,-0.25805303225870213,-0.06339414089163725
2020-12-31,-0.12526923449173752,0.09285574859255843,-0.025701683607240677,0.26927663469933766,-0.1696331363689992,-0.08324690435885548,0.054625783304014824,0.227292088283213,-0.2558720183934917,-0.06432727765879942
2021-01-04,-0.1231485168720674,0.08748445771342164,0.009983447781041876,0.25650620909425265,-0.16190982129708015,-0.09564484611740112,0.057500722650081326,0.2197590403752059,-0.2751339487424869,-0.20539674458496804
2021-01-05,-0.12866609726205033,0.08441828534076928,0.011160724503806008,0.23902428424147762,-0.1345647853313684,-0.10761758140577635,0.05819432103121144,0.22563688475231528,-0.27730131375268646,-0.2002847221176982
2021-01-06,-0.11363045617067016,0.08388711904847482,0.000409038841241105,0.234848468626768,-0.13093331075646186,-0.10130606886879562,0.0593841583578508,0.23208637065832755,-0.28192200253231425,-0.2128233172044204
2021-01-07,-0.10884079975407146,0.08177316657476366,-0.11243802239221776,0.22532784229699115,-0.142165366400261,-0.10183021758963551,0.05997470663363552,0.22788042613687945,-0.28878160324939595,-0.2209001322566883
2021-01-08,-0.11351379635027001,0.08329313391449261,-0.13049765891875112,0.23865058690760474,-0.15254927688260608,-0.09291689144860996,0.06063646192953917,0.22328695307918475,-0.28624635931468345,-0.21014315291590088
2021-01-11,-0.12848873184758025,0.0899906245798717,-0.14468508071236427,0.2298138273217437,-0.11739864131309652,-0.11234432871524436,0.06388783261601189,0.22797580594383404,-0.2841479745167528,-0.20460333335642328
2021-01-12,-0.1360074411064688,0.09175954091621488,-0.1741057134687847,0.23483092504570513,-0.10391022538132155,-0.1140634550296451,0.06347826507821064,0.24606394440084806,-0.2782791388923815,-0.20976670156237703
2021-01-13,-0.1350793683178296,0.0829528643475752,-0.174697738391679,0.23861797561742318,-0.10536618988827723,-0.11260758979408067,0.05823416857356484,0.2579344036481649,-0.2703206451735768,-0.219667880621285
2021-01-14,-0.13384907293044898,0.08749499785383683,-0.1746113861682448,0.24022660843824215,-0.11274313405638392,-0.10885404758212586,0.04855152178488786,0.2529966506458734,-0.2590707562661875,-0.22014138171944925
2021-01-15,-0.14764736644706788,0.08199549395476738,-0.16946031787845173,0.2540966713432146,-0.11313105466023082,-0.12396125655635176,0.049260944916353494,0.2606719645639051,-0.25351326609619834,-0.21831181313994016
2021-01-18,-0.16699920042665214,0.09194037115624934,-0.16755705461890213,0.2583469485823317,-0.09844022493206178,-0.15000849641805045,0.0670280644484588,0.25653137952377986,-0.2606863578947682,-0.21015542942038504
2021-01-19,-0.16537714407914977,0.08238047120602726,-0.1674537260480481,0.2501011135436131,-0.08668026092113273,-0.14910489263669094,0.08193735665093357,0.25505443785603,-0.25262223037512355,-0.22823512519645892
2021-01-20,-0.17360197413331782,0.07124970515271134,-0.17625246807081785,0.2571857658882898,-0.0933649107480819,-0.1526412705243236,0.10213379800652692,0.2533485674610198,-0.2577592625305451,-0.21029795050146147
2021-01-21,-0.15098111615252952,0.05140895954001426,-0.15807127798179707,0.24084202088599838,-0.10387525354548027,-0.12784849868427764,0.09122026412942821,0.25047137501772154,-0.2632626804326,-0.2099037927764779
2021-01-22,-0.1483364541224663,0.05928017894035037,-0.13378622714633745,0.23171185863009675,-0.10423803658803704,-0.1253714915510459,0.0736547671368063,0.24786271155212045,-0.26080604310500977,-0.21997126374647744
2021-01-25,-0.1530953031602804,0.052158571245519786,0.04502415743739263,0.21788642681470932,-0.11298726105845602,-0.12987527393390183,0.054157257994980945,0.2700259513737097,-0.2525361155991972,-0.22075841111447683
2021-01-26,-0.16127955684919348,0.04944428431190229,0.04522872683052076,0.24982288009375442,-0.14121299724454134,-0.14083051166596358,0.0620205159907633,0.24836560502087918,-0.2396760599218943,-0.05188288656622703
2021-01-27,-0.1643259991141945,0.06329148058053086,-0.12535303435132217,0.27568372607315245,-0.1568874080926961,-0.14292355658201983,0.05839157598063177,0.244430249186678,-0.2406654398612657,-0.19164159381949494
2021-01-28,-0.149616053126176,0.039208790206314015,-0.11960057494180337,0.2705088571056276,-0.17306952659276037,-0.11885949349750607,0.07485740231411447,0.23649416690242783,-0.2269743877569295,-0.2129491806133084
2021-01-29,-0.13448144115920554,0.044773732450199,0.05402326761574738,0.26172461603578495,-0.24114112115227376,-0.08830531947267756,0.08208215546234338,0.2280659207929054,-0.2380720179020439,-0.19866979267077953
2021-02-01,-0.19984557663764638,-0.07970368085066956,0.013934982225712156,0.028736828449870522,0.12800988888934556,-0.16017046516359407,-0.04605236264002638,0.04008153263510991,0.027254885655451255,0.09775396743644715
2021-02-02,-0.18745021085978844,-0.08615604990307571,0.014208671587357447,0.028523034846683226,0.11481865702203198,-0.13970310505256567,-0.0478501288704688,0.05147171662391298,0.012876214649701317,0.08926119995621193
2021-02-03,-0.13254398013399182,0.031040625748262496,-0.09969765167639669,0.2324338132101947,-0.1940044569074549,-0.0795100323168571,0.08777524344280788,0.2347239338269453,-0.2635265470749442,-0.19669094811856544
2021-02-04,-0.12931174786944843,0.014583824665988343,-0.10729677389004189,0.23223502412409094,-0.19992792966140555,-0.0755723172711616,0.10296778717576141,0.24197586060944395,-0.2552734695776972,-0.20438025830553
2021-02-05,-0.15647032458932045,0.027291310582796435,-0.09321283666340252,0.22873609649896018,-0.18289086504374052,-0.10495536678764678,0.11436334770540921,0.24832916045568476,-0.14599180601261724,-0.16519871614612316
2021-02-08,-0.17806164832983143,0.06197166832300188,-0.04275244969908576,0.1967433810824899,-0.15718366710058598,-0.1307584500951902,0.11467851839741808,0.26492879526186286,-0.17459716000907344,-0.184968987831006
2021-02-09,-0.058207913110800535,0.07543305242131962,-0.07710321539614179,0.20607613178910558,-0.11749885494579393,-0.010143987527271525,0.12039575636760555,0.2778556683859428,-0.17056088448539458,-0.17624575349857113
2021-02-10,-0.06754447410690295,0.079846079017898,-0.07752053106179074,0.21163164166234366,-0.12269899441327603,-0.02832230301099764,0.13762800015687607,0.27436573079375803,-0.1682009673988794,-0.019184181639029074
2021-02-11,-0.07174989251629671,0.08156594788024493,-0.09735710000488634,0.24355109271800782,-0.13716428241466233,-0.04320902875749438,-0.0311176867410691,0.28369996118845997,-0.15452031612591013,-0.0036986952263936
2021-02-12,-0.06877381204205824,0.08100341981263179,-0.08443959857383726,0.2629052463358396,-0.160486274803789,-0.04063495580199217,-0.029110175413699896,0.2895208311045435,-0.16518713784559985,-0.1647975427720386
2021-02-15,-0.05140058681872095,0.05503119254857364,-0.09585055066146111,0.2565197857093065,-0.15564416580069723,-0.014715415900932116,0.09033677910562679,0.29674728355327123,-0.14808501645467553,-0.012939305280291469
2021-02-16,-0.07123585761525295,0.06337721491089637,-0.09710117886673647,0.20813101273160103,-0.12718488319815907,-0.038144568089829134,0.12461284091269939,0.30296096023935715,-0.1502072580539628,-0.1452082829706135
2021-02-17,-0.08083043642104826,0.0886264856848327,-0.10139498924944323,0.21869682315886663,-0.11536396751801586,-0.07397231945902341,0.13601395019302345,0.29532679909325726,-0.13722156689245157,-0.15988077858999777
2021-02-18,-0.07326685573419417,0.1017866654400835,-0.11337981870602251,0.21728564425259808,-0.08682119431257385,-0.06690656525460176,0.12760773168822673,0.280958467443366,-0.1307471258906973,-0.03651694892618479
2021-02-19,-0.055313581191240524,0.0975843386931736,-0.1526579140846928,0.21646990783418987,-0.07013762757773706,-0.049348502540796035,0.12868516531688237,0.2733313318294553,-0.12925790469928428,-0.03935521357995053
2021-02-22,-0.05812331769797158,0.10129016284154216,-0.16233485587557656,0.19833311219725916,-0.06189870676215453,-0.053202240264786205,0.1295562197661345,0.28097040374373594,-0.1161324518552384,-0.03845832609294453
2021-02-23,-0.06189000819850826,0.09374127337322388,-0.15721135465611016,0.20539200050666967,-0.06732450581987659,-0.053866573421771424,0.11846753748363822,0.28365938519060624,-0.10389935001932377,-0.18706840443854794
2021-02-24,-0.0712913001356405,0.09790230848847939,-0.16080076146010816,0.2101186409535847,-0.07527769819643076,-0.06180031363255878,-0.02847464108511935,0.2892149057296337,-0.10376111019862733,-0.17583003046321305
2021-02-25,-0.06500435136819194,0.08979042480011148,-0.1755263849031056,0.22465380161262097,-0.07923602976868066,-0.057081438330450485,-0.04007242201611133,0.28937245188700594,-0.08288243667618983,-0.18401361523700865
2021-02-26,-0.050747026386022465,0.09917471623673121,-0.19193857181573334,0.2235891079113409,-0.07297201390684843,-0.0438973860101195,-0.06492840149035957,0.29678090738503055,-0.06945425192594973,-0.20560707999806968
2021-03-01,0.026755089041651803,0.33978169641632394,-0.09825655059617747,0.3432368218959242,0.011932093963636592,0.029298756464176845,0.18953750632444624,0.4171630082778807,-0.0195296047436192,-0.11991881704424362
2021-03-02,-0.016438567536102733,0.2216307200445172,-0.13126885966880078,0.12825411942331874,0.28604393038192877,-0.02036369403099142,0.05361744407435437,0.22042403092250146,0.288653541240811,0.16944733514846338
2021-03-03,-0.01951708487330095,0.2112194415354813,-0.1286467858949582,0.14264661911951834,0.2771327175957644,-0.01934363635472902,0.05832620791973035,0.21188608199576736,0.29640707138013134,0.16988936757659504
2021-03-04,-0.017006780349849815,0.19674945402167004,-0.12169668276208453,0.16945371211055535,0.25211058603235703,-0.015667003295188886,0.04935575618534592,0.21220610034389342,0.2989382196131001,0.17555663810020167
2021-03-05,-0.019133167458289413,0.19446221999971913,-0.0947073730725077,0.15123114835924772,0.2388330705406452,-0.02278944051891113,0.041337649410828445,0.21387540091990637,0.2965398396327187,0.20035065218664277
2021-03-08,-0.021866576070509514,0.2082924541073893,-0.10080108526966386,0.26547999395733535,0.2753495654692646,-0.023963813174864457,0.057195316370791546,0.20540836016484504,0.30950628450020345,0.17539949994520865
2021-03-09,-0.07435042065924585,0.1010764514691988,-0.13831476186660915,0.07040644904019422,0.5487592152254072,-0.0808432895224766,-0.05861582329179148,0.013372148386145088,0.5990429030454458,0.4494671281737319
2021-03-10,-0.0720009543567221,0.10406831414316486,-0.13553949327345516,0.09012705858563502,0.5413039011847733,-0.08310320605714455,-0.06425592150649603,0.007414627063146884,0.5970191055731033,0.4449665686439944
2021-03-11,-0.07510337181099397,0.11266971316016267,-0.1345641259509656,0.056358276372843186,0.5524160359807546,-0.08705810924737742,-0.053940053998918325,0.01117921165453456,0.5907221733948329,0.4573202504451275
2021-03-12,-0.07001325080873155,0.12489956460972235,-0.14387043198494803,0.06949686937315852,0.5614579257562864,-0.08920884989759886,-0.05216813328330833,0.007321119595868397,0.5782475400405476,0.4438376465990036
2021-03-15,-0.06589291351185755,0.12800799688434178,-0.16697943126048773,0.06827530706050927,0.5709119891638481,-0.08514504010003923,-0.0497610161374854,0.020651343492175234,0.5823609852416177,0.42757077916737773
2021-03-16,-0.059636779601818346,0.1315855080619714,-0.16840005418629347,0.04729929880132788,0.5830113828755104,-0.0752638609365493,-0.04709791950448515,0.023325168809936514,0.5641781423236065,0.43099911335679353
2021-03-17,-0.055253579591825364,0.13101643425279713,-0.18277949680990252,0.04816696076529314,0.5882434952051576,-0.06561008023812076,-0.041975518688239774,0.028765487426739234,0.5511433730821882,0.428282924595913
2021-03-18,-0.05477191350461741,0.12952885773082895,-0.1939934866735458,0.06626557861549942,0.5848199423002698,-0.06226971914661905,-0.0433396550425421,0.03258091640268279,0.5454925188142519,0.4256869605037914
2021-03-19,-0.05434116956560592,0.12336761055723838,-0.1894627146762799,0.0568012485091649,0.587198153221975,-0.06145388109037048,-0.04069639310124301,0.026753539748675115,0.5553304340453666,0.4265031723510791
2021-03-22,-0.20551370298417762,0.13304078379528106,-0.1902936276792825,-0.10512933395260116,0.5888617392266631,-0.06345075967507485,-0.03823173409371908,0.027165914516312617,0.5546554590384324,0.428895261808166
2021-03-23,-0.1790827933821894,0.26090211841386524,-0.15178885088588132,0.10833356550493572,0.30184606475308484,-0.1843816353054355,0.0897253748100725,0.23370522404140553,0.2721916989373214,0.14854923311282103
2021-03-24,-0.22342932880670652,0.13893864116148974,-0.18818343568012189,-0.08847902837327357,0.5769208285153349,-0.2295115028471268,-0.0304320722070551,0.03528063326720021,0.40251772739003355,0.43637753758022524
2021-03-25,-0.22291228755642517,0.15091524026559683,-0.18757022839450138,-0.09071666495971847,0.5771696270488651,-0.2320455260183914,-0.03380142703980571,0.034766655895307697,0.402196844713284,0.43199776604578866
2021-03-26,-0.22549155586358882,0.15868757960807284,-0.1912652003786942,-0.08295963570104217,0.5721680426728909,-0.23749055479079156,-0.03625797615024062,0.043477532889897974,0.40870734064895653,0.4204244270645391
2021-03-29,-0.2289110483636843,0.1494980177814006,-0.16580485770199396,-0.07387189607022429,0.5667784167104659,-0.24344759347318407,-0.04393168493424289,0.04881857719233518,0.4015191255671159,0.419352943292012
2021-03-30,-0.22886700282844014,0.14761828020877954,-0.17826221613730744,-0.0836705327736253,0.569389363956119,-0.24083646781581713,-0.03598664339687263,0.040813603941524335,0.40382323532173114,0.4359783795239086
2021-03-31,-0.23093232855888668,0.14696885223079742,-0.17634866757756654,-0.06869843273573906,0.5646763396690455,-0.24313950174804744,-0.03661084190693291,0.03829822626841273,0.4050427357106118,0.4307436186483051
2021-04-01,-0.2238970450843515,0.14163490225237907,-0.19690327940777613,-0.07023500285407794,0.5705207129074089,-0.23063819910939196,-0.03781380177293783,0.039346184065968015,0.4138433895207979,0.42414213948198143
2021-04-02,-0.2296461761261282,0.14483227758035783,-0.20509530704353235,-0.06059397833582919,0.5631501071009205,-0.23464374199364693,-0.027990248387425004,0.041260716340141,0.4138734514010919,0.4248528994640505
2021-04-05,-0.23870654807456634,0.14379970827989536,-0.1930598614057005,-0.05759185961151586,0.5570447424985978,-0.23992970058353508,-0.509726706831624,0.04556489955899379,0.4166257537582311,0.42597957241122386
2021-04-06,-0.23572074035975826,0.1439092455349742,-0.21387866539923628,-0.0509220332634262,0.5530409540048591,-0.23493116592896485,-0.5030180953247436,0.04645761347740318,0.41741454868432026,0.4276483385745725
2021-04-07,-0.23567842071608097,0.14181972068748783,-0.2039365837343341,-0.051464200146872946,0.5538436874242509,-0.239502935135069,-0.5058733277565605,0.04692799578696083,0.41864042175818383,0.425223641832034
2021-04-08,-0.2413239124668054,0.1442036431622351,-0.2095418310006465,-0.027689598863772424,0.5336932348864161,-0.24514665947055486,-0.49431542986763355,0.06009192644844752,0.41960075358265436,0.4104278735896597
2021-04-09,-0.23961555491974118,0.15450810191767833,-0.20613921250860096,-0.0020998015401423875,0.5152000345017416,-0.24813149041520305,-0.494756155066036,0.05259615660212619,0.41277144388152665,0.40566647754665086
2021-04-12,-0.23904486677119471,0.1585464727339822,-0.21043190249490096,0.0031973588616940884,0.5120944793464807,-0.24662885520517397,-0.48349967725597337,0.040278181752842535,0.40815036227407436,0.4073384467581693
2021-04-13,-0.2293314948887517,0.15507575413008384,-0.21632786437621387,0.008296721386928996,0.5171435312069513,-0.23631979869210665,-0.49375833656052,0.04190135780493276,0.40226799696395,0.40105213302474524
2021-04-14,-0.22378513332587985,0.15315072704852994,-0.2142574116142393,0.011478336860454297,0.521079367284355,-0.23059456912095705,-0.49723253330831996,0.03664778160111165,0.3925666954677921,0.40094673910715317
2021-04-15,-0.2227502987342379,0.16059183347034178,-0.22351296410300914,0.0362954180957501,0.4825985349861431,-0.22363511327538466,-0.4981262728143603,0.05130512886041305,0.4007636863402476,0.3864700471740964
2021-04-16,-0.22276142235949287,0.16080660823648035,-0.2082491872053952,0.03976049641171964,0.4870569547348279,-0.22027180811247168,-0.5106740068846379,0.04120026708398494,0.38820354679190017,0.3949285513030847
2021-04-19,-0.6965585105142746,0.1613130552649883,-0.1992254839816129,0.04273827528273849,0.4786526550073537,-0.2164676805672296,-0.5385690898610092,0.04206091482169977,0.4026292195565808,0.3934266449907651
2021-04-20,-0.6911672842932781,0.15572562896156533,-0.20878987625469833,0.0448238734545795,0.4806607259795791,-0.21200070837462426,-0.5320845719670133,0.043191177892116905,0.3940875011753544,0.39555353342641897
2021-04-21,-0.6836253536172776,0.1553603267622931,-0.20973760040951867,0.05019555015702698,0.4751605255385618,-0.20893080684766313,-0.5295858197739284,0.044250826068206184,0.3901959266871998,0.3867164254351
2021-04-22,-0.6442133064695307,0.27392521956774674,-0.17567651937541534,0.2536787878093752,0.18563991494302132,-0.6459695590996355,-0.4031772149836025,0.2480252581953456,0.120229536992289,0.09753788242040623
2021-04-26,-0.6461079089582706,0.26154784023459954,-0.17974477532589234,0.2537992587085347,0.18671025841283725,-0.6442280871674992,-0.39787337292046865,0.24535992917547345,0.12657160586319466,0.10396525197749129
2021-04-27,-0.6525084081842523,-0.22879408302897428,-0.17674391785083599,0.2475318287142233,0.19860356472426538,-0.6483550548032094,-0.39177367354118575,0.24279490723118718,0.13108040331759213,0.10816443342118962
2021-04-28,-0.6544866442586702,-0.22434033380005639,-0.17191650140997297,0.24591488251382454,0.19777533269208974,-0.6511412629610496,-0.40091381060197795,0.24883177699358094,0.13152783588220462,0.10874872495002733
2021-04-29,-0.6519845055068891,-0.2221401299612863,-0.17918398775568092,0.24120099973367204,0.20782251315065706,-0.6494001199526315,-0.39557171232335986,0.24761083938711537,0.1269624830477569,0.10468362018064625
2021-04-30,-0.6512848629961296,-0.21991612625218668,-0.6588276636275279,0.2508486647542613,0.18120525310537117,-0.6495177067321759,-0.3960160233399187,0.25219823896145876,0.14282167151598602,0.09848855461086162
2021-05-03,-0.6915594986888309,-0.3372580035482902,-0.7007784307019831,0.3271844683907175,-0.18573051053996711,-0.6928960283310249,-0.514653012912894,0.33462824513091854,-0.19995387946755022,-0.2689833493310956
2021-05-04,-0.6906495658195171,-0.3344465099533299,-0.6969562879319535,0.33139445148429003,-0.18836528476397352,-0.6943430234685868,-0.516196078281857,0.3327738996465315,-0.2076781535540929,-0.2655334473575107
2021-05-05,-0.7307308385967168,-0.4542929945041217,-0.7354042081754026,0.12833691802875996,0.10261413171017222,-0.7342281667334909,-0.6368495637315217,0.1282483005875727,0.07112180918973113,0.011184612225017848
2021-05-06,-0.727803941264543,-0.453356929110416,-0.7357631150050095,0.1294851113082578,0.10140198780325388,-0.7284202400133337,-0.6410020099879763,0.12437284705935309,0.0738277428405735,0.007258546369840135
2021-05-07,-0.724937123860761,-0.6098643326959537,-0.6041541041156347,0.12283390467966171,0.1092556982738809,-0.7220853620190555,-0.6386982501237446,0.12540844436304843,0.0764702862441152,0.015770839254443392
2021-05-10,-0.7329168444899774,-0.6064292044226949,-0.5908107633060775,0.13066930336741184,0.09269734174230274,-0.7301820151074989,-0.637239921329201,0.12013026114920394,0.0803946413140916,0.023687201082439713
2021-05-11,-0.7331357705505561,-0.6090718517600539,-0.5941491570899501,0.12567788038874844,0.09833592985921011,-0.7294256440681439,-0.6407412165472463,0.1250897018005075,0.08346375660364,0.02395637136384432
2021-05-12,-0.7344349736200453,-0.6059950519133308,-0.5951776266933806,0.12772935466225627,0.08978442016301924,-0.7283908354342861,-0.4820327846341387,0.12346511298745882,0.08877707205424537,0.016275312428201794
2021-05-17,-0.735676510333729,-0.6032822601495063,-0.5919056942182999,0.12627356110612875,0.0889291878845499,-0.7270548092572553,-0.48577875611552657,0.12892093314616193,0.09054390173019566,0.009030446207280662
2021-05-18,-0.7370518385925102,-0.6059007724706776,-0.5921054477532386,0.12344277220687844,0.10137256899719072,-0.728454621930209,-0.6355409518579656,0.13721923145507126,0.07776241406454987,0.009256645880910908
2021-05-20,-0.7304960487832712,-0.6082570577921784,-0.5950829121705862,0.12028299861051822,0.09870114989037845,-0.7205193153593199,-0.6485193461750395,0.13987783972726803,0.08807284702615684,0.005939845026073809
2021-05-21,-0.7259358497940822,-0.45787092502703575,-0.5884206276072393,0.12888062827889785,0.07484624353323924,-0.7136739806130733,-0.498725446944476,0.14545238835058166,0.08882277198354163,-0.003375202160353738
2021-05-24,-0.7195969219922341,-0.4566142796840731,-0.5800642425323046,0.1379308970863693,0.038040140069803635,-0.7062266609839414,-0.4944047220385783,0.15078191596712698,0.08615224448371955,-0.005998370375888004
2021-05-25,-0.7190542688772956,-0.5993660666928542,-0.7348762999391754,0.13674170825092835,0.028576301026632223,-0.7077434430147119,-0.6435156940538015,0.1558434895802555,0.08455808201457105,-0.0011638082945487072
2021-05-26,-0.7077175513750993,-0.44501405392150734,-0.7274813110573646,0.1417296431269932,0.0033017934720080133,-0.6910886206709521,-0.6405483619125538,0.1528835206229488,0.0719350494826505,-0.008000107767123468
2021-05-27,-0.7153421041372489,-0.6022710848891015,-0.7260388107893267,0.14721548097269388,0.030183450629571035,-0.7021087285096363,-0.6402975728212686,0.15106928803725167,0.058625611460349225,-0.001035529953283626
2021-05-28,-0.7131555172979778,-0.5885047617708553,-0.7297278812576389,0.14653700012459697,0.034384876205766524,-0.704305217211802,-0.4960939111612235,0.1485842141207509,0.05093805031615975,0.0013431479322232182
2021-05-31,-0.722940220724881,-0.5881738847519928,-0.726122993477423,0.14315357233305787,0.050990435209117835,-0.7095124523980255,-0.5012990511647545,0.15263569844327163,0.04612604115807098,0.0051428553735586024
2021-06-01,-0.6376720749804976,-0.36060177032613194,-0.6460080065088245,0.26773171774076693,0.12494415584364205,-0.6269698813866609,-0.25216030911527154,0.27415972948644446,0.11960628279839541,0.08697015644813755
2021-06-02,-0.6387470762757067,-0.3543545999065265,-0.499051255007671,0.2690393453405505,0.11094891744613761,-0.6269885398171361,-0.25104622828463724,0.2657448796380849,0.13199177663808448,0.09246278022882001
2021-06-03,-0.6350852123186578,-0.3650018496031142,-0.5025019917208797,0.2692729667847316,0.11556774856977178,-0.6208887330186303,-0.24188890664185608,0.2742243786296823,0.11922595332685923,0.08707564599209319
2021-06-04,-0.6767470532762991,-0.47942927150695064,-0.5507928856608286,0.06160226974910121,0.41567391386532915,-0.6635278136058858,-0.36960586017401803,0.08280065881199761,0.3936043238583686,0.3664217179391856
2021-06-07,-0.6422240196251303,-0.3621230230123308,-0.5095398352141122,0.2579490704788988,0.14689742361145489,-0.6283311469378284,-0.25381878604295505,0.28288477319920424,0.12156658041487042,0.08673896312792842
2021-06-08,-0.6374815043332498,-0.3691031021693577,-0.512362463980657,0.2549129201573968,0.14948797862744279,-0.6199735855333928,-0.2503045151198038,0.2857492046972654,0.12728934459984703,0.0717857230545091
2021-06-09,-0.6342271323137281,-0.3686329794250234,-0.5043965795119882,0.255524982561094,0.15278485418888135,-0.6171041503870232,-0.26450979154191645,0.2828672568756353,0.12441419600917519,0.0732793435448933
2021-06-10,-0.6327142645985665,-0.3799943098888263,-0.6393614470597242,0.2567573383157639,0.1544928144423254,-0.6132084230862582,-0.275637083670462,0.28600575694844493,0.10694713537207998,0.0867124832252229
2021-06-11,-0.641972383140054,-0.3836011778544788,-0.62394926573847,0.2520746384665054,0.17165036754614915,-0.6247672199604313,-0.27854410063810425,0.2801363287845427,0.11550700270527439,0.08346580982906662
2021-06-14,-0.6305869413217633,-0.37894507048374315,-0.6155252149218673,0.2584804527921988,0.1433493206280841,-0.6143881990978449,-0.2864179215399757,0.2761720869148846,0.12488859849542708,0.07297288853459971
2021-06-15,-0.6320267142329845,-0.3868971052244522,-0.6056884826030693,0.25211591872797184,0.13618812088733742,-0.607613175262266,-0.29102786287881255,0.28602157779156157,0.13169097403772267,0.06723674875699105
2021-06-16,-0.6325549459198132,-0.3811698408015679,-0.582611108917011,0.2562273475147895,0.11127948663848028,-0.5986991160175943,-0.28807480458967205,0.2799644342636355,0.11866611699909096,0.06697243082966216
2021-06-17,-0.6336511016701538,-0.3780227379108676,-0.5966662486619972,0.25356944939740544,0.06793258599326342,-0.6016819508682791,-0.2609306662969561,0.2900900889990091,0.14571279889767697,0.06364778212089893
2021-06-18,-0.6162973003141764,-0.36836129246220306,-0.5837687786843186,0.23452234293379792,0.02561419347838706,-0.585863910826147,-0.25683291843572253,0.2832053660017645,0.16130500197492953,0.056477296333688656
2021-06-21,-0.6342562758678274,-0.37234027647178125,-0.5755906316323379,0.2403472878397414,0.05368305606977661,-0.6144538731155875,-0.2806890358708549,0.2792325723754211,0.17494274692607598,0.07912442974737396
2021-06-22,-0.6195977402811912,-0.38572083048591477,-0.565260049243747,0.2330021432348951,0.17313314071427788,-0.6046505854397748,-0.2724675217075063,0.2746914976266287,0.17230985448209565,0.09456009110023664
2021-06-23,-0.46753856533609045,-0.24022075725415812,-0.4194264009194479,0.23242041844755723,0.17454531450198657,-0.4528221395683702,-0.26430531803251867,0.2842196408107214,0.3205400762122962,0.082587731138024
2021-06-24,-0.41572207148234763,-0.2603741709295822,-0.4120592287666106,0.35060472560952455,0.1683819580906138,-0.40075943192487284,-0.2759683248167748,0.26146707499224775,0.32441653737597576,0.060012931851826185
2021-06-25,-0.4050679148157348,-0.2552010966473917,-0.4190319073617462,0.3463974698290257,0.16713661355534526,-0.3819228245134766,-0.27450220375699974,0.26023756528775677,0.30646017315542595,0.05549412526779543
2021-06-28,-0.40728601141408366,-0.26489009645786055,-0.4478648504669772,0.363561255465772,0.18068329407615843,-0.3757352300899874,-0.27275957517995697,0.2584567122646834,0.29751624240771557,0.21831825939453622
2021-06-29,-0.4083660823512828,-0.27629939413786775,-0.4460017127920832,0.36803904907834756,0.19772768727320503,-0.3604119929698924,-0.2693352781082743,0.2433454106401705,0.2776086508916288,0.2236936624760487
2021-06-30,-0.4025907251881638,-0.2758072384303638,-0.5002934612765073,0.34518541896624577,0.21295225453256847,-0.33558096043495844,-0.2566906557042393,0.24620295743701492,0.29647325524228885,0.22014915485611455
2021-07-01,-0.3938477811446394,-0.2740665672821399,-0.4663045939811098,0.32074798707175123,0.19723002270625087,-0.3289009378456785,-0.25810662835364545,0.25531785210111746,0.2979079291024118,0.2000227176256816
2021-07-02,-0.39627954928578935,-0.2769710670123735,-0.4690144254357749,0.3129281016518809,0.1970156752364761,-0.3175198438469216,-0.2679302450102429,0.2547817090957548,0.2920464851523382,0.22094315945465223
2021-07-05,-0.12307133267058225,-0.2269755895538879,-0.18116051655653365,0.3991625765560745,0.22134675672700693,-0.04633571224625786,-0.23216958556442235,0.3328333337562003,0.3431562780618882,-0.2167862085094859
2021-07-06,-0.12638782236554771,-0.22398646909212055,-0.18058505630273405,0.39974199709295855,0.21981837581858507,-0.04905362763564855,-0.23989197841119328,0.34046059577113225,0.34197654339150674,0.2679074417330616
2021-07-07,-0.12340471784452321,-0.22012169568416384,-0.20149166312484026,0.3917556438462501,0.22363770601168265,-0.03653145379375402,-0.22631159716034696,0.34081031458116595,0.33568694954023875,0.26597051362829083
2021-07-08,-0.1202000287054478,-0.21637144586854717,-0.19011470685009893,0.3800815743128754,0.2319261979716033,-0.03125141091426015,-0.23924033862070443,0.3356269856155339,0.340982786903561,-0.22143961384451516
2021-07-09,-0.12204553973086112,-0.21012057289642885,-0.20766670341041044,0.3917954791496377,0.23828156426108477,-0.03431101729349403,-0.23515137164871713,0.34025330638583096,0.33407308609206726,-0.225108230908709
2021-07-12,-0.11976668093860664,-0.21838591906105057,-0.19875002778584686,0.3841213015783314,0.25324054785466227,-0.028901077534020023,-0.25310513329234036,0.32972002868968603,0.33678736576631096,-0.21496040527712626
2021-07-13,-0.12062872720510243,-0.2251537951525701,-0.19804911412837276,0.3581713862942265,0.24680354652493858,-0.023773441538644014,-0.2436469721984274,0.3348913754831312,0.3572916138776519,-0.21590587195683156
2021-07-14,-0.11448214698701142,-0.23242685412330788,-0.18337056448366723,0.35603978216170246,0.2661828069296003,-0.028940219206755855,-0.27193451511907524,0.33357289920001815,0.3465447922633181,-0.2011859806348214
2021-07-16,-0.12033981911196948,-0.23982185548906942,-0.17481622135063168,0.3323249296867981,0.2362390160713035,-0.02510284914160361,-0.25189900217845695,0.3409104517942528,0.35674946084986525,-0.18424411113048855
2021-07-19,-0.1305528375030512,-0.2362982465453167,-0.18988010509867184,0.3324667531562594,0.24116352598788723,-0.02212555556297297,-0.25021372383912016,0.34191523171241406,0.36706930785564135,-0.1835443501630693
2021-07-26,-0.14553442192352642,-0.2544470507159714,-0.16802038685626253,0.3175669339150762,0.2634851660784014,-0.03601992121459181,-0.2774823764049251,0.35087656296847586,0.35504027974897495,-0.13546478559565114
2021-07-27,-0.09536013277663904,-0.11359237961264912,-0.15009096630309818,0.5202743927207641,-0.045450403054328514,-0.010844487949801425,-0.15243657917991715,0.5503789998988899,0.10411374766827758,-0.4169921914114981
2021-07-28,-0.09439309946509034,-0.12993954195758559,-0.16753117285172364,0.5163228620901428,-0.029731645836047704,0.008134696750242497,-0.1308791432847119,0.5329986795949563,0.08467519421924596,-0.39965682925942825
2021-07-29,-0.11777509915241419,-0.10721962329180912,-0.17117426522980175,0.5505164046308362,-0.05368068890809177,-0.013438319978096407,-0.13655897990492277,0.5372162466433132,0.11666330551637727,-0.41454898032539056
2021-07-30,-0.13109247934597731,-0.12244325689360888,-0.18416474385004453,0.5469500239347826,-0.014497044715490737,-0.002307827661756086,-0.1343783129177093,0.5168485866206755,0.10816774649223415,-0.3930826916631054
2021-08-02,-0.19903846731301023,-0.36798942457401596,-0.2610067172247396,0.4068863116762065,-0.08677977365984785,-0.09290768415701323,-0.3800479318720448,0.4000060421163254,0.008024507173216955,-0.4371468621650772
2021-08-03,-0.19237346419852147,-0.33618207361672375,-0.2562465219161536,0.3700329793532067,-0.09202086878907556,-0.08769961031363069,-0.3718008298835604,0.4039300846580395,-0.04298449806751886,0.07534480277393824
2021-08-04,-0.17730012211722093,-0.33972923135761035,-0.24005829680072882,0.36717612345004846,-0.10087054869131379,-0.08180955355581707,-0.37252519813073665,0.40160478134038896,-0.05229952782164671,0.06581157368463686
2021-08-05,-0.17467058687121273,-0.34089674843098594,-0.2576902262378949,0.3877449342950716,-0.09216084310380251,-0.07639489279220982,-0.3714142380220553,0.3972666714731528,-0.06047299735985329,0.05868892704979012
2021-08-06,-0.18874860357123222,-0.3355138700502094,-0.2527648042462205,0.3915186791955729,-0.09632359170752341,-0.08997166344903829,-0.380795332014845,0.4040932827545658,-0.05390881189806246,0.07241471498699242
2021-08-09,-0.19462176397274084,-0.3240801504210479,-0.23865224003495472,0.3870971585063198,-0.10667289538814229,-0.10043400648062986,-0.37546313646071844,0.4074498399024645,-0.07181536107374281,0.08719255542319265
2021-08-10,-0.11839722323019466,-0.20259404757023364,-0.16578539943383339,0.48902030750205727,-0.010688155040610492,-0.0453851097669145,-0.11838503224936253,0.52589661077513,-0.024292638871885264,0.19061068788584729
2021-08-11,-0.16550806269781848,-0.3160024071994087,-0.20193853669833808,0.2573483005801679,0.2800498625084783,-0.09263386419131116,-0.2224942926944227,0.3292320114538402,0.2558656944032093,0.47608129453560344
2021-08-12,-0.16322905693093553,-0.31592413210142406,-0.20993228856161417,0.27285388608220623,0.2696862719102071,-0.08408780142410212,-0.22471715449547905,0.3239359708685858,0.258673826384106,0.47274047826844967
2021-08-13,-0.17197720113797335,-0.32714302377306614,-0.20532152621107408,0.2664479489896962,0.2791373150294268,-0.10547869320028876,-0.20840942451292715,0.33737532639303536,0.2511611553494529,0.4842081230737181
2021-08-16,-0.40496596127829787,-0.2253096159430209,-0.4457175401471868,0.38412730192797606,-0.06266375416196213,0.13425482455304388,-0.13650740726684674,0.4667493892247921,-0.06511896580287468,0.005151728894376928
2021-08-17,-0.39343223134882255,-0.22895599809427114,-0.4609377338815071,0.37259853848151814,-0.04662764194108543,0.14112110645234482,-0.12572330134006793,0.47513505541267204,-0.07745319990256289,0.14427540616178203
2021-08-18,-0.3874057537524341,-0.22092155595566265,-0.44992588319344595,0.3721039387679721,-0.05668482328717428,0.14575040070741185,-0.1295244375488982,0.47193432937638413,-0.08334989720089794,0.13802368208674498
2021-08-19,-0.38980543205921225,-0.20870275551331863,-0.4456763798700624,0.3653337060488341,-0.05689267381797869,0.13857780829989552,-0.13079586417009686,0.47358238009371684,-0.08298396145496281,0.1373631724431852
2021-08-20,-0.3970039357249935,-0.21090367638658536,-0.4590133479462023,0.3813673039073123,-0.04928049256457412,0.12606011700293346,-0.13023085158834025,0.46554727466799134,-0.07866632682762023,0.15212393546007863
2021-08-23,-0.11266569070174798,-0.16276386392639536,-0.1835582663542955,0.46334331501769915,-0.024997704458301684,0.40865221946707164,-0.09338413492151171,0.5503296070141985,-0.03001247158853837,0.18505699045182133
2021-08-24,-0.16552787330406168,-0.27137109949175076,-0.22758289177455013,0.27715788854826157,0.2611080475805219,0.35626784856777377,-0.21102011608452745,0.34151871638990733,0.24698938444637633,0.47246009512204923
2021-08-25,-0.15915204350727358,-0.27324825666289826,-0.2318619140822209,0.27410067623386447,0.27149540488631185,0.3599357063308064,-0.21678973477119018,0.3454894538423771,0.24220308706474272,0.4678276206654804
2021-08-26,-0.11716767995712202,-0.14802278432653626,-0.19637335696440025,0.4608686147004038,-0.005297304007344794,0.39772558436230576,-0.09473916291309828,0.5349912066965554,-0.022484327216242495,0.19049920962547917
2021-08-27,-0.1223749559524096,-0.16905912407964963,-0.18347778123799663,0.4690544975406141,-0.008207248152785895,0.4022725097685945,-0.10060594024516384,0.5377995005649905,-0.0238441460099324,0.19844268780373897
2021-08-31,-0.39699876821288427,-0.2112794862952435,-0.46336842384099486,0.38330148375424417,-0.04235425663518433,0.12046429518318941,-0.13883333459338082,0.45008074463032594,-0.06201115882834579,0.160998904838274
2021-09-01,-0.4745337452623966,-0.44355102582474126,-0.5442753510614762,0.2606627474386216,-0.1365481409973885,0.04430668500298701,-0.3741002668225073,0.3269269249199557,-0.13602934904919473,0.07714152165614019
2021-09-02,-0.4707031867452235,-0.31651217733911546,-0.5352783892616797,0.2513165311772511,-0.13495223621014868,0.05117241946061768,-0.37092499137718515,0.3301738668312627,-0.13334372932112054,0.07905189278534136
2021-09-03,-0.4668569967534455,-0.31599287350455296,-0.545085430294545,0.24962703491828525,-0.13445551953995755,0.055284386087375126,-0.3593414143313859,0.33210647006934074,-0.13934627972552033,0.07406062307440608
2021-09-06,-0.2375278536907584,-0.3996641962304204,-0.29387535837532897,0.1323903187498428,0.19121594731192676,0.2872830406561546,-0.43844433127210347,0.20326248779477507,0.18039548269385397,0.4049644623620579
2021-09-07,-0.19374865797633878,-0.2736779000493186,-0.2546315279639529,0.3373757948086018,-0.09455321673041522,0.3278533483074789,-0.3175467311309735,0.4052008153050806,-0.10774241692740028,0.12147049235723795
2021-09-08,-0.20053550082330163,-0.2577829396398247,-0.25379233120155437,0.3451399072473601,-0.09119025429271782,0.3200044875949717,-0.3163942698663027,0.3984299450682992,-0.11672402053413955,0.12284497644720982
2021-09-09,-0.20057267985686972,-0.26863104873892873,-0.24861913325096718,0.3501078542682034,-0.09292643432849429,0.31434315205325203,-0.31673310075956873,0.3937095627188243,-0.11089075563213718,-0.01978741647331378
2021-09-10,-0.20841186702464412,-0.26559941394432796,-0.2500646727491297,0.3512469421229122,-0.07773144356994377,0.30692715606887866,-0.31550394914304875,0.3895387635756186,-0.5941158515647629,-0.016285663771552217
2021-09-13,-0.20770381468101662,-0.26813930329716157,-0.25202995594592564,0.3570425787027492,-0.07917491283222783,0.3032727277369257,-0.3156610362234247,0.3941354320175794,-0.5961461090861486,-0.01559560639134927
2021-09-14,-0.20875861107007748,-0.27510932755929673,-0.2531521502884737,0.35622236373024035,-0.08523157087541855,0.3077738531721772,-0.30972412171104047,0.3938156890797557,-0.5910919799705516,-0.014744144507314705
2021-09-15,-0.21124294869264595,-0.26533200635185555,-0.26843566255915996,0.35466492252316706,-0.07991610118076659,0.306206214597293,-0.3057114397542712,0.3949056397190389,-0.587579081176381,-0.017559537124418878
2021-09-16,-0.20908022315134928,0.21832477526307553,-0.2742434092356924,0.3497975433358375,-0.0844025723792528,0.31318896076876535,-0.30624102960061816,0.39826550776848063,-0.583316687683628,-0.022292865085618285
2021-09-17,-0.2496842705470983,0.0940417678746891,-0.31108437851722404,0.14345602318954803,0.20139400845688143,0.26842770178113634,-0.42439460278979574,0.1952693265234064,-0.29894364382554883,0.26151806785400555
2021-09-20,-0.2592598608262898,0.08754891976263462,-0.31270278708433236,0.14464692834906578,0.21078102811220206,0.25604445666227144,-0.4200101566832465,0.1939781715996346,-0.2888877650810109,0.267861065189071
2021-09-21,-0.25200313585871964,0.08307490302226439,-0.31520808079988744,0.14148093513184778,0.20031768764154412,0.2630444656961381,-0.4219358903430429,0.19301600076018416,-0.277964932626131,0.2661780473758023
2021-09-22,-0.2464514788859084,0.08010381314625009,-0.3092152045905311,0.14951061049148218,0.20215841843256932,0.27031458872063363,-0.4248732388654077,0.18379150403313765,-0.2916122787216897,0.26627326623946396
2021-09-23,-0.26201589042782086,-0.08190625528817433,-0.29795164107713,0.16211041966691442,0.20269045991993356,0.2519759031607817,-0.4194710818322661,0.18710127595896403,-0.2883136851167746,0.42578049503557197
2021-09-24,-0.2654998744553859,-0.08504717820925267,-0.30349259298668696,0.1618995392952457,0.20317711939764033,0.24594023711160745,-0.4197094600148573,0.19222245498057533,-0.2761534418852911,0.4266631967664049
2021-09-27,-0.2639279248618578,-0.08233274130252369,-0.3087353303315977,0.1625840193528056,0.20649057310048502,0.25022890698614664,-0.4239005004067393,0.19503489899031262,-0.28003510028647405,0.4245931987594425
2021-09-28,-0.304262966620373,-0.20362361023322503,-0.34298836130206023,-0.03805420320039027,0.4842685304866762,0.2070621313554646,-0.5446663038273241,-0.01397753272070118,0.008979485394584402,0.7072628306673483
2021-09-29,-0.30394929305985263,-0.20012657699898698,-0.3459095160377086,-0.04554514277502869,0.48444284199539445,0.2121899705352028,-0.5468004665969121,-0.005558668159625968,0.006876250179731647,0.7043806009177858
2021-09-30,-0.30426569171120715,-0.20504274727858537,-0.3406353258034517,-0.047627853597055514,0.49593142096623954,0.21319413749958746,-0.5560985200622794,-0.01072695784054123,0.009553256404342486,0.7057182814229507
2021-10-01,-0.3081503685227278,-0.21282033787846352,-0.33184087588629824,-0.05037458510613019,0.4868820841242194,0.21232631903512225,-0.5504794305121883,-0.010121813955020043,0.017436256078946805,0.7071427526225392
2021-10-04,-0.30628959211488466,-0.21848479088700004,-0.3239323561296794,-0.05521066068499808,0.4777016891344392,0.21037816948993762,-0.5484578857442424,-0.008937309514962022,0.026421971400025085,0.7068107650513644
2021-10-05,-0.305717990463815,-0.2153852189706496,-0.31984155615881193,-0.05653574773702752,0.4679382926954474,0.2109289739380031,-0.5502151100372376,-0.006746792923333744,0.030168717177523785,0.7054064324799009
2021-10-06,-0.3066098616570166,-0.2109573902675361,-0.3185835995960857,-0.0494669471705233,0.4652837433848923,0.21045673119998312,-0.5471439979391033,-0.011561159128174736,0.021618618709222326,0.7069638624643415
2021-10-07,-0.3053163857560016,-0.21748346530834786,-0.32126907301125607,-0.044011388169682975,-0.02070497096288451,0.21626051970309304,-0.5496866133038378,-0.009552936895073139,0.026786093038709602,0.7049782206652812
2021-10-08,-0.30940783147846873,-0.2126582748848713,-0.31902322965632746,-0.03901033758393113,-0.015031230671480461,0.2055999643843375,-0.5515164895266498,-0.007686631882646344,0.02049354499981959,0.7082405163002177
2021-10-11,-0.30935240338805736,-0.21352512347060262,-0.3217402997881379,-0.03456189900791484,-0.0027921472467693498,0.20460740842764127,-0.561732122962423,-0.011457713758249222,0.02104520421395842,0.7095090969805543
2021-10-12,-0.3075126930172232,-0.21494215579048065,-0.31496609353284666,-0.030382024416286457,-0.005242974947412549,0.20414287634510628,-0.5685515464419431,-0.011859460889727724,0.019944028088775823,0.7093700446020379
2021-10-13,-0.3137690077014087,-0.22367779008376146,-0.31609744398894474,-0.032958084389459796,0.017483668268188035,0.19662179718481035,-0.566938367387857,-0.013754859183181978,0.0221532175860443,0.7109368696955706
2021-10-14,-0.3102051963428415,-0.22847046615143637,-0.30814561627780457,-0.03406884651882092,0.007044727514812804,0.1960267259741634,-0.5671337375925506,-0.013288283227035902,0.02758234727965478,0.7106583453418586
2021-10-15,-0.3167778147014003,-0.22234126993271844,-0.29921895814133626,-0.03453436811332611,-0.000422776239868361,0.17944264495912807,-0.5617936787780433,-0.013494563336343635,0.03834953935659979,0.7107912449273083
2021-10-18,-0.32046937180508117,-0.22483795425776482,-0.2944935664546144,-0.028846374809543995,0.003639114950122313,0.17764885695632873,-0.5662565839815866,-0.012436583309369531,0.035474750287872725,0.7105777124236365
2021-10-19,-0.3160281201303168,-0.22476874903734056,-0.2987684906543362,-0.03422829678901168,-0.0009157656497301714,0.18535925921449883,-0.559163095372059,-0.014331206890747017,0.5114831408006767,0.7113613245083655
2021-10-20,-0.3123208217477892,-0.22921518605307964,-0.29722365420655517,-0.03333671681647804,0.012505882001171448,0.18943442797336765,-0.5678358675185456,-0.012968842307094719,0.49959901736717405,0.7113617613078289
2021-10-21,-0.31605161852609726,-0.23082741125341508,-0.3019780256261987,-0.030482674992104997,0.025024103937218378,0.17889173943442446,-0.5660573036470044,-0.011754655928120972,0.5016499194831752,0.7115859271181232
2021-10-22,-0.31303520754312775,-0.23678530931069608,-0.30732714578723236,-0.03018372663972768,0.018891434554060837,0.1827397695869584,-0.5659321188068628,-0.010087513649296165,0.5109951777058753,0.710724639890048
2021-10-25,-0.3083248504091532,-0.24101422942972683,-0.3070634714383381,-0.03260364858866116,0.021603215677682447,0.17976961926331989,-0.5616434645808881,-0.009744456688540903,0.5081482515373034,0.7108730346570021
2021-10-26,-0.3079290092183446,-0.2432835954659875,-0.3096648080408918,-0.03591392812669175,0.020429791724806523,0.18199803530446615,-0.565429804119785,-0.004490605406998582,0.5152150840760287,0.7090688392733977
2021-10-27,-0.2977481403914798,-0.2421274203784503,-0.3095017756454057,-0.054418395704552036,0.019772055602755356,0.19343688991104704,-0.5674098602066161,-0.006583989255894485,0.5181953514144263,0.7063852846541696
2021-10-28,-0.29673087526378933,-0.2465904706917076,-0.3061609171841638,-0.05533437306459438,0.011353159020794562,0.19579293900242314,-0.5611054335828105,-0.008714382785810049,0.5217097072451761,0.7057806473044816
2021-11-01,-0.21718297398252692,-0.0036528686326429832,-0.2175512620772258,0.061547528238602545,0.09711158050029947,0.28373213109136197,-0.3295449834831773,0.09685438608115393,0.6045605687342164,0.7841258935299384
2021-11-02,-0.20459768981345544,-0.012454541940435937,-0.207504887503555,0.03721048418514489,0.10154895435926012,0.28059457247526576,-0.3403805403696918,0.10342039231314576,0.634668581882599,0.7674946744117226
2021-11-03,-0.2020647857975617,-0.49110598756986273,-0.22293739366954757,0.027520259594239815,0.1252937550108142,0.27640868398996266,-0.34171078540221156,0.10755304395999926,0.6400240295106228,0.7610191803735449
2021-11-04,-0.20705332428493592,-0.48564150355963326,-0.21228785961456006,0.020596925486249945,0.10083989202893717,0.26597721286982023,-0.33061111180529534,0.1059032337156402,0.6714839476088413,0.7507925875549355
2021-11-05,0.28099774293790947,-0.48993364950879376,-0.21281289137100784,0.014232100280135024,0.1042436236221391,0.27438003949004797,-0.3288045429288081,0.09470541438137053,0.6865797802278143,0.7364123828691931
2021-11-08,0.5558743748088408,-0.4513007908844189,0.05569786675384711,0.10202499195219275,0.14389524140503313,0.5567003158053379,-0.27525045086245437,0.16217299960043657,0.7333085808107316,0.7768768706104534
2021-11-09,0.5461386906506231,-0.3298532207747254,0.06549532911081463,0.12500545808234098,0.15577787063266135,0.5517116911667637,-0.2858476321697611,0.16989942716104484,0.7432053484029189,0.7684670377373191
2021-11-10,0.5556030656722346,-0.33419300994302087,0.05867047832747424,0.12157881370407067,0.15224647064134694,0.5576059982552726,-0.2862992349645249,0.17639077193278063,0.7556363050931139,0.7527603412812524
2021-11-11,0.5517694085105465,-0.3313273265615818,0.05588201177414784,0.12459980214945804,0.16165021824063117,0.5490989505037407,-0.29321955938763095,0.18242887082039638,0.7454856479694235,0.7636319759808685
2021-11-12,0.5536491559896222,-0.3277387049070794,0.05805957583175819,0.1245868643224359,0.16365362018341395,0.5471335283552385,-0.2905244819642,0.16994542436852011,0.7495614938905562,0.7616735239297343
2021-11-15,0.5671153925603076,-0.34644152418457663,0.06079381045448454,0.12288092845662635,0.6490189764181851,0.5677008917506252,-0.289942264105406,0.17188691869060524,0.713440637409344,0.7735462325498046
2021-11-16,0.5718508818289054,-0.34463796541133396,0.046866204708864184,0.11534691561449925,0.6309496822661095,0.586572001899077,-0.27553923392845836,0.17142634367121307,0.7252756803535034,0.7618894889976207
2021-11-17,0.564534485826724,-0.35326240480633314,0.052659917206059254,0.1227119705010998,0.6522125730925743,0.5637984997166142,-0.2813801649224286,0.1794293673408851,0.727636922773716,0.7616588332710891
2021-11-18,0.5677075579702419,-0.36607908886473817,0.033848938367257414,0.1395589476944178,0.6549363219754123,0.5741516534947746,-0.28807327542530414,0.19834878197470568,0.718502744551724,0.7570974182615087
2021-11-19,0.5672756526688598,-0.3686988690241042,0.03961489074173555,0.14349633777183501,0.6614238678383548,0.5642246862392419,-0.2868398532351989,0.2071605884473845,0.6889603360650196,0.7733823624868719
2021-11-22,0.5502621543885293,-0.3521906163032674,0.04145426910493022,0.1543308795104235,0.6746495995271998,0.5464403169545355,-0.28163623601642396,0.1834066859408332,0.6817576174998308,0.7915253293934091
2021-11-23,0.5283668054140357,-0.3423330683913539,0.03493176248536431,0.1768950903240078,0.6689288117318326,0.5292381795409082,-0.2869112154066831,0.20428874328788293,0.6791987803461612,0.6473961106678443
2021-11-24,0.525982254844375,-0.3468288153530361,0.04074189406138448,0.17024173541238102,0.6570571104921571,0.5308572469377739,-0.275472629883711,0.20029069699726954,0.6911082059500924,0.6460223005413137
2021-11-25,0.3690951056188896,-0.34239419424098594,0.04226547665694011,0.1738279660748142,0.6705681256886524,0.5299091705689576,-0.27214275195893584,0.1979836171111335,0.6684092641836961,0.6524782202968382
2021-11-26,0.3620283474715511,-0.3357339630515219,0.050988738132868,0.16575227674366255,0.6739522717791268,0.37436499533857326,-0.257279049342232,0.20287164120516038,0.4953923753082138,0.6576623664145981
2021-11-29,0.35465148256539447,-0.3279537694158479,0.05299722498198017,0.1698200868307283,0.6736827945316081,0.5134150533651569,-0.2654363727831199,0.21316367556037735,0.49922478263245096,0.6564350417312714
2021-11-30,0.3538614008370219,-0.3244955294376876,0.05226844527907684,0.17103391401156726,0.6730332892002047,0.5169074587074827,-0.271675484709997,0.2221021709860077,0.48960029312682374,0.6573640419994999
2021-12-01,0.27595427133481354,-0.5676061032798827,0.447075777010035,0.05199002137748715,0.5860142415520861,0.28609046929836635,-0.5151278918060909,-0.045163953808416174,0.42591977375649004,0.5748533945651113
2021-12-02,0.27668137369484913,-0.5643333647377227,0.45169867814945325,0.056871529031149004,0.5864514439539537,0.28338054665284357,-0.5197636045201978,-0.04238222297494454,0.4145992619389305,0.5767963588116856
2021-12-03,0.2770797780430401,-0.5667843122769476,0.449116474455357,0.05904257498828175,0.5965539098597088,0.27992497489056356,-0.0424357175859954,-0.04217431560439874,0.4179907655794259,0.5716858676509645
2021-12-06,0.2823691391615214,-0.5676943854539753,0.4463386481163054,0.052532102414687476,0.5940244684080429,0.42805809864665206,-0.04540902414217868,0.11488019529510968,0.4264783656775044,0.5684223918763305
2021-12-07,0.2788073868565781,-0.2337345733445132,0.43723330976272523,0.06456141035007823,0.5862895397082084,0.42341290372951235,-0.05141001310559806,-0.011898285033576872,0.4268950084472014,0.5598433126293846
2021-12-08,0.28036117440003416,-0.24448247734845002,0.4489092854434862,0.060732205540332374,0.5801503931745489,0.4199500724955449,-0.05783608148100722,-0.0010907744933780217,0.4492288333996164,0.5440773688692724
2021-12-09,0.2811212861841828,-0.24784715598120563,0.44239050003166236,0.0707270890818048,0.5729078146510427,0.41448306958781905,-0.05877704097863906,0.004310545091838147,0.4766024005134465,0.5240814918180483
2021-12-10,0.27171434252716214,-0.23916037656805234,0.44132787184005273,0.07056446231820479,0.5674353428650508,0.4122060387524596,-0.05535053335373136,0.010906244187525505,0.47904082282103977,0.5213157846102883
2021-12-13,0.27249364733237963,-0.24161077226460737,0.4323289453712185,-0.05450464401029184,0.5741959589396028,0.40138379122662915,-0.20300671686558752,0.018526571559143445,0.47830217838800076,0.5018910403235124
2021-12-14,0.2790769985182857,-0.2523444433781853,0.4412070508693725,-0.04100739753996613,0.5866307751890357,0.3949163136832545,-0.20583918053640374,0.021981925838136407,0.4665920729663749,0.48878588439009507
2021-12-15,0.2776727793632382,-0.2431341279272876,0.429108749297647,-0.023526190184954943,0.581568172291527,0.237411506710752,-0.20098565192970902,0.011765421908560225,0.47513468577714646,0.4849846546930806
2021-12-16,0.2761631407374765,-0.25380827614087165,0.4353679207602197,-0.013382435079231092,0.5854549626629768,0.24027247286219688,-0.1948002988119699,0.021328184848280418,0.4672954768171369,0.46610885134378555
2021-12-17,0.2773216335006977,-0.25603943482719194,0.4328728192345195,0.005102558782711569,0.4292366410112126,0.2506708324370289,-0.19917046944666983,0.023341789275154123,0.45696362240792815,0.45970000762460894
2021-12-20,0.28403784874732274,-0.2559679615074121,0.2749040982090138,0.0176942688270868,0.45727749179155985,0.2612110319296673,-0.1996236432467518,0.029212811422528462,0.4395351369993941,0.42171891682759055
2021-12-21,0.3059958893266942,-0.2658182137552916,0.27693198686073334,0.0025468333674719956,0.45601128127029544,0.272105787701476,-0.21409174720485644,0.03876458256996079,0.43797696972844624,0.41957663013506985
2021-12-22,0.36243189090373473,-0.275276376143854,0.26047937584721875,-0.010766247173779081,0.436308232293526,0.30869595852867987,-0.23327948831180548,0.03237805309636266,0.4363082256250722,0.4127203753348442
2021-12-23,0.37822287994032866,-0.2829645014171194,0.2622321106952076,0.010187696374575061,0.43100778010573865,0.319310112663842,-0.21956960584030993,0.013775078722248368,0.43018565128085495,0.38761279747463373
2021-12-24,0.3806996702789287,-0.16011057274803592,0.30636610590041846,0.21370415416716343,0.1610172450991362,0.32880244645663803,-0.09702541088989657,0.21568958221667656,0.17189978560053684,0.12895699391843435
2021-12-27,0.15222726394030175,-0.07790041724920581,0.06660376445449856,0.34095653476203985,-0.15570409290880768,0.08996855639841325,-0.025917496367554138,0.3282874859250744,-0.1698624580544771,-0.17865914090028287
2021-12-28,0.13226967538432527,-0.0766985631115589,0.0776849026768601,0.34438032977383615,-0.15564877540713223,0.07919433001453681,-0.0247101646469175,0.3289199452432073,-0.16130575699674446,-0.17408592293041242
2021-12-29,0.12021898593148664,-0.06779538763425007,0.07409612031432788,0.35698127182542444,-0.16932212943978578,0.0768784987123565,-0.014293732645229817,0.3362258650916925,-0.1591375379197508,-0.18385195423627135
2021-12-30,0.20636267357784177,0.16491414921930614,0.15907352669152697,0.46770641329176366,-0.07801616433362693,0.15831293577571062,0.21722479793123955,0.4495839715390123,-0.09808554354198215,-0.0770767601507917
2021-12-31,0.19983133338558284,0.1700036975901293,0.14706887228159965,0.473072821587468,-0.07326178936172409,0.15548422380182142,0.22748155225059608,0.4477443125304903,-0.09513269654023873,-0.08229232752572446
2022-01-03,0.10698338380075481,-0.06161303754038429,0.06884780379196016,0.34287764193370013,-0.1415568456319405,0.0639055304490864,-0.019273187091487287,0.315421234782657,-0.16753992243228247,-0.13805260206206388
2022-01-04,0.05165372780985636,-0.17646282349149273,0.022305941083825012,0.14092373536129482,0.1355058608305356,0.010312103934190991,-0.11440354835479169,0.1224374959589922,0.12467886274303686,0.13304864412455225
2022-01-05,0.090631237215338,-0.050742052365834,0.06265559243735488,0.3265521174385055,-0.13872576004986611,0.04453298277793348,-0.0015920054894720814,0.3203925715141275,-0.1477150043387636,-0.13598967913932358
2022-01-06,0.09097171386257474,-0.053741878478706484,0.05838096687799654,0.3118526975881958,-0.14519470359913764,0.04896108335349274,0.0034905556393071135,0.33387922368624495,-0.1294335823491478,-0.14916607658081976
2022-01-07,0.100277599925465,-0.05171334921127721,0.06270823610143153,0.3138208591085232,-0.16383005746598212,0.043915980594022824,0.0006029764213434929,0.339748589178369,-0.1223935723069178,-0.15313726234497757
2022-01-10,0.05945620001501925,-0.16885004415288157,0.030351052253257016,0.10323699060640149,0.1047256161412817,0.006362936937950772,-0.11926478845288231,0.1323084510676969,0.19229543251905357,0.10937815306510326
2022-01-11,0.07028054503924988,-0.16205619108986308,0.029575647938511987,0.13468115414777077,0.07235486372236105,0.016773860772673677,-0.11584611163398828,0.13139616891685163,0.19098440338936323,0.08185565879706896
2022-01-12,0.06604956405103013,-0.15812463343718047,0.02067794862509767,0.12428221989413338,0.08380948606270625,0.016766562444542624,-0.10916075965803337,0.1451624431567991,0.1870708656019192,0.07346630325898529
2022-01-13,0.10628724530449069,-0.045113200797315026,0.05114415609843964,0.30567769278362683,-0.15510228342676924,0.06943311998196408,0.0005612051516777627,0.3302951738167891,-0.08383551304519365,-0.20934759586770993
2022-01-14,0.11169963240599301,-0.0469210177362642,0.05302722084723695,0.30101921798774967,-0.15662494205263264,0.0756724450285847,-0.0005288558959311573,0.3333294894480485,-0.08183504273275577,-0.21883814730002904
2022-01-17,0.11472637056985993,-0.04296579318955976,0.06749019086141975,0.2926464711523197,-0.17456071562645858,0.07133784103935899,-0.004271421097447603,0.33298457422478833,-0.06640243739706908,-0.22098508053721147
2022-01-18,0.11256534847857325,-0.03634767230651885,0.06784407000987343,0.28543464614660385,-0.19187410903158283,0.07488563183328421,-0.00065709722524529,0.32837561890959605,-0.05236046605409256,-0.2178659707604912
2022-01-19,0.13078639657247512,-0.042098817976467,0.068501931754904,0.2733324157888367,-0.19623004027570645,0.0879525278321823,-0.013214720091295581,0.3165881912118178,-0.04544260027764041,-0.21017528453910647
2022-01-20,0.12981583806658403,-0.031305393184538136,0.06780716211898219,0.2621585799427574,-0.19249623627622894,0.09235098179605286,-0.011718356440311592,0.3008678935292017,-0.03121313572548917,-0.21626733382701
2022-01-21,0.09239112535495034,-0.14749837129795368,0.03509138882789492,0.06301698713678106,0.07980665784279592,0.056730196321698206,-0.13610601052079496,0.11179453548727014,0.2452847970536759,0.04948869379368237
2022-01-24,0.05998309781395303,-0.2685684253294162,-0.008263616520748251,-0.14374297080075873,0.35458479250202035,0.026253493886075285,-0.2554263288114055,-0.0924699661129757,0.5271381199217918,0.3305118034514636
2022-01-25,0.04375700476169353,-0.27649274590779827,-0.015055105796221241,-0.13866897751852214,0.3663845493893889,0.0092320044560463,-0.25163469674838024,-0.08642368086513019,0.5210190531408455,0.35788259508807746
2022-01-26,0.037880639452762765,-0.2613339765103826,-0.010967725819628252,-0.13963654143896856,0.36362822815533813,-0.0001338591471574807,-0.2532077541758361,-0.08584172332261022,0.5260581890736056,0.3535545237328764
2022-01-27,0.030550130626367522,-0.2531474312518171,-0.01779055480513439,-0.13740174016733073,0.3557452303689106,-0.0076499891324702946,-0.2453056986489061,-0.07513510433463602,0.5213716537971635,0.3587635035478529
2022-01-28,0.020750296673588214,-0.26290010702326,-0.014600791651837156,-0.12967399895118653,0.3520759121401301,-0.01496549972567135,-0.24658308352801822,-0.08375688611086404,0.5142861801486914,0.3953679780284274
2022-01-31,0.02987843864547135,-0.2634506074492821,0.003462153758136771,-0.12611329054064477,0.3349447562035792,-0.01615509437587112,-0.25033467741682724,-0.08371942772038221,0.5183304274759628,0.3831573214198572
2022-02-01,0.06181396863696148,-0.1494960377590342,0.041952970824473024,0.09071153973546103,0.06479857872909126,0.018157885452698544,-0.1444753792372423,0.13708099261999218,0.20457387137346922,0.12488160962412978
2022-02-02,0.07247090733166364,-0.15385274257110781,0.032930604156264975,0.09737497246571422,0.05905116309734926,0.024778500082229413,-0.14810646045537373,0.14639189847438344,0.18449408572387,0.13446707169500663
2022-02-03,0.06901236802140562,-0.15178996850565252,0.03332239822397154,0.09378217609696801,0.07071459197759783,0.022700921948855993,-0.15270640818811457,0.14907493290690516,0.18344446679386095,0.13244452072420182
2022-02-04,0.08595736440518176,-0.14749151065247879,0.02414153031458982,0.10029257123295074,0.05587573989298747,0.034978150327948945,-0.16006239724540577,0.13767558639342597,0.1898318859013738,0.12880107942942606
2022-02-07,0.07058314170338204,-0.13686308013292328,0.023761693377917503,0.12770525703431862,0.06634133761543853,0.02870296023957683,-0.16271564013991024,0.11234042105048939,0.19512162531901395,0.12502228393269663
2022-02-08,0.07630208111452835,-0.1367998454758761,0.03181809711272528,0.10967104909796443,0.05134286144800834,0.03171914950390152,-0.1615292560818206,0.11929766575764,0.20713086646489742,0.1210473310580312
2022-02-09,0.11958430111824617,-0.014896212607138887,0.07185793618406865,0.3146182854920224,-0.23295397240433197,0.0722258218278403,-0.04344985537856334,0.30780963531378147,-0.0725727679751948,-0.1522231715707299
2022-02-10,0.056397790909336554,-0.11758062364699177,0.030055998504275178,0.11211353645962407,0.04918235927590364,0.16774998712669745,-0.14321939641039672,0.09317309340604013,0.22392052356592085,0.12820673080959052
2022-02-11,0.09352890041064896,0.011718933683899951,0.07964279717147352,0.3172792920408852,-0.21209440223755513,0.19236214461691684,-0.03701065694312258,0.28682001782504263,-0.06534108230020336,-0.14690594426798592
2022-02-14,0.09967065362010544,0.018543735557295854,0.06938821456160134,0.31332110539513364,-0.22600734424023192,0.20374234494546575,-0.03290894970833662,0.27547621625894225,-0.05510190622660682,-0.1461240701633687
2022-02-15,0.05707039635171621,-0.09949543785239345,0.04363052946301765,0.09899730716132649,0.06694751088189141,0.15934781956042296,-0.14864374582497566,0.049924800812153586,0.24156011148823492,0.130660707958606
2022-02-16,0.052289591329718554,-0.0982387953429548,0.04733537035890731,0.08471535467914301,0.08042884451778598,0.16564592285114543,-0.14755481458567665,0.04370497273646165,0.25314643820317045,0.118527115252299
2022-02-17,0.05997158596954058,-0.09475965190959032,0.045499526329152634,0.09567415874837229,0.07313168406797624,0.17318229569474441,-0.15312496060009462,0.04749712482494958,0.25441146075770504,0.09851677611724405
2022-02-18,0.08728482283438074,-0.08930269985505132,0.05394070316659069,0.07947603104145648,0.07163935950297479,0.18251802491385283,-0.15217870443164874,0.030264433854714612,0.265114263680518,0.07124376529221194
2022-02-21,0.08234058433890395,-0.08505202870003678,0.041840140338778115,0.09165993428763858,0.09021444449565022,0.1760020730977745,-0.16286371691854123,0.028481240510247197,0.25366962755914746,0.08370770099043809
2022-02-22,0.10072739628918703,-0.08261620650983312,0.042372026294014875,0.09011264695638868,0.07854780647575685,0.18699585528501222,-0.1603763778280981,0.03429985597035337,0.2559673056755355,0.0539696913916827
2022-02-23,0.0959625249663662,-0.09068915406101832,0.038516755247053946,0.11364674441119849,0.07457606852171608,0.1953120691208316,-0.1558764442397909,0.025035680264637733,0.25005338620153356,0.05346236956747161
2022-02-24,0.09549949597374655,-0.07689971759825634,0.031534835768305874,0.13220050403821898,0.06241502693001111,0.21207659861269246,-0.15064876528763863,0.018300438822080906,0.2389663548490727,0.03655522789176646
2022-02-25,0.08934112586904147,-0.08517993079256247,0.03107825695311474,0.13651018147746063,0.07615104089093605,0.20752549846455065,-0.1440738854748348,0.012463852931830804,0.2390755797225469,0.037108279957916046
2022-02-28,0.3242367000052724,-0.15669573029970657,0.2607786840701742,0.03885887030406204,0.423210339672271,0.43999491404760366,-0.23078175390549382,-0.10903705802184727,0.5324528911283217,0.35698214299934256
2022-03-01,0.3625547166157259,-0.032665748070775685,0.3004615005785221,0.25356747581820305,0.12502773108244833,0.5001588084073232,-0.10039597893603369,0.08261842005061569,0.242027469373385,0.06664560508058613
2022-03-02,0.08073335713313812,-0.06513925297855383,0.020268373035912945,0.17620916678386406,0.0681372970335444,0.22074553637060618,-0.1232041446052927,0.003442321022387451,0.20118938332907094,0.017617962875322482
2022-03-03,0.06832793959294173,-0.07553343504724816,0.022474155214586233,0.1873996320531211,0.07829079184813259,0.21892738569860154,-0.12714175389350113,0.004336121832692774,0.19379653111217515,0.029122631588498274
2022-03-04,0.03793734081931571,-0.2059277534929895,-0.008023766158513315,-0.027194873641850748,0.35592337874218266,0.19836118772818226,-0.23961334597059797,-0.218399705389545,0.4858282171664443,0.3011093201973716
2022-03-07,0.3057227870469631,-0.15363770208091845,0.2654534645493382,0.06557182692562702,0.3931989290109016,0.47264671570873573,-0.17776131496392822,-0.13880154744307371,0.5103471939492523,0.33725964729710217
2022-03-08,0.34483814707620275,-0.013943737866581651,0.3054559373370449,0.2724511465243111,0.09889462823038828,0.516384986858311,-0.030293990959226996,0.06385172713542477,0.20330534605478176,0.03905580960934414
2022-03-09,0.3199310664184132,-0.14710565158705433,0.26731067492850913,0.06140013950493323,0.3815594920600661,0.48587992881841024,-0.15457242991701695,-0.15162016737275616,0.4966829409297768,0.3205340062167187
2022-03-10,0.3139786232505144,-0.14575220710955683,0.26443461741523794,0.05870830124350612,0.3713971041081532,0.49088606759980224,-0.15329725893203336,-0.1474475370391947,0.501772536209312,0.3253197532542589
2022-03-11,0.30738657687504706,-0.14722452904133007,0.2476657854103455,0.03065692363395378,0.37012380789526744,0.4955799043128216,-0.15788817720991308,-0.1357085320049526,0.5334130987810116,0.3359951413477485
2022-03-14,0.29727679207866786,-0.1700074859649172,0.2418956520464619,0.032921955658462954,0.40599947406439046,0.5007551657818449,-0.1549470585475425,-0.14115556027580448,0.5281620476496838,0.33909901750875215
2022-03-15,0.30252927884002656,-0.1610880624678946,0.24104809130676597,0.003665585776196134,0.4101493989325889,0.510796776648175,-0.16522224654486073,-0.17004194545066242,0.5408525653502342,0.3673105576094308
2022-03-16,0.31007270643834817,-0.16317606558248243,0.25515280749764746,-0.0066322868199246154,0.44367573119900183,0.4863937784572397,-0.175960789090451,-0.17510101965699804,0.5466093431865326,0.3589657943710862
2022-03-17,0.301389745931797,-0.1257737445442757,0.42117598930623523,-0.016782245740969842,0.4287412531043785,0.460596191396431,-0.17673187994415906,-0.20719875825855016,0.5379643801221254,0.4066190686269875
2022-03-18,0.2671562042837992,-0.10683983777361394,0.42058982343123047,-0.002773268876665569,0.4226369731287375,0.42662966694880833,-0.14886570693763398,-0.18037231785108554,0.5331632412043114,0.39867522244211206
2022-03-21,0.23998374984458887,-0.1397684181880689,0.4348114974584629,0.01934139818059527,0.4567017493723441,0.39258452370970376,-0.16672110205426355,-0.13032301525721607,0.5209941191407514,0.40239549779310224
2022-03-22,0.23270851951013002,-0.12428033088495072,0.4242418629241525,0.01345440434051598,0.4718100088181042,0.39005053323336225,-0.17836088465691166,-0.1220527158222732,0.5029170644692209,0.41951153806864955
2022-03-23,0.23763423043451692,-0.09427303255140587,0.41779536741539947,0.015989802701736278,0.4728185856578594,0.40983181616035547,-0.17040140651095473,-0.14679699590137774,0.48838958723115183,0.39901204536271895
2022-03-24,0.22393471884124905,-0.08508034810997023,0.4075202635042351,0.006542039962921603,0.45928783452064575,0.4144607732877895,-0.16413704193907822,-0.12431244212549358,0.49748054363128613,0.3943036584264147
2022-03-25,0.37956002590623916,-0.07976122730404522,0.4029829625286582,0.009096142070581403,0.4520492601316166,0.42190710059169395,-0.16243677425475786,-0.1347105479475123,0.4962167551748529,0.39509630310267296
2022-03-28,0.3809336439316694,-0.0811055877826801,0.42342533918472924,-0.017214013567881936,0.45049985485868904,0.4203195746059026,-0.14575228843300594,-0.14662079641034956,0.5179724512900081,0.377541822322919
2022-03-29,0.43123222849973336,0.026094646268908478,0.4640749709138656,0.16390471292197428,0.15881639444889295,0.45389643192654006,-0.03445129988328527,0.08958609502880592,0.2693975749917772,0.07744824488278734
2022-03-30,0.12047413075861876,-0.1284140988639396,0.14393353945385876,-0.12130874853400794,0.39914968577126303,0.1336424152483536,-0.2086777998808736,-0.1967822290351939,0.5130004940213625,0.32498261106055815
2022-03-31,0.12547124077205002,-0.1289380107567277,0.1398890668230323,-0.11175128962705178,0.39546450211846246,0.14491166810864184,-0.19667970215143502,-0.1897648165669121,0.5074618861936634,0.29393545508627644
2022-04-01,0.13583074824960198,-0.15021384933651258,0.14562254532335925,-0.1020128713804958,0.4062000274222645,0.16192060042501635,-0.2134673807872337,-0.19393683797653297,0.510992292981576,0.27906472507895685
2022-04-04,0.04040467903534975,-0.06313442425900959,0.046338979937901065,0.1113687976013216,0.13284564170998983,0.2005626166973109,-0.10978602107574045,0.026292026044863692,0.23006594716501544,-0.014958242857002188
2022-04-05,0.03423145690329679,-0.06282165018103097,0.07167657310855818,0.12753874366497575,0.1429963176911942,0.18687125058398973,-0.12780200807918984,0.012358727696230365,0.21665485537038448,-0.001704266758408568
2022-04-06,0.029180315484150884,-0.09138242891418638,0.05625590944332415,0.10850229701184114,0.16476055703926945,0.1871071953237451,-0.1163993715123882,0.020340195609001493,0.2264437107518616,0.015191619763380751
2022-04-07,0.05034423057872012,-0.07505066904695601,0.1761554341502346,0.12443221462964404,0.17368115057505462,0.18660967220674912,-0.121693271806375,0.025782177352498464,0.20381815951861,0.005920901841819995
2022-04-08,0.0754789056605279,-0.06594878153777864,0.18359809483689948,0.09413218086924538,0.1703970846751014,0.2041070450342804,-0.14876243929084965,0.02800266145598565,0.2143478375196629,-0.0053525892230749245
2022-04-11,0.12918412666010598,-0.09263182340851495,0.06668313365002479,0.09046263854592898,0.1437486076980581,0.22591129998963055,-0.16943519352409223,-0.0022880189451923716,0.21375088416411664,-0.005385654830065603
2022-04-12,0.1555803843440779,-0.0576106482126047,0.05688372626316168,0.11171228075420969,0.06541321139779357,0.21508129074223187,-0.14016950280145085,0.016709613631797543,0.20594251066157976,-0.02954286678079638
2022-04-13,0.45747239146304575,0.11782949295325579,0.349753994126361,0.410148224994388,-0.17452465704312897,0.5307628298167629,0.016914459771929527,0.3024291188303537,-0.036608274724313716,-0.2541775801886539
2022-04-14,0.4009470221170104,-0.04195131359932083,0.36030949843098903,0.2305746205030385,0.11721235755223613,0.4691768994181579,-0.13542521449584854,0.09783890019747583,0.24364089155281507,0.05767633832344665
2022-04-15,0.44479194818336,0.21851539753270965,0.38287473946168926,0.43188745104109877,-0.004309456014185753,0.5091364336628126,0.12691338674786315,0.2972470053590903,-0.03755571476536895,-0.19950119120906873
2022-04-18,0.09940393716302737,0.05138370783984936,0.03569945224155609,0.156577036771611,0.21046530449223316,0.20623286079801356,-0.02371694327747581,0.07644028391191546,0.2024611162084432,0.03505324385082648
2022-04-19,0.07198951119866723,0.05151470716228346,0.0508077420436053,0.18030255396608086,0.21576316039576687,0.1847364573815885,-0.013291594597054202,0.08429708747520456,0.18340900134611554,0.04047137362774185
2022-04-20,0.06568817185305961,0.06296759139492075,0.02969667043469422,0.1631820765925613,0.23415100655671606,0.18098158762739947,-0.008332443304944398,0.07888204500856197,0.2016945431019776,0.04108875073505361
2022-04-21,0.08961679875847411,0.18457790362298898,0.11942157214971288,0.35737293736205394,-0.042066332640639026,0.20465429363311008,0.09101065291969071,0.27139345779927315,-0.08198530050053304,-0.22399598310413146
2022-04-22,0.09446825848089727,0.1862649354390391,0.11314147214137985,0.34411998861671256,-0.052310041826821196,0.22930890201971962,0.10725354071472676,0.2744739690087258,-0.06232900457806234,-0.2643920200163171
2022-04-25,0.06458184846880763,-0.08776426190707529,0.05704526323711198,0.1488768020898127,0.24928826553010752,0.07180716703261969,-0.029466746221175816,0.08117225069803297,0.1948238801339946,-0.00036446906223577824
2022-04-26,0.07272369700895673,-0.12370230853078598,0.04440131250766635,0.14177016001131154,0.25620105339789595,0.11147909988491428,-0.17167857415626114,0.08450429584597624,0.18807881783775338,-0.0037775538074273224
2022-04-27,0.07239698138997883,-0.09800774067200721,0.03600284215268046,0.1471368970980373,0.2520735520946705,0.0973349422521867,-0.15645717421440547,0.08193675903518063,0.1889888256676232,-0.02140588480394484
2022-04-28,0.041383320846960725,-0.09362852716178674,0.033816452388545734,0.14328636686497553,0.10022554526051158,0.10558231448564337,-0.14775245998961772,0.08113752551553902,0.198305436458464,-0.012355974669235562
2022-04-29,0.04857899991783432,-0.1040570446545441,0.027247049104235782,0.13440625886345542,0.0933978250455483,0.10390185571921093,-0.13254849897382637,0.07881094210345957,0.21251366809527472,-0.012251055220648358
2022-05-05,0.024074055217866583,-0.09332185609190513,0.042777987267354364,0.11827084089488518,0.249698253109566,0.22269496001262185,-0.12951544885867877,0.09572362827095063,0.22328621471050225,-0.00368863453316276
2022-05-06,0.03898765069195097,-0.10816422228659897,0.04453132483473057,0.10359853559266236,0.24352193006887984,0.23122040289336843,-0.1385401389529945,0.1191855509718277,0.21994855273313657,-0.0042895865469627925
2022-05-09,0.02871941754208926,-0.1071030063377447,0.04667735718653504,0.11132987365355232,0.2486223348948703,0.22629999633459724,-0.12794582516134195,0.11405187003919282,0.21742771561585356,-0.008079733767603889
2022-05-10,0.031128786726462798,-0.11225921970796443,0.08809595023258207,0.0933236584793147,0.24443510981180522,0.23366198186163045,-0.1438963290728776,0.1248534768292541,0.20942790085647894,-0.018771316016686246
2022-05-11,0.02449648607879905,-0.10488632223817157,0.08498659630868846,0.25767063966479975,0.2432990442045057,0.2416677254853591,-0.15036206123104523,0.129318400591234,0.1934620107593138,-0.019652519623483078
2022-05-12,0.0237568114734847,-0.09443487983324306,0.08667877439121369,0.07388266144167344,0.09147646764394368,0.2664038209340746,-0.1506037402966069,0.13792422396705628,0.19141348323790558,-0.026497622959501997
2022-05-13,0.025233850867336594,-0.10278819628855962,0.08689864527956032,0.07665343169395816,0.23876788226806,0.26153171945013215,-0.15175275418211465,0.14557814609426672,0.1898795579834912,-0.020002283166130737
2022-05-16,0.01606277838234739,0.04574646699407697,0.08342128379759955,0.07393712755375123,0.2301621175746904,0.2691120040844591,-0.14036095380676322,0.13823107757348918,0.2000273113485876,-0.01633921350223831
2022-05-17,0.0056486155041866465,-0.10117380994354139,0.0818367271691107,0.07695063626344656,0.2298650246078997,0.2563670453276327,-0.13234466882534152,0.15640706034112173,0.18793080862940387,0.13851256092608089
2022-05-18,-0.01856066238442429,-0.2372704616944553,0.037989738239475934,-0.12240086553391458,0.49578370040689945,0.09468722448131917,-0.25828866794994143,-0.03904371366217707,0.45538813880377216,0.4217155692934458
2022-05-20,-0.006389926590134265,-0.2383596177588751,0.03490063051019188,-0.12753958027841486,0.47560806180744,0.11692448851636944,-0.2561222475986921,-0.056932435892062205,0.46542713580012807,0.2724834914840491
2022-05-23,-0.002595990815103963,-0.2425853747635368,0.029558904343109177,-0.12423498448496309,0.4888473718062749,0.07869019749845862,-0.25647899711935895,-0.04654088818163821,0.4794103668954801,0.27592939482127815
2022-05-24,-0.004471340826292955,-0.25059329037672695,0.03055251631825162,-0.11909931622302117,0.48841292340551234,0.08323015160989247,-0.2579093869725345,-0.03503038942113251,0.463103230190566,0.28180490229548544
2022-05-25,0.0011282956799312793,-0.24968258725178316,0.037484196657910585,-0.12729380766428838,0.4809999068758184,0.07318404547993101,-0.25175868488393993,-0.018277328315460584,0.4522170195086832,0.2819989439131975
2022-05-26,-0.007764881123127523,-0.2437300230583881,0.039716170866701817,-0.13071106968367557,0.47289498633139326,0.06231945532298008,-0.2369924620938833,-0.026353493551310392,0.4694506490048147,0.28117066798449486
2022-05-27,-0.006408516877594958,-0.2425599812264191,0.03955649066089381,-0.0031347155011587358,0.4805060086829993,0.052358076535602094,-0.23240448432822328,-0.035024121438933575,0.49106192217385536,0.28604932131897903
2022-05-30,0.1486271471445387,-0.10237808482359134,0.04667838437990532,-0.013584575008454447,0.49491071217131155,0.02888116890221165,-0.08122449761126482,-0.051452143486056534,0.661353252690412,0.4481886356409877
2022-05-31,0.15861786076073428,-0.10153939016748814,0.07707397227524332,-0.028772808071734157,0.488763176239674,0.035888282426403684,-0.0807809270918628,-0.04721607729448091,0.6466081008550593,0.4313578100684512
2022-06-01,0.1634394918803078,-0.09784566643963416,0.07020428784522406,-0.033264010937133826,0.46823489362437687,0.04997431600274746,-0.06773033782898807,-0.0622516587860828,0.6581796930082812,0.4310589916309012
2022-06-02,0.17422478502363334,-0.24037385059431918,0.06310495609446035,-0.052083194115606524,0.47934875788587405,0.03150160325020879,-0.06668559520400336,-0.059423136195812964,0.6631740217916309,0.4372116520639344
2022-06-03,0.1733522720828188,-0.24500786763299365,0.06983807171672479,-0.06488142058484203,0.48871224708810723,0.03539208183015391,-0.07983758369759714,-0.044749467726146686,0.649880002128537,0.4473016647952376
2022-06-06,0.029233020021457445,-0.2515172720176112,0.07023014915576242,-0.06988096739945937,0.48659870662448157,0.05088076988375423,-0.07924650864832394,-0.03803319731975868,0.6377633569987129,0.4439719427009845
2022-06-07,0.026029283715398005,-0.2461351600933221,0.05754603373097769,-0.056298846075395925,0.4936554576878862,0.035949492840653685,-0.08002234742995878,-0.026431939331421905,0.6353165918920589,0.4403914330631242
2022-06-08,0.026048472360309965,-0.24344821686252138,0.04793579604967177,-0.050064651087380785,0.5017570433624481,0.048486670490350325,-0.09121331041188219,-0.027759305880890206,0.6344007633046267,0.2838567386752675
2022-06-09,0.03144738023004154,-0.2479199801014742,0.042887104856570324,-0.047515450081346944,0.5090897036195451,0.05232736983342473,-0.10179894449567334,-0.04382077383442934,0.64776832192553,0.2875352680478118
2022-06-10,0.03530674562722774,-0.2514380668443689,0.033334789355406264,-0.04511573229777721,0.5151716024310615,0.05596820068360872,-0.10469803416380036,-0.04079781452154396,0.643562478310398,0.28870583141978784
2022-06-13,0.039855550965247066,-0.24134494857494054,0.043518750785734556,-0.06442097188801726,0.5120473727364919,0.05489312924991416,-0.1027474585864886,-0.04818134366618354,0.6479556514547978,0.2884242675234442
2022-06-14,0.03624631825796004,-0.23639759400302535,0.04667150070024806,-0.0685403258050189,0.5078456420385824,0.05580329001238632,-0.09342208686959025,-0.05141812704071702,0.6502609280169744,0.28295045469220004
2022-06-15,0.04647015562399312,-0.23153042670256974,0.04611274567438359,-0.06848551324446522,0.4896424908124559,0.055411544790831546,-0.09461698167759891,-0.06307950633363113,0.6609742255186906,0.28910126553791016
2022-06-16,0.048110892479374084,-0.22699918248925996,0.047584012922596564,-0.06926038871879947,0.48287398346490484,0.054346638927944085,-0.08459706026897185,-0.053803491384474544,0.6519205917391491,0.27982400332753704
2022-06-17,0.061428674885289525,-0.22550014864813506,0.04124312766266264,-0.07389429166542782,0.47190057321071055,0.06189041661747474,-0.08533036864755217,-0.0477414249014505,0.6424223997663883,0.2835810417200397
2022-06-20,0.0534588375903767,-0.22863217024518484,0.04089059715792459,-0.08025284282507317,0.46627466862694045,0.06752652957449437,-0.07210485934737582,-0.05612014656924563,0.6495649959359943,0.2893943901011491
2022-06-21,0.051345952738777595,-0.23734196849772507,0.040799328956964365,-0.07999694075244401,0.47674214432653983,0.06760951829308784,-0.07983024907139846,-0.05744158253559489,0.6529782875075629,0.2951355090342298
2022-06-22,0.049774840116373315,-0.23397905457185333,0.031445975261946174,-0.23303668993040044,0.4806574084668571,0.07168376774883634,-0.2157360964915302,-0.06936988195747112,0.6594620770255442,0.2890976543316978
2022-06-23,0.04885681902931471,-0.2314580948219813,0.03670510822216064,-0.0918691583575934,0.4740929772377721,0.0767698456003616,-0.20410434576559205,-0.07204727554591661,0.5049388093885552,0.288115315012919
2022-06-24,0.04783601533381707,-0.23239329521297844,0.03780040783866745,-0.08662567977611849,0.4694477011640624,0.06611576494730445,-0.20315472005631488,-0.06537965181664451,0.6557837182725835,0.2905697393056213
2022-06-27,0.04965872078474998,-0.2335260551462291,0.040383616423663754,-0.09028911446749999,0.4755528994644317,0.06662436513174816,-0.20125580520427652,-0.066940662911457,0.653739214158345,0.28605282176652386
2022-06-28,0.049146883551857035,-0.23101494983709614,0.05178845126654347,-0.08790488368414365,0.47005887754388076,0.060082612505769545,-0.20011402413902682,-0.06305613979320729,0.4996812987652163,0.28133187382020663
2022-06-29,0.09366636525665348,-0.10731423826430753,0.08651289116684996,0.11297301137670618,0.18540059952789417,0.10015165152973152,-0.0800015568174319,0.14497958305939207,0.21308790410808787,0.0005437890564241876
2022-06-30,0.09512106630615474,-0.1084866604370027,0.10282347223519514,0.11875169644871705,0.17759595960886576,0.10789649786243058,-0.08220153591380949,0.1501914905405496,0.3481745591796938,-0.00986654583079452
2022-07-01,0.08845433865604219,-0.11040829638101388,0.12014268411604359,0.1178698277551189,0.17764115031946637,0.1049958705181337,-0.08548104764694958,0.13896171501190807,0.35529476961947465,-0.007471011968224001
2022-07-04,0.3659544461626788,-0.06337278467792412,0.4110678559784424,0.039184463445226025,0.2153630246648753,0.3774218468562934,-0.043591526359232136,0.22200346196122,0.3886721509048491,0.03729706106357132
2022-07-05,0.36640011367006764,-0.05997306490347604,0.409782201060112,0.19016919600102627,0.21075790104152356,0.3778151789453558,0.1008661921237406,0.2253525605523113,0.3876376214227131,0.04119210008662577
2022-07-06,0.3546018605218216,-0.039344766093498185,0.3909609420076612,0.18597420020375272,0.2103140331552126,0.38459164663155015,0.11464966933161957,0.2137462644712227,0.39792703540575947,0.18657911436489819
2022-07-07,0.3614066424987694,-0.03567106034638898,0.389205427392908,0.17837999812995814,0.21112277649283903,0.3982168194340351,0.11531000541678083,0.2078875185419919,0.3915214062307074,0.18262046620839928
2022-07-08,0.3581376585863058,-0.03403242153856911,0.3899531006492336,0.18302810083692694,0.20896117789754573,0.3925440669980195,0.11553870816049389,0.363309571148256,0.39067670138374977,0.1818833358780378
2022-07-13,0.06802962774024601,-0.07485314386590725,0.11805345557066599,0.10108629124027857,0.16777845875209096,0.116616032491165,0.08728243865912388,0.12377460377726354,0.3504663154979915,-0.008234079862918298
2022-07-14,0.05455802015959646,-0.080355918220369,0.13723111842714744,0.10601659239322686,0.17198677673134177,0.1081623747957291,0.0870503512420282,0.1182653109900057,0.35368895638735526,-0.006603582906061736
2022-07-18,0.192079878180266,-0.07304574320400403,0.11780537317547427,-0.036820707537425015,0.17422317229869527,0.10796723120760363,0.08804899090992602,0.12056357511743077,0.36324984827069273,-0.48407161841865953
2022-07-19,0.04766819703573308,-0.07559135340250453,0.12599994449830537,-0.03845107636001134,0.1698425129312427,0.11753216595118032,0.08155709437537306,0.12185411125362075,0.3555528481504486,-0.485964444433388
2022-07-20,0.05216914296652991,-0.08390454534180788,0.1236266269828094,-0.04128401238915444,0.17145250845490734,0.1171567855583901,0.09066116934691193,0.1169288183992026,0.35874996736069786,-0.48555646133848684
2022-07-21,0.19975484326840198,-0.08019182862456367,0.09353631244919891,-0.038790459945639455,0.18204761856258894,0.12041724367881743,0.09804765351471878,0.1224882717618265,0.36227042284159744,-0.3395800775069468
2022-07-22,0.19413973277081403,-0.07860476981861961,0.11656182801823614,-0.04116337695155921,0.17561913577911292,0.11471011112084759,-0.029515820384577757,0.1180344774685333,0.19530756749806488,-0.34508888550085226
2022-07-25,0.04865559264484692,-0.07262329592916841,0.12510194212604966,-0.04222347023572348,0.17692015970060082,0.11530488620142293,-0.038548012848291374,0.11081254062401272,0.19689049655326551,-0.35029083883701534
2022-07-26,0.04462963518380589,-0.06478579390708428,0.13252027565409108,-0.0617639836861981,0.1925132046134997,0.11022333000190829,-0.03657455543335808,0.114831851691294,0.3339866889687198,-0.49558065308667826
2022-07-27,0.04417735612447085,-0.06338906179957451,0.13243611373281317,-0.06554648734146173,0.18269567869389491,0.10636425154651816,-0.027958125989553773,0.10892427802688823,0.33670156158992925,-0.48440556458392453
2022-07-28,0.03585223812993632,-0.0665196046451518,0.25579632169280786,0.08115197804231603,0.19415407791846417,0.09786090344136736,-0.01321195658588864,0.12319822314686149,0.33590437813814933,-0.4741865592788623
2022-07-29,0.18299128839233725,-0.06321765994695291,0.25305332697094374,0.07397907311033444,0.21005072854793327,0.07801108703673695,-0.005599683830039032,0.2789782920458747,0.32805829892516347,-0.46630475125233184
2022-08-01,0.18077009933881238,-0.06013961473005816,0.2585491365757415,0.08703665330227589,0.2004340294623106,0.05415350560073029,-0.0033532179139561247,0.13983221718272237,0.3244511113578166,-0.4617339201763955
2022-08-02,0.1369564803662626,-0.17812559739920605,0.22624708222440196,-0.12056755270557049,0.4821594394145424,-0.0015648527553346198,-0.1344551674463141,-0.06491707822966197,0.6114665176271767,-0.15719927109629658
2022-08-03,0.13999154238363484,-0.03825144498634209,0.2311629615336511,-0.1258723235610345,0.4756857737606438,0.0060770485406689,-0.13586165282542312,-0.0670174556711623,0.4632178936424661,-0.149132342817103
2022-08-04,0.14460344691409513,-0.03785027838828975,0.22796198377126073,-0.12759259749012697,0.4790532651128586,0.00297241469990471,-0.13562442111304582,-0.06082673828052804,0.6080691258200082,-0.15076620104613683
2022-08-05,0.15355003213989524,-0.04116025780083954,0.2589083836822914,-0.13723414119911337,0.4739765000893471,0.010809328263899715,-0.14628198022095343,-0.09064755661046878,0.46654159666684425,-0.14846190501090276
2022-08-08,0.15379227028998185,-0.18352103529568894,0.24445699135370516,-0.13166792689336373,0.48470929767812576,0.011148566753906769,-0.12086143053471085,-0.09430330426228872,0.460189585473587,-0.17394301456325448
2022-08-09,0.16209062538442057,-0.02705595937323979,0.25058862150500616,-0.13737718417120967,0.48222485464746057,0.014504493996913975,-0.11749240065245814,-0.11991473984391604,0.4634763036347156,-0.17104461512769323
2022-08-10,0.017102762817677086,-0.1700260437988294,0.10147388214940165,-0.13966750785520554,0.4799984368345471,0.019319019250635505,-0.10156076260584224,-0.13023541987698792,0.4470339681033817,-0.17343833501877806
2022-08-11,0.06140585946466401,-0.030566132067696927,0.2582491944890488,0.06102062827114732,0.1952351826513919,0.08778656239032803,0.03127190066393587,0.05765814918657927,0.15969233808088412,-0.4617536831302824
2022-08-12,0.06643664601220703,-0.045037238940109525,0.2506249598535234,0.06255194701784836,0.20722547547803988,0.07579258681413395,0.047677775145949675,0.04463639683249618,0.16198975520010175,-0.4518983034141908
2022-08-15,0.22585839901669008,-0.05546894862191229,0.25142569411051935,0.07090598699374145,0.20307418605878835,0.0794242900954566,0.0540736307669436,0.03501739291996658,0.16367110167478524,-0.45798173301497913
2022-08-16,0.08095183836868725,-0.05134739216099313,0.24063307109770937,0.06635241805387126,0.207277259167723,0.09048313355329532,0.044573117038440135,0.027716332026836044,0.17176111462917998,-0.4584008917747494
2022-08-17,0.1020826995088587,-0.06166782047914024,0.25648281723744676,0.06476424529802599,0.1938993792442889,0.10982394676952956,0.04207886420676943,0.024441895110436124,0.15394036670294833,-0.4658463935991637
2022-08-18,0.10178970224926095,-0.09213135583557658,0.09500049905709915,0.06682544694172679,0.19887444131199306,0.10925328885924962,0.03755727570954309,0.03130720839702611,0.17740742601534432,-0.4558839327056666
2022-08-19,0.07844989224642868,-0.0771675717367811,0.10615240416486074,0.07280446466731227,0.19587384094297672,0.08621044391828103,0.049385781140480756,0.04162623867221166,0.17350605298864274,-0.45684154700441343
2022-08-22,0.07677778065952834,-0.06601117210125493,0.11478026905340477,0.07878698159948189,0.19256483310912903,0.07155152528418587,0.07048822092571999,0.03522830351915415,0.14403409159093786,-0.44820083364028684
2022-08-23,0.08517839334769631,-0.07561286509317008,0.12025382254305692,0.07582103915576266,0.18096113331520264,0.12245569580524304,0.0598576807634032,0.03076255712218859,0.1287668104261536,-0.4584442673855368
2022-08-24,0.0799240535525724,-0.06196226847155581,0.10669280457051322,-0.4026487984085137,0.18211153361790577,0.1301308392145196,0.05559255198318158,0.012679224923183768,0.14142984696579644,-0.4539497879476033
2022-08-25,0.09604576538801224,-0.07269276339538197,0.09837952033812769,-0.3986530971252419,0.183529021544464,0.15781392340128442,0.04577767006714034,0.14818008207901578,0.13608668389616507,-0.45446680619358587
2022-08-26,0.09986166400662988,-0.07439759184764036,0.11301158076740109,-0.4035700761130642,0.1858443494956099,0.15840684950670986,0.04270711267573851,0.14533394222729545,0.2751906765120838,-0.45238850723076385
2022-08-29,0.10062235688334428,-0.0778720134169113,0.12164063270164624,-0.4114951835545564,0.1811060491760691,0.15582464606742502,0.038999556384773315,0.15386352767563122,0.2723291011028617,-0.4450186730202832
2022-08-31,0.1042046350788576,-0.07760275511371448,0.1203616579180134,-0.410187377684067,0.17628947973130904,0.1469919646609514,0.04700748276277589,0.15986039304419353,0.2668379957244096,-0.44376347612272893
2022-09-01,0.10923122665062332,-0.06747393595677312,0.25343637802177454,-0.40766035046250215,0.17166419742267225,0.14439870774436728,0.054250821566359686,0.15129153143590274,0.2610342421876721,-0.43017281861009665
2022-09-02,0.1292063297915207,-0.08692694532961856,0.25581416766382414,-0.41040872863203626,0.17347661101396156,0.14857601306628587,0.045754431433085774,0.006583660904110472,0.25966707987929843,-0.4317426197904322
2022-09-05,0.1328843433585277,-0.09282441526684176,0.12190468157192075,-0.5493500236823871,0.16168307032267198,0.14920775214982046,0.039743743068232085,0.005943975428299164,0.2619944268112153,-0.4411875537614586
2022-09-06,0.15547015722094343,-0.10118484797261018,0.12371587345625565,-0.5399459582799715,0.16301606989914402,0.14340319414687389,0.03563498883883354,0.002721009496467891,0.25584454830658193,-0.4486750351125187
2022-09-07,0.15362021193465877,-0.09404528342379412,0.1485897143391552,-0.5449675047473999,0.16507105110654444,0.1048524499001989,0.03354160547377377,0.003185686852610073,0.26912813450964257,0.03102393405461032
2022-09-08,0.14280330756735296,-0.07964301344322355,0.14565571224686602,-0.545847456939887,0.1738779917881359,0.10417677368373929,0.04774175073716086,0.13195028889689414,0.25121233387610287,0.1980723115868585
2022-09-09,0.15541020497774832,-0.08826706276412247,0.1520222513804374,-0.5447163710523519,0.16836209402495048,0.11687405641719853,0.034369771351976,0.13101222578052107,0.23992771779141375,0.20500511209222888
2022-09-12,0.17100073743277688,-0.0929728087358109,0.15423576503003344,-0.5429290038968589,0.16405181256637746,0.1340564143299674,0.012167037969522176,0.12819974277281748,0.22616253066823738,0.21602777186293753
2022-09-13,0.1445564618851181,-0.08646752303242194,0.14662056553024763,-0.546648162915161,0.16676483809069678,0.1592010637125707,0.018873443160048353,-0.01861280690280906,0.23444883477348932,0.20126328569822122
2022-09-14,0.11860342227130291,-0.08179663423870734,0.12587826823435747,-0.5485944504895464,0.17370511949759698,0.13873230530309538,0.05252523294670369,-0.025585042929938046,0.24834423790870735,0.21818754149642822
2022-09-15,0.10149666110142158,-0.08253787332650978,0.10846730816798811,-0.5555110046022342,0.17553743892704143,0.12251075306446038,0.061839331138340226,-0.01728679490170648,0.2688721893249749,0.23661199110622383
2022-09-16,0.07505293573101843,-0.07691435494031942,0.14241931907716981,-0.5370818967459527,0.17468627395654218,0.087918201861308,0.07860034562965684,-0.005970630087662909,0.254404203182873,0.2268856023353668
2022-09-19,0.06386870380283399,-0.06608137513399515,0.12781223205107392,-0.5347247371865649,0.18023504593272666,0.0775780882941429,0.0870185380540835,-0.0015039597975149144,0.2530063078597554,0.23279115612345846
2022-09-20,0.05956786581097945,-0.07415335210698845,0.12602233965216408,-0.533238138936559,0.1730276322601827,0.0679190379890838,0.08432076529311372,0.0067535489020806305,0.11810866721661781,0.24167163391932545
2022-09-21,0.06060323800364112,-0.06529294763744883,0.11712840987769002,-0.51122733467552,0.18073430480996244,0.054592580474116775,0.10012848640316185,0.0012510052469296984,0.08649133403051562,0.24559092346695122
2022-09-22,0.060147414186129816,-0.061817122728237944,0.1268466375112822,-0.5123927390602246,0.17713928778789428,0.04775162682315631,0.09572477504275911,0.005059732619261403,0.08732663284495987,0.2442137549730195
2022-09-23,0.056171720669389136,-0.058182527510146714,0.12269110946332659,-0.5073868445906609,0.17234087378306578,0.04403126076159447,0.096779706548559,0.011743058774199067,0.08660610778643449,0.24520553431423886
2022-09-26,0.06358435782201807,-0.06414095343669604,0.12664535898892107,-0.5154432927582748,0.16582311705708958,0.05430485663663623,0.09222560688787124,0.008302395840852878,0.08712350830468765,0.2515750446568944
2022-09-27,0.07395574879198705,-0.0606150508460834,0.12157451741047548,-0.5206647631172703,0.16609326946381242,0.05956903354545415,0.0912875002425465,0.0015760915404887665,0.09091149800971868,0.24631215495887077
2022-09-28,0.07060687087840348,-0.05792603488244674,0.12267493851962258,-0.5178632293630379,0.16126184781076636,0.05961380217100121,0.08633798665412895,-0.0034613846482189348,0.08451245658624518,0.26424274627353567
2022-09-29,0.07958742589094112,-0.07100482085545481,0.10755460502132999,-0.5239775791985195,0.16630267240429525,0.06372208630360168,0.09032619908073497,-0.0025394607002314357,0.2494000517204492,0.26062882033285345
2022-09-30,0.07693619288056316,-0.07853662639196446,0.1091258320363018,-0.5264449025784339,0.1737239573387097,0.0748570060050199,0.09033754126475313,-0.01020061079566481,0.258902966440516,0.2512986438001994
2022-10-03,0.08484324349217492,-0.08009706052872481,0.09782240367653164,-0.5228172914736772,0.17722533262608725,0.08247854187694861,0.09269746289315339,-0.01820831645047566,0.10957376596949917,0.24648191791848262
2022-10-04,0.08133568931221863,-0.08264896260936244,0.07722765129565848,-0.5173456878877377,0.17907162198095528,0.08093812647543869,0.09863590729778099,-0.00965796027058892,0.10775658239068905,0.2546870320149481
2022-10-05,0.08686194590123683,-0.08618793439597552,0.07150387152637125,-0.04271653064451163,0.1730082578520729,0.08015567252162728,0.08832572432688723,-0.004855158618960853,0.1396003106503188,0.24430384088093365
2022-10-06,0.09772582970669355,-0.07896009805136053,0.07065850769055149,-0.06033905935764966,0.17707688658125464,0.07850501725261977,0.0807757896327651,-0.0025933610736581653,0.13336180082842972,0.2537886867903537
2022-10-07,0.10293118247442012,-0.08670743496889635,0.08581506302810793,-0.06130418406002064,0.17768880813618637,0.07856438075401692,0.08371283559237436,0.0042449951867541,0.13149061655374975,0.2335637373033076
2022-10-10,0.09555937396830738,-0.0938704240049828,0.07971319884601322,-0.04602643060204299,0.18145881739158987,0.06692074219688443,0.0934913719853323,0.01109373121163415,0.13514182207780448,0.22651779692945978
2022-10-11,0.10865526242957693,-0.09631913377245843,0.08520404596421069,-0.05321297027243241,0.17076396114036824,0.08988171732319483,0.08423206789217769,0.0051988284833394405,0.13210223904281015,0.22349398176921298
2022-10-12,0.11332958402192078,-0.09711499548403088,0.07347413885579682,-0.05646704565880542,0.17146736496014675,0.08616958880586223,0.07900723304076585,0.006681304143561689,0.14111211176020763,0.23234071555457447
2022-10-13,0.10564274307068305,-0.08598720014828423,0.05290319957681,-0.05261487001408213,0.18301067676197008,0.07229877616150102,0.08229652055729914,0.009406319213671216,0.1491846812447279,0.23385915357570408
2022-10-14,0.1074276753705053,-0.08209718916139294,0.058049820975573124,-0.06242328391610905,0.18502409674956022,0.07202178156925382,0.07984582320236333,0.01697325293742588,0.14671741252207798,0.22846060975074228
2022-10-17,0.11185472997884596,-0.07563683539913912,0.05728334436793056,-0.06463030308642836,0.18351371794477334,0.07859074805411284,0.07524993009073722,0.014418146852174352,0.14949761196972922,0.21985890922726403
2022-10-18,0.1208501690643222,-0.07308797332341721,0.052816281684712474,-0.07525490398232851,0.19130129986156158,0.0855723110360466,0.06614195037890597,0.015027927837822058,0.15013441491795224,0.21649852252442275
2022-10-19,0.12685032070360022,-0.06595257091616408,0.05254681073363229,-0.07136603174083861,0.1826388735529353,0.09920901743556082,0.06642421979409469,0.007925870357111758,0.1386132825149796,0.21311020756508792
2022-10-20,0.13024329279328395,-0.06641934836487848,0.043528716542545046,-0.07552727591431622,0.18257892972420853,0.09819378897073144,0.047685530862735026,0.019521227822277193,0.16418082578089033,0.20601431178252316
2022-10-21,0.11096873580494751,-0.06707839054611153,0.05671882367945974,-0.06752649994609855,0.1772541250524589,0.08271638185643396,0.06634678649229575,0.025215619419060337,0.1584899712546041,0.20689444693294973
2022-10-24,0.10893934375941997,-0.08093505603854634,0.048186667549991735,-0.056828494708530186,0.1723177919886465,0.08026701233245481,0.07362394411227419,0.02534160239714997,0.15693923964315576,0.07214794896398377
2022-10-25,0.11354990105729781,-0.0893064479355595,0.041308424054655055,-0.0597733676621074,0.17121944582439802,0.08497008088719879,0.06240085277060109,0.04104778675138043,0.16801512372796967,0.06656820052416598
2022-10-26,0.13178506987852498,-0.09805538856863577,0.04874033774177028,-0.05662753989884457,0.16394977083409734,0.09872738155113064,0.05902789628609145,0.03960403999654319,0.15928971909168432,0.05355871308763818
2022-10-27,0.125834351097417,-0.09583272049170644,0.06354545652131185,-0.05323910832987171,0.15753164454934196,0.10162113751394611,0.053989670818871294,0.0366099817896787,0.16862280775770677,0.04131677877330442
2022-10-28,0.12203287262750748,-0.09794855838479807,0.06477670102899738,-0.05515914011496793,0.16230177154345887,0.10683765679170443,0.05284585191841967,0.02500807561078902,0.17305372577155403,0.04625104320733514
2022-10-31,0.11546521888096162,-0.0922252952947821,0.06733716064173906,-0.0474466306106886,0.16340675184328202,0.10248131691535489,0.05811349054523379,0.031782235904050604,0.17198705658374075,0.029098694591107976
2022-11-01,0.1134224780049587,-0.08259985184243857,0.0677261109375937,-0.0495456948325194,0.16696468189257915,0.1003649226272865,0.06548192907079747,0.02542478375132487,0.16254246617718265,0.03021817421323479
2022-11-02,0.10697241101058769,-0.07719363966370604,0.06683342153686342,-0.04111453926637354,0.16934858530933528,0.09776371865077735,0.07199063804849454,0.021441483955348145,0.15956216361547895,0.024395756803194085
2022-11-03,0.09591630966659703,-0.07422175960113597,0.05150878013177568,-0.02811082302178479,0.1677500830374668,0.0883778912547657,0.08848921185609171,0.03438747849285975,0.1432715871609011,0.0326312410224629
2022-11-04,0.10301787699498638,-0.08002242136514912,0.054840761441292935,-0.02176903442452162,0.15805741082986996,0.08799963997304608,0.08695568843083235,0.02939157517056379,0.14514056417016427,0.03638793877891487
2022-11-07,0.10070430438239097,-0.08179713000980271,0.053579024646069506,-0.006852263372485443,0.1545385567680566,0.08529739831528801,0.08678821795317626,0.033958209554397906,0.1475243400761002,0.026259341686808782
2022-11-08,0.09955326714023657,-0.08888219054454757,0.07122866057891739,-0.010853069434759291,0.14464739767479126,0.08253928673459546,0.0664930964680075,0.03339916174561369,0.17694298419051335,0.17493140544663177
2022-11-09,0.10016760786089912,-0.12126727431724799,0.07836836215973494,-0.01235276820692005,0.15112769992417857,0.06281519224833196,0.06324199284206417,0.041638037152965574,0.1872385144425388,0.049022635893454986
2022-11-10,0.10033838721533439,-0.12059500512911613,0.09432576790995412,0.005754853106651886,0.13257998901300797,0.06492366078030493,0.06653400050274616,0.041831735865423825,0.17134953096833555,0.04295707976735723
2022-11-11,0.0851068388785867,-0.1256912821561753,0.09528854691652774,0.005661379664278571,0.14761883274111098,0.05189754231710483,0.08129438785486076,0.051364949968398105,0.15839077263876927,0.04906803117653849
2022-11-14,0.08067709543736548,-0.1423944343921722,0.1271713685458453,0.013133375381986695,0.14985355540841067,0.032567846920461274,0.07971080313078205,0.06015677379982401,0.13240306258956686,0.06672055317793005
2022-11-15,0.09039093622792352,-0.1535468899992789,0.10660526252797595,0.020967812202195568,0.15765928000668541,0.019943898959436712,0.07525449422016534,0.06669262733238049,0.1436296642096999,0.07240291431281592
2022-11-16,0.12749393741963505,-0.15138964062852067,0.13118159719582842,-0.013390889671269501,0.16194880186789565,0.026984342759878058,0.06839651684027986,0.03530821004451262,0.12424314319415641,0.08922398097760417
2022-11-17,0.127196467588541,-0.15547107749837275,0.1240221072353132,-0.01087114825088037,0.16134994071090242,0.02100625423868266,0.05018438151904914,0.019118462196720337,0.1537688981040839,0.10969571415596072
2022-11-18,0.13340506739131952,-0.1634606172648482,0.09357874593762827,-0.013952243026182684,0.18749035331974373,0.007310088412907215,0.049722609866192036,0.03296811081092335,0.15982721818475965,0.11311066636755682
2022-11-21,0.11164769771504676,-0.17169949402923795,0.11866128626598921,0.001151470870740856,0.19270571735315845,-0.022482502147983884,0.013139124318015616,0.051998833957218354,0.1715246540648021,0.13335321163225042
2022-11-22,0.11780879438278422,-0.18119596784927194,0.14566927780732802,0.032664453820256095,0.19066537830767588,-0.03763300680586636,-0.005510443142818677,0.07425309065401814,0.15253999498889534,0.11073842783699936
2022-11-23,0.10132563370995473,-0.17538948649917124,0.1438323649601099,0.04360022398999072,0.1974593176422747,-0.05035448364719342,-0.04298552022610222,0.09111851604340548,0.15028211338668937,0.14111132064004217
2022-11-24,0.08975598044198804,-0.1707211407812021,0.15235657447590598,0.03836163061191336,0.18894851455873868,-0.04552593993518111,-0.03717173874237692,0.0972405245441949,0.1533808784632192,0.13337471636280013
2022-11-25,0.07670115487527646,-0.1673681335235328,0.18332727975223156,0.04367173132605334,0.19360845158375484,-0.038968634684484964,-0.04862431135777365,0.10613396669118191,0.14803125696532712,0.10348723837196619
2022-11-28,0.09244022629474366,-0.17535867988813797,0.18430034418563584,0.03809285608710547,0.18385054441052562,-0.03255318791316161,-0.04272202025678282,0.10550108543416103,0.12481050704034774,0.12163832460556304
2022-11-29,0.08085155175465125,-0.17372639244288302,0.18941792357847143,0.045705393209734296,0.1827968361992125,-0.02920349817545139,-0.042100032496201534,0.09136695455970961,0.14780631079082104,0.10708495302193569
2022-11-30,0.038802705453579986,-0.15267311998236235,0.17086920957809598,0.0644767071863327,0.1954906004182187,-0.04443941446820834,-0.03706891578014787,0.08313621657538028,0.1602668835613283,0.12113912745778294
2022-12-01,0.02657160506109786,-0.16041211532495958,0.16522227776863613,0.03587400215962058,0.21629425977117933,-0.03203196621491164,-0.04501188941697412,0.09171115953492617,0.17392451463877856,0.1278581520226067
2022-12-02,0.006929012957219163,-0.1514462774498091,0.1509485476956518,0.030399227386382344,0.22727101217902462,-0.017143791685624354,-0.06957806245366555,0.09231019383676997,0.19668347471925546,0.13362666281479577
2022-12-05,-0.0031376808970311615,-0.15684535585612186,0.12011975309435832,0.050367209524001394,0.21213679850794875,0.00470956408620965,-0.04465952568489137,0.07482179716441881,0.21980172862081337,0.1226857114402943
2022-12-06,0.004615190592238541,-0.15915668623202267,0.11658765849175348,0.048524098668486976,0.20081122553853603,0.008102344637698225,-0.05626824520049484,0.09785272344410248,0.21971704637155287,0.11921464368814894
2022-12-07,0.009122835243513261,-0.15152307412951938,0.10254372777772533,0.03684967301798206,0.21432570631561182,0.0003169969970462927,-0.06280061410703117,0.09557090529391218,0.22567827774567972,0.12991556584507974
2022-12-08,0.0010848960494602017,-0.13819601381197194,0.1092139971175817,0.0323492254602363,0.2182877316116384,-0.006122241490794503,-0.04245396224688386,0.07947648184076864,0.22766076335268232,0.1186991221172827
2022-12-09,0.01646497443059336,-0.14516488408607398,0.129611904253814,0.03630972345878322,0.21244907050475714,-0.016412838108762817,-0.05674363782731204,0.07512056242905621,0.22147625290971817,0.1268888720354267
2022-12-12,0.043538745688101343,-0.16186811617488706,0.17426800786031588,0.024956853258163852,0.197356014146499,-0.0009410869230128543,-0.06813677832492424,0.067321641736284,0.21339653083706717,0.11010818789639298
2022-12-13,0.055323846693837136,-0.15962174968492426,0.20354121191708135,0.03034069616359822,0.18165213356385784,0.003404296642907423,-0.052751682415977164,0.05879125217757428,0.19270290800031148,0.08661708694173387
2022-12-14,0.08223172406163234,-0.17543208951397338,0.195495592671873,0.015587371194924898,0.022382038397069662,0.03459026307982434,-0.07207011340309838,0.05224305393833098,0.20492794700626893,0.09004421256714759
2022-12-15,0.11444574067016458,-0.1788005269941543,0.19368956374816954,0.006325610747309363,0.16882783371002594,0.062078734937365404,-0.09314839041952228,0.04393321161162417,0.35284571795408515,0.07980250403493244
2022-12-16,0.10165063725837123,-0.17438588776929287,0.21601882157423213,0.005082713347992068,0.17341755758524618,0.06469730339206872,-0.07914795771216057,0.17372166657844101,0.3374642682024788,0.08148087754262343
2022-12-19,0.1243123779060396,-0.18131042762977453,0.20280110301388105,-0.006407615762986096,0.0379022276138411,0.09303312894949209,-0.11539593203208987,0.17547427262934406,0.33712993459056595,0.08246093072168675
2022-12-20,0.11907901250591346,-0.17986696936213806,0.19645280828916406,-0.011645844170580677,0.04261324601397287,0.08302208785760029,-0.10620816305845954,0.1782268759328201,0.349941181531824,0.07838576445988332
2022-12-21,0.12871463557001386,-0.18482695034590166,0.19440265162552017,-0.006305051413648677,0.0417124651753326,0.08587510010034746,-0.11563792139315786,0.17352478701374746,0.34229005710279253,0.09025022656495427
2022-12-22,0.11789345795318343,-0.18086154552370395,0.20579526449358626,-0.005796323908478104,0.04697273105622818,0.06871883574011456,-0.11400603195602035,0.17647613615974156,0.33969781442913394,0.09510966155621473
2022-12-23,0.1038902154141628,-0.18243227769938725,0.21515462769837246,-0.0016164773887963196,0.05135334622016818,0.06848598256913482,-0.11975268688675254,0.18407272942926434,0.33176152522097324,0.09908301542286044
2022-12-26,0.10982381739134969,-0.18218459081893132,0.21139002901483073,0.004292312477213678,0.06166745331844736,0.07172219184057052,-0.12848076238778733,0.18843751185317503,0.33816507001278656,0.07516696729834485
2022-12-27,0.10851355808476176,-0.18196049065158637,0.20987648080259858,-0.009792628584765067,0.058761379007598785,0.07588352606509141,-0.1175989251557718,0.18378971230026786,0.33890565194649996,0.2336217361853049
2022-12-28,0.10619285917795865,-0.18542492418779566,0.21127882873339004,-0.008625607820500203,0.06196573865081251,0.058357864004223575,-0.12220149496687824,0.20229528250821965,0.3297846860557664,0.2463767678448035
2022-12-29,0.1751019534146466,0.05304658183928406,0.4401528750078799,0.10640391806672686,0.16342589650538072,0.13062921997494506,0.10616399132560309,0.32406465811697893,0.38811790384097244,0.21289300190758254
2022-12-30,0.17769493079284038,0.057425372381655515,0.4567757190571032,0.11023598389717855,0.16575016752183686,0.13431483920034695,0.10240624215526435,0.324967941554099,0.37067675759082414,0.19975204584885117
2023-01-02,0.25139480362344374,0.29696217551007864,0.4009817853147603,0.23950875495708612,0.24689856550665565,0.2184859327004795,0.3531385235451677,0.4310689033120885,0.42803791476230235,0.2835226407679377
2023-01-03,0.2381729373272116,0.2982741743482401,0.40114407860150486,0.24797264217518183,0.24125750360651205,0.2112335844780505,0.35436956795150254,0.4395574962383581,0.4420463260008346,0.27597168927260385
2023-01-04,0.24323869494626638,0.2999189788930073,0.4006560408664028,0.2576457999805295,0.23111010727161016,0.21673819197393282,0.3464373335490934,0.4291432756714301,0.4379334121441334,0.28717816470359414
2023-01-05,0.2455105493103249,0.3009195005761255,0.3968714669071806,0.25472775020570426,0.22871185100415972,0.21880311519844678,0.34473524515046056,0.4252780448301879,0.4336186505186418,0.3008238262987683
2023-01-06,0.23050914724079347,0.3046371470619295,0.39604392833015334,0.2578820419262186,0.2362967330643124,0.19976092502006754,0.35112346999946775,0.43208183277083173,0.44007561476664914,0.30158915981957657
2023-01-09,0.22094465435284721,0.3129025006739427,0.4012972643878794,0.25504641249978655,0.24144740283545618,0.19062029816218992,0.3599436898548696,0.43288696723710357,0.43233120459891683,0.30257960539700823
2023-01-10,0.2191792398352213,0.3164069890643948,0.4065558004890965,0.25553341061699225,0.2471774368834562,0.19588953322103764,0.35231439960681443,0.44180867052619954,0.4159133938851496,0.29922112587163785
2023-01-11,0.2121744442538151,0.3167170529650847,0.4097726175789568,0.268721341957743,0.2536960004672377,0.1842131052044243,0.36516414619541926,0.2832679561699647,0.4168018929175681,0.2894714422897864
2023-01-12,0.20406439780355967,0.3146224249231382,0.39761392450887434,0.2896887812109191,0.25927442550946667,0.17832657745164543,0.3533179797205678,0.43411842417200314,0.418613750540879,0.3003593141589468
2023-01-13,0.19797977292242525,0.30665929187662805,0.3853361104858015,0.30396040326102614,0.2525076721786429,0.17047235060148053,0.3633934803818913,0.4369085641170409,0.42534874597503775,0.3074336082000261
2023-01-16,0.1926642169883246,0.30808413531697115,0.37400054908777164,0.3013767674770039,0.25940275373087557,0.16408330689781486,0.35794198948341527,0.295645127062078,0.4367178558342006,0.3100832981215445
2023-01-17,0.18991597835852986,0.31228582512434977,0.37460767494448777,0.28980106450568105,0.26047176966840024,0.16477392981868183,0.3627655635250274,0.2955433970228105,0.42704511666720407,0.3227896803648276
2023-01-18,0.1877098780459985,0.30782755465321565,0.3627280307336709,0.2922101244564984,0.26818191323793794,0.1633547110737185,0.36443963600871065,0.2876719700335067,0.4394254026120219,0.32645077914472104
2023-01-19,0.19547005489269992,0.308771265948817,0.3745096042184556,0.28432796053766973,0.2569857751826091,0.17177428004039147,0.3524234807848635,0.2954584570216293,0.30452394180411924,0.3057551795687451
2023-01-20,0.20581549405184302,0.3068003984206605,0.3868184234347611,0.2849319203854006,0.258837250415098,0.17937731803574092,0.3576138559342358,0.273117816328446,0.2875412091094721,0.3091463138843422
2023-01-23,0.1995102071115356,0.315019408457579,0.3827953270372442,0.27026752348335237,0.26819108166393,0.17628870511257483,0.36635647371504276,0.26123159311908606,0.29591168319307615,0.3144279971065792
2023-01-24,0.20193818162001428,0.3117602688539517,0.3745672593514546,0.26919168917212,0.26947320978157707,0.1744082222206155,0.36766973176119694,0.26297861627725694,0.2882677216803724,0.3297450992814408
2023-01-25,0.2021884148850926,0.3159658374480023,0.3802901365558703,0.26849897261208994,0.2645672427470937,0.16958621709449756,0.3692757005371583,0.26427400413488367,0.449561125900317,0.3157923480849949
2023-01-26,0.1995994266173458,0.31879882457732645,0.37726149013971505,0.2783131659808298,0.2691402394790914,0.16761069654668243,0.3673784641140474,0.26027448598343184,0.4326206446433518,0.3290025619181783
2023-01-27,0.1979552269554532,0.3129341002675123,0.3718458813647437,0.28413244058735304,0.2755792001951655,0.16423232177904618,0.3635497188237451,0.27112750197564284,0.4329582959970727,0.32568531205426543
2023-01-30,0.2124840305692323,0.3043323722682115,0.36377611833141876,0.2791045287994135,0.28198193094885915,0.16964146509563433,0.357133130896673,0.2671945790593085,0.43091107037869053,0.3334407736525585
2023-01-31,0.22372403455628775,0.3029105860612361,0.36987151795392725,0.28052203275859844,0.2951979299313807,0.1804960713467559,0.3427636675497099,0.26474514206478084,0.2659795016469989,0.32378951613032436
2023-02-01,0.21637582287484797,0.30660466123710683,0.36337611920483986,0.2634783081564022,0.30732677515737966,0.18005752058685853,0.33964690634751127,0.27797934296764343,0.27337275809520556,0.32178178537220464
2023-02-02,0.20149455894605411,0.3172297783519828,0.34041573916973056,0.40192508176406744,0.3199075085225133,0.1727542411793901,0.3434529261327847,0.2862675211338005,0.279314865875812,0.3372377789238644
2023-02-03,0.21320304025521167,0.3064216376005987,0.3104722387847105,0.4072538861946501,0.3370845634215816,0.17225920378938814,0.34006987488295304,0.3025088056476172,0.2683900380696553,0.34233671135363397
2023-02-06,0.20445957536402717,0.31593770912940466,0.3174766398607302,0.42011895667797666,0.3425150555838898,0.15312148644454127,0.3529399743940775,0.2982319082502329,0.26098982708827845,0.3342088672068416
2023-02-07,0.20335277802429907,0.32458341838181604,0.30562567405526997,0.41203816272499194,0.3570070342748177,0.16127461404108284,0.34076500445344,0.2960901424459971,0.26863076524834306,0.3306324063499424
2023-02-08,0.20415865317298493,0.3449405486503971,0.3029884222001329,0.42277229790932885,0.36223927363614145,0.15342599944931662,0.32596092213334327,0.2993752709422347,0.2581800402838633,0.32595857162225705
2023-02-15,0.20557113165865523,0.333442934386056,0.2957180470319525,0.2647982080735384,0.3458728515047203,0.15403780648700577,0.3264297120713408,0.298876064797429,0.2970942386197669,0.32815900536953513
2023-02-16,0.1816783084794516,0.3481654011766051,0.29887786479711653,0.29085834557618306,0.32770003046687607,0.14096338871300262,0.32594778346468334,0.319367664850974,0.2877748698638406,0.3286663426112672
2023-02-17,0.16280190106028186,0.35974844826643776,0.30691044546195123,0.3019495687311249,0.30300202963778333,0.12479499121732707,0.34678368403625803,0.32424071059202186,0.31245612117994226,0.3073120998168718
2023-02-20,0.1665242328320057,0.3523915555777835,0.3377070122532868,0.3212454744001888,0.3044708343010365,0.13124245943080423,0.34483218459222986,0.3441725097188769,0.2767319576357681,0.2706817792580198
2023-02-21,0.17149795679122853,0.35064121349537086,0.37552445284339175,0.3288389148918001,0.26659097727018605,0.14478963136221662,0.3472116705611467,0.3276285308850556,0.26952626478521746,0.26775038711438637
2023-02-22,0.16233568088191647,0.3524850862467509,0.34343372816650514,0.30394281551927815,0.28227897637191013,0.11882599302427121,0.3753127273135673,0.3339696219613405,0.29376146732334196,0.2836539031911185
2023-02-23,0.16383355211864398,0.3586325711473172,0.3358604013129638,0.26786189705619456,0.2939333112410455,0.11808418922635111,0.3848229568990819,0.32915952257359227,0.29048548664031515,0.3073261117844947
2023-02-24,0.16173616738809105,0.371531605491775,0.37143810814831485,0.26730200440511787,0.28744250126388804,0.12107611484661102,0.40968739228655005,0.3029654818588222,0.28080438619966236,0.2760162381111676
2023-02-27,0.1799114887247576,0.35120799539404324,0.3391650111380482,0.2453897709285325,0.30406318818583045,0.11655159124386574,0.406256303933942,0.3124334143733405,0.3092905145297316,0.28573072154790824
2023-02-28,0.19221731476719428,0.35307671560850173,0.28751297081004923,0.23911708443841068,0.30565024535918545,0.10559429308328792,0.4211581173028015,0.3094134845422626,0.3136634048399546,0.32259636924835206
2023-03-01,0.17683328805879298,0.3609684446045272,0.2802557398275961,0.2545857902989186,0.33370448767744504,0.11081310655622956,0.39705271848933815,0.3156662391141254,0.3112247467702876,0.3088954386027396
2023-03-02,0.18208508427082998,0.3738112300467973,0.24292324058904477,0.23994774459136636,0.34895763693644577,0.1213908068736003,0.400183703453652,0.33196203880774067,0.274616230043337,0.33412228438718594
2023-03-03,0.18829559381859107,0.3596805567824715,0.26923289364183856,0.24039150501723466,0.3405523815610328,0.13539770466180853,0.3763210358656612,0.3221420640689676,0.2604213874501977,0.35756487713219653
2023-03-06,0.20313396767542463,0.36570948797767344,0.24982514010040724,0.22792467828240937,0.35678639439529425,0.14532300759069294,0.37363980452951917,0.3403535649492271,0.2374852295449192,0.3498187249544329
2023-03-07,0.20777723741761228,0.3865629092555932,0.22415676827945016,0.2290495686739139,0.3684584762637142,0.14669138200443038,0.4050910625525712,0.33195436922794375,0.20483394682414083,0.3454242795006301
2023-03-08,0.2590206985277499,0.39487385888377347,0.2106836626352606,0.2053633480861635,0.36777316624939926,0.20290371323192463,0.3777023393764861,0.3171747521454936,0.1640982853251391,0.3504061755386101
2023-03-09,0.2616098779436229,0.3740823452498592,0.22475923097960082,0.20723034443032703,0.3521110601696713,0.20183316649246488,0.37968201374232885,0.2900655475864352,0.17918130547553945,0.37944510793015046
2023-03-10,0.25390223024391967,0.39483579978837835,0.22191958189794325,0.1856595111633802,0.36023273798092637,0.2079621048597172,0.435453600499891,0.284280687905609,0.158500546653436,0.34725319900679913
2023-03-13,0.2292294294387322,0.4063423726332678,0.20915187575330332,0.20678903496110662,0.3618881400859637,0.18480669183874615,0.44235218330395965,0.28381019023058496,0.17026770210494263,0.3553623796493932
2023-03-14,0.2370068822061522,0.40583208556012307,0.18806702764625838,0.2188522448221135,0.35707838756987004,0.17902638307050775,0.45373038954619066,0.30564477548443975,0.16129130668793074,0.3434705174064141
2023-03-15,0.2336675367290523,0.4146381747619483,0.1702877839359775,0.21989929714216983,0.35753467068535005,0.18718020459901913,0.4503179500405366,0.31055531558423766,0.1657299964477119,0.3401890700739968
2023-03-16,0.23990627161942327,0.4092095257001709,0.16864884216269088,0.21233799827659083,0.35309231550378295,0.1932787184433038,0.4427551231565062,0.3085983917086742,0.171397639267176,0.3507751741616811
2023-03-17,0.2253331081641677,0.4168741618975613,0.16470459556780884,0.21805390925935145,0.3497242706066301,0.18276497707809874,0.47265879411043543,0.30822625450396895,0.1769282277414761,0.33473170107050154
2023-03-20,0.211592531538323,0.424298098848618,0.16644375681638385,0.22055102736054283,0.349724723968196,0.1829202566358898,0.4671236589333314,0.3076815661211645,0.18029660504378164,0.3393677747337692
2023-03-21,0.2052203177140629,0.4196440186012611,0.15896299567436528,0.23018621847389936,0.3493777801902588,0.18112579112649588,0.47040348703576196,0.30668600273717683,0.18857707933446521,0.3398163091122528
2023-03-22,0.18930180893497556,0.4226064384376379,0.16585223212445344,0.23649649022483255,0.343302117950102,0.17123303320286498,0.4657143630894375,0.3145160885401594,0.19595982334810125,0.34501760414743565
2023-03-23,0.19612132842403363,0.40796866396337017,0.17022132598175055,0.22346521493668076,0.34314255991461495,0.1924856472931039,0.4713603859938159,0.3097786995166846,0.18441198207285245,0.3510441919030932
2023-03-24,0.19222769391847094,0.4024629678304176,0.17368946571275357,0.22320456899702085,0.34885945997099627,0.19269074102752676,0.4580071221631019,0.3118511931443275,0.19065985096958693,0.3563469362657979
2023-03-27,-0.07737265044286985,0.36279678251425024,-0.11752090247345717,0.15385089964535392,0.311074903684057,-0.08675362569768236,0.4156037089592284,0.227756506740523,0.14488172168392507,0.31568265538667184
2023-03-28,-0.07207920393053022,0.3838231978126702,-0.13257215888741375,0.15550402290099838,0.30843472072510913,-0.08147190698644367,0.41913579745983276,0.21583982422543774,0.14437360831604742,0.309012098364292
2023-03-29,-0.06582891647317535,0.3931801678965449,-0.13777009573543775,0.1497097932093974,0.3009600445984386,-0.07748584023180896,0.4260791393373836,0.2124691050975162,0.1431379924247857,0.3055486098763558
2023-03-30,-0.06835629531393272,0.385353456682982,-0.13527724915989886,0.14978457449303745,0.29773484617233625,-0.06731993495295019,0.4223389605910177,0.21443795028204815,0.13734933771008428,0.3139543534952761
2023-03-31,-0.05240218792133494,0.4010492982528333,-0.14215799797138556,0.14497386103180374,0.28837330380154014,-0.06226902672154644,0.4241626446335092,0.20381459391114604,0.13384869792984744,0.31060681305358717
2023-04-03,-0.05059794857412592,0.41371047418018614,-0.1564914208854456,0.14381978218576896,0.2788259649431196,-0.060873416728122354,0.43935115483260084,0.2094152187593606,0.14208074885695565,0.2907594424297023
2023-04-04,-0.05336786054062462,0.4170017272317128,-0.15815324498062552,0.13745754043320288,0.27939205112179066,-0.0686697186846501,0.4299327328688671,0.2188065019281541,0.154705490890062,0.292894779732111
2023-04-05,-0.0545490587636438,0.41606816489297616,-0.15978994208585137,0.14432481773350841,0.2700219517729302,-0.06503970346429841,0.44640550439061616,0.2056818009663558,0.15481471723576126,0.2920617473216458
2023-04-06,-0.054475949050568934,0.4143569505498609,-0.1523898509939927,0.14263838862929015,0.27970892139179115,-0.06227925177418517,0.4408420586224562,0.1852787296868807,0.15718136755731044,0.2991386353811575
2023-04-07,-0.05681853301876172,0.41266593235103677,-0.14305344656589492,0.13456354304751017,0.27873824242483836,-0.06962370068253515,0.4543454717397798,0.18609303184045456,0.16017266383035517,0.2929167950332171
2023-04-10,-0.0592859843064103,0.4242966090897974,-0.13547218105486267,0.12714251770285678,0.2746729380322526,-0.07329426013775611,0.45043368397994243,0.18921958803630368,0.1587831217727478,0.2935039668851285
2023-04-11,-0.04403425580687759,0.4251178735852317,-0.1429464275263518,0.12710464486863232,0.264838139634741,-0.05566848673867719,0.4488943057108147,0.1802982250512567,0.15120649565807764,0.2951894855631527
2023-04-12,-0.03154833865624779,0.40728567114199504,-0.1486351371633849,0.12288696808776685,0.26738759497713405,-0.030763907287063547,0.44486669750372354,0.18070484527835073,0.14348048947609499,0.29433511664163103
2023-04-13,-0.03654904895176994,0.3989641102693955,-0.1523950501878317,0.1285207917969141,0.25301508867359146,-0.041342879934586324,0.44764758089620454,0.17840049203809016,0.1613770389455697,0.3123618764544226
2023-04-14,-0.04102502211054884,0.400937819408955,-0.1469189829017315,0.1224988907356707,0.24765005794851458,-0.031405281615493164,0.4430920721657061,0.1815670139171699,0.15637238029643152,0.3172310521553259
2023-04-17,-0.02902044867824402,0.4041178099926192,-0.14422027713723662,0.11564261955996313,0.24128372636086143,-0.02513035771526806,0.44648455681960497,0.1791962513423057,0.15155425873829223,0.31009186071710226
2023-04-18,-0.029743268578047072,0.4077683792873933,-0.12932346034169617,0.10417257230233776,0.2384235963577298,-0.016060575579598307,0.4428112369617623,0.16809036681591932,0.15181538724770494,0.3120457655264943
2023-04-19,-0.023553446046612997,0.40423148397996145,-0.12630788384287406,0.1104255269680729,0.22797500552674,0.002310053869739509,0.4368356624027455,0.1663746255009813,0.13723616276675574,0.314472808874491
2023-04-20,-0.029059193121162674,0.4010799185141204,-0.13118853263268734,0.12010098853199683,0.22917144862278077,-0.0026193705897401554,0.4447605757493743,0.15939540089525017,0.14240584828150932,0.31595291574855855
2023-04-24,-0.022853730828113566,0.39049154908833944,-0.12945357805823196,0.118586892452334,0.2291703270580292,0.0015309104558975106,0.42483879286751436,0.16233862529372817,0.14424268568291634,0.33110752598758664
2023-04-25,-0.021984091164145347,0.3951515598377301,-0.13449067141529883,0.12811081059584686,0.24048745710318906,-0.0005749735684484614,0.4352232037439993,0.15588567768233802,0.1351748614667037,0.3170161657180858
2023-04-26,-0.04084101052750794,0.4146210646390241,-0.13725914704918132,0.12462725993006371,0.24676928523978403,-0.005262421592247601,0.4368847679820177,0.15792372046071326,0.14329338519507814,0.30924309572225606
2023-04-27,-0.040306124122415105,0.4172498098237152,-0.13883193191124554,0.1254404076839292,0.25089989144492697,-0.0005405533533848206,0.4233208085050896,0.15798293523724138,0.14276971055299395,0.31201504613914943
2023-04-28,-0.0491974553180165,0.42816537685570705,-0.14061579773038904,0.1382961717074428,0.2380939939310507,0.016495019801444993,0.43571475971696605,0.1470263867834705,0.1410125804670243,0.2950089637852993
2023-05-02,-0.04434540537838488,0.41781718214783126,-0.14629116473702747,0.1387988664261106,0.2320559401142177,0.03329790272412539,0.43430207386482783,0.15549023089003633,0.1381943114182848,0.29068006252997847
2023-05-03,-0.03709698752552776,0.4256272332040694,-0.15136670328779672,0.12628555018792076,0.22290466813046805,0.0378130171461713,0.430588874133692,0.16480159142472767,0.1483869231942698,0.28205583339200563
2023-05-04,-0.02753915076138827,0.42372684735146365,-0.14895117335134225,0.12471001900475961,0.21552752076309814,0.03599538706004085,0.4430468102164634,0.1620185909944467,0.14745328243832184,0.2740118662841364
2023-05-05,-0.03867367970908819,0.44868275031409055,-0.14867906258701327,0.11985261144933497,0.20623468698227906,0.021320304720585076,0.45142928505127705,0.17306925694237552,0.15727064934306575,0.25949319749309374
2023-05-08,-0.03325474277244789,0.44807565584467307,-0.15205579939912522,0.11337846777555388,0.20437219200278467,0.02836105599936553,0.4439422473459422,0.17200109677824543,0.16988284712377477,0.25529697930123374
2023-05-09,-0.01991085599056,0.5922917201430851,-0.13801710485966506,0.11204682473860393,0.1983668113078706,0.035470042369845745,0.4481104128000536,0.15781334966009186,0.1595107373904786,0.2543180624401959
2023-05-10,0.0025612183197164518,0.4246306398166674,-0.12506202717418036,0.10951444478663405,0.1893628189805115,0.052035649429204994,0.4527329441183098,0.15032138464785583,0.15652512534333843,0.23737780173194195
2023-05-11,-0.007806164691415818,0.43185274938571194,-0.11955020459721079,0.10581601276842373,0.19407318350904926,0.04640968034858617,0.44914707643125057,0.14767911775471743,0.1523906262197631,0.24998792287112445
2023-05-12,0.008338532735935655,0.4255903069377556,-0.11852117221096976,0.10893392998443523,0.18565936358131632,0.07709303552350091,0.4200788720931504,0.15148962283240863,0.15482750960551583,0.23650999891695126
2023-05-15,0.008271678833881857,0.41643176279021044,-0.10024426219229922,0.10131213541791848,0.18351514866777457,0.07360618411622347,0.4266526915951782,0.14175157924910575,0.15216987472660515,0.24653320679540142
2023-05-16,-0.029160325514544172,0.37997859552266594,-0.08156562983879796,-0.39198106798986143,0.19243652971484254,0.04253055216367252,0.43589582968706614,0.1321133535189094,0.18045209984516847,0.3093000628908785
2023-05-17,0.1120511001630746,0.38125940262359415,-0.09305229095933508,-0.3836979950796276,0.19629570895532386,0.024441725271290515,0.6047595469812264,0.14343501633126088,0.1701088956081696,0.314398890105023
2023-05-18,0.1175240644477882,0.37850120580500735,-0.09141313292663857,-0.2377624078086914,0.1984448219252334,0.01883143502861953,0.6184271022939993,0.13706129077103152,0.17984859295472683,0.3005370275089241
2023-05-22,0.11518486423711718,0.3720522406612916,-0.07309827396320842,-0.2521821786346251,0.20634305300393074,0.027199279994687603,0.6172082830608489,0.13168920847726534,0.1899479422102691,0.2856555809524234
2023-05-23,0.12265840137988951,0.37472693264003043,0.054679441736979,-0.24558997886569583,0.20442149320814507,0.02515045217999151,0.6125891471428162,0.13264072388362438,0.19804960494833587,0.290673781745884
2023-05-24,0.11837731376180635,0.3773600752062273,0.031855529737051164,-0.24000349252106534,0.2157232911323808,0.02074681681330498,0.6027626122347157,0.13841416044695648,0.20795049167935759,0.29681320150926516
2023-05-25,0.11837553488636224,0.3792482492906183,0.05565640741502351,-0.24617307470833039,0.20601542715981574,0.033434799051858255,0.5939176957084851,0.12449908359780142,0.20907732332388834,0.29594855427447764
2023-05-26,0.10939667323310245,0.36547385634713025,0.06890761962001993,-0.24926475582616686,0.2059400450214149,0.03367788484642717,0.600027258870545,0.1230254736807788,0.22070371003151046,0.292112234175238
2023-05-29,0.10728560411347568,0.3611737454512092,0.0409752608263709,-0.2436228721794348,0.21250123395735546,0.03459339563157507,0.6006284366228987,0.14229891923183852,0.21909412936548534,0.2950721469792258
2023-05-30,0.11002552479094732,0.35925952647367254,0.04952807881571189,-0.24016358607626076,0.20460857756617876,0.05077887133692835,0.5908566506843052,0.14739600528793842,0.19310616188045981,0.3046041892401187
2023-05-31,0.09977042340795814,0.36544920023069566,0.05232254679711648,-0.23832747253579933,0.21753007247816636,0.04668484448502308,0.5858734471971163,0.13953982534853662,0.19225200599989314,0.30890510659129355
2023-06-01,0.11396511759937514,0.3681682884637103,0.058928756767249374,-0.24412349508029874,0.20579082883443817,0.05264503951396668,0.6067927752179239,0.13481940699110848,0.19328827001251753,0.27972501168000924
2023-06-02,-0.05803136396067177,0.23461124836352842,0.022467340055979446,-0.4449954205379169,0.48087738214904435,0.03488714328836867,0.4735368704190586,-0.06876259850842609,0.4871184140381326,0.5382909846929028
2023-06-05,-0.05457689974387847,0.25470806839267346,0.017826296627146243,-0.45725094791259074,0.48356377534720296,0.022738153753480095,0.47699930526031753,-0.06578750738604537,0.5208740290010012,0.5009057266606931
2023-06-06,0.07298412014085132,0.2643221971124012,0.010791665929584637,-0.44867612971991944,0.500961544752418,-0.006840166244512724,0.48425008822584137,-0.08323960766451226,0.5285039196175566,0.5269423678502912
2023-06-07,0.0627225372483543,0.2675299745090441,0.02809849383759111,-0.4655969588744476,0.49751887926294014,-0.00522396627823965,0.46607474414368444,-0.07344778504430559,0.5381878468977705,0.5341362342976083
2023-06-08,0.040785723923605965,0.27347682303256926,0.02602797553592484,-0.4511337139254105,0.5019501185250651,0.10356224932596181,0.47608855803739397,-0.07723412014858592,0.5479153363735847,0.5585610493198907
2023-06-09,0.035234759091049894,0.27830909981936003,0.025258953899016,-0.44799818628951943,0.5125624321508053,0.09878072499209156,0.48588615996778944,-0.07569618405104304,0.5636669947215489,0.5239952456989015
2023-06-12,0.029796556290534404,0.27704032185728145,0.0117824807995765,-0.4193993909242444,0.5064725472486454,0.07284729513438942,0.44974030032600454,-0.07776960418984964,0.6039090682485354,0.545580425209127
2023-06-13,0.05480502307684865,0.273101422736286,-0.0013320573368766908,-0.4174305508635254,0.4851497509574325,0.10721584546697888,0.44407564722453596,-0.08486058080714523,0.6062721571370222,0.5330033424084433
2023-06-14,0.06328643675483464,0.27674353427006726,0.006709496712629381,-0.4192464121833528,0.48483521691687403,0.11374230133764479,0.44163633769166255,-0.09147905815831052,0.6098552048239578,0.5139169418339928
2023-06-15,0.06502082328158171,0.28258974893281796,0.012755290426995636,-0.4245671172673466,0.4917175011378724,0.1159656677099215,0.44129143923697806,-0.10131697204516883,0.5963006758178384,0.5202429427685101
2023-06-16,0.05989847117331537,0.29401683886773133,0.025765173611838166,-0.4254548410112848,0.4949559484242904,0.11318206748673115,0.4220680292299939,-0.1062586532812134,0.5980630390942072,0.5237639264043907
2023-06-19,0.07231214036802419,0.2890089436977124,0.01026083411276646,-0.41311714517456055,0.49679694690252685,0.12875050235869778,0.4042012751186303,-0.10531646286656593,0.6038167358698945,0.5132862296128742
2023-06-20,0.08111669508976654,0.2579126375763337,0.009078208229945123,-0.42246814153111106,0.5118795948030825,0.1390177414063098,0.42067139676273474,-0.10587995898977805,0.5908120773641907,0.5178597492885261
2023-06-21,0.1047065195041173,0.24478154270272404,0.017419520301096614,-0.4312289312278648,0.5108353148035808,0.14317650343692806,0.4148815651024361,-0.1025516913039502,0.5886750850232552,0.509304571657677
2023-06-22,0.07848676896984325,0.2576855706407379,0.016398965704995605,-0.4334280862600096,0.5173901162606118,0.11415528421654236,0.4375469699281022,-0.09491361119057709,0.6034414886108881,0.5032365331188655
2023-06-23,0.0789740325171282,0.2559546748668649,0.02211784078109441,-0.43117381124781995,0.5164189099878258,0.10459357490932453,0.4203649628218917,-0.09893183097592417,0.6077704631296714,0.5239111832099432
2023-06-26,0.08841803714933572,0.2476830425012833,0.0247967284388928,-0.4337429033762045,0.5081638280146622,0.11167624513852364,0.41884153346770375,-0.0955796254334253,0.6109261395829371,0.5188169745162914
2023-06-27,0.0699387145890612,0.2445919274102809,0.025647147344689425,-0.4310934734490056,0.5008490963985477,0.10120961390169014,0.42246874585318167,-0.0819003597123641,0.6253543280686711,0.5229342595952478
2023-07-03,0.0630346762283463,0.22728940243989768,0.049728392195994287,-0.4137123213792536,0.48450872817780993,0.08693511993345954,0.41274884269307044,-0.06868407655355312,0.6550596256317415,0.5030916106324871
2023-07-04,0.06214472283182443,0.2193168109548884,0.05983699163174655,-0.4177296764976882,0.47801685069177446,0.09553563512309682,0.43459493150130657,-0.07736705155066775,0.6442300152897265,0.5014207700239924
2023-07-05,0.05372311525427764,0.22174658665957755,0.05942233848903966,-0.40796344503152504,0.49738796446496303,0.0631058798114496,0.43322890589508606,-0.07135423291017075,0.6530298176192808,0.4976730697480215
2023-07-06,0.032624976771461645,0.2156647686787953,0.07194205919771957,-0.4082135015350741,0.5171082649359163,0.056188271258042155,0.424679946871145,-0.06593316815015846,0.6484184188713928,0.5075199631007599
2023-07-07,0.025370297106305117,0.21021199905146645,0.09837480934584714,-0.40408703856638717,0.5202508907711609,0.04959253459817736,0.4360826191287213,-0.07355607208027545,0.6389044094464307,0.4988555511985536
2023-07-10,0.03125867816312927,0.21266189409523417,0.08541905338786221,-0.4012561125337216,0.5110346357665494,0.05991982268862134,0.4657668477849205,-0.08593926262262284,0.629897850104436,0.49123659316559143
2023-07-11,0.06294580310961018,0.2043587705964412,0.08897756345717828,-0.41154281574104123,0.511807038238983,0.0902336971352441,0.42671369441267337,-0.0853302677699451,0.640898133374487,0.47093838318636927
2023-07-12,0.09930246442935614,0.19536732102139176,0.08605450292069217,-0.412905720050533,0.4912584207302567,0.13464770596530967,0.4292770442741228,-0.08825722095536656,0.619779116818646,0.4454763648461245
2023-07-13,0.11864933213217216,0.19065959426420254,0.05299648471832746,-0.41546105266292627,0.48302798674708936,0.16062239838969145,0.4303507847976843,-0.0755060226256153,0.6045468843351869,0.4501136099041876
2023-07-14,0.12527245045610236,0.1900524916786971,0.018993039929604605,-0.4180287647053439,0.5069469350102624,0.14767033764104132,0.433894638440613,-0.0679699915095168,0.601663117319412,0.46150574573912817
2023-07-17,0.11307851121024598,0.20853629773058693,0.014490931808201657,-0.42541303806996045,0.49844396769814947,0.12082046135928931,0.46042203135679216,-0.047325725758827195,0.6136148362973636,0.4433317263681587
2023-07-18,-0.06721754125965576,0.23816152672362073,0.03824687463774051,-0.4274037947501798,0.5075497446799503,0.07632965667987063,0.4659651975076083,-0.05850187350946745,0.6302662328933881,0.44660397639712457
2023-07-19,-0.03801831307222309,0.22101559012941896,0.029253845728181738,-0.4311091943385854,0.5167667643643744,-0.05130930334624115,0.46298542955695904,-0.060664464280989094,0.6121829406371138,0.43889670462199104
2023-07-20,0.10486978287111742,0.20724878447704184,0.03975696273974638,-0.4316575442188932,0.5322017135370324,-0.05417729119384587,0.4446425920778325,-0.06255308935612003,0.6200058726277138,0.4496622164383749
2023-07-21,-0.07447408062906494,0.21928447005496052,0.031170382621027948,-0.42645816725448865,0.5591203567339318,-0.07131874919644429,0.4787281555890323,-0.06704163071255341,0.5970356337604782,0.45395362903312064
2023-07-24,-0.05597371410926108,0.20903728979242786,0.036480020545367475,-0.41753816871619104,0.5569911462412246,-0.08568426742021307,0.47843993321114026,-0.0648486566318581,0.6008832680782494,0.44221314900911357
2023-07-25,0.09391259255199413,0.21163930274175283,0.03903955006525883,-0.41495121059185275,0.5628961006556423,0.07090866098510923,0.46447368969787073,-0.06164740449154395,0.6059186040760633,0.42781011430970534
2023-07-26,0.09812077070944542,0.2268916937589018,0.03440758383232506,-0.4182462111614144,0.571969864533155,0.07440879729825933,0.44916302065492564,-0.057299531219698774,0.6031267425390292,0.4174572690550719
2023-07-27,0.11395142732958424,0.2243881190946802,0.03638712144916828,-0.4192282105041526,0.5813191496541802,0.08635975457704742,0.44092766379028103,-0.06255299137861992,0.5867002760273037,0.4117476899605276
2023-07-28,-0.01564978755646962,0.23627072148401942,0.027880137595667598,-0.43571640530933115,0.5550626229790607,-0.04024836216102709,0.441279972684248,-0.06732120540192342,0.5770987031121142,0.42134360257364134
2023-07-31,-0.028611992059558444,0.2001521147121199,0.01870301241722927,-0.4311635866871602,0.5481375399597717,-0.04319404309003824,0.46067031419117094,-0.05745057579805933,0.588200942525483,0.44455627382904184
2023-08-01,0.0003206932108577032,0.30980279859150656,0.06250552827177211,-0.2316154528846463,0.26523360224930026,-0.02707340247917539,0.5976963394559167,0.15083852937326014,0.31260691769461657,0.17968444651659157
2023-08-02,0.16893703708002758,0.3058729555775316,0.058451898887907555,-0.25181417505060477,0.27533129579800364,-0.01014343424588851,0.5686762197824438,0.16396769644487275,0.29550125085126266,0.195219254874444
2023-08-03,-0.002478527098775607,-0.1579859995441653,-0.07453585611898289,-0.49819566424287587,0.10887669288219279,-0.18470274460013072,0.11547678146101104,-0.09426833890880501,0.13065533879060545,0.02715831737992594
2023-08-04,0.013488991978326648,-0.1738897807244526,-0.06529201098650977,-0.487751451884115,0.0976965313669329,-0.17411269578476343,0.10413235676846228,-0.09436233652765928,0.13988941666330204,0.010200979130476323
2023-08-07,-0.011020522588003123,-0.1788872321648909,-0.05342534124241094,-0.4741286777674545,0.07968067467896608,-0.1754449907113717,0.11030590815662988,-0.1075577003556428,0.1618974755936606,0.018580406400517335
2023-08-08,-0.008751225855646583,-0.18262631259037548,-0.053161951916518624,-0.4683428910511585,0.07519230972472574,-0.14618324135773314,0.10386975767957446,-0.12326175122220369,0.15055428596056844,0.022711020628767176
2023-08-09,-0.13971114704158558,-0.15219832586395737,-0.06773277068938655,-0.4740834287303893,0.07951960858460594,-0.1313590251748229,0.0975343272518418,-0.1400363060104502,0.12586314463937356,0.02220392303477034
2023-08-10,-0.14518717136889672,-0.12819734028654625,-0.08385567416667233,-0.472076537376134,0.07035128588254763,-0.11913846244826595,0.06618557815821524,-0.1335392998821714,0.1480826294520923,0.01737499203583137
2023-08-11,-0.1681184522149091,-0.11785950997426234,-0.09451597636898895,-0.474282518213635,0.06438188365980138,-0.13158450027301788,0.09349369599386548,-0.1329247938097538,0.1514868034746504,0.02992336772624954
2023-08-14,-0.03422237434676245,-0.1217709349013936,-0.08834367287038408,0.03589091402475439,0.04763164304099746,0.018980837351994573,0.12095126520837063,-0.1430396869353044,0.1523462907750631,0.011575718652664324
2023-08-15,-0.04495475269933369,-0.14687218799130225,-0.07581540005717285,0.038393394801255476,0.06018133152933147,-0.009836573858369502,0.12186993043786543,-0.1282373767344654,0.17636492204637236,0.00890671252581901
2023-08-16,-0.036520412156712534,-0.13311028480872567,-0.10054088979298215,0.024072085488108463,0.06166124916137569,-0.010392568881533837,0.14502746724065058,-0.11782318313261662,0.30049723862764455,0.16712929825479136
2023-08-17,0.012392345809781158,-0.11466535519706153,-0.1197217873345307,0.022464191924860183,0.19228359384837992,0.03706069448447685,0.12585915895472655,-0.11091872393559116,0.25639649869747094,0.14884938274748763
2023-08-18,0.017979510050954384,-0.10972753320990103,-0.11586008703102052,0.03065799131409422,0.19913598849847156,0.04082517381133782,0.11424328973984105,-0.11712118211757092,0.2564338016987254,0.13343304724506808
2023-08-21,0.0027913443092829615,-0.09144425285552821,-0.10573349725582548,0.043339495167062064,0.18731899445548736,0.02903424016678896,0.13026802383828112,-0.12459931936206088,0.2592727966886167,0.11975217484789571
2023-08-22,0.0009096155579246257,-0.08128402765180381,-0.1313811851653032,0.041692584363625995,0.19147002775059366,0.03575057829842121,0.13480362790503408,-0.11981934872077733,0.23506982064182816,0.1427883070204565
2023-08-23,0.010790340676442245,-0.08345176388985817,-0.1204428356524305,0.04190259471395347,0.19455484734071618,0.04591933979405777,0.13270283890213125,-0.11564951961351393,0.21407177130262064,0.12960238642588065
2023-08-24,0.048672373420167,-0.09331169845718212,-0.11536771345768523,0.04717622708552302,0.03310346674938808,0.07406457479162737,0.07999344682285076,-0.10182841129844876,0.049398627836941184,0.12809910650681877
2023-08-25,0.02808466409424959,-0.07125226890616607,-0.13298819509605064,0.04282961212402436,0.18075629580907068,0.05226327522271984,0.11501529444052017,-0.09568194736474471,0.05015960120309543,0.1308136684732812
2023-08-28,0.027830268823297144,-0.06880570010908746,-0.14831176929263978,0.044665845168004925,0.18114743522520502,0.04716860248657623,0.10749056844583771,-0.08865676268041002,0.06445683104864552,0.13301468088457089
2023-08-29,0.07737115651878806,0.06011392296893758,-0.09908889392565393,0.243553800642356,-0.10402284304412085,0.08076203953222372,0.22501051494856847,0.10424579170467772,-0.2211491956560386,-0.14679629368973807
2023-08-31,0.04374419336658625,0.06734957027735566,-0.09736493376538605,0.24574518477122953,-0.09485316693693485,0.057473788434106776,0.2588605233700483,0.24046874252761782,-0.20785569318026442,-0.14356820886435917
2023-09-01,0.050230738293326305,0.060528383482537196,-0.09177580965374837,0.24901578597498902,-0.23809382447752,0.059290636191310475,0.25236546090352263,0.2366161600877646,-0.2012374285370669,-0.156940102265115
2023-09-04,0.009168745837791814,-0.06136108794993908,-0.13246537034395528,0.05167570303750041,0.02893050020980939,0.017860879548880104,0.14492816336637232,0.03934353723374129,0.07003639756010416,0.131882531499695
2023-09-05,0.004662899555650912,-0.056841843179976315,-0.11904280662356465,0.05404768183453801,0.01865568761254885,0.007747491838836107,0.1575678278026026,0.04037832931793042,0.06542011012319177,0.12740462171824227
2023-09-06,0.013350588259282092,-0.06406588490149542,-0.12162552108817432,0.06678982732992605,0.16437166078083862,0.01786298959778243,0.15990544514697036,0.0478424336491699,0.1904480254462473,0.12512043577945312
2023-09-07,0.017890422108965853,-0.058441157990509,-0.10617346234799324,0.07471287028107154,0.1430688581493277,0.016983983730090135,0.1593015111976976,0.0493454579899085,0.17925066759638883,0.12406084928505226
2023-09-08,0.01597599089480567,-0.06702414915486152,-0.11637234181128814,0.06942012078152038,0.15378240817672936,0.01319958423527462,0.16785005362122307,0.041045556667185734,0.1752136506442509,0.14690912594516006
2023-09-11,0.003049240706937628,-0.05358480318709319,-0.1223303195707102,0.06823733455798564,0.15216857063860748,0.006991167702802892,0.1719610581493029,0.05406885228338387,0.1730373937405252,0.14640150497825807
2023-09-12,-0.004139018208757339,-0.05715543498629008,-0.12702045273278373,0.06325580949577791,0.15213284561092652,0.007523656571963244,0.17664145705540168,0.05831935312841213,0.16938349300311015,0.16105829106223932
2023-09-13,-0.002557757999519572,-0.061041783543889366,-0.1246239767904857,0.050016178667880384,0.15683998728238033,0.016079667927018648,0.17370242231116573,0.07093699728643921,0.15519392265530693,0.16545434220370356
2023-09-14,-0.015217266227045001,-0.065713167412848,-0.1242399433625555,0.03953160464083383,0.16650265676981343,0.02474831025021984,0.17438171444739142,0.07579121078206197,0.16069468515070837,0.1635201949614193
2023-09-15,-0.018923373902121954,-0.05465640306547406,-0.1195170918280978,0.05023215494533828,0.16598136380361647,0.023556822586799087,0.1726534568400317,0.07704226571734257,0.13821784237337567,0.16541296252919022
2023-09-18,-0.013104970938266958,-0.05164304158591976,-0.1148180026114104,0.051807576364951424,0.15554700583840245,0.02538724042262025,0.16947918631631093,0.07347224524699913,0.1426706353629498,0.16120212558336314
2023-09-19,-0.0035270408319155733,-0.06615252158813975,-0.12493571769308784,0.04989497857937317,0.1578287663777385,0.032412996068569566,0.16611782612157538,0.07284896159033599,0.1466154491561453,0.1688963022194054
2023-09-20,0.005102353788231095,-0.08013300472481374,-0.11829901605999638,0.04062564510912661,0.15115381596424668,0.04673381600960147,0.15805820148775646,0.07282214136905696,0.15824916220757687,0.16568688484921393
2023-09-21,0.006519625662273043,-0.05717592063555313,-0.11598258593458843,0.0397703502906146,0.1431231991095719,0.022819336696496884,0.16249090701295876,0.07591809554068923,0.1665076208748186,0.15600937138271867
2023-09-22,-0.008028553100446811,-0.04236244306416076,-0.11650026946323955,0.05941326074723208,0.12885927808994066,0.018299503808394957,0.16405609943997995,0.09086373120217267,0.15802103824464866,0.1473783540954783
2023-09-25,0.02382037980872198,-0.048803231448675655,-0.11607071199203464,0.07665836457003106,0.11503280350643547,0.029270877297896958,0.14092130872063557,0.06863974225060815,0.15184471747863762,0.1586857498077435
2023-09-26,0.012608187848530572,-0.04707579278947854,-0.12121930910038725,0.07543360742079358,0.12052700336135569,0.019942518293084965,0.15420975878054421,0.07046990122751973,0.1536555241936908,0.16144860076434622
2023-09-27,0.016742811464184604,-0.04605335887362427,-0.12194173061832689,0.0755336868385712,0.11942513145541264,0.021956910702551458,0.14923005299743197,0.0778511215330559,0.15585218435923134,0.15140319014151207
2023-09-28,0.024606191889088358,-0.04614175222819644,-0.12210762274051762,0.0762556864656147,0.12132352680959013,0.027159515363234688,0.13893114215124347,0.07280578083727512,0.16805702947161685,0.1391105019810506
2023-09-29,0.037462905221571585,-0.055071095380559626,-0.12005199056242122,0.06770053588130492,0.13093698309192994,0.0405312660874223,0.12688065873676396,0.07604200485807655,0.14815479089305575,0.14741394117285592
2023-10-02,0.03218140185283558,-0.0327443213615998,-0.12095496003831674,0.06494984920264513,0.12876398355629645,0.021320756644013727,0.1285355220115007,0.07925575241432231,0.15715911364745774,0.14153290207084493
2023-10-03,0.04120238464134984,-0.04324013560356052,-0.12225892565769356,0.06506674406464424,0.14174113198394692,0.029950545741197432,0.12252820750500487,0.0847574143245608,0.14174872113175288,0.13850391186879704
2023-10-04,0.04100918246876001,-0.04243047143091366,-0.12105064458864992,0.07213956959096174,0.13597578077045305,0.022272262202156945,0.12920224159419658,0.07906905716808232,0.14313516912113858,0.14067785310381428
2023-10-05,0.041142554458815594,-0.043896275083170566,-0.127240930493463,0.07091700537218798,0.13484212858379221,0.020156253775138244,0.13060631354177393,0.0808287871057562,0.14793672483579215,0.14470743790337717
2023-10-06,0.03539542836834114,-0.026889076242148258,-0.12115538175512597,0.06692540860271978,0.13940102527866102,0.013634319934070549,0.1275839783983292,0.07019115145918414,0.13931343568582225,0.15559971027014627
2023-10-09,0.009551916720902442,-0.005576440726791254,-0.12055580614140318,0.07213007897823126,0.13867717951095468,-0.004690090129464142,0.13863183607568536,0.0738726223117882,0.14060990241905766,0.157348800981039
2023-10-10,-0.0038044276646935216,0.005301322990645063,-0.12607908708149398,0.07979301273284806,0.13833944153846325,-0.024187390265307918,0.14344678140836825,0.0739816903043296,0.15020428109793268,0.16300437493890832
2023-10-11,-0.01302302518525017,0.028058664807986466,-0.12443090651285754,0.08085327882870175,0.1464981387257396,-0.03492302353435378,0.12513288867464845,0.07139595159128731,0.1493157205931506,0.17112231201094744
2023-10-12,-0.016339621953401273,0.026541460741051903,-0.11943498590004242,0.08587923902340472,0.14333258268982033,-0.02500495398159508,0.12598512434366088,0.06755677966684276,0.14638312159854097,0.1651012537717171
2023-10-13,-0.024590212042874482,0.02891735568138948,-0.12491245066343015,0.08623430718410968,0.16084465558840802,-0.020130560591602398,0.12180874118056295,0.059634806387268424,0.14296856316899179,0.1692247941071767
2023-10-16,0.0006932610551608209,0.012400638827457344,-0.14340782772918056,0.08001682411152533,0.16229716070209008,0.0025283226529476677,0.11085524328970381,0.06975365786905807,0.14470364602373734,0.1601590731975003
2023-10-17,-0.00866547074769597,0.01575184598227858,-0.13530833603476347,0.09344171019155956,0.15251634872293648,0.002273080011462425,0.11436586945823612,0.07271297659191989,0.13588194381727933,0.15703003200678697
2023-10-18,0.0014016097027474417,0.002684945795639715,-0.13573540495988265,0.09730056104123769,0.1384164763571508,-0.003250138934948743,0.12703580290500915,0.07950241077809045,0.1380627690802327,0.15458096823472348
2023-10-19,0.016230516858134092,0.002515010373204618,-0.13481450584029483,0.09422054780311223,0.1304143393978814,0.004812362149453242,0.10903148083987735,0.08781188682736302,0.1362870294625809,0.15349133212868807
2023-10-20,0.0005669982381363292,0.016914596049462993,-0.13837175816104663,0.08376981681314766,0.13667012265541392,0.009116741965740027,0.09676450010260551,0.09568299244378581,0.1380697713066342,0.1608162185861204
2023-10-23,-0.009664747250312189,0.01874223557520016,-0.13858342113799943,0.08441183725256213,0.1412172434333335,-0.01466245482638695,0.11999341747459824,0.09129566103163933,-0.007520542492998675,0.16477077094036394
2023-10-24,-0.000996919538915897,0.003054575593835651,-0.13404229082191613,-0.0452508572753737,0.12760935570124068,0.014233132910515811,0.11261694795140487,0.0818085405644528,0.13795403806117815,0.15301347685357783
2023-10-25,-0.013995019794792396,0.016289817033683596,-0.1365788980711521,-0.04667060966050604,0.13682806865871064,-0.006247845660873441,-0.03141064747615735,0.08972133609937433,-0.00993190523846249,0.15199570411017518
2023-10-26,-0.017677050162461905,0.004787099480277945,-0.14741562422209,-0.035266797458575055,0.13562852193317446,-0.00010374220535497303,0.1223653904315285,0.09831124969266558,-0.004813953355861836,0.14418490586669733
2023-10-27,0.0009385637913175704,0.005063508508563963,-0.14073398194945289,-0.06687337991517209,0.15120653733208875,0.006108768408106702,0.11604408177369652,0.08541142231689003,0.015116501476931166,0.1277179782570302
2023-10-30,0.0032740619734261678,0.00999726247853161,-0.1375944936303236,-0.06069791784019926,0.14781521691808816,0.010522958533661475,0.10104001748494823,0.085211299631963,0.021639168809028414,0.11879242564087586
2023-10-31,-0.0016965784887235102,0.014236560672576726,-0.13651865869677987,-0.0502923639079258,0.14279310906448575,-0.010768414328970355,0.11322851604742623,0.08036141610066361,0.02693694865603402,0.12171946488121324
2023-11-01,0.015262026559938524,0.0033513336347614775,-0.1552228071750885,-0.05424261605468103,0.15007251929575707,-0.015182250992029467,0.11045105734788135,0.08715169810907014,0.02901411850675295,0.1293449207676374
2023-11-02,-0.0006638297762591727,0.015759688443040265,-0.14018359278729559,-0.058609775292888605,0.1502005484860601,-0.022101207074483598,-0.02739075390800144,0.07350583257032806,0.015897083806231033,0.14358600553326908
2023-11-03,0.004393863093431316,0.01897577272036599,-0.15036954989097204,-0.054554871250221015,0.15895533390417108,-0.012313575418997413,0.10028954272426871,0.0973572651360447,0.1454875513530229,0.14177866762888588
2023-11-06,0.005037304870167125,0.018619700398709582,-0.15343110600278592,-0.06202642426848487,0.17421112631052735,-0.01674826576810101,0.09840166936403011,0.10438348125538954,0.13842435375240106,0.14312816008814702
2023-11-07,-0.027717879299802684,0.015773162598729795,-0.16011299224498096,-0.0586689711266174,0.1750188087995095,-0.05032884200233295,0.13103855649664253,0.11377430428867907,0.14745425687242306,0.1637695956177501
2023-11-08,-0.042695222670357746,0.14168528370857214,-0.13423950453835343,0.09873465365833439,0.1747436864310972,-0.08840764167167275,0.17179804420023098,0.11968913076049698,0.14571668441879607,0.16297488570285637
2023-11-09,-0.032277946244175626,0.16834146212987044,-0.14639143866606455,0.10199288394440287,0.181233979738923,-0.08844728376669042,0.13538038771927358,0.12305978688600128,0.1483141006436122,0.15879406761484752
2023-11-10,-0.016134080120057792,0.011587733474991202,-0.1584644509553194,0.09381056840806251,0.1920446589127686,-0.10177032385413642,0.12310551578176054,0.1357770718067523,0.15521078296028876,0.16483252358488978
2023-11-13,-0.045240951371019134,0.17193130733798906,-0.12490091528279343,0.09321090625301676,0.18450820702193418,-0.12047478444993603,0.13837739785711467,0.12291284424338006,0.1724315656892955,0.15724442270101838
2023-11-14,-0.03265712636386514,0.18809918026781086,-0.1322035893041964,0.08995537506478657,0.18496353844026966,-0.11584332839647338,0.10522672201146599,0.127838861952975,0.1835429699472683,0.1510773963799585
2023-11-15,-0.03166904829881345,0.2018217741280819,-0.11521497332046746,0.0878687527693493,0.18948722417545663,-0.10480110903259088,0.09192390101335879,0.11939938510098058,0.17066374790795927,0.14052034555668533
2023-11-16,-0.014772220006201764,0.2044578027508146,-0.11125813149448588,0.06767035768788965,0.1774168675123249,-0.08047437394301143,0.08070141804625652,0.11293169579743884,0.18156507626928206,0.13176150737969258
2023-11-17,0.007733993062824185,0.18463653189646517,-0.12932982621003453,0.04077903604309413,0.19065087522541954,-0.05735477711595133,0.07581141467524566,0.10878386506478416,0.1996962734588257,0.1285926138993275
2023-11-20,0.029242030594202828,0.17746566468493963,-0.13110886836978286,0.047521959249377965,0.1702658596596511,-0.047961243360131633,0.06547791528415736,0.11346831330739543,0.19955641220319828,0.12607195674699176
2023-11-21,0.007133869634615597,0.17969633615775354,-0.1394523790115085,0.06016068593053414,0.1661456004632438,-0.06228358267428413,0.055996931973470276,0.10276109500941921,0.24798477629881308,0.13185666621794298
2023-11-22,-0.05578711965542993,0.1776040808456797,-0.12085167213541309,0.07104421453060694,0.17886989586000437,-0.11577885400916221,0.103515593950535,0.11623206393757202,0.2522710781934231,0.14288071848218406
2023-11-23,-0.013096656354904257,0.16269655543059797,-0.14444487924289476,0.05142690792747573,0.1835352900798646,-0.07882418078447834,0.1022590417675267,0.08967913181422188,0.25487154478177665,0.1418972445808138
2023-11-24,0.00032376998207378493,0.18474478014015555,-0.6120660481857869,0.06952823375589046,0.18052369673332938,-0.055871469835252485,0.09437845159648606,0.07044414408902433,0.20630011857080696,0.13169432315327292
2023-11-27,0.020222053238236615,0.17020030952817572,-0.6156465056152232,0.06700417581793239,0.17073497134511464,-0.024344341358593258,0.08502160456580116,0.0655881549968409,0.206596760576473,0.12462281690524193
2023-11-28,0.035915598920508995,0.16073751987058216,-0.6227938587529628,0.06544324838960741,0.1806866008066357,-0.016732787771909508,0.06221659184446182,0.0779989920183366,0.2111971464362631,0.1153309482384764
2023-11-29,0.04630795934977955,0.1565927966258231,-0.6291723455286271,0.0714495133714525,0.15889949549515317,-0.00767833063240686,0.05553002793394185,0.09922156300932355,0.19356936514576642,0.12527995522979385
2023-11-30,0.04095269350831299,0.16193928610686914,-0.625463848142362,0.07627477571373886,0.18304751774421144,0.0013689005728296233,0.024094661771567882,0.09002574526471024,0.19987439118868264,0.11788587627143915
2023-12-01,0.03135791037817848,0.14174291118288507,-0.6399998951158935,0.061058107374493076,0.19063592873111837,0.02144000722165018,0.019608494853303238,0.07672376730081193,0.23035750699599547,0.13707526107745774
2023-12-04,0.037699959406688244,0.13675544819725688,-0.6256395403456424,0.04151149064270554,0.19834309878437292,0.02265479622814287,0.01580305674876714,0.06260013458957892,0.23272527063115447,0.1475462851169754
2023-12-05,0.03527500809325351,0.12064932099751824,-0.6307972766296086,0.040603226147026494,0.19919936987247996,0.032459424624003363,0.019727500700632894,0.07270360574014229,0.242550008637998,0.1376298118165539
2023-12-06,0.03643937387615964,0.12995822674807528,-0.6061620495004092,0.0515809322263982,0.17203811024232227,0.04439323764420555,0.01785426658505479,0.07622802381708482,0.2314098724889694,0.11626000587213917
2023-12-07,0.03511456283075587,0.12684784616791894,-0.5888528361016796,0.05698393677476954,0.1734233076371822,0.03970123951436072,0.012501555912595386,0.06470774366809268,0.24658482969184456,0.10298781390415968
2023-12-08,0.042186699291348606,0.1263209909343075,-0.568251443558825,0.05917349203688943,0.18242025917470592,0.03496395653574075,0.006086599976535989,0.06446529575344101,0.23534533162451463,0.08728881823134099
2023-12-11,0.05377661126432237,0.12204551336053782,-0.5645787083542189,0.07094379107854065,0.18037968299108534,0.03181146572476312,-0.008054261113923322,0.056677509989693564,0.23387425590102714,0.09312413915817222
2023-12-12,0.0800722820826863,0.09842856450040116,-0.5675751087647535,0.07739910465535926,0.1711058923874715,0.0340058162396501,-0.010500934358064928,0.06077234105872403,0.22378470882987048,0.10250733336865558
2023-12-13,0.08080887121507835,0.09256580764915429,-0.5787388616301693,0.07088807300142153,0.16378196290473748,0.03579702143471275,0.002602366246521215,0.06477497995204812,0.2306977929915178,0.10682198623497796
2023-12-14,0.07396778077279204,0.08652206871834872,-0.5792258268759656,0.07328125084503229,0.15937976667327727,0.04177922111025689,0.0010148883055416391,0.0666864189891267,0.24178299303432713,0.1048114384272629
2023-12-15,0.07954718558391838,0.08102499918007866,-0.571357154204728,-0.0601371742979174,0.16792495626372025,0.033930459569759985,-0.01065599677380813,0.06541210703202732,0.24006510401895467,0.09424551362799433
2023-12-18,0.08005278595628629,0.09541866679575178,-0.5660199062589597,-0.041307632795619914,0.1671183895789702,0.0272436996797199,-0.029135255135873228,0.06960831294716135,0.22275890260510375,0.09426203662745963
2023-12-19,0.07239814237320247,0.08667242560059396,-0.5787923880192385,-0.0167957243014433,0.16671717736235322,0.034198993462701055,-0.023619285301887505,0.06658851901758167,0.2218043754231754,0.09082776438296153
2023-12-20,0.07520776737331186,0.08358340448913337,-0.5682521271052409,-0.04851848248791954,0.16900604249892784,0.047826903004760335,-0.014817858863061861,0.0547436098887103,0.2217077724441983,0.09951296875718041
2023-12-21,0.056557778643275713,0.0968500785651425,-0.5723842205580607,0.09027852989533303,0.17397066224617155,0.053891877624336726,-0.0016784364806044505,0.060113711512379486,0.2251697218428199,0.0872302967092064
2023-12-22,0.06782205459433649,0.10307352768589345,-0.5685056458941662,0.09681384033409718,0.17082755922175233,0.03946084398858274,-0.00018624081987378416,0.06375387514821029,0.21405003937369924,0.08289014636746828
2023-12-25,0.06748299993632245,0.11125407892065026,-0.5702456064422523,0.0950241988232976,0.17278618821544509,0.03579028582967886,0.0076876722132674935,0.061018219634627,0.2055355812714759,0.08366638159748774
2023-12-26,0.06535750700588333,0.12573397219131005,-0.5737239812352459,0.0939125712334904,0.17680283875055028,0.027834261880761768,0.0166400176998453,0.06711859371704426,0.18733025210605,0.08299396665031067
2023-12-27,0.03719377238045091,0.14745438753129764,-0.5782088022303549,0.11176972409802083,0.17724892916953008,0.022615008251668234,0.01791138650430596,0.07354349828709639,0.18755224175138988,-0.407080145743405
2023-12-28,0.1188331573713784,0.3718426271958202,-0.5028390565141936,0.24191066480549123,0.2730982878279252,0.11711856371818835,0.24045298247642508,0.18458409416220906,0.2672962071243956,-0.32229752816763946
2023-12-29,0.12412680656094915,0.35881358573459576,-0.49280798264036474,0.23600814570773798,0.23063185210728002,0.1337149440641151,0.2541241019108055,0.17788724622680696,0.27934400150135974,-0.3118427011732855
2024-01-02,0.03949598684030159,0.0933399772708266,-0.5584808193643782,0.1260357340896774,0.15435058850714437,0.06653282177910907,-0.012229762060275928,0.055630597638451684,0.2193027514483464,-0.3939778761492029
2024-01-03,0.03716646884760261,0.09764897475299822,-0.5687193753298379,0.1332082199448747,0.16279364608562327,0.06202491968877627,-0.03087098287717449,0.055759444798650415,0.22553110477189778,-0.3845424206834108
2024-01-04,0.0468994348902077,0.07341410333640219,-0.5701547400230141,-0.02178750278839242,0.15405632493333368,0.06868035639117825,-0.021590810462827126,0.07117741099217162,0.22945214252935456,-0.3901467197984143
2024-01-05,0.05390195058250696,0.0503880575190947,-0.5424740759971628,0.12666979625853325,0.1500782029103365,0.060919770500838244,-0.0265198959916515,0.0649800827244964,0.2448876839115283,-0.3928315724185202
2024-01-08,0.06962931929068406,0.047966290548746626,-0.5413321488214584,0.10636425920923653,0.15793007443304116,0.06837670719764521,-0.015642010495700187,0.07681506703697966,0.21374212143258745,-0.393849679831762
2024-01-09,0.053525716730250694,0.043612374540864196,-0.5223620556229671,0.10740283485184787,0.1499873728736237,0.06976948605909233,-0.0023749484711457214,0.06894084126465588,0.22697602636124062,-0.4054776485874625
2024-01-10,0.051736602161366774,0.023433496349059446,-0.5198661620325361,0.11894224198608727,0.14467431339403622,0.06959996793070372,0.005342428901152385,0.06893343543702124,0.2325676701386922,-0.4053639942655831
2024-01-11,0.058489141445015436,0.027399565029604278,-0.5186111781758863,0.1081794294476276,0.1372545093078272,0.07880928034622448,0.006156997972810607,0.059262359913529516,0.21851027076666515,-0.38545037605341803
2024-01-12,0.06429402950984181,0.02330468234980826,-0.5159414967847282,0.10969680145312699,0.13261925529680144,0.07811929178135363,0.01216739195287836,0.04980428611879256,0.20965720058431928,-0.37372144226219417
2024-01-15,0.0688850261744402,0.04079876435567065,-0.5228299126261717,0.10090053136908023,0.14082481517948583,0.07125980833177104,0.00671132262164964,0.04333757794427695,0.21511901340200215,-0.3750069467522048
2024-01-16,0.060781563066229116,0.04943134758843726,-0.506327483244896,0.1092638515606052,0.14913525291796595,0.06536456133663804,-0.014296535310576619,0.04395621866738869,0.21787133270968098,-0.38518010929147284
2024-01-17,0.053148826539217264,0.047095045810744196,-0.4822304727107223,0.10899643862053471,0.13447654265142114,0.05830040233834499,-0.01006601564691656,0.04663941017940995,0.22201817069839727,-0.3883783484804306
2024-01-18,0.04250364697676556,0.04761818991920308,-0.46677484889404824,0.101361597516342,0.1295433493246383,0.05840602106036913,0.007654332974204592,0.04045307261570494,0.21850702421457976,-0.3892723857077589
2024-01-19,0.046531139424265455,0.05381681680866429,-0.4788505201396417,0.10291168834553666,0.12696501326748216,0.0629518357091724,-0.0012360847035710054,0.04900514421643376,0.216288451715857,-0.3883834846441989
2024-01-22,0.03485675664253024,0.06494372589474501,-0.4320203972073057,0.07490007321884729,0.12741826368955908,0.030334494023878222,0.009366998176705554,0.045566491138396975,0.22061124199929152,-0.3859776475766482
2024-01-23,0.006324148279390429,0.08512195790143329,0.057397652097270935,0.0879231242682818,0.11261572515118093,0.02174266656173196,0.027658910431721417,0.0368352981660624,0.21830763417095114,-0.3839271170280243
2024-01-24,0.015610040355611865,0.10644245675379016,0.05515441623629175,0.07876033655378895,0.12686981752733492,0.01278761379364346,0.025547047867857386,0.032536287609083614,0.19670950495625014,-0.38041752165365217
2024-01-25,0.01432428873583963,0.10408390441245552,0.06959456484678722,0.09278883188867643,0.13474976502240718,-0.0033322012646886945,0.015471420124277935,0.030186641152909477,0.193251290657894,-0.3811185055765586
2024-01-26,0.006782980629205015,0.08961514800414644,0.08674965922681593,0.08292928180273984,0.1345218730356729,-0.005612165258297053,0.02909379453442107,0.03447301404586242,0.18734240987853537,-0.37589599589910183
2024-01-29,-0.0016692284354342668,0.09280664354150597,0.0846522385912385,0.0791230032302988,0.1351803950591787,-0.000550525190253226,0.019374730381702676,0.03728473268178503,0.20303915578405166,-0.37924114564407374
2024-01-30,-0.003307330844620149,0.08366413834695824,0.08947355330185797,0.08677338470506446,0.13299343425898155,0.007175828816456953,0.009226143475733861,0.03604451888342147,0.20025273460644946,-0.37229640555030397
2024-01-31,-0.00011912512239531381,0.08502527488813183,0.08504930109366277,0.09000748464337921,0.15122592425144757,0.007129169091497745,8.943000508221388e-05,0.038898136466037236,0.19958103301006427,-0.38688662832690734
2024-02-01,0.0019558362123692774,0.07565350712512797,0.0925059063325912,0.09328552599646489,0.1438386171806603,0.005211616486499149,0.006434971772685649,0.038725213738368514,0.19270557912614136,-0.38031677397090846
2024-02-02,6.902593332253071e-05,0.07695974868770139,0.08505468282405676,0.0953826416229217,0.13095264935074905,-0.004835750982885745,0.01432274373428899,0.03305448155849955,0.22130005361139368,-0.382260276340048
2024-02-05,0.008594553534645,0.06826797302983945,0.07401272478191395,0.09088286920190752,0.14014279586948417,-0.0022536812444529652,0.027574268315841366,0.03486867665332952,0.22707491820809358,-0.3991650983506013
2024-02-06,0.023213005089401773,0.047270423738725975,0.07853961222425987,0.09698566474821413,0.15370625485835357,0.004905200795083331,0.005909348336826381,0.03238129322505548,0.21837110066867868,-0.39128190368459925
2024-02-07,0.024709389291388772,0.04367876484259858,0.0804651065139575,0.10897482453151403,0.1468358785622327,0.001911524286969113,0.015328972169550814,0.03582003276022919,0.207111337467663,-0.3948358304261035
2024-02-08,0.02455201825694564,0.07461811584484213,0.07333241457026124,0.09091854917150555,0.14573272445407595,0.0025069996741874934,0.014830784795095031,0.040096873263816724,0.19970764749282935,-0.396296127523559
2024-02-09,0.02691904893116981,0.09386307780606223,0.05435690596982001,0.0971622781992093,0.15526952374776434,0.01083898809948014,0.013037282910726755,0.024074159815341,0.18800281527973536,-0.3935240807593088
2024-02-12,0.043192785738738804,0.09330756015898711,0.021975376911451294,0.0893443623627217,0.16594238204241438,0.03207515564561769,0.02212028847290376,0.020253721031095268,0.173506198870066,-0.39171783123399595
2024-02-13,0.038410458641923606,0.07211671553675958,0.04483441541190114,0.0946465720819562,0.1581790590607243,0.029877067926692757,0.030511089984106288,0.021970286867839972,0.16923944617722472,-0.38978511168912855
2024-02-14,0.033603544227052806,0.06259085458001873,0.0401546730365856,0.10935791395795136,0.16174934869423094,0.02577027018392425,0.057176134254474764,0.027662004595445544,0.1556608342290183,-0.4037255777587022
2024-02-15,0.038136119516114564,0.0748685905636664,0.03477203759866376,0.11438017427899017,0.14273372343901078,0.033869042332525745,0.04603651222447375,0.03769374751754584,0.13592794508654774,-0.3884178925575388
2024-02-16,0.03014006808395603,0.07412891213377087,0.04101820231636516,0.12469930406095897,0.15426531432205595,0.02595032424342142,0.04771408921492637,0.033264089755237564,0.13433646320617978,-0.39551676733687235
2024-02-19,0.02710890352954337,0.06385317341930657,0.046384164299449526,0.10238833180450552,0.1654332957629405,0.0359984981383043,0.05802149287762842,0.03435792849847302,0.11213420846851918,-0.37567999679867026
2024-02-20,0.03615986223084211,0.06314229931789628,0.05205052308867725,0.10655358094030976,0.16855076461651822,0.025916296870884092,0.04577466503300831,0.031356206872963616,0.11371519348849207,-0.37321939245959157
2024-02-21,0.019808114385777564,0.0665752482108335,0.07799936876234737,0.1104781021038378,0.17590533071746242,0.009613304966490321,0.031956748993673956,0.0312028961388503,0.11207646767339904,-0.3656155819526722
2024-02-22,-0.000543971526247633,0.044751273071363507,0.10697654827152975,0.09030439208355329,0.1997088652676399,-0.026613803738857578,0.057334524077064186,0.025616235966336276,0.12344847911066659,-0.3509825425830481
2024-02-23,-0.026090365488716405,0.050724433231038646,0.12114889015438729,0.06844990461252809,0.20383970966716128,-0.046557414415098974,0.06097282743873789,0.026599359288474178,0.13441493125956652,-0.32350227574807855
2024-02-26,-0.032670903684466845,0.06321880041758277,0.12113212098435788,0.0681223721477846,0.1997289820033604,-0.051953585675540925,0.06412622943347601,0.029888131438562726,0.1402838586742398,-0.33187600573935655
2024-02-27,-0.03134958822340028,0.058173452252229585,0.11318209493511977,0.08674343159778769,0.20828406245532619,-0.058229820743389615,0.0759888626395191,0.02026642916338192,0.14739963702817357,-0.3504585611047478
2024-02-28,-0.04599067125187667,0.05726968051277748,0.11174599750017722,0.08465693364393839,0.20761570881940514,-0.06911703040821471,0.09489137851816676,0.024222186127182355,0.14155855959367095,-0.33685274305522683
2024-02-29,-0.05268480656948987,0.06980369484130705,0.09600013347615599,0.07378317290874592,0.20014216697134804,-0.08779956221913054,0.12497956926064147,0.0383734088441903,0.13474487435378615,-0.32734265186755446
2024-03-01,-0.07630192202860558,0.0629389756841019,0.09642504776598776,0.0988808745524608,0.19371847709675302,-0.09541932353692312,0.13393590094018626,0.0474400287766476,0.14109215625606078,-0.33271021550666946
2024-03-04,-0.09063050131620859,0.054413586675305936,0.11317668775942374,0.1047915004668738,0.19949921375811433,-0.10616386746454332,0.11112685813010759,0.06183507677517874,0.13962784194561004,-0.3176763967298624
2024-03-05,-0.09157105506248897,0.04107875304943931,0.09635633696213175,0.10798392399958634,0.2244885797898242,-0.12723911926854778,0.11927021143962191,0.05270218787317971,0.1383741535861023,-0.2914439723688488
2024-03-06,-0.08083354398523257,0.03891714048947836,0.06940020079736353,0.09400561151483344,0.2580772533535636,-0.12144476268314675,0.12949638272733333,0.04096669640198733,0.12405062063620884,-0.282635599252389
2024-03-07,-0.05986011954630499,0.04155852261611376,0.07220486837308449,0.09375845383275094,0.25813086100987304,-0.1153171215664803,0.11498846139652297,0.019461475089303543,0.12326544295117739,-0.2781908441560408
2024-03-08,-0.06909280936665169,0.031001758852060413,0.07792608812346441,0.08771200155398534,0.26664100050247164,-0.10465189015663973,0.11693732216834773,0.019828799698517557,0.13962237194343755,-0.29592464331899326
2024-03-11,-0.0861589305032095,0.046198845281354484,0.0659520961713213,0.0922999740347814,0.2670326471311709,-0.1243353877606499,0.12400326171151743,0.028467927355400574,0.14446144111218354,-0.2879218745338701
2024-03-12,-0.07872646415730516,0.05806902193862712,0.06295335685649933,0.08477759516067179,0.2764810165322389,-0.1181995893863621,0.11638196390107414,0.024063419944686,0.14199558456615105,-0.29779590535628087
2024-03-13,-0.09126946417310089,0.04951961053054582,0.0612945449527415,0.0861859015903157,0.2725251455661817,-0.12194951068350485,0.12623134998474222,0.03284796408315374,0.1440449817257685,-0.2894305235768436
2024-03-14,-0.09971999882234217,0.05448594785547822,0.0710498160988573,0.06850796810468407,0.2746940239740676,-0.11696319212472897,0.11402098591347021,0.03988934290827298,0.15434271950660414,-0.29030761341436334
2024-03-15,-0.11067056801556177,0.03951523217641012,0.05817557898916681,0.06890003661702088,0.27123914639324664,-0.12060268789934181,0.13417455004250334,0.04746002472378885,0.16254959084129642,-0.2807409038685295
2024-03-18,-0.10414209017820503,0.05526249496727609,0.05852086672664064,0.05101786476183129,0.26409204892596194,-0.1113492076918346,0.13025698568461858,0.04010073243984422,0.15822660650906908,-0.2719863021452023
2024-03-19,-0.10507741945111504,0.053060286845306004,0.05585139844460868,0.052051007076543476,0.28072401412167236,-0.1193882274864978,0.10946468924150554,0.0356079636331888,0.16837748377154763,-0.2606711961967595
2024-03-20,-0.08936917464804806,0.04492781068874224,0.06102321314589615,0.04271502454144993,0.29209462565516975,-0.11134077808640186,0.09704543968424928,0.03251973049319287,0.1673946178173026,-0.2670105092915529
2024-03-21,-0.08425214946005893,0.029028681334843598,0.03861027647031373,0.03666541659601488,0.3272743722740533,-0.09281055328765447,0.065236618759199,0.0261117200409339,0.18337314368098337,-0.25923752640862824
2024-03-22,-0.07412504494105732,0.01734901306083486,0.03332453891244508,0.025605318673601024,0.3254875084092653,-0.07940927814536047,0.056649953590450886,0.018913194588555532,0.2020061054669998,-0.25580130961573444
2024-03-25,-0.05500788519659311,0.0012460815168455763,0.0424517059794835,0.026324400146593513,0.32285924018423395,-0.05205769623129841,0.04094523840352715,0.011790250363907018,0.20160516593102815,0.20984349890227286
2024-03-26,-0.021642978618014674,-0.010186737072384433,0.018441574818938655,0.022174701013103426,0.31629525644401757,-0.046119813240488916,0.05024838735351189,-0.0005990815790827553,0.21657480645454943,0.20481388442584988
2024-03-27,-0.013301270433656198,-0.0025784294271984365,0.020757635768428984,0.017714607695273554,0.3111747547756365,-0.04367080846065863,0.047864611425461945,-0.0028271829600905463,0.20305735276685274,0.21180872884995008
2024-03-28,-0.010742797207015709,-0.0001658230345426559,0.017727890794744905,0.021362203026993487,0.32236631197668797,-0.05675712888434892,0.020469740042322992,-0.4729996439926081,0.2151311808101539,0.21360806646761224
2024-03-29,0.0005849068468494756,0.0176548768797124,0.027525895099405062,0.006472731987294755,0.3068397698172456,-0.054175810812580105,0.02579716023359213,-0.47338291264880333,0.20538146852235165,0.20730191407493256
2024-04-01,0.010682513955869277,0.01686255780254714,-0.018206452264939277,-0.007095735032215111,0.3116664743891996,-0.040965123150717375,0.038419973837837296,-0.4684749727269455,0.21126288676766022,0.21584787642170375
2024-04-02,0.03147330370554485,0.026212094741208836,-0.042900294103006886,-0.009367989047936898,0.3075526540807406,-0.026873031453013396,0.029745037965496768,-0.4613865003918033,0.21333453758095308,0.2022101869218164
2024-04-03,0.025074156751124177,0.03163983963522993,-0.059418319948710885,-0.007386441480860567,0.31555040702720605,-0.02475641941698542,0.03135987302225096,-0.4582071910640316,0.20996965486824373,0.20617444060653364
2024-04-04,0.019101202438106313,0.03262492729438421,-0.0566539759588241,-0.0037576256220995807,0.32274509151110764,-0.03622968523190179,0.046049114928685575,-0.4596477463751721,0.19434401734101517,0.21142467967469872
2024-04-05,0.02598729624160523,0.03464332609160481,-0.06501603884258789,0.0008494450662720754,0.3253340474472185,-0.05533318128193121,0.045088632554612706,-0.45375295030675794,0.1936363029198763,0.21856312011008736
2024-04-08,0.02047313742271084,0.04019925555904463,-0.03319690953228832,-0.0070596690272897444,0.31934293607480646,-0.058427131186230774,0.03414612706160547,-0.45695057997667715,0.19123250150523327,0.22024033209908547
2024-04-15,0.05144001112210095,0.022620843398255486,-0.009113570227340773,0.005330006366668805,0.30716120079988096,-0.060211695033032975,0.012066566922275312,-0.4533870420655653,0.18775662676560348,0.206337051951154
2024-04-16,0.01876842884945018,0.027145288391475453,0.0022959168058672708,0.012597927960902783,0.32828237458419884,-0.08576810508133331,0.005051637251760055,-0.4457581306721629,0.1924522290722833,0.2149324328375585
2024-04-17,0.04098040760765065,0.025326955881392166,-0.1666711266081881,0.002927204529987071,0.3144041888347986,-0.04785506415035018,0.009187034697485053,-0.4558636921342885,0.19463922021611704,0.20292487112539617
2024-04-18,0.07506187729812985,0.007212368521877899,-0.225703821700499,0.016631402241528676,0.29644104239176217,-0.02566856769236242,0.01333816349287803,-0.4482455704138407,0.203043693768254,0.20788941209227144
2024-04-19,0.08323442536950099,0.006290182187056237,-0.25748785901094096,0.031021235209665265,0.2863040952967606,-0.008084844645567635,0.017456951423583167,-0.4408044125868532,0.1961140448437502,0.20595618191304546
2024-04-22,0.07941438683197993,0.002690598616560458,-0.2659067945466458,0.037727802525856835,0.2949105941488668,-0.01625679242515482,0.014112310777915138,-0.43637797796824856,0.2000879369451302,0.20959793509373983
2024-04-24,0.0812580949793586,-0.008393778527178541,-0.25576725115524435,0.034020392680965794,0.2825550385404566,-0.0061840442886849645,0.009623275884359461,-0.43984600332936263,0.20539696579072833,0.21733730942460175
2024-04-25,0.06972145978235661,-0.01086363577320587,-0.28053169758775204,0.03944379059992209,0.2803850902320276,0.0039535467122639445,0.016964231985812095,-0.43411601137196343,0.21561372064024667,0.2194295047802923
2024-04-26,0.08937688681258321,-0.01913809501977015,-0.2632912855293462,0.04444251227361706,0.2632751768481958,0.016055082121657183,-0.006582874185245835,-0.4197552263268307,0.21136072194054947,0.20425710106459025
2024-04-29,0.08544175532107601,-0.029451261542668472,-0.26911225015036633,0.04811138251130487,0.25859392592087616,0.014586250303179615,0.0006957450631762119,-0.42107293857398675,0.2249883357567596,0.20721905539064914
2024-04-30,0.07912210503736555,-0.021672455930639933,-0.27028155014652244,0.0413899469960155,0.2578308136850921,0.02266205894516876,0.001993083013131114,-0.425409366115835,0.2257683635740024,0.20859700094222175
2024-05-02,0.07622836963149576,-0.008613718861279485,-0.28310261187456853,0.05254536286458511,0.263194309407777,0.028211039582569597,-0.008619644754569555,-0.42289952473789644,0.21521345488302676,0.20784296385885978
2024-05-03,0.0953283068784922,0.0036132270042253944,-0.266816272099984,0.046620659637774675,0.2536639695147678,0.028281868671226673,0.016565412950978187,-0.4305418409086768,0.1877745846354931,0.18551008371570268
2024-05-06,0.09599739014101333,0.004296795014095189,-0.26284264219769526,0.04609488359264216,0.26174902641180053,0.021090460255591637,0.008489751386822064,-0.430414409867121,0.1906612839145225,0.1848774613483287
2024-05-07,0.10308274446425414,-0.009404113210249476,-0.25951904208762294,0.058499609946183695,0.24158317040655433,0.031503219815935124,0.0006814731810080854,-0.42474906554870784,0.190913189137859,0.18740881389478617
2024-05-08,0.09980577062151941,0.009179798689966323,-0.2629188083117324,0.0596431668815548,0.24152587737994805,0.03244709974539922,-0.010741425870857912,-0.4316926429609706,0.19676503920979185,0.1859861246153813
2024-05-09,0.09552284892658935,0.013747156164820029,-0.25654262710867304,0.057809552531241426,0.2359475022852441,0.05042852344269372,0.001134456842370568,-0.42956034372597074,0.17424615968406995,0.1772667709576146
2024-05-10,0.09055120609024209,0.013160070283985525,-0.28325850955345533,0.07641756975374725,0.24755390255306223,0.0450932028812166,0.0008398096361411089,-0.4165192657807446,0.16063143214290285,0.18553058199290243
2024-05-13,-0.07615284067480488,0.02340681816241369,-0.2995232933797981,0.07512461028338074,0.24467195526859412,0.05710389400849353,-0.0002997026202673503,-0.4118218409836685,0.16347290261368383,0.19401749732197296
2024-05-14,-0.08922205807461997,0.04897162349583534,-0.3105087850525602,0.06920187857117355,0.24984090834891107,0.056166998836483184,0.0029105929428815402,-0.40880159523769266,0.1626424366590529,0.1887979995105353
2024-05-15,-0.08450428017346973,0.05479711194238557,-0.3026437606837374,0.06069360617371067,0.2522288364416888,0.04841165151068355,0.010921667770642518,-0.4228620903742891,0.16329416244980707,0.18966309494257808
2024-05-16,-0.07328355972535422,0.03970982493083797,-0.29992734511315594,0.0600380272568406,0.24127900641104724,0.0463249095155997,0.013004064136528881,-0.4159974561442644,0.1551288388608366,0.2037236898710836
2024-05-17,-0.07022889351426947,0.048531848730993365,-0.30479202601283456,0.06057884232000804,0.2180892140533693,0.04856537027997038,0.01918816556752967,-0.42071090691236945,0.1694665066256538,0.20131187886194915
2024-05-20,-0.06983709687616585,0.04923977524839984,-0.30687671234817465,0.06200733870583475,0.21992041940581433,0.04771138936797742,0.015006310436294967,-0.4167542753469764,0.17058326033429647,0.19899959107269918
2024-05-21,-0.07141219572044066,0.04459129529571754,-0.2889167255967052,0.06238582043572727,0.20978670046535866,0.06276349624360023,-0.008730950462002007,-0.41571247620145835,0.16863785214644397,0.20660718339375864
2024-05-22,-0.0756507586127676,0.030613759992440537,-0.2895768161089286,0.06078532609803483,0.22056362493851114,0.06119696107271205,-0.007801600952861809,-0.4176524326308647,0.1671724846922282,0.22034945151149618
2024-05-23,-0.07086577034581742,0.042123646676353876,-0.29255638788874305,0.056777308343824606,0.2059309497255861,0.05546755395436048,-0.0037458876320191625,-0.4163092622639606,0.17031472235659736,0.22286312707381764
2024-05-24,-0.02392655681725514,0.15527012764856155,-0.25304698982068075,0.26995995836447767,-0.08062977339690819,0.09429351210891113,0.10720565437562837,-0.21454904572904532,-0.10025297853048853,-0.06432390820320094
2024-05-27,-0.022186490297237904,0.1623413521586837,-0.2539242183912366,0.264548998715783,-0.08513314763316276,0.09070446376140923,0.11227996390206782,-0.21319362702625547,-0.10218622646506542,-0.06325106872498559
2024-05-28,-0.02048773627696554,0.15537502237399112,-0.25270467963152726,0.2677820559010099,-0.09006281946869565,0.08937293564806192,0.11366676539353007,-0.21140554321341906,-0.10723456521245894,-0.054301435513526564
2024-05-29,-0.03307966453522121,0.16445389862974139,-0.2543999599293329,0.2739805254640841,-0.10424490860265007,0.10457553054303159,0.11333974687473511,-0.20798083835600023,-0.11175967072123877,-0.054884659367148925
2024-05-30,-0.040312662854371795,0.16327269993846696,-0.25892606600967827,0.2865999435195032,-0.1020954739529103,0.11473505300445153,0.1125171503554854,-0.20659570394542998,-0.11267538176419645,-0.06651955829132034
2024-05-31,-0.08361128452839645,0.04266791623835703,-0.29249579758590816,0.08781691539093434,0.1768001248717124,0.08280891301297527,-0.004280598769378474,-0.4125896229008523,0.16683525478970543,0.20604817948085094
2024-06-03,-0.08929875924087455,0.053277493945705856,-0.29035402598255206,0.08311688924424188,0.16672362352051615,0.08625210080235218,0.0008913387816162355,-0.4173598674236231,0.1731298052408892,0.2036214011117282
2024-06-04,-0.08934644259576902,0.059046880975068994,-0.28740770929623405,0.0844524451166242,0.005422010651683934,0.08564174826292442,0.00241723697836832,-0.41766893775210123,0.17571068910697388,0.2017320785524607
2024-06-05,-0.10115083341813091,0.06317732366139084,-0.29218552327066405,0.09006744303506914,0.01634675358845389,0.09036674302376219,-0.007179989298972511,-0.42040968847373056,0.1764059820891327,0.20456178906368924
2024-06-06,-0.09918861383152461,0.06565437280866154,-0.29379547303026243,0.08668477211141046,0.01077120501140183,0.0877313678936319,-0.0026002997754703827,-0.4162913298465267,0.1740217574914045,0.20701224116727393
2024-06-07,-0.10042675996811334,0.0665281142671989,-0.2990108485265477,0.08209329041876767,0.018486517698666244,0.08526010073797935,0.002143184662683595,-0.4201413436247953,0.177404234330981,0.2076635100031797
2024-06-10,-0.09871759353103149,0.06542802622076438,-0.29735477286212,0.07904709785812869,0.016431747251842488,0.08706653521275354,-0.00011102293859105439,-0.41450627416266594,0.18222504665923364,0.20049121029168585
2024-06-11,-0.09841223485648698,0.0649342439656514,-0.28427913543328176,0.08106003234858239,0.14894329183403296,0.09365031320340556,0.0038264449776293508,0.06724493123458475,0.18420978322110712,0.18882232950477526
2024-06-12,-0.0951106232366577,0.05738480177697902,-0.29168344891448805,0.08605337532369695,0.01236819599273159,0.09162172227393789,0.0011146263914138532,0.06673903802197945,0.18042367258760497,0.19108863978280213
2024-06-13,-0.10419612601747641,-0.07084279205464397,-0.2935559014975061,0.09069025592589863,0.14409841444272156,0.08786426696626787,-0.13868894810675209,0.06589570547166329,0.17547408814494883,0.1932610367248783
2024-06-14,-0.12190493441226058,-0.06081990281153915,-0.2931721277170609,0.09948313688526184,0.1418089135922144,0.09196536341162054,-0.14797886688585665,0.06378459839349754,0.17172875334976564,0.2051050661943575
2024-06-20,-0.12473519683862835,-0.06771088037871831,-0.2912622556260786,0.10653390025687387,0.14109672027209155,0.09546146406358746,-0.1575458081260782,0.06588535477882324,0.17241277185821638,0.2098639297399109
2024-06-21,-0.10737409901467193,-0.064202842632441,-0.28707270534250945,0.09976417355229683,0.14315842950713512,0.08835477644217316,-0.15631052338992413,0.06582941505946632,0.17185917522682018,0.19599420059165504
2024-06-24,-0.10242591703760429,-0.08216851945433046,-0.2827090791329223,0.10114059747675119,0.14012071343187651,0.09083229515102775,-0.15122832622238597,0.0626192175699547,0.16548675399419607,0.20833226422343679
2024-06-25,-0.10839352174574551,-0.07152600030188469,-0.2824481971090313,0.09337468096436796,0.14743990652504993,0.08963314892887936,-0.14853970634265043,0.05628282725730538,0.15962357824103837,0.21455328358267092
2024-06-26,-0.10840821283400048,-0.07342905034462854,-0.27641515238662073,0.0953491788690426,0.148113312868957,0.09399274425881049,-0.15762868155625714,0.05986475772637406,0.15923180154444397,0.2093293018538788
2024-06-27,-0.1117624993432188,-0.07709465551131106,-0.276201819808019,0.09972922257158767,0.1445691550556951,0.09791150445521424,-0.14954646703871832,0.06091137457825835,0.15414144124550108,0.20734274379501086
2024-06-28,-0.11954433693469368,-0.07532025971149026,-0.286585158367476,0.10610570614329773,0.1350502775123786,0.09647855114226589,-0.14220686133145208,0.06838995859315805,0.15560266447557944,0.21202945847843227
2024-07-01,-0.13490240119288166,-0.05287180716773826,-0.2847049132100733,0.10944508775712453,0.12117397420069975,0.08833962889125274,-0.12630999689340347,0.06689491905934208,0.14602384887661904,0.2169116596790587
2024-07-02,-0.14293425808960294,-0.04367455360448705,-0.27211351024372643,0.10296943263246361,0.12701699243624862,0.08820149605400834,0.03514602594556371,0.05522945175220617,0.13336562770786878,0.2167932954094571
2024-07-03,-0.1402853764619044,0.10127139298312665,-0.2611570011174773,0.11223827799490077,0.12377993041760968,0.0917535392133002,0.03244889974145343,0.052403281694755055,0.12842693687950177,0.20912011865473426
2024-07-04,-0.14367924495328882,0.10243541292953845,-0.2412134759653085,0.1088575273967387,0.11200891047135136,0.09112202617487108,0.023910485258553937,0.05689501208917935,0.12206951983160849,0.21759382676675595
2024-07-05,-0.1505813672150867,0.10197186444686862,-0.2433984667680266,0.11108761347253265,0.11557664171025564,0.10038512316417147,0.0308053820245604,0.06350959240533183,0.12313900752784515,0.19750460923154747
2024-07-08,-0.15748917662604847,0.11084263125969551,-0.24405106162070891,0.11663610179968087,0.109362551012809,0.09076997864774772,0.054319421497490195,0.06460526077679546,0.11903660243503994,0.18596769081749845
2024-07-09,-0.16726707501659516,0.1058874030429337,-0.24465511539829365,0.12168587168911571,0.10914141207285105,0.09794026874093004,0.05615494362404061,0.06128335902173676,0.12803321952870209,0.18179571269457898
2024-07-10,-0.17424994656841467,0.10116137048073193,-0.21484552903414772,0.13835421992758612,0.10113740858351439,0.09785019428694208,0.046862280735593176,-0.088176189868783,0.11990639591888946,0.17199979553808817
2024-07-11,-0.18757834190849612,-0.051853838910620315,-0.2101007044928924,0.1442474149139762,0.10577465235791336,0.10474970055025318,0.03727653449401075,0.06534694306755057,0.12029311563495157,0.17184452429335342
2024-07-12,-0.18771481005498647,-0.055188125198698756,-0.2144144507199405,0.1494474134833832,0.10490062950731738,0.10247112452482515,0.04614384976463659,0.06659031791971864,0.11793482946722827,0.16982922130651665
2024-07-16,-0.193429703336119,-0.05015282615351327,-0.2208898231645358,0.15860527739569158,0.09987078985515488,0.0987890042287215,0.04303135902723132,0.060041135048042926,0.13176426898071295,0.17237051811861295
2024-07-17,-0.20024851643436023,0.09925551804141669,-0.21516866188914308,0.15505319662621808,0.10238175945502001,0.10205446140303998,0.048027265643634076,0.06509704812951927,0.13231748429322507,0.16123044473143008
2024-07-18,-0.19610424135397658,0.11431736972728879,-0.22413134689699443,0.1469482343286384,0.10540231302748487,0.09790340623522165,0.04607001447527764,0.06197854279162074,0.13681134272926035,0.16080436493617853
2024-07-19,-0.06525895932102144,0.11936660142354749,-0.2304347485846497,0.15671051561466764,0.10562053432519572,0.0896465838632225,0.06043073466936766,0.062393038520372646,0.14270041854650609,0.15882528094279139
2024-07-22,-0.054848082904321416,0.10866876112453577,-0.23392323000285964,0.1613234501196772,0.10515214825407304,0.09110950271646145,0.06289760984818343,0.05928730641044527,0.1357734254755714,0.16455910895823364
2024-07-23,-0.0541677036924213,0.12399938551340361,-0.08033643147221109,0.1660932780881761,0.10119691977280121,0.07413997930698546,0.06534504551882375,0.0574672964375495,0.13054838050405285,0.16571385002283986
2024-07-24,-0.07693737200371314,0.14126402630480162,-0.04154767663157527,0.15144758059039332,0.10070969862665649,0.06365336250889508,0.06633951403625915,0.059167018240012414,0.1321373319568829,0.15376651637138752
2024-07-25,-0.09564439261770902,0.14430517872516235,-0.014383172075894513,0.15014711100579597,0.10302286486725096,0.045869319875031345,0.07483782069856093,0.0609875868757116,0.1295345376264657,0.15132314501962466
2024-07-26,-0.08290074918052148,0.14428877513471033,-0.011213830111249878,0.1438636902764845,0.10391287726695805,0.056816819095180104,0.057744268208608784,0.056156485286633806,0.13073895464795313,0.15059270937524274
2024-07-29,-0.08049749118757349,0.1475325611507557,-0.015683619691671202,0.1484039830111185,0.11170584204973061,0.05438016409198537,0.05827267419010085,0.054442381923196725,0.12705927530256778,0.14438422915978935
2024-07-30,-0.07347172971572752,0.16433264008943105,-0.025756201687363145,0.15681501331923525,0.11602578736522284,0.04030625409807259,0.044393649504037846,0.0557279320890125,0.12312507785462593,0.14850157708345288
2024-07-31,-0.07874546853024894,0.15955730576922283,-0.03747311264069292,0.1531154444219256,0.11946562122273993,0.054068889245882434,0.04555902675996798,0.05290339063303373,0.12390894750081827,0.15763995561735125
2024-08-01,0.08199234195197994,0.628903302931521,0.11902452002655914,0.3924930122753235,0.27947574852682877,0.22493373833352728,0.5326156581547807,0.2936192139961326,0.2851229281165707,0.31181953568677645
2024-08-02,0.08075334958424166,0.6256651030544491,0.11583258959143386,0.3959963890981636,0.2751321472823384,0.07050796315964,0.5471011231333349,0.29873998040556815,0.2872282623463369,0.15304309234449334
2024-08-05,0.09276169353389671,0.46595127880047904,0.11639876672160868,0.22643767605143178,0.2731039415822488,0.0806821940347853,0.5599675577869514,0.2936589312093504,0.2943699132983052,0.14666804698094274
2024-08-06,0.078942052506045,0.47202412106441627,0.11474036573674459,0.23234107184746466,0.2764150191141861,0.07933245006611075,0.5529064748711403,0.29170012943470114,0.29684220891650925,0.1547561064426821
2024-08-07,0.0761143205949533,0.46697259575670225,0.1200880337538475,0.24117608120297968,0.26294503557997073,0.07878212460285824,0.546553281437633,0.29647191901959336,0.3126079611078042,0.14828864694365784
2024-08-08,0.0675648804691116,0.46530806684312687,0.12318794787386159,0.24686747875483483,0.2615043876220374,0.06803857010631001,0.5605958803895099,0.2911566558088815,0.31070505791543856,0.1550710742168877
2024-08-09,0.06380241017851954,0.4801187203858383,0.11808657190382207,0.2381724411607109,0.26576670258340074,0.05778124226482714,0.5643841653944486,0.2940197311431531,0.3174213108788938,0.1504467041063859
2024-08-12,0.07856149904083451,0.48116035240155014,0.12763442923563453,0.2315305177131346,0.2612448295864002,0.05758793292521372,0.5576495510254276,-0.19026404478751552,0.32248221052955084,0.14241272232976954
2024-08-13,0.09030425616690893,0.47442172930673304,0.14695124754731007,0.21184496490952304,0.2607807063869798,0.07288389544998683,0.5384105200794571,-0.19915953908004685,0.320430525270457,0.15313169396269122
2024-08-14,0.10299695794652611,0.47345137220671174,0.15873628542833865,0.2144224390579752,0.258325750681622,0.06372423262819285,0.5357174890486907,-0.20305355149528753,0.3159142498409093,0.14976477465632104
2024-08-15,0.10330461020922335,0.5903225973057278,0.21458940363822895,0.21358840776668048,0.24925401647259796,0.04291634518863441,0.5419404063824813,-0.20047841592719123,0.31310461191301786,0.15145801705059925
2024-08-16,0.10001588268932773,0.5749754999833888,0.22004048681447383,0.22402261172269455,0.24346630872724057,0.04489068824186898,0.5370939059829052,-0.19867191850027982,0.32727177393691087,0.14689476040146926
2024-08-19,0.10478926018435766,0.5852168819675041,0.21823359373635395,0.2180949420542116,0.24930250497185902,0.044584220755737175,0.5321036761303652,-0.34959208800353225,0.3255871177847115,0.1416798904184322
2024-08-20,0.09373621730720486,0.5749473166173915,0.2391747826498197,0.22049801037581168,0.2613364862872909,0.037168150522838506,0.5259618842262893,-0.1939783296022965,0.3236085170737052,0.13754696454194487
2024-08-21,0.08563260849364093,0.5798307227646746,0.23816870162911766,0.2181798732126366,0.2659612165951699,0.04125926231164562,0.5186975353824911,-0.19836939444602197,0.3270159033064326,0.14362357075021331
2024-08-22,0.07534386091998721,0.5840917565977537,0.24446763584866374,0.22357066329701591,0.2705267084343491,0.1713549827945435,0.5297179577162769,-0.19953432164829094,0.3268847914718662,0.14357596456783486
2024-08-23,0.083966104314218,0.589245260231456,0.2381769222211441,0.2245379981115192,0.26713181901260397,0.1695734405813232,0.5252395662924485,-0.19807589427967215,0.3408810204818232,0.12932376303313622
2024-08-26,0.08550959266116667,0.582461689757235,0.2422874434397169,0.21030061702843506,0.27684156337734633,0.17052641943833816,0.5402157385195345,-0.19417170989914628,0.337882229583641,0.11814641609373273
2024-08-27,0.07672136029962065,0.5911612671165791,0.24568966385375438,0.19354538927013537,0.2846485383306354,0.018063167518401785,0.5414946686534027,-0.34103545041844724,0.33457633525564956,0.12513506012026843
2024-08-28,0.06818483920806254,0.5882317174767908,0.2451030240636717,0.19957640309525876,0.2909340957500315,0.022036827691655658,0.5324529245789904,-0.3432570739395674,0.34657202712917756,0.1201652149459284
2024-08-29,0.05425576040975619,0.5819248355651039,0.2409568697307117,0.20727321914757424,0.3068483374518348,0.03016238279032754,0.5296577422152708,-0.3462934210084082,0.3506560404657455,0.11455823323208343
2024-09-02,0.08107466066714866,0.43265402475537196,0.2441171353594492,0.20480748068297255,0.30053317753281517,0.022257672651902066,0.5257069505176132,-0.19899519714338593,0.3521289676134318,0.10571512736268154
2024-09-03,0.08602722942037308,0.4335950525177089,0.25158630923305514,0.19956067285539075,0.3024385214269053,0.003996840880826691,0.5351030711488702,-0.34607587949495594,0.34925451883135306,0.10451366318047271
2024-09-04,0.08315236673391804,0.42216971786070057,0.2700177310541172,0.20000314831685345,0.29766345501039415,0.13333454929562874,0.5329341096057212,-0.18166944335663332,0.3500250449687917,0.11236932051050849
2024-09-05,0.08299451966278956,0.40856502589165755,0.27940750108234735,0.19632573034241962,0.31163715977661544,0.13543941872114953,0.5295239759530176,-0.1742131198185634,0.33969981820778805,0.11061997018077886
2024-09-06,0.09160721106449074,0.5613305658110768,0.27880662349575314,0.19041360979430716,0.32209800758046836,0.14487423335766417,0.508877511903199,-0.17542611305195788,0.3403521864525666,0.10706616359243205
2024-09-09,0.09781460804099587,0.5620212977626037,0.27692812869910066,0.19926194448042994,0.3157999673562931,0.13828355830646974,0.5155923888939129,-0.17386926266826047,0.33562341456598066,0.10254395456247396
2024-09-10,0.09441556114662567,0.582976045863262,0.2583238267099255,0.2000552543699986,0.315456016847946,0.1453726486747369,0.5242934436036518,-0.1820737244664669,0.33729265303949196,0.09388827421082852
2024-09-11,0.10005331232818412,0.5919778175696233,0.23610018878561537,0.21451229172749714,0.2991314295926921,0.15663491849868358,0.5344975855856129,-0.18807044788673605,0.3370382543537075,0.08812464944512018
2024-09-12,0.09754384452090367,0.5806419456964639,0.24695004351196773,0.2097713641484409,0.3008278058160653,0.16501856666568812,0.5238321719483574,-0.1840758918276751,0.3373474658536667,0.09214268366612158
2024-09-13,0.08361402894691419,0.5796309231391965,0.2559753554536335,0.21620229891584553,-0.16802991294188194,0.1512857466436837,0.5196008148521291,-0.18024483327071505,0.3384192084530363,0.09354636980815839
2024-09-16,0.07994281538869755,0.5917225160576278,0.2444988595477595,0.2093121856662004,-0.18708177040633514,0.15637262797485654,0.5378824552914376,-0.1782001934353315,0.33480234634663697,0.1007481575684504
2024-09-17,0.09581414990134843,0.5913974384932994,0.2379277638745634,0.20342001218071176,-0.1813097051001547,0.17088779731551854,0.5265876457710419,-0.18175230536743436,0.33483527133237634,0.09219193159872968
2024-09-18,0.10972295877691321,0.5812650231104218,0.23798766000554508,0.33917395050516946,-0.17939491263256507,0.16855145202762892,0.5386076801646846,-0.17843280115566662,0.3392463122500914,0.08327267694777721
2024-09-19,0.11547915288206226,0.5648745860263429,0.25865095990813447,0.33618650458623445,-0.17531197312686211,0.1549954457759282,0.5211021295816375,-0.1739525237264724,0.35149121379293347,-0.3935154956999385
2024-09-20,0.09814752930737433,0.5356902536429441,0.2692255031480455,0.35332955800654653,-0.17160174411946882,0.1664734247415708,0.50745656901784,-0.16257795606751668,0.3542204684809189,-0.3903636061582547
2024-09-23,0.10053573515941625,0.5570212336154234,0.25819393923170064,0.34620579357459724,-0.17002863638549798,0.16106657828065465,0.5101977738699246,-0.15893796285618206,0.3580610366931688,-0.40231549118320553
2024-09-24,0.12239299020653985,0.5393478317889897,0.2494766325215146,0.21035756163844233,-0.1800093537964069,0.1771581295276828,0.49185487271036554,-0.15289117776472194,0.35818063531766453,-0.4058681221500704
2024-09-25,0.12635835133761816,0.5346271044462052,0.23873808544561728,0.21696453163086793,-0.18184141741418,0.18559294757295117,0.5015802441147621,-0.309134354611034,0.35835219898579773,-0.4112376915086057
2024-09-26,0.1192070582110091,0.3793604587887637,0.24952402642469138,0.21948688417934004,-0.17810165098269198,0.17351738275405512,0.5027563799622508,-0.16035111910403488,0.3632344488386585,-0.4086338690720418
2024-09-27,0.1374454371653447,0.35517604616156095,0.25156777258177965,0.22555980858022162,-0.17260291161234378,0.18120508146750072,0.4866164906790879,-0.16340528791551912,0.3578889363051283,-0.3994513734127608
2024-09-30,0.13247759330314715,0.344233461051915,0.2507270414877657,0.23827873548076334,-0.17150361587648183,0.17705529370929,0.4775436883642329,-0.14806845703751614,0.36018680719674556,-0.4009305476798616
2024-10-01,0.1205452589349029,0.35025219319524703,0.07541414375339864,0.25970602348490773,-0.1680874494126205,0.1923644941619795,0.4758843141570933,-0.1519479502212353,0.36664147999247243,-0.41077250804614573
2024-10-02,0.0856324502453508,0.3699312127539321,0.22000970685770696,0.4028095720685791,-0.1592636219999008,0.18664394018878375,0.49906874589535266,-0.15412440912355407,0.3818424986427189,-0.42255009552896927
2024-10-03,0.08511710235921635,0.4101320291931989,0.16641211621542393,0.41540030021621316,-0.15635201010146998,0.1950836947825357,0.4986593060306667,-0.15738255446382543,0.38657895308333257,-0.43364893731529186
2024-10-04,-0.047358983814208,0.3967008728002538,0.1739768960507305,0.4087525128559668,-0.1562911437243601,0.19030228135911295,0.5058912936274498,-0.16695726082978218,0.39315753727647096,-0.4381740056016342
2024-10-07,-0.039011713756798794,0.3731185940835331,0.019891476831634863,0.4166003139866466,-0.12473739947908022,0.18528478927447514,0.48487327330541613,-0.16161759899330808,0.39835465573503703,-0.4427563909875555
2024-10-08,-0.011779007558219506,0.3990582161292877,0.0040981429456582175,0.3816568252735351,-0.09709783858281582,0.1889400589145148,0.4718867791003004,-0.15857101346319064,0.38077805959728794,-0.4489702223563582
2024-10-09,-0.009374684636513586,0.3975402304973634,-0.0033506109120240435,0.3605040123467147,-0.07642473524861451,0.1962947826517862,0.4803843750456421,-0.16582826420458013,0.37580166954881866,-0.44554677508859286
2024-10-10,0.12927226117971793,0.36927166516109317,0.006517937425479292,0.3909392954740554,-0.06850596560416006,0.17386180687625516,0.489384024480051,-0.17156653623194495,0.3895689015255648,-0.44874339028611177
2024-10-11,0.12910750548682512,0.36511670379646455,-0.0054768877937661775,0.2604521780287686,-0.07581614918315409,0.18279535557668017,0.47555388935750664,-0.1716040864928952,0.3917799750185097,-0.44190848379493897
2024-10-14,0.38878846952761026,0.415905156540444,0.2908934494373496,0.3295390224247844,-0.032265273254042104,0.46356524610692174,0.5047341096803487,-0.08197064600867862,-0.04926540824085618,-0.3999241262138819
2024-10-15,0.24139029429993128,0.392731933200943,0.28952186802995994,0.3291085018729553,-0.030771914744534196,0.4681852257250235,0.49048345782635633,-0.08418483663609314,-0.029884775637164865,-0.3865797539373773
2024-10-16,0.2328601225011973,0.3752295331323594,0.4253608233962289,0.35246803038601165,-0.035376954810885985,0.476272509923715,0.5011118168912677,-0.20854950253181254,-0.04900100311181674,-0.39037537577626485
2024-10-17,0.21144485696541257,0.3688151417956665,0.4107932768025827,0.4713523042014347,-0.134381923573635,0.45236823848349117,0.4889965671279769,-0.1794780511126342,-0.03498322609363075,-0.37492718459666424
2024-10-18,0.1878565998815248,0.37508830257705084,0.2634592389307573,0.4515491447825813,-0.12978356713837633,0.4557738377235478,0.48987235033365895,-0.18251200026180425,-0.020036311376414984,-0.36126759545252507
2024-10-21,0.17653232925956003,0.3609112069708979,0.41830654061700473,0.45544310804582505,-0.12876078107755481,0.45478859042669434,0.4951122076784252,-0.19041395080466744,-0.013332409296879302,-0.34858684181930566
2024-10-22,0.19384311816926938,0.356952142972505,0.2574466991512783,0.44557808714062686,-0.10690311531082422,0.446696125794397,0.48361767605126305,-0.19167329374824926,-0.01885139912475277,-0.33670604109551316
2024-10-23,0.20532065360491522,0.3606065897760826,0.3895105200839758,0.44212447557531503,-0.09671424711355955,0.4532451435730105,0.4718455619118268,-0.2016757842829643,-0.023971137029486556,-0.3202917760991157
2024-10-24,0.19499528686519668,0.3747923212556191,0.37295480403385944,0.44000215069452786,-0.09340094966759896,0.45186816494229864,0.479414101242302,-0.20231470315600536,-0.020137513173655766,-0.31817366303654393
2024-10-25,0.19915083373950038,0.3785674164136259,0.37552706774632205,0.44640350812751056,-0.09496564310606673,0.42703422176398065,0.010861131346967229,-0.19308480418604201,-0.011424381925103103,-0.3380693499206947
2024-10-28,0.2028378263906797,0.34628188939567534,0.40898995324772475,0.438626108617838,-0.11431608810006105,0.4530531195226999,0.021893619642131823,-0.19839726929748358,-0.011910908766102193,-0.3470582506531028
2024-10-30,0.22206552744011704,0.3491168646779004,0.42240950231105734,0.4366785558871703,-0.12161491630644697,0.4157029605313155,0.0227401397542564,-0.1917268676080267,0.004656581881788982,-0.36002834856913235
2024-10-31,0.225071141733494,0.35939420339327977,0.42917714457813216,0.4397767926726794,-0.10155543801212324,0.3996314046891393,0.011524708382505994,-0.20033748129611934,-0.012440605235828087,-0.35024187090515996
2024-11-01,0.22661474210069726,0.3614436869735936,0.42451372719385616,0.44952653879430887,-0.09663189359929575,0.3932298452319321,0.006322494880912688,-0.19982022966733298,-0.018513604086055818,-0.3466853078226161
2024-11-04,0.20734201255455495,0.37522707007655026,0.40155308077266466,0.47585836930492764,0.06187604344241529,0.36640994732510584,0.0002037430673033358,-0.1924349873424573,-0.0213587883712201,-0.3246764908298444
2024-11-05,0.21039810570777764,0.361407553848356,0.39566170578930776,0.4935982691657506,0.05224498424659108,0.3600833597137572,-0.020113534735310357,-0.1818647154464178,-0.021315579114156116,-0.30010014917565575
2024-11-06,0.20314372743844872,0.39259799839314097,0.37360475541195176,0.4827896336505082,0.08385152049750443,0.3729704139335574,-0.12418008695613736,-0.1961377327226948,-0.06602479307874101,-0.3226154365675382
2024-11-07,0.21531983245246872,0.40206140340228025,0.37207311395699944,0.4664229465737127,0.07431731414884798,0.406568981908493,-0.127923472322315,-0.19752976434038366,-0.062811694294469,-0.34849866148563435
2024-11-08,0.24850097220949657,0.3518222146791431,0.24574156949598705,0.46698318604427314,0.07861147114609118,0.4156287120900036,-0.12794361770349516,-0.20931750987986902,-0.08485665974291154,-0.3351703383387189
2024-11-11,0.5263256408101649,0.38552166631748874,0.5426614474887791,0.5595154725520444,0.11418475855997716,0.6910035081832719,-0.10722733756407582,-0.1317639558643544,-0.05071919364863117,-0.27950200683466486
2024-11-12,0.523193070555106,0.37263062423572624,0.5537135766367275,0.5535184047763413,0.11221929523790823,0.6800357271991612,-0.08840486869093794,-0.12845441301790367,-0.03991506906668629,-0.28853634786544247
2024-11-13,0.23722552467427718,0.3286375826036887,0.28362031966141865,0.45946994847314476,0.07072321643597054,0.41271186029817025,-0.1193315953639702,-0.20551292460339937,-0.08518503442250752,-0.3323588977567929
2024-11-14,0.23184310915139103,0.328604057541176,0.2648907471113018,0.4645629192067808,0.0749353026773881,0.40948372359701374,-0.10671459809809264,-0.21098801506643966,-0.07344897088504312,-0.33316827523547604
2024-11-15,-0.2445793123745006,0.32174175858149257,0.2749093816093912,0.4683446241018217,0.061039470040865046,0.42966409309817805,-0.10843697973808158,-0.21136043796132087,-0.0807891250684111,-0.3405334722894345
2024-11-18,-0.1109570379636815,0.3160665387008764,0.27472729988003386,0.475435425341621,0.05811124559397281,0.4318749354635812,-0.10720031598619456,-0.207700977271504,-0.07596893133541208,-0.18438818242329308
2024-11-19,-0.1177902806840267,0.3222482948357677,0.30387190584396384,0.48214999206083253,-0.1051606673524571,0.4273035955805202,-0.09207836403951358,-0.21389104979256068,-0.09266310738262104,-0.19399031906990527
2024-11-20,-0.11318647197245771,0.3122763759981486,0.27791662238841025,0.4888911914409239,-0.1187657438091256,0.43967638366338707,-0.06378859299441081,-0.20566722861518405,-0.09008921061837691,-0.3572633254813147
2024-11-21,-0.23290926169252868,0.2939586535494284,0.28661451418962125,0.48055823751222865,-0.1260532109828143,0.43894108828591955,-0.06719329200809687,-0.2142617914588436,-0.08752436233731489,-0.35213057505759954
2024-11-22,-0.19793323044576022,0.30042556660142156,0.2792238956613406,0.46851365036537324,-0.13535238980996675,0.47441511685095983,-0.08429417268666506,-0.22142168918160243,-0.12386598629132062,-0.3397107610637802
2024-11-25,-0.23386867847956594,0.30026259470208855,0.2694894703839141,0.49081143451867776,-0.13505818517201565,0.4697627931450179,-0.08879043982217266,-0.22798557083044685,-0.07779259417012399,-0.34683082427537315
2024-11-26,-0.2275015229626749,0.29592265963560044,0.26316943795134007,0.48901800694501424,-0.1333485367263151,0.46495174162879643,-0.061360267477995334,-0.23891871482265203,-0.08952617060747392,-0.3424066335636398
2024-11-27,-0.21281939281737844,0.2986357518024843,0.27490099571440585,0.48071577592973797,-0.15844698719637246,0.481813707611747,-0.04913369010042101,-0.2461253708896688,-0.10372474171556698,-0.34581604833896745
2024-11-28,-0.19748357732708993,0.33784135346092575,0.29478699793472274,0.48997195614975636,-0.20251006090052248,0.4877456860015227,-0.06264472224064516,-0.24237676267979186,-0.10867452149211376,-0.3766563489067643
2024-11-29,-0.2132043340719731,0.3083778967681629,0.3115530751611073,0.5033518810790631,-0.18470616715699667,0.4619723601888748,-0.06381026066111262,-0.2226914877601836,-0.11880709676235465,-0.3620358667845876
2024-12-02,-0.21516944848100494,0.310113551842885,0.257501987250771,0.5221933432835897,-0.16344146728350722,0.47101870480555763,-0.0779902023054358,-0.2099867374225458,-0.11786845753315686,-0.2063712741571525
2024-12-03,-0.20835267787055278,-0.15518776524251227,0.2996655636703769,0.5056542351393973,-0.1687472852298681,0.46716949909143185,-0.0856450538445932,-0.22273442829304674,-0.1276807975058413,-0.2141412899147916
2024-12-04,-0.21317363492964292,-0.1642273033874444,0.3153348323249428,0.512128595273433,-0.1794375150820825,0.4766233089439436,-0.1056609713819548,-0.2341188050144158,-0.12981299246662775,-0.3376555142801513
2024-12-05,-0.1986102653323339,-0.17206988227262932,0.27851319557647297,0.5070359234582404,-0.18152454516312422,0.48149047624045005,-0.061469758280880527,-0.24455589979838543,-0.12074107600780518,-0.348068168420005
2024-12-06,-0.1789387996899801,-0.17927597289094277,0.263840591479648,0.47728683168658986,-0.047925860797447845,0.5103303001810872,-0.06992533174450305,-0.2417400142503574,-0.10553609568200994,-0.33811564829208374
2024-12-09,-0.17666317189768188,-0.18196582211704138,0.3046524916136206,0.48277412188735963,-0.06373058775238707,0.49888731598523833,-0.10988654208265142,-0.2191868247856985,-0.11159585632788419,-0.3332851245228741
2024-12-10,-0.17582488045057998,-0.18745745404513275,0.3374864534016584,0.4399418754951198,-0.04253393214233642,0.48017326593361465,-0.1201303647296707,-0.21459877458381338,-0.10563256027269899,-0.3214236286061607
2024-12-11,-0.19558033093285904,-0.16544697877672315,0.34316284571986655,0.4647393037137333,-0.03307713172977261,0.45458174544842433,-0.08787954203965292,-0.22025917502509268,-0.1076368152617731,-0.21260392111615056
2024-12-12,-0.18138687119992392,-0.16218143298126625,0.3474659645738063,0.476391782440466,-0.05733615996637084,0.4557884023381205,-0.08937757532904866,-0.2270800914535278,-0.1157498257633768,-0.20653419265887846
2024-12-13,-0.19350738998435102,-0.1815072776571245,0.36093323256475585,0.4646903506524763,-0.0477206364509527,0.4475947902536189,-0.09892847958039758,-0.21174033428041988,-0.10942325762335434,-0.19039099789425112
2024-12-16,-0.20417970713720496,-0.19415950952806826,0.3602335012814597,0.46255488768301334,-0.04970386197187637,0.45823439446610154,-0.10006639008476265,-0.2165274069651223,-0.09999642696717284,-0.17638948077636718
2024-12-17,-0.21099439963208344,-0.1925216686103834,0.35640337334878885,0.4677596966045047,-0.05725243400615901,0.4649265481998184,-0.09647425874082444,-0.2162935729132291,-0.09259079402390799,-0.1829624902265245
2024-12-18,-0.2193610324823314,-0.18610135782418252,0.3539438441209923,0.4633411104116675,-0.05363360210718582,0.4647792683316032,-0.07540990239294992,-0.2001780104612596,-0.1117182728269191,-0.1956620447694345
2024-12-19,-0.21714321825012578,-0.1669775590941187,0.3389479379444711,0.45419593131957203,-0.030757907795404035,0.4395009103292489,-0.04901291377194339,-0.1908673962796747,-0.11229130708531504,-0.37559447731671025
2024-12-20,-0.2358603720174351,-0.19743131755170412,0.3195037349030349,0.4585350722118871,-0.02591653713503357,0.43919967778790076,-0.056961117389150384,-0.15465376386975138,-0.09707008336054357,-0.3593452935792046
2024-12-23,-0.2791593780268285,-0.19326914855231409,0.3258616769723543,0.4413822362720486,-0.030025808918029653,0.4220266414536966,-0.042619555679366816,-0.12222453834999417,-0.08991369404610483,-0.3420584311254616
2024-12-24,-0.2788571866205509,-0.17447720872673578,0.37176125423132783,0.41507926985287824,-0.03776416246711675,0.4040085155214213,-0.032146856902519616,-0.1516806141509089,-0.0922427991487624,-0.33368021158903294
2024-12-25,-0.22861015452739386,-0.13329394814637624,0.37350482258330303,0.39090100886277773,-0.08261477037851206,0.4458935300491634,-0.020630318765453015,-0.1781010184336469,-0.11861868208940254,-0.35843046915445953
2024-12-26,-0.23208022332768458,-0.04733503059374827,0.31947420026060547,0.344052572787956,-0.0812904899417975,0.4309819214204117,0.039638827315895325,-0.20879443007590354,-0.1241819901001184,-0.3504653577456161
2024-12-27,-0.21685729067837373,-0.06242575605978545,0.33869992606104987,0.3319386410593613,-0.08366064373322976,0.4018008512116109,0.04559605023911556,-0.22898444113666983,-0.11368907446188914,-0.3224182625011896
2024-12-30,-0.19704557951829055,0.0883928258491952,0.36718992602929934,0.3384475699018987,-0.09680937580069146,0.3662246366752378,0.025538208262357143,-0.22123193437020577,-0.12739405055834221,-0.30331222647045814
2024-12-31,-0.013076319790968932,0.09407309220780893,0.3494779808456535,0.3354042701354668,-0.10552899333868099,0.37209636093979,0.02154107027196439,-0.239565811365128,-0.13374694245903504,-0.14067470744687052
2025-01-02,-0.013969151308872815,0.05688247300688168,0.3787332808870567,0.3401738435570296,-0.10976195950764686,0.3928648493584494,-0.003949237295486185,-0.09324090084491712,-0.13088123071066113,-0.2768519671418332
2025-01-03,-0.02982929759684387,0.541813208373179,0.39845372457852696,0.3397245447314131,-0.11091441625020634,0.38519304830995393,-0.022529902488447884,-0.23579791356438368,-0.11370406742630648,-0.28240892866688466
2025-01-06,-0.05013432129868564,0.5675871177258587,0.5568910628840418,0.34799335393947683,-0.13842152366074653,0.3931650052119163,0.4479582316064097,-0.23451155375867472,-0.1103585833491576,-0.28016878930043876
2025-01-07,0.4119023090947693,0.5363039246095609,0.4068161481104822,0.3614238673321871,-0.1483219497198412,0.3782046251095719,0.4774302820926908,-0.23186933842000285,-0.1127356366348592,-0.09915423157455913
2025-01-08,0.3993756576413747,0.5578742987834777,0.40981140005756106,0.36239909977566986,-0.15960852077267193,0.3676063800186462,0.6147696248754597,-0.2342853222311273,-0.09873306102368773,-0.08920955712470227
2025-01-09,0.4194629301186672,0.5536815497478393,0.40681704870875973,0.3593021924474796,-0.16248802873060786,0.38005041644853327,0.6119057551220133,-0.08382630955209083,-0.10347273613639382,-0.10143281817419977
2025-01-10,0.4070631172599007,0.5528066413432786,0.5565045816205589,0.35271066582742333,-0.1545561298909678,0.36347037642318064,0.6171163897101795,-0.07990393980241353,-0.09851367562418414,-0.08669802686695588
2025-01-13,0.4052187799745859,0.5472186317620071,0.5525741858484772,0.3449058321973679,-0.14371888477325698,0.37074165489919986,0.6223556862178492,-0.24309980974126422,-0.09452038768330853,-0.08167568870165759
2025-01-14,0.4154573490335348,0.55062747752406,0.5512609640201025,0.3468005219514804,-0.13852624225518312,0.37752041044911094,0.6262312794634874,-0.24619762404698864,-0.09659743301302509,-0.10657670312657927
2025-01-15,0.4235073252220496,0.5504652626244924,0.5442699548596881,0.34440744841945803,-0.13193906805451336,0.39211903767534806,0.6267924892758296,-0.10801474581287154,-0.088832663944833,-0.12277504026464775
2025-01-16,0.4333348449171747,0.5400419870458066,0.5396248345842709,0.35942687630394854,-0.14808573831694824,0.40166809446613444,0.6313982666851062,-0.1139757696397567,-0.09629551883791321,-0.11713787720782329
2025-01-17,0.45621748328719836,0.5374256944633267,0.5278899587179975,0.35811407725951727,-0.1592199277705067,0.41027190173217515,0.627007159438327,-0.10546296202539643,-0.09491888122689482,-0.12732450387574376
2025-01-20,0.46276437383270075,0.5490289059918647,0.5271045611806415,0.3529681691805957,-0.16304006882409655,0.40918740154348887,0.6174218153200559,-0.10790968538157131,-0.10588890698172859,-0.26163656586195105
2025-01-21,0.46925785475364373,0.5454896882069715,0.5164061768820101,0.35760166798487825,-0.16560979002199072,0.40587782922480314,0.6296915064645632,-0.11177622584966393,-0.11065925824416228,-0.25627944940105296
2025-01-22,0.47062494708572455,0.5430742695281685,0.5090130983345019,0.35910455437142424,-0.17423654354729246,0.4106506600682085,0.6343927085450223,-0.10793316241873102,-0.10522061527362081,-0.2594699166934058
2025-01-23,0.47348487134378636,0.527487408552243,0.5115977116060635,0.3625094131504788,-0.162603284072802,0.40548369741063767,0.6377935846813113,-0.10749780929847752,-0.09737964447562455,-0.27087594889761635
2025-01-24,0.4589756970140262,0.5265984040902922,0.5166946083838617,0.3654111375897793,-0.17438675418730604,0.40507959815512984,0.6381445696628145,-0.1094479393183388,-0.10198078242330852,-0.09508853896695038
2025-01-27,0.7493611180458044,0.5705932704868829,0.7881805196928369,0.4453864455670359,-0.13199880636723324,0.7068901773479341,0.670303133027703,-0.036109973990263194,-0.05929358937518728,-0.07331229443551363
2025-01-28,0.7358511612331119,0.5646358087428427,0.8002818717242095,0.4406782521835158,-0.12743527046252956,0.7097231273578022,0.6659251634183807,-0.03182954559740933,-0.05930713044246724,-0.06852343815745654
2025-01-29,0.7184962610473933,0.592462149977703,0.7881373837964896,-0.048473041248121074,-0.1314097548345157,0.7023680475473884,0.6871185903204984,-0.037379889575636566,-0.05943181959718069,-0.061887927434018525
2025-01-30,0.720621479437267,0.5977890521472693,0.7978097643003593,-0.052295633585142165,-0.1236497276604564,0.6960150554112505,0.6731313514925564,-0.043910445908410284,-0.06121624822852803,-0.05429464740616549
2025-01-31,0.7256610195081312,0.5864658936189584,0.8018442710466678,-0.05212041533346329,-0.1263611475869496,0.6885940311455807,0.6663519834194599,-0.04025884267720803,-0.05930733760692597,-0.04086945553425095
2025-02-03,0.7309769388342707,0.5884386609686899,0.7816201658371766,-0.05698570449625584,-0.1335849913115015,0.6992006447660896,0.6751873142167517,-0.041747324753350856,-0.05952107751354008,-0.03358462654833044
2025-02-04,0.7494388239444905,0.5708684177873644,0.7919810735586084,-0.050376905704757,-0.12485668443859074,0.6981312338253222,0.6563517473564682,-0.04071416104889641,-0.06677256342134685,-0.03405098185866262
2025-02-05,0.7452287426158477,0.5862672953762516,0.6411923341226106,-0.05609493883602068,-0.12153339020283047,0.6892246570264753,0.6640992205062494,-0.041955681203720036,-0.067377343869645,-0.03905089553521818
2025-02-06,0.7363564489546868,0.6000627901416622,0.7858267595876518,-0.05712815711702207,-0.13426689377226217,0.6971186057492191,0.6649108429113944,-0.04289835348503129,0.4238334102840815,-0.04381545325438027
2025-02-07,0.718948023442244,0.6133085138106147,0.7687763222207078,-0.053630942255838365,-0.1414769339519096,0.6922962157210195,0.6904797127298034,-0.04505620528669932,0.43791872629213535,-0.05156343272207731
2025-02-10,0.714879760556479,0.6324728686581954,0.7483278648979776,-0.05340195247304236,-0.15194761365070833,0.6953640498684288,0.6949837530722569,-0.041878317087567646,0.4443540842613345,-0.05315449810335382
2025-02-11,0.7145624624013884,0.6490882074048195,0.728658049610363,-0.03742367071715286,-0.15901526655698364,0.700089422237917,0.6972151957498169,-0.04530246173741592,0.4526108123933704,-0.07048275078612282
2025-02-12,0.7105743365561608,0.6539314633677182,0.7309598020210479,-0.03645610092433704,-0.16542865444831575,0.7122804059856561,0.68140132306132,-0.04761964555389736,0.45685718474112014,-0.06650011480647292
2025-02-13,0.7153026259121429,0.6773285744610773,0.7163176186568019,-0.04290752460424657,-0.1551427042339906,0.7076750762228297,0.6797300696841135,-0.04994663453783221,0.4429016865307591,-0.06125878809165497
2025-02-14,0.723041356929113,0.6664332076018658,0.7312203473773329,-0.04237650688193778,-0.16144944333633574,0.701062941194185,0.6758599287205846,-0.045149994111372715,0.44296796924657067,-0.061609806740005824
2025-02-17,0.7343794134958064,0.6629560054591064,0.7154291626946486,-0.04347370082413135,-0.16292844141522814,0.7077507323549987,0.6633637665128611,-0.05221651978407155,0.46230401216669614,-0.05756443066068648
2025-02-18,0.7226863796499842,0.658749349367544,0.773013204649193,-0.04422460549756718,-0.13827901858995975,0.6975293677306678,0.639198442038418,-0.06001985777002111,0.45940175597869626,-0.07805501755695538
2025-02-19,0.7083483154273489,0.6838808512832066,0.7208420842820573,-0.055871976179730776,-0.12615339385536364,0.7016952294992782,0.6681377170735645,-0.06122667134460802,0.472734568470244,-0.08238672465599697
2025-02-20,0.6922955709532719,0.6529218578803703,0.7375228109573531,-0.04504181455911366,-0.12579705130561508,0.6993994436278199,0.6933413311616357,-0.057678799654859225,0.48010849861678506,-0.09707184767764787
2025-02-21,0.7172702079302805,0.6316902498361392,0.7645380325599258,-0.05923947839546323,-0.12085254831936287,0.7017486957996966,0.6799580912909513,-0.06268541442831355,0.4483087825850197,-0.07073661885887328
2025-02-24,0.7256418509798614,0.6447453606564398,0.7450434069499412,-0.061448307255313916,-0.13021320913819182,0.6875688703404841,0.6853248831646388,-0.056272413797022136,0.4565287913191777,-0.066919233220015
2025-02-25,0.7424745923560574,0.6268793983038896,0.7489082431258864,-0.060882810288968414,-0.12069641017608565,0.6968609877027538,0.6810603666012156,-0.05984625862337789,0.45166249263523905,-0.07642060163660983
2025-02-26,0.7437847316166515,0.6150556204510826,0.7474407753010062,-0.07156291573107071,-0.11734523400989244,0.6807618899394137,0.683038556687781,-0.05529584430047013,0.46543032697478703,-0.0613079069292887
2025-02-27,0.7275856573054601,0.6383695685717732,0.7251709324284417,-0.07660079394435404,-0.12098684449090372,0.6886042479996748,0.6834435374850933,-0.05428913151563597,0.483381979884849,-0.06467915372439839
2025-02-28,0.7244246438701529,0.6098543998346979,0.7609230997569456,-0.06558262492767325,-0.11690317864198768,0.701337868771157,0.6764239377570329,-0.06368164951996402,0.47004525349274895,-0.0668417503931105
2025-03-03,0.7482982251475905,0.6099028365640413,0.7237993737964954,-0.06484807443892404,-0.12635938896935592,0.7187741951477488,0.6707068353922176,-0.06554482503767173,0.4746412852532441,-0.059370462855385775
2025-03-04,0.7460789824005423,0.6074562675091673,0.7301778161915624,-0.06245955083205901,-0.1175288466050772,0.7253685074181888,0.6728339019667197,-0.057015563280968906,0.4773505056449773,-0.09226202041305251
2025-03-05,0.7362775015914678,0.6054914954071793,0.7480564361333786,-0.049667471123306994,-0.11719223626861644,0.7173043534695861,0.6766599799830191,-0.06881149520237301,0.47124990485068063,-0.08936846884101507
2025-03-06,0.7276393399148413,0.6126705162320896,0.7772560665019941,-0.20715581215026213,-0.11720264550594015,0.6894857331884199,0.6540756385162002,-0.21577538124957574,0.4820436806104831,-0.07303713605825018
2025-03-07,0.7310948738926923,0.6095893367882916,0.7659088316666524,-0.07189186341800097,-0.09032480675026114,0.7002474867363314,0.629271707754092,-0.08010169445728055,0.4959712787958662,-0.059765151008383394
2025-03-10,0.7558641649424861,0.5509385734938427,0.7782692983201644,-0.05796363573159852,-0.06840850036629395,0.7146641071250857,0.5744247232089703,-0.06436222789090884,0.4971623892022595,-0.050588892304007316
2025-03-11,0.7524550905281118,0.5290259493842467,0.7779881874371937,-0.044693125562912495,-0.053991800216172586,0.7151016465731246,0.5482493595431002,-0.06256401087110547,0.48689679441806,-0.018468091233646206
2025-03-12,0.7595257798103188,0.5224299330534601,0.7589480125523103,-0.05096552376322855,-0.057461203003807804,0.7465556014298468,0.5603657658838124,-0.05525715724672531,0.48606124898586445,-0.040202457701851047
2025-03-13,0.7709129157485685,0.5493780521714993,0.7577255460455294,-0.050968794109552296,-0.05006723865688234,0.7254643470864196,0.5594170020129863,-0.07267747007114406,0.4909133257490128,-0.050097685976437295
2025-03-14,0.7789329514189784,0.5477627150066422,0.7567489001011707,-0.05714784733230771,-0.05356436861367048,0.7121798228559721,0.5558235493557891,-0.06441740417731723,0.4890949597749874,-0.03541327839024458
2025-03-17,0.7780010440983167,0.5277221364071683,0.7740646445024335,-0.053247101693368715,-0.03174929069498694,0.6866572932120136,0.5451157230747631,-0.04663751774803582,0.47189704704042146,-0.021823978198725252
2025-03-18,0.7516965234466846,0.5185012868227616,0.7694852007191978,-0.043966503447075145,-0.00913218940415289,0.6776977913328122,0.5463955858336111,-0.06173561206272016,0.4759077779588555,0.005150138800025558
2025-03-19,0.7448515216427807,0.3632341938556422,0.7659183583917135,-0.1917395097645147,0.011580634712525587,0.5295673774544429,0.3971994182629383,-0.21239522587386944,0.47126482643404155,-0.14948159511570044
2025-03-20,0.6739630371301248,0.38002038889163114,0.5785305241629433,-0.16853080585362612,0.07860057053995143,0.4753747864542902,0.4473427774956345,-0.2158608266080584,0.5128898720250925,-0.18233032423798326
2025-03-21,0.5234293760354531,0.38216863757360864,0.555907774125473,-0.1682352163871123,0.09173658898270955,0.479813596114479,0.4557986384222815,-0.2128038383214228,0.3618862551194104,-0.18970181166488007
2025-03-24,0.5024676973987556,0.38659017656485783,0.5084062036963596,-0.1542541751231435,0.09710143638670743,0.4879716210389834,0.4775416690093095,-0.18170847321149614,0.3854737789273117,-0.2295899346876453
2025-03-25,0.45912569102861917,-0.07690082339495435,0.5092340336209907,-0.14498288391573655,0.08902698718805065,0.48395572582933466,0.4785050358544918,-0.16794252768153728,0.39600237900885116,-0.22602361753810998
2025-03-26,0.44692557768168484,-0.06950548401792955,0.5300883945724956,-0.13581371620096516,0.08441610746234007,0.5051251989278283,0.46369777402936707,-0.1658155233595635,0.39699954569454965,-0.2561178747898073
2025-03-27,0.4415663095345509,-0.06289174966102301,0.49914823024782967,-0.13336682016491025,0.07929010485430771,0.5467047318638281,0.4568851074514138,-0.16757810736017847,0.3974945417268524,-0.25725234849267087
2025-03-28,0.4332657863679578,-0.08356246128228151,0.5051934280784287,-0.13454215387329355,0.08561284236369116,0.5438558966472719,0.4278575082958076,-0.1445019178920004,0.39764697961843265,-0.23082590832401415
2025-04-02,0.44849628541344605,-0.1036018699789879,0.5257437529337414,-0.12133374570580374,0.08254555440101585,0.5535010355384877,0.40444111479133715,-0.1407746498789566,0.39375788357451336,-0.2427753610887932
2025-04-03,0.4519158755978425,-0.09393556892728061,0.526247651055357,-0.11932241191278437,0.10996158649262877,0.5208515019098195,0.415869067855692,-0.13991447812645919,0.3713606832249031,-0.24303390716971887
2025-04-04,0.4532067438526008,-0.09449039181939478,0.5423889704496768,-0.13847390356510947,-0.040788790692210586,0.5132234638023424,0.4386848617469114,-0.14918449246856363,0.3690387453480072,-0.24360520665426008
2025-04-07,0.44668926628555405,-0.07749968327229934,0.5498710384000297,-0.14652770336627863,0.42853910062269085,0.5043773094278456,0.44735887219527165,-0.15452369365943447,0.3802959582089678,-0.24858046484234717
2025-04-08,0.44376146522879234,-0.06446197867927106,0.5442345308769877,-0.1367876788586596,0.42924255346236406,0.5066364763880365,0.43727426321398344,-0.16205242071711118,0.3818472425170708,-0.24969445343219296
2025-04-09,0.4460276808085295,-0.06766530233557616,0.5443232409278791,-0.12810521045942513,0.417887751609033,0.49095051933659134,0.439067500215615,-0.1351663764802865,0.392050682110638,-0.26937048573299816
2025-04-10,0.4312279181652281,-0.04873055492011813,0.5383154396017868,-0.11875267547977741,0.4176070734040527,0.48113335962376597,0.4441703496275319,-0.13339380677781731,0.3848707035481592,-0.26644780679281166
2025-04-11,0.5883035595422209,-0.056672673711912314,0.5290437744426965,-0.12511035220574757,0.41819498249887355,0.49517659330868397,0.43596966290192146,-0.12127422178028358,0.3900988243505146,-0.2737301493469674
2025-04-14,0.5956944739445011,-0.06167948226710984,0.5127604798246505,-0.10285149770212976,0.4143188728987254,0.48403938082481723,0.42741839480888183,-0.11278224123602454,0.39518661966278845,-0.2721050007591004
2025-04-15,0.5952383703942062,-0.051051765067597565,0.48856067861375796,-0.08981242496389291,0.3932965031927961,0.4786264557094704,0.43642095725702723,-0.11632904752439771,0.4126473475186797,-0.2675970751300494
2025-04-16,0.6053308162699004,-0.045542444626609,0.4709526797710357,-0.08450585064673644,0.37340768207885955,0.4832961030476159,0.43066597787283345,-0.11528973292688405,0.42797319541217593,-0.2662884262521914
2025-04-17,0.6072697290364267,-0.030765031285316324,0.4291865751598718,-0.09506884987330821,0.36678001969295854,0.47196115238535247,0.4368222469845826,-0.11624511191193354,0.42608696415811675,-0.21602769434675081
2025-04-18,0.5838033031238481,-0.04263537395503636,0.43371754074759594,-0.09634397936884798,0.3739844804405421,0.46011638452526926,0.4554715522351329,-0.11852088679716366,0.4048879831883815,-0.17448100413972148
2025-04-21,0.3001104020349125,-0.09963561371184976,0.16296406361712712,-0.17365867823048514,0.3387475429176832,0.17356363086675664,0.4067943380514476,-0.19460253220107798,0.34820306209097873,-0.18248621543549265
2025-04-22,0.29595943296359695,-0.09596246891238402,0.18337533743082984,-0.15962942417856246,0.3258380861495793,0.16995813092529602,0.3869940354902164,-0.19179500527937704,0.36872418175386446,-0.20346230634305928
2025-04-24,0.15820315691970843,-0.08854638006582571,0.17528011227581555,-0.14956169519025558,0.31892286826082034,0.15967845015714366,0.37147460078696104,-0.19828119649409898,0.3493469477711738,-0.16651686442144248
2025-04-25,0.14037146999316807,-0.07874494510824803,0.1805232163626675,-0.12884239351045854,0.3032328635897388,0.15891687945163394,0.38399239818272446,-0.20210324435549715,0.33278807102665436,-0.16013431563238326
2025-04-28,0.1336364549997643,-0.07324186687529727,0.18499239763187628,-0.1317136873644752,0.32422582013086115,0.16058451829535292,0.3842657556309196,-0.2020999401089858,0.3304342454241701,-0.18108369776418604
2025-04-29,0.13317120762882648,-0.06855502236333955,0.176349168205849,-0.13933087969080482,0.32537072821955504,0.15948423598613037,0.3963786549722158,-0.19706914629247735,0.29106691506355986,-0.14686586172951469
2025-04-30,0.14321667106828856,-0.08196861396880889,0.15807440453603144,-0.12055745303041884,0.32693109799476017,0.17911161805888792,0.3978647203154376,-0.2049156909000393,0.27514648775776396,-0.1429032418319026
2025-05-02,0.14852929084934585,-0.09853173195036641,0.1820373790705322,-0.09134435451816822,0.3219769764994239,0.17036222481144114,0.3763314108660507,-0.20163690313639365,0.280331974028217,-0.15805626652008264
2025-05-05,0.1465297437414163,-0.0996920477241614,0.18249112015111268,-0.07838160849466638,0.2906392089989035,0.17670994166410542,0.38430660293401364,-0.20604170098280072,0.2805322014795217,-0.14709346176744453
2025-05-06,-0.32338541737786514,-0.09872527963263922,0.17143884682287652,-0.06329864577397329,0.29861575201038215,0.19619087488877923,0.3619383135497691,-0.1986973600215154,0.2680307797933751,-0.16210786425918905
2025-05-07,-0.3308296351636457,-0.06332036689627457,0.18331971193016766,-0.06325305408819229,0.3398125171718898,0.1840729200251573,0.38155567699839343,-0.19845392754927882,0.23569729297126701,-0.21860113539948378
2025-05-08,-0.3408456817382616,-0.06609050531386201,0.18212986717091684,-0.08148667135917362,0.33902059684047625,-0.2995956647903965,0.37120358484034427,-0.20209702071236635,0.26659548486506934,-0.1988339898027464
2025-05-09,-0.3460644457454816,-0.10973402483511768,0.21406613046074716,-0.06633362847907073,0.31152454688842934,-0.30109137204225056,0.3769615687445239,-0.19791997530082983,0.27069883763918856,-0.1821076373301384
2025-05-12,-0.34732914860410946,-0.1245737482904824,0.2456794071382591,-0.10767726523681789,0.32771971405357236,-0.31628256021560275,0.3671075981093749,-0.17171797358183966,0.255516896041338,-0.15844291941369196
2025-05-13,-0.3314202133842134,-0.1398616599679781,0.2567997347563943,-0.11456394390590219,0.3331375443142634,-0.29751218428292064,0.35961576652773913,-0.1908412089512997,0.22965418290482723,-0.13500801801090992
2025-05-14,-0.33618931527963575,-0.13182605932938934,0.24916601937246843,-0.11496741169539912,0.31773248027595674,-0.27534676147939624,0.34656634614087567,-0.17425152964036117,0.21273752086873124,-0.12362128923385035
2025-05-15,-0.3335652443540728,-0.13178200864168538,0.2822841184045374,-0.13018730620852648,0.2960677711801886,-0.291195753030673,0.3517200800205794,-0.17991559851220318,0.21558731377877624,-0.10901337263692062
2025-05-16,-0.3275067215326659,-0.14083682580353007,0.2995603509333939,-0.14807041226374434,0.31461458878468407,-0.28710602790438966,0.3539857145548201,-0.18195805278367905,0.20395288133767392,-0.11663549532256276
2025-05-20,-0.3135780313263893,-0.17235318014336265,0.31938128840589447,-0.1120456504811504,0.29644365538840456,-0.2751554002529564,0.34902463201658407,-0.17954674073005206,0.20866907804229537,-0.1508396509192676
2025-05-21,-0.32369839190987093,-0.15812530826722232,0.32297306755437427,-0.11345890214875454,0.29232750948339536,-0.2702168283742191,0.34882907335252017,-0.1837063098865917,0.20114804980406326,-0.14607195960769437
2025-05-22,-0.3249460589026506,-0.15514159513591447,0.29883132246818933,-0.11939361576733343,0.2955849859766475,-0.2644776062600439,-0.13559982376097696,-0.16707420126951278,0.19452615292476724,-0.13230956027317184
2025-05-23,-0.3371315774917272,-0.14523379229210676,0.26223997207674554,-0.10480578671667573,0.282289609214571,-0.26575661639163917,-0.11230944921301828,-0.15695107331643887,0.19177547639777803,-0.12411676226748872
2025-05-26,-0.3427343410837844,-0.1371422747147799,0.2901974539818119,-0.09744573837262557,0.27016313751965526,-0.26520137335990773,-0.1196081008944121,-0.1618683823002603,0.1910342428664678,-0.1373946236421649
2025-05-27,-0.35841940135107075,-0.10085558190000737,0.2800472775244873,-0.08888383093381033,0.2746456500681837,-0.28126029497136906,-0.11500180883212474,-0.16857001011875056,0.19465349572592405,-0.14635549521146216
2025-05-28,-0.36270596987585746,-0.07631943872877228,0.30287609344112243,-0.06377109968617825,0.2667680348268454,-0.2740633044031543,-0.11819675851890138,-0.18054929340349707,0.19895735290483385,-0.20299561655644094
2025-05-29,-0.3424952175581951,-0.08070679741721642,0.3396377212434942,-0.06784384876997276,0.2616314068310187,-0.27124139464364344,-0.1363833139475617,-0.19190526932679147,0.201826609731737,-0.22251989614286893
2025-05-30,-0.3556472104223546,-0.06351424484495066,0.33700158798626445,-0.07452023465793917,0.23417342039766828,-0.2844195685351124,-0.12380477112823474,-0.1858333927142783,0.21681222946611362,-0.21024781554717636
2025-06-02,-0.35962042094880164,-0.053385904981139876,0.35292549435329823,-0.08530375286215944,0.245072101936937,-0.27366328888490415,-0.11983645857497677,-0.19630976332744365,0.21476105603331883,-0.2346390627441285
2025-06-03,-0.3369012657981884,-0.06926444882066002,0.3680238195118139,-0.11197529101962345,0.2617409425820181,-0.25677185346249143,-0.15957521586114953,-0.20218377948318395,0.195964051532066,-0.19905695918060107
2025-06-04,-0.6300269892117965,-0.07494867525066673,0.05656555137973271,-0.1928202031846627,0.23985611778684726,-0.5562507038709816,-0.20528421903737515,-0.26996364730159544,0.16265274959536338,-0.23977998090486527
2025-06-05,-0.6508837238267462,-0.07606783950599066,0.029642923670761656,-0.19008177236160811,0.24959221037386045,-0.5758440653753037,-0.18053442360288374,-0.24825434973695049,0.17438333103927411,-0.24195229067441318
2025-06-10,-0.6254345171320445,-0.08436914336977458,0.025807277493615638,-0.15339955609287803,0.23090635732916948,-0.5576969764529609,-0.19812297200617845,-0.2525850143029493,0.1588273232857172,-0.2539327787517166
2025-06-11,-0.6165722416202432,-0.09682497257387257,0.055889277081937944,-0.19468989703557266,-0.26806969520332136,-0.5543510498847012,-0.21099982537234396,-0.2570091826407305,0.1556920124771583,-0.20306442522831072
2025-06-12,-0.5977891630034666,-0.10591088131955778,0.07922470567668935,-0.16752387947561304,-0.3093190200937749,-0.5308383039919808,-0.15234907616333032,-0.3096431313716108,0.12801560530797182,-0.2238668555653268
2025-06-13,-0.5771489163103404,-0.10713629443059158,0.06415187234821881,-0.15652423993756226,-0.30509815063589163,-0.5444768017513819,-0.13536530145501557,-0.30671312896329134,0.10241908799862096,-0.22410812686276524
2025-06-16,-0.3035531507308333,-0.03544728054356011,0.33655454820453573,-0.07387025204227216,-0.2844937026229993,-0.2704595815332332,-0.06721601481148026,-0.24618146474166774,0.15875282356970416,-0.20408592474819387
2025-06-17,-0.29452558870547724,-0.022695277233862388,0.3268346252720132,-0.06489754680885859,-0.29373997431996457,-0.2622798176482196,-0.06645840171708833,-0.24779875802493484,-0.31897176130149807,-0.22546749951210943
2025-06-18,-0.2890630531896392,-0.023542469155904633,0.3103892559536303,-0.04810325244906111,-0.28314756323817836,-0.2751439712768816,-0.082864235117877,-0.24247439341943894,-0.3141130468485382,-0.2219372712581112
2025-06-19,-0.3019478854724236,-0.024932123545786222,0.3105494027483393,-0.0604977892676227,-0.2906115469998395,-0.2733202065454617,-0.06591386949831585,-0.23010556539134192,-0.3251301537839395,-0.2080902622436081
2025-06-20,-0.3042381887806589,-0.04447465051957211,0.34027426635936725,-0.05849408484519675,-0.28141218788685257,-0.26053712777060645,-0.08783748443171446,-0.2367779266809898,-0.31146874851238787,-0.22503386693138816
2025-06-23,-0.30370294017004495,-0.048609318741559215,0.33199121223446965,-0.05975232856114526,-0.282611893182455,-0.25880972291611337,-0.07377556942850105,-0.23852484875749913,-0.3224291000939175,-0.21377549038323407
2025-06-24,-0.2903677988677634,-0.020129773893159397,0.3665737321207981,-0.10483096736235664,-0.31809424150311094,-0.2525380264110382,-0.06333805242020013,-0.2624164304050067,-0.2917131975364171,0.24685475627825443
2025-06-25,-0.2763255111794097,-0.037669538941595915,0.37858102290156015,-0.11292684013046711,-0.329125942672412,-0.24405634916650992,-0.07770863305253661,-0.2512332078308373,-0.29901457974986134,0.2594795798220699
2025-06-26,-0.06896912712936193,-0.0616429693237216,0.3828745051148194,-0.15077169827263143,-0.34247625645310653,-0.21348212463183713,-0.10311523849899423,-0.2490825033885608,-0.31157898330500183,0.2782443958883961
2025-06-27,-0.057076623084353545,0.09105620460112582,0.3781933955033723,0.0027753642169299347,-0.3498200716277311,-0.053212512922995975,0.049841715451734825,-0.245650100780006,-0.3096587324643377,0.2535513611062614
2025-06-30,-0.038417961032046616,-0.059953108264232335,0.37763310516921983,-0.02134409011473995,-0.3399714966627107,-0.19879905674041742,0.032709756108206894,-0.24875831589672787,-0.31221930065463194,0.26912046808808016
2025-07-01,-0.03166040177685382,0.06824368812235129,0.37579952960717206,0.46056735981670927,-0.3330963571962494,-0.052074469532577466,0.029564295537111374,-0.2577184461036339,-0.30595177411520996,0.2863265756411807
2025-07-02,-0.0304210154414203,0.0635763000431804,0.37283841105453663,0.4685485780294224,-0.3236012797728416,-0.05973535804235805,0.029087087640235237,-0.2623908705004369,-0.31217748949733004,0.2942756364870122
2025-07-03,-0.02590499677352319,0.05875848148268398,0.371866072046126,0.46685433568962503,-0.32367355189431063,-0.08796754337050083,0.02564336149571997,-0.24854996003185353,-0.3093443420560971,0.3123181434121304
2025-07-04,-0.00605902826024643,0.06550015066585099,0.35529734176270916,0.47262007167411363,-0.33248719361887,-0.07462367178941332,0.030561107217999373,-0.25947865509032014,-0.3097980563993056,0.29846793383748227
2025-07-07,-0.020107147063852457,0.07320779550409287,0.368739112813379,0.46500058334448535,-0.3327160649266579,-0.07152954814356591,0.03929551303518608,-0.2634999407895733,-0.31073523325759916,0.2923449294841055
2025-07-08,-0.022579868878279064,0.06897807742032178,0.36613157966935467,0.46488703072102294,-0.33740751728194834,-0.05509402418676565,0.03486892432683383,-0.25922223086508844,-0.3095164785816594,0.28895450765620767
2025-07-09,-0.020625359191236217,0.06652481652266654,0.3531497945712229,0.4729110530424487,-0.3319657191320182,-0.046022944937288146,0.023771911721030187,-0.2612554245739847,-0.31329781329521617,0.2968096852723752
2025-07-10,-0.022628128252170046,0.050667811123666445,0.3579902747628224,0.47616528424074595,-0.3252933457270954,-0.04367457277730602,0.0219142841216457,-0.25177577334345774,-0.3176276327480066,0.29426179859915524
2025-07-11,-0.024603368183307675,0.03873320364638033,0.36885074067235846,0.4694940184582589,-0.32264420865675614,-0.04388375594361718,0.02228556424254266,-0.24973488574268665,-0.30864268798066974,0.2901453794874971
2025-07-14,-0.026924888735282787,0.04266487642680569,0.3624499285191253,0.475565618807008,-0.3149748285758013,-0.04295269804698945,0.021201395020037594,-0.25943418272297786,-0.31456582221921964,0.2969706015272945
2025-07-16,-0.024579555620129825,0.039443941253502285,0.3674708446521513,0.47466295495736155,-0.3141033894896585,0.43467549112917553,0.02319383455258761,-0.2538126157373349,-0.3165466595396531,0.289595153841998
2025-07-17,-0.02365288508457597,0.04043056569182271,0.36796387947975695,0.4687630655249873,-0.3163140575694791,0.29136910697080165,0.027592850243028127,-0.25319021965177235,-0.3179747949553387,0.2850124893507693
2025-07-18,0.4508620046396903,0.03720097900395672,0.3786436604707626,0.45832526922866695,-0.3175624361640562,0.28706788157721863,0.03213270077886482,-0.24836592400240776,-0.3139039763903585,0.2855998408576626
2025-07-21,0.43845507617040685,0.03520483309189909,0.389233728960273,0.448672168218965,-0.3078850461911068,0.28560796884197903,0.035588756630484886,-0.2417492256652642,-0.3198401428156713,0.2867118827580346
2025-07-22,0.4246732124382759,0.03850761649835219,0.40154880780753455,0.4441183976484081,-0.29571624882374553,0.2699916125658729,0.039581844206892564,-0.24200757860982608,-0.32127978178813554,0.29058211805637113
2025-07-23,0.4233554856731356,0.039728537240532213,0.4067654676538831,0.4514064879116824,-0.2933091050375615,0.28008856200357257,0.0338851219709245,-0.2347368088119664,-0.3208279578758705,0.2636442092716681
2025-07-24,0.4337219753996647,0.04778944720533604,0.556458391030286,0.45092809424374053,-0.2948362112581171,0.2786847275482311,0.03251419751867504,-0.236081932437812,-0.3203891490390184,0.25121045978901424
2025-07-25,0.43981499921771955,0.05681979801020201,0.4001884371150418,0.4590358895788818,-0.30095654862385546,0.2913893439267952,0.039179289450269356,-0.23529611702921344,-0.31856128636429115,0.21838619471845042
2025-07-28,0.4355372822351987,0.05833606954932194,0.3992103487530395,0.45479547838204143,-0.29725077164246816,0.29272421886729105,0.047662045570030315,-0.2386901920336828,-0.3291688110307852,0.22684433135001317
2025-07-29,0.4209079984238462,0.5405116374730348,0.4096996919072079,0.44828558768417864,-0.2906296707790126,0.29339636500360533,0.05233623305750837,-0.2318226159538993,-0.31962474583585265,0.3569395190193833
2025-07-30,0.43066021207186167,0.53360504359387,0.4036752205457205,0.4337369643866335,-0.2866121603415756,0.3068957424191931,0.042202284159849,-0.23305918864833336,-0.3221750860869878,0.37107096789976896
2025-07-31,0.4447478949907507,0.5364411672428405,0.3966215771296904,0.42486023594616407,-0.29026853533103414,0.3079916878493842,0.03582506677234601,-0.23999074465793035,-0.32169814381828576,0.38546979387607455
2025-08-01,0.43607315905055977,0.5313746776451629,0.5572756999624231,0.4259062879194279,-0.28356666139094366,0.30464262580026796,0.031097555305370478,-0.23466096057428049,-0.30863129930746963,0.3704889155894818
2025-08-04,0.4313714342273693,0.5294961535817496,0.5573024980082775,0.42232713921494475,-0.27503182486088795,0.3126803585370104,0.032589597826556044,-0.24022277949669096,-0.30177387501296665,0.361261297974638
2025-08-05,0.4356948975434406,0.520352665696619,0.5507576484203622,0.4139643680314404,-0.2676613952401285,0.3211142832493641,0.02409784685335617,-0.23444900128303775,-0.3056762253673196,0.3718049120959033
2025-08-06,0.4387575159984627,0.5165291075264942,0.5482506242786167,0.4028633866598043,-0.2646776184408674,0.3242123767259706,0.021151286806840197,-0.21049220701961086,-0.29855661309575343,0.3519621405600432
2025-08-07,0.44457492298946755,0.5096732642959463,0.5478399156379877,0.39969101613115354,-0.25040636605555,0.3194691359495847,0.022843967273217552,-0.216533808399819,-0.30026585352031865,0.3531138056983305
2025-08-08,0.4337666377709539,0.4904995617490844,0.5515961417441724,0.4140442510925448,-0.25917475110900823,0.3186458564961581,0.01332958439205234,-0.21078652754468363,-0.28140353079930946,0.3594827762080355
2025-08-11,0.4352569861315482,0.4986726642183439,0.5504235555716321,0.4107178361744413,-0.26846489170387794,0.32055940799110105,0.012122116393986387,-0.20501878258495065,-0.28509531116026204,0.36082641896803774
2025-08-12,0.4499906572373015,0.5128532627914104,0.5365827980568179,0.4038390796399981,-0.2648147129955992,0.3317588808875631,0.00044073291126062175,-0.21756216650035232,-0.28971583062913026,0.3666272986007303
2025-08-13,0.4595652871944058,0.5126366349209096,0.5197303364199535,0.42777801867982174,-0.27345270299395413,0.341219783200279,-0.011510170200723868,-0.08724698077464682,-0.2783029155513896,0.36958270910534485
2025-08-14,0.461421249036916,0.5215582599511841,0.5208116629430879,0.4188223858842025,-0.27312646234795224,0.33210207947425546,-0.02916824968368098,-0.06893286737110466,-0.2666917886382828,0.3632037307513747
2025-08-15,0.4684304490395836,0.509972221399434,0.5364458077281489,0.42540643964062336,-0.2660563243329287,0.4486229625620718,-0.026564072252138582,-0.07684097774265392,-0.24992321806588458,0.36050671202374435
2025-08-18,0.46855943106760883,0.49274617106737967,0.516133815054761,0.43420197197754246,-0.10391264152960983,0.4514291775367827,-0.04756276177307045,-0.19033359568931896,-0.2496714788163958,0.35840991110432047
2025-08-19,0.4493239727983784,0.4882503005573643,0.5239221614201706,0.450980733130101,-0.09428409046935876,0.4464528741742197,-0.04785326182064653,-0.20693742415750993,-0.23197293465184865,0.35211766901912983
2025-08-20,0.43640890038382096,0.4928877910981523,0.5232746212234975,0.4252833704559829,0.4140289528094214,0.44946236317458543,-0.05966754562679677,-0.21074990728401233,-0.2405690898379867,0.3796405436033353
2025-08-21,0.42937553295764874,0.49884020111452015,0.526202447620769,0.42956818587983203,0.41346648767288396,0.44774101453757637,-0.06255438786312012,-0.20689084014355397,-0.24644444346489391,0.3806958016883376
2025-08-22,0.42058085038986887,0.4889254623695106,0.5459996966595044,0.43270242284587146,0.4174199382311477,0.43424747089566196,-0.03984411090051748,-0.20875438541988706,-0.2560312163811384,0.3747538713099782
2025-08-25,0.4236409610704912,0.47645996646532984,0.5308539397373149,0.4333082755017901,0.4222404564044726,0.4247812351542462,-0.05228965804972391,-0.048969462473347075,-0.2594340827615307,0.4094083689509569
2025-08-26,0.4310916170763501,0.48279388399762935,0.5351077803485529,0.433557860145883,0.4239655806924221,0.41931144611098614,-0.04929751243590075,-0.22187092003382525,-0.2503409463017613,0.4056812103996638
2025-08-27,0.4311326706886938,0.4867913194877052,0.5424139451522049,0.4277343942516511,0.41460314170577267,0.4137335311042238,-0.044982527903039304,0.254562815230053,0.23490483263472853,0.40910587764800654
2025-08-28,0.42808110366156765,0.4851431851042405,0.5252600810413031,0.42838120527567497,0.4113777554167365,0.4119630365707301,-0.05411688567967815,0.25470089590341277,0.23143637589530494,0.44777324681070785
2025-08-29,0.40967704744736116,0.47812855221630757,0.5179439378098105,0.436327477052674,0.42481790001343683,0.4205579932173576,-0.05470984077790869,0.2603515991892624,0.22343464418809952,0.4534706896435998
2025-09-01,0.4229306129446556,0.4768453197164983,0.5115263879681495,0.4301826714056425,0.4337745048926825,0.4320955897005836,-0.05724821776004235,0.25538447719064583,0.2251329267307232,0.43937572721046125
2025-09-02,0.41226687739736223,0.4679318873474391,0.5112384094893736,0.44325030949239375,0.42313461597272095,0.4296195853409561,-0.05860750856787694,0.26283058253558134,0.23611190642359972,0.44222333456845037
2025-09-03,0.3517599547505756,0.4728937175501079,0.4787177046032366,0.4858841926073083,0.4502702458362032,0.40797183263091136,-0.06206066539020755,0.26674848464162554,0.26775736443578246,0.45005716833445664
2025-09-04,0.3639948595495076,0.4650218376840546,0.4908983797368933,0.47317134542271394,0.4271221505786549,0.2817841545199795,-0.058551801354292554,0.2686650870535403,0.2506941670463032,0.4571998197626452
2025-09-05,0.3758975219147553,0.4633240768574928,0.4934474621889666,0.45521791930951,0.44667914244398826,0.27983521165514,-0.056921327078495954,0.26299605226290185,0.24572089894226,0.4538030415034813
2025-09-08,0.3595270430278651,0.46503145674506974,0.47538678526884826,0.44490385311167374,0.470858543591038,0.4126660994284691,-0.04941137983343802,0.27159834764655943,0.24405326181125062,0.47538598920266395
2025-09-09,0.36696528336619083,0.46905665886316505,0.48691849968738365,0.43557864158813303,0.44790523167969754,0.4200346942870093,-0.20395936885057714,0.26351985176933845,0.2563204597076452,0.4776600479020141
2025-09-10,0.36893208027096797,0.4813393435132496,0.49884016464843994,0.39655044291516317,0.44527846892064943,0.42598050900039225,-0.20217163453704812,0.2673736695468578,0.2718880215040135,0.4659889342173144
2025-09-11,0.3427967140586966,0.48788729222312577,0.4822959458843329,0.39337850431788984,0.4418131853089569,0.41911587632967684,-0.04725284519622913,0.27517656419580044,0.2948094850419448,0.4799792778358053
2025-09-12,0.35176468107569486,0.4892199706221557,0.47226138879478147,0.37436745061550447,0.44368460829092,0.4244537425241155,-0.043085906788914,0.27978693870844773,0.28558412082778106,0.4919630053295132
2025-09-15,0.3598307511468094,0.4897683163273948,0.3254616999514415,0.3663431314444001,0.421601836505783,0.2802779724759976,-0.18845717063642253,0.28066315414547294,0.28458287921030734,0.499927429428816
2025-09-16,0.35732561064172047,0.49569314778087165,0.47995726698527114,0.3598296742835363,0.4274299887889636,0.27805954601849525,-0.17563507883597734,0.2693462855595845,0.26786210789073805,0.5101314508867966
2025-09-17,0.37076146606263616,0.49362721085846323,0.4746248664146421,0.3722749489468997,0.4192086281276771,0.28607965889345766,-0.19242998999653588,0.26832483497004633,0.27091073963406453,0.5066176360886492
2025-09-18,0.3667827773498239,0.5083319666885675,0.44625402050199864,0.35946084562460945,0.42071693558129114,0.2712076839811226,-0.18685712057159437,0.2809214025946828,0.27366725386279234,0.5295142343867062
2025-09-19,0.3552316546243972,0.5269042428347569,0.45150686422754677,0.3827903533726149,0.40362873466122773,0.27432335792355933,-0.20056065488126124,0.2753491848607147,0.27025535646066245,0.5305709059157813
2025-09-22,0.3523286160818591,0.516613403080078,0.41800764085885406,0.4144174940257189,0.40863714205899304,0.27640703073037415,-0.05283688523940633,0.2909879024714285,0.4012286146010121,0.5442090413310885
2025-09-23,0.3374776108626947,0.5300072959354969,0.39079387530795867,0.3198721270444361,0.39011579076917513,0.2716839326242573,-0.060219128890793894,0.29350585304508614,0.4119278047442836,0.5348348385574053
2025-09-24,0.32765676558840606,0.5353357147719363,0.41509854404557817,0.3184573817175454,0.39857558445210356,0.2695262745923509,-0.05826646806771291,0.26187634468387755,0.4226440517667543,0.5290958064491608
2025-09-25,0.3186152832918422,0.5358042361026598,0.4000537487069007,0.33490479071310075,0.4207849422252708,0.23451498548953642,-0.05185761207602163,0.2725528207873977,0.42828640991507433,0.5263403948442391
2025-09-26,0.2961132099549611,0.5528696154436257,0.3829804749618394,0.32780591589850105,0.4262406290532071,0.3719152254359714,-0.02782005425394346,0.27522068264327004,0.43279923171135415,0.5318750691512139
2025-09-29,0.2908416678437261,0.5744751216778379,0.4199449517951617,0.31965324608359524,0.4247848285614266,0.36074968443721195,-0.04051930731783793,0.2754882882624735,0.42983173621857174,0.5147497824378333
2025-09-30,0.30350775660107343,0.5676537562294675,0.43102873514488155,0.3025682184786358,0.4011244300199949,0.36924963887455453,-0.039015008049057276,0.27387121872774495,0.4266831880812114,0.5333280658914933
2025-10-01,0.21719594508860124,0.3505705424542909,0.37038830316521637,0.17874507803639766,0.31677040993059175,0.3159278291111552,-0.2726360435313156,0.12187887170283516,0.3281320491209441,0.44302701492128316
2025-10-02,0.2113593195891785,0.3570408434103701,0.3809830967761102,0.1770153349959914,0.32015140467860065,0.2912056408631089,-0.2479044076430075,0.10688864560777711,0.33191018575426984,0.4413499359676008
2025-10-03,0.4809331128440074,0.40464223426352175,0.622279205857172,0.26280631468182714,0.36170769446070783,0.5559233450816321,-0.19561520874318153,0.20703132239100813,0.37719640668724963,0.49309557247605584
2025-10-06,0.47988256587730727,0.4176297882543373,0.6047644282076554,0.26115179751841044,0.34583023621408737,0.5431059959369932,-0.1769314895184472,0.21742455389866774,0.3821500570135826,0.4949920665974059
2025-10-07,0.48208519106645026,0.41286850878366177,0.6077769519946357,0.2577541428366472,0.339207315598283,0.5438187302502052,-0.17090927812443382,0.2145166225381292,0.3830214219472847,0.49986039310913666
2025-10-08,0.4938624311588615,0.4062905567025433,0.6016300713549749,0.24380281337058488,0.3408588558518231,0.5434598306304776,-0.17316995797868454,0.21871891848366976,0.3828567166048402,0.5116897638209091
2025-10-09,0.4895057876089873,0.40517190608064435,0.5978204028570269,0.2545034505397592,0.34023485182014823,0.540188887728131,-0.17446824902409122,0.22067250759519905,0.39018822161131517,0.5061822331828801
2025-10-10,0.4976815293145156,0.39600516279424436,0.6202673499938427,0.24963175971433507,0.32392182327787344,0.5478420067711585,-0.18328315465046602,0.2182850224781684,0.3906458024465519,0.509002697859776
2025-10-13,0.4947497982425325,0.422298131991814,0.5946276835578246,0.24732457800950278,0.32502584970880743,0.5504419943989638,-0.1797331079030431,0.21535926867748653,0.4013470505385931,0.34855875277751824
2025-10-14,0.4933930845733854,0.4325658161305226,0.5802901864845027,0.23934300753852636,0.36101813784497516,0.5246489587945782,-0.17383000888652705,0.22254060571457557,0.4035936198995055,0.33643659190595554
2025-10-15,0.4903690619614336,0.4284121396796188,0.5777372259643745,0.26742338315293884,0.35938969017061295,0.5219830538137185,-0.17555136584088812,0.22424812015598067,0.38875378598279986,0.33723490495941055
2025-10-16,0.5074253905111556,0.43216164680271174,0.5666893910248136,0.2669539084628092,0.3676185082960859,0.5285448116213175,-0.18557678453670928,0.2065383371424863,0.38942765003641344,0.34021714063891595
2025-10-17,0.516679831428851,0.4142502273665024,0.5706316741696306,0.26033879647971525,0.3780246258623202,0.537014980783439,-0.19641121026392433,0.20515276216486028,0.37949707953086775,0.3548212324777378
2025-10-20,0.5178804707074288,0.42561553709879685,0.5856620389125342,0.2633186489974356,0.39182806113739477,0.5356099853387492,-0.20563398958530016,0.1862089293546527,0.3838642328605275,0.3356460851777805
2025-10-21,0.5132206443033512,0.4045170001638856,0.6017356496219035,0.2750078040202782,0.4050880349435285,0.551591079312383,-0.23139864508720984,0.1918061683009918,0.3820202807448666,0.3264119836760214
2025-10-22,0.5103739529936142,0.4082658499147026,0.6047719750808955,0.2557147916388196,0.4059211885131724,0.5423233730930244,-0.21412774355838723,0.2016779578120774,0.3635915881500251,0.34148706636205584
2025-10-23,0.5224165755230503,0.39894012124080447,0.5976494489000512,0.25028761994776316,0.38292878063990066,0.5505524002619603,-0.21223486351397594,0.2133774505606382,0.35143378070624554,0.364648685733562
2025-10-24,0.5185960377781601,0.4112034660419548,0.583511181751527,0.24516663424778573,0.39037330393192404,0.39720244417630474,-0.2159269924495084,0.2184333184441388,0.36705202030948136,0.35438858576823173
2025-10-27,0.5063001243806798,0.42418303557149317,0.5967483540122068,0.27412798797483323,0.37738140485457616,0.37738537782076853,-0.21767335797975082,0.21944097425508433,0.3825137302160251,0.3295923688940837
2025-10-28,0.49874990003715325,0.42058765370445794,0.5989235228610392,0.2771423174272549,0.3813079144174232,0.37130812715716716,-0.22128203967168028,0.24146555800169792,0.38102574579896464,0.320771300266522
2025-10-30,0.5234356590937956,0.23506849178510333,0.6051443889762709,0.2790358020261391,0.3619119399638636,0.3729379335440481,-0.23270225083552984,0.2474495154109073,0.3845368696663052,0.34318165036909676
2025-10-31,0.5344398273163463,0.24455757019604318,0.6221303559847257,0.26855970508336324,0.3605617122275109,0.5151226110633964,-0.23388761047488768,0.24439106591666712,0.371107010182535,0.34301775250429956
2025-11-03,0.5305176143880601,0.22904203895468878,0.6291778505001129,0.2980953382844599,0.34600890974395004,0.5156767771798278,-0.225386025206435,0.24264245449678964,0.36184229363676756,0.34238274802177837
2025-11-04,0.5457617484234915,0.24313485288286235,0.6464799261959256,0.3383004300478877,0.35159549162718007,0.5288452430454512,-0.23749683006620606,0.21034271749678105,0.3366268734600101,0.3064095468866166
2025-11-05,0.5206655043753792,0.27161713596737636,0.6676490052910364,0.2931983784841303,0.3314157458037593,0.5414277067894688,-0.23477214229733614,0.2226125117247336,0.34863043056424137,0.3075557232972107
2025-11-06,0.5438430246574826,0.3024031138318801,0.6808030707862768,0.2607701809416188,0.3198189876558142,0.5588197372378761,-0.24143605746611965,0.22674190115207446,0.3282092342438744,0.2900268069592222
2025-11-07,0.523807819547643,0.34183228089664264,0.676178925146542,0.2550197667128676,0.31451236596354004,0.5502568204281808,-0.31369639100221136,0.17767201366811902,0.3312553396002863,0.26316105903839004
2025-11-10,0.04297207362286046,0.3466889335029133,0.4902655476612529,0.23080305158327333,0.3264337449434016,0.3899762702249475,-0.27035602513270796,0.20983926768394837,0.28620763808952054,0.28716949782058987
2025-11-11,0.051164881851267247,0.3627658277172521,0.4354353368568642,0.20800835916034796,0.3383767560673909,0.39086463153180256,-0.06106347080522148,0.229090926650783,0.28871744784794323,0.24663930312157034
2025-11-12,0.06904849956489223,0.336004888451078,0.4718815721761612,0.19793593194628742,0.3263317530547265,0.4091065923695363,-0.041515067378787185,0.20922406651678196,0.25896379864705354,0.25301796465227
2025-11-13,0.06223565804527334,0.3266931813860413,0.4607617986513886,0.19619390551431728,0.32685103549254535,0.5724222002744284,-0.040737352040169525,0.20324396150375135,0.25947422068947035,0.27286139048295355
2025-11-14,0.07964304266427014,0.31111615878235277,0.48900077552686716,0.17124297147203443,0.3265794097030954,0.5925358681457955,-0.03078193736058775,-0.15120913362883967,0.2673370625795517,0.2545357821154603
2025-11-17,0.0916330280677404,0.319830770533825,0.47312900657113677,0.16976196217294437,0.3060604548426995,0.5784318046702783,-0.029439044312355916,-0.1254060617359446,0.26762972862921675,0.25836835056045937
2025-11-18,0.09255918594341833,0.32703804648071677,0.47655829742118144,0.17501250075120892,0.29552405208093213,0.5798975257110712,-0.030886502978346622,-0.12765943580210115,0.27416134873521447,0.24779498165670452
2025-11-19,0.10408305629474415,0.3139060389651652,0.47429853723593807,0.17094590891331546,0.2921168782014216,0.5813047712498249,-0.1541522202588867,-0.13716508957629966,0.291816297598847,0.22284582137592993
2025-11-20,0.09475248706469203,0.3203014828721047,0.4609739560458301,0.18232934062206513,0.294131531884838,0.4398723528141233,-0.15483672857658767,-0.14208874684455983,0.28897496210567497,0.2255893620118194
2025-11-21,0.10767235920432644,0.31527715721059035,0.4789150892826006,0.17811934426066045,0.2878649541302045,0.442915793804164,-0.1546438119414374,-0.13985310394184483,0.2897697221030199,0.20396249588771598
2025-11-24,0.1099065766273282,0.2884213378243047,0.48761101820004005,0.1732122373877108,0.27516851928538955,0.4521643719102313,-0.14721736158732385,-0.1135445346905094,0.2740619753726899,0.21021585967013862
2025-11-25,0.11601974695591177,0.2877729162013096,0.473669765499864,0.1550462762220272,0.285918236075105,0.4655600346367935,-0.14911745716925517,-0.10185729170727031,-0.20871318437507053,0.20570095766058474
2025-11-26,0.10782102013708397,0.28424326779759723,0.49461230067826817,0.15344659228917285,0.29800859670935853,0.4612632075414261,-0.14910794248923726,-0.099118398028256,-0.20910566857943624,0.18793702394402273
2025-11-27,0.11599429660815835,0.2799289091594668,0.505889451239989,0.14595362328489153,0.29475580741457885,0.6177057866589009,-0.15962013014270493,-0.10992413939315726,-0.20760142708031754,0.19691782225019427
2025-11-28,0.11731926788513955,0.272187989332771,0.49354982325990104,0.14496968853777592,0.2957247824373722,0.6091083607912331,-0.1493816288977008,-0.09473509534847621,-0.21233800720119586,0.2035948192031801
2025-12-01,0.1264196041516175,0.26986471135628887,0.48805732676969904,0.14061012089183264,0.3081100724526994,0.6154288328719828,-0.008456928565857343,-0.1010560854252559,-0.22691870717518828,0.21794105267218133
2025-12-02,0.15762928845207874,0.24659516056760147,0.6726857665791525,0.13636911560453674,0.30402100711105573,0.6222839449603151,-0.03572774905315462,-0.10900124854887125,-0.22868246623079128,0.21382718055807692
2025-12-03,0.1724719009255425,0.2284409677310518,0.6835612538095174,0.1386570740034898,0.2980996061227772,0.6118271534921995,-0.19200871837550498,-0.09849254890841147,-0.2270538233736076,0.21449713457294595
2025-12-04,0.14879817096100215,0.24098441071348534,0.658530162430863,0.1557105046555516,0.28861622063582626,0.5973002238190741,-0.16254529075459556,-0.09686300035406464,-0.23313530892081433,0.23260390681367205
2025-12-05,0.16186879904651863,0.3846007257506938,0.6541538891369489,0.15466139164656528,-0.20223432358147572,0.6028252964300581,-0.0179182599811736,-0.07868684909147633,-0.23228319507617098,0.2230125257195119
2025-12-08,0.1497344401738684,0.3935441836869079,0.6135254258325256,0.16538405838004785,-0.1805038119176326,0.5852824474917449,-0.016973150758138836,-0.16275397060487656,-0.24591999169709602,0.19868036941264944
2025-12-09,0.15673687320241542,0.3891346918776383,0.5907662933168432,0.18613088840469327,-0.17315105155225896,0.5751109005396772,-0.0031893277316091748,-0.15963448483044404,-0.2429043623062991,0.18099957907934414
2025-12-10,0.16963868896505768,0.3926426292097469,0.6146625850763174,0.18275381179164674,-0.1774685602531972,0.5795356314140653,0.0001296332368518685,-0.18853805535074614,-0.23955376657637892,0.1661974024866364
2025-12-11,0.15730922374259743,0.26578724523334296,0.6033845205116186,0.18575219513076924,-0.15863603589722042,0.5733350748778313,0.0067940705746159305,-0.2049261080008758,-0.2401115783742632,0.16131139220158403
2025-12-12,0.15977224466592205,0.40469589411206175,0.6023221661050336,0.17807185236034048,-0.13424827400715555,0.5719350879335799,0.0105478665106714,-0.21010299228358104,-0.23965314748981312,0.30665930209294034
2025-12-15,0.15520523974222597,0.41681267932971544,0.6037595603720545,0.1818470708354235,-0.14075481507103713,0.5591525781404706,0.012571380692696223,-0.21022831594160174,-0.22637660209300245,0.298011223993055
2025-12-16,0.6280512221366801,0.4102414394972881,0.5986504205741525,0.17436482247975627,-0.1351309649890412,0.5554479071393379,0.024183346847010952,-0.21943228468157677,-0.220474605886647,0.31409869688303915
2025-12-17,0.6425864082726245,0.40179684440773955,0.6113248402166171,0.17168942905401996,-0.1387172458046275,0.5683886390162689,0.49770838294139985,-0.22654848275806028,-0.22814301390819972,0.3099141985622176
2025-12-18,0.6459107935715895,0.38294713010728076,0.6092719391003305,-0.32716178253973327,-0.13992004721748724,0.5819363226365023,0.5042788164562544,0.2518292142275457,-0.2116037748557361,0.3125113885134536
2025-12-19,0.6535071602006582,0.38875746584827753,0.6114117377619902,-0.33226228890986936,-0.12961528706051406,0.5785389440868597,0.49828199680758356,0.23995243344607586,-0.20792973291539982,0.3093575707343381
2025-12-22,0.6672772177073942,0.3736477793132007,0.6189685984814385,-0.35867625258551883,0.36054773252415195,0.5963023247414487,0.47723602778858665,0.2304503670015468,-0.20853803485146755,0.3327842398792188
2025-12-23,0.670257409693817,0.3756302789931313,0.6096118641738753,-0.36011894707328296,0.3693123513857187,0.5961172385011155,0.4734224459308879,0.2401354693397771,-0.20815320062649348,0.3237850896814537
2025-12-24,0.6474195495241593,0.38930672282983214,0.6178823361173833,-0.36353490210708034,0.35682670210074774,0.5991418726880489,0.4793940575283725,0.23949012518872456,-0.20955023193301794,0.3336237680628299
2025-12-25,0.6643422093188212,0.37878230153869485,0.6376689390517725,-0.21294583554174062,0.35251154180857847,0.5933789407633394,0.45679199562397066,0.41248067417420475,-0.22036875577488654,0.3273579890372458
2025-12-26,0.6692561976698913,0.3637558762204133,0.6333790356899909,-0.20708576799752698,0.35518039308401617,0.5964730836500063,0.4594178198842911,0.40382091964284184,-0.23020196619986813,0.34600440835594426
2025-12-29,0.6708136074458084,0.35385562878760357,0.6105410680159458,-0.20350448646374308,0.3482476502146751,0.6085353115246315,0.4718400878977166,0.4176272921774167,-0.22083538615000395,0.3328792265499493
2025-12-30,0.7554835380176081,0.5858081348458333,0.6808990213862567,-0.08513221111042135,0.44421121801495167,0.6759225185836537,0.7091043855645736,0.5524949356048942,-0.131820845194229,0.403029304286879
2025-12-31,0.7628308099068541,0.5754845735274552,0.6770813545146086,-0.08427225965771284,0.43765872043473564,0.6994068363805117,0.6886556357303311,0.5712198401370745,-0.13183072101222135,0.3937652100383633
2026-01-02,0.7897142715468014,0.5596542194305523,0.7046598274747591,-0.08369359711364677,0.4331382147067536,0.7140603012751829,0.6512083972332261,0.5519408965496223,-0.1316862132975042,0.4010036821942532
2026-01-05,0.7822538714296267,0.5581042942110139,0.6990812064241005,-0.08553543223163551,0.4357099315287176,0.7054805226620628,0.6710731863749076,0.5502152272581537,-0.1296236936642264,0.40324088600727903
2026-01-06,0.778821791781001,0.5658342436547338,0.6936111748068814,-0.08021465421158464,0.43653310871505435,0.6999420818008097,0.6824169978093266,0.5521165796664135,-0.1304753426862096,0.39141401866357406
2026-01-07,0.7645599966204611,0.5850954985279126,0.6763094690841491,-0.0784764939623957,0.4355453983091495,0.6937982087711421,0.7077798691065829,0.5463085410017395,-0.12593599441811934,0.38501550695937836
2026-01-08,0.7658829588683924,0.5960559472095903,0.6716832728801245,-0.07898565560751458,0.44276822974548224,0.688089770931184,0.708249179339802,0.538222999203241,-0.12728465946230144,0.38531795689199944
2026-01-09,0.7691899788755656,0.6062731645441449,0.6641057357256661,-0.07422771617836466,0.4464584233813569,0.684875062778211,0.709727663758349,0.5253458000804236,-0.13178717781812208,0.39003906485276985
2026-01-12,0.7720668153692862,0.6027824516361707,0.6756645816875037,-0.08113121880023794,0.4388909154778917,0.6856081656940723,0.6998468202465677,0.5240762134444155,-0.1425590693352802,0.41475432457961037
2026-01-13,0.7771041180116001,0.6011669511851778,0.6817754567396062,-0.06521496700602836,0.427637950175525,0.7024276791968388,0.6970218262938936,0.5077554104998026,-0.15384078415864474,0.414166359062229
2026-01-14,0.7790514561424761,0.4446628607662353,0.6627036034466364,-0.06587072130874005,0.44929641293015343,0.7115580848708305,0.6985038310121221,0.5000506875571198,-0.14180075761927444,0.4018445422024408
2026-01-15,0.7552303731821361,0.4443732048317248,0.6674506301502432,-0.07612996470012545,0.4631356293279991,0.689479628741826,0.7157571994211445,0.5105687476317387,-0.14006646113754948,0.4102010125508625
2026-01-16,0.7420010132253585,0.4561705529226463,0.6883006743684063,-0.0644797982367088,0.4337237232325678,0.6806464159828967,0.7333475233524757,0.5119025729562624,-0.13881396403383098,0.3972012862299261
2026-01-19,0.7535464675015571,0.43824294406948405,0.6901288796780072,-0.06576131047113187,0.4184763206753115,0.6839071921172475,0.7277146551955811,0.5248273678990467,-0.13802552464476683,0.40694300797966354
2026-01-20,0.7645679452249023,0.45668563317236954,0.6755018595920559,-0.06998636414683634,0.41424735181185834,0.6755954687738316,0.7265220042902846,0.5141483088814813,-0.12541902970725735,0.40813682210731006
2026-01-21,0.7859292693051356,0.4348016661548757,0.6819250416534167,-0.06834820430590499,0.41381117046276705,0.6920165237769481,0.712986216258841,0.5028022635559413,-0.11445260446192232,0.39852865759990197
2026-01-22,0.7691100081392075,0.4387055491422621,0.6848748767890579,-0.062147276601095425,0.4214601515735714,0.6814395964575544,0.7300609289544617,0.5050269482965478,-0.1105141630835148,0.3819833803319477
2026-01-23,0.7731534139783245,0.5661518060134945,0.6873683394538725,-0.053241597507002136,0.42134390114843,0.6788364359763388,0.7310000048358611,0.5040002912911761,-0.12141493364315564,0.4028023384526601
2026-01-26,0.7773776705668834,0.5713504150092764,0.6916805474186867,-0.06262365468599884,0.4330113434417634,0.6745553620106379,0.7177116383827168,0.5004394089569677,-0.13294648915855553,0.41944375805762224
2026-01-27,0.784191320712684,0.5647528307369012,0.6872787482006286,-0.06317185184675489,0.45005080865237834,0.6643431908842772,0.7047776998906924,0.48826990764589,-0.13588531776929022,0.44539266289259327
2026-01-28,0.7946485940811312,0.6002799058825006,0.6772252893854909,-0.06083110996548524,0.447194388262081,0.653066414393344,0.698719466027792,0.48050539839434964,-0.13437754374635716,0.433569197285153
2026-01-29,0.8011149583613226,0.6161213586728642,0.6705304842255541,-0.06288324735279666,0.42475853619630155,0.6479855621365689,0.6820895379072205,0.37628342782440516,-0.1426274448242559,0.4266268268528157
2026-01-30,0.7282742054827885,0.3659910424798589,0.5968328222572534,-0.1968700307015071,0.3482417091413972,0.5832044674001275,0.4327104502759975,0.24395415305916643,-0.21123731696351675,0.3488984975684344
2026-02-02,0.7895086816686687,0.6062800576537553,0.6761783188894899,-0.09598400938349627,0.43294980583913656,0.6558177436145187,0.6718905532274546,0.3608982458715647,-0.12476604679415823,0.46722664941306635
2026-02-03,0.7710505348989511,0.6140476293371508,0.6873118125786333,-0.08281487111594482,0.42427833896056477,0.648269305061372,0.6851116374934649,0.3549938584657555,-0.1420639009669253,0.47981565528697767
2026-02-04,0.7510996618729902,0.6009351999273035,0.66216183105771,-0.06735247411102141,0.4415414132476998,0.632987401687951,0.7022834147281238,0.3535527435556064,-0.14171289280856816,0.504503700842205
2026-02-05,0.7633054854288164,0.582851280943102,0.6489272806874165,-0.05886526858496993,0.4461610828193324,0.6173212112287347,0.6333036903897347,0.41185730546806304,-0.1412659549972146,0.536403886616985
2026-02-06,0.7836783082703391,0.5886857295438017,0.6690461860862242,-0.06503604798590368,0.44227986191387914,0.6084252742473384,0.6224554777391873,0.41692870061223075,-0.13730132812298926,0.5108378376958924
2026-02-09,0.7834387307360997,0.5556578691484828,0.7294474673109055,-0.047479677863493636,0.44979095449315365,0.5969076818674026,0.6229609465642291,0.39864348810801387,-0.1422080317935628,0.49284057142876914
2026-02-10,0.7976957473418389,0.5539697056053694,0.7068544143253521,-0.06152284262937069,0.4480521297457206,0.5809789736315555,0.6191360842837328,0.4016181503269427,-0.09858166093633694,0.4917992983051961
2026-02-11,0.7902694848982976,0.5707168934153586,0.7071171576271811,-0.05542048347429851,0.47964862547383325,0.5743499966814873,0.6269228522093644,0.4044476204183234,-0.11983104551675769,0.46177889826721086
2026-02-12,0.8239286409218669,0.5561620027051168,0.669741128915787,-0.03856637323387779,0.48985795756951334,0.6106105741014085,0.584250109112852,0.3785121967288566,-0.11732572148977935,0.4828294846682559
2026-02-13,0.7950095166641767,0.5653108916648462,0.6531924266722335,-0.062146921643754016,0.5044473260566653,0.595783558741022,0.5956991664888565,0.3814954148286215,-0.09484199697817064,0.5060506175055028
2026-02-16,0.7681570682136232,0.5562887384935522,0.6619892495725229,-0.04690474782526244,0.52711567163033,0.5819850434308314,0.589331867741841,0.39455527040053884,-0.10277976692846985,0.5102616052704929
2026-02-17,0.7692654395727683,0.5624235205738204,0.6800198546894665,-0.051174988262525645,0.5173393123861034,0.5872699560443077,0.5783588992946452,0.3703077510241911,0.37804453223739687,0.5281457224398264
2026-02-18,0.785352444160548,0.5838069533799091,0.6714507069289868,-0.030468767625065007,0.4898058596390036,0.5927186349718605,0.5887947095978212,0.34853149845225934,0.35222867355407184,0.5377792869406044
2026-02-19,0.7678510104119323,0.5905281982735442,0.6557748616049681,-0.005305812321262177,0.5002211365479536,0.5960503405190515,0.5858691126916108,0.33683983291483244,0.34154970604901985,0.550621613308349
2026-02-20,0.7634559676596361,0.5967349810178855,0.6203914157253503,0.010844120294988019,0.49897666709001776,0.5840535049567963,0.5830382343567724,0.35065348742548963,0.3581557658287141,0.5536958556443505
2026-02-23,0.7631961360946549,0.5943085961276364,0.633383422663584,0.5298148008492607,0.4789687882212649,0.5796520621685555,0.5778797749193156,0.3535032407568591,0.3380312262841088,0.5512619519147604
