Date,USDTRY,CPI_YOY,CPI_INDEX,WACF_RATE,USDTRY_CHG_1M
2016-02-02,2.9671,8.777354900095148,274.38,9.68,1.6791748055241307
2016-02-03,2.9524,8.777354900095148,274.38,9.68,0.3466793555842562
2016-02-04,2.9478,8.777354900095148,274.38,9.68,-0.914285714285723
2016-02-05,2.9044,8.777354900095148,274.38,9.82,-3.315579227696408
2016-02-08,2.9051,8.777354900095148,274.38,9.82,-3.6994066363907674
2016-02-09,2.9295,8.777354900095148,274.38,9.82,-1.9447047797563233
2016-02-10,2.9471,8.777354900095148,274.38,9.82,-2.375115940108663
2016-02-11,2.9239,8.777354900095148,274.38,9.82,-3.571664138249453
2016-02-12,2.9287,8.777354900095148,274.38,9.87,-2.8236777490211584
2016-02-15,2.9228,8.777354900095148,274.38,9.87,-3.451920853565882
2016-02-16,2.9441,8.777354900095148,274.38,9.87,-3.0333970094196694
2016-02-17,2.9517,8.777354900095148,274.38,9.87,-2.7990911186485334
2016-02-18,2.9639,8.777354900095148,274.38,9.87,-1.9971563667625536
2016-02-19,2.9606,8.777354900095148,274.38,10.02,-2.9184155299055603
2016-02-22,2.9658,8.777354900095148,274.38,10.02,-2.399052226280962
2016-02-23,2.9449,8.777354900095148,274.38,10.02,-2.1855382469193163
2016-02-24,2.9358,8.777354900095148,274.38,10.02,-2.455394225338081
2016-02-25,2.9386,8.777354900095148,274.38,10.02,-2.721133474576265
2016-02-26,2.9295,8.777354900095148,274.38,10.01,-2.278337447461465
2016-02-29,2.9293,8.777354900095148,274.38,10.01,-1.661742983751846
2016-03-01,2.9612,7.4599380950515215,274.27,10.01,0.01013205444289067
2016-03-02,2.9451,7.4599380950515215,274.27,10.01,-0.7414647298709109
2016-03-03,2.9372,7.4599380950515215,274.27,10.01,-0.5148353881587853
2016-03-04,2.9215,7.4599380950515215,274.27,9.95,-0.8921907863491452
2016-03-07,2.9147,7.4599380950515215,274.27,9.95,0.3546343478859626
2016-03-08,2.9201,7.4599380950515215,274.27,9.95,0.516333344807407
2016-03-09,2.9201,7.4599380950515215,274.27,9.95,-0.3208738692609625
2016-03-10,2.9081,7.4599380950515215,274.27,9.95,-1.3233348037053227
2016-03-11,2.8875,7.4599380950515215,274.27,10.04,-1.2449126167105584
2016-03-14,2.8734,7.4599380950515215,274.27,10.04,-1.8882097859118319
2016-03-15,2.8796,7.4599380950515215,274.27,10.04,-1.4780347611879074
2016-03-16,2.8852,7.4599380950515215,274.27,10.04,-2.000611392276075
2016-03-17,2.9084,7.4599380950515215,274.27,10.04,-1.4669512484331126
2016-03-18,2.8558,7.4599380950515215,274.27,9.99,-3.6472215661797036
2016-03-21,2.8554,7.4599380950515215,274.27,9.99,-3.5533337836924916
2016-03-22,2.8695,7.4599380950515215,274.27,9.99,-3.2470159821970546
2016-03-23,2.8723,7.4599380950515215,274.27,9.99,-2.465278956840644
2016-03-24,2.8693,7.4599380950515215,274.27,9.99,-2.2651406771578397
2016-03-25,2.8789,7.4599380950515215,274.27,10.06,-2.0315796637854877
2016-03-28,2.8705,7.4599380950515215,274.27,10.06,-2.0139955623826644
2016-03-29,2.8733,7.4599380950515215,274.27,10.06,-1.91171952343564
2016-03-30,2.8695,7.4599380950515215,274.27,10.06,-3.0967175469404307
2016-03-31,2.8334,7.4599380950515215,274.27,10.06,-3.7927404841940793
2016-04-01,2.8249,6.56540344654768,276.42,9.96,-3.823369195151838
2016-04-04,2.8197,6.56540344654768,276.42,9.96,-3.484511381139821
2016-04-05,2.8189,6.56540344654768,276.42,9.96,-3.28678766253816
2016-04-06,2.8277,6.56540344654768,276.42,9.96,-3.164275196054933
2016-04-07,2.8412,6.56540344654768,276.42,9.96,-2.701962261566382
2016-04-08,2.8428,6.56540344654768,276.42,9.94,-2.2454523572091767
2016-04-11,2.8569,6.56540344654768,276.42,9.94,-1.0597402597402605
2016-04-12,2.8338,6.56540344654768,276.42,9.94,-1.3781582793902736
2016-04-13,2.827,6.56540344654768,276.42,9.94,-1.826642589248506
2016-04-14,2.8482,6.56540344654768,276.42,9.94,-1.282406765562194
2016-04-15,2.8591,6.56540344654768,276.42,9.94,-1.6950900838949123
2016-04-18,2.8545,6.56540344654768,276.42,9.94,-0.04552139505568098
2016-04-19,2.8519,6.56540344654768,276.42,9.94,-0.12257477061006217
2016-04-20,2.8329,6.56540344654768,276.42,9.94,-1.2754835337166703
2016-04-21,2.8276,6.56540344654768,276.42,9.94,-1.5562441249173165
2016-04-22,2.821,6.56540344654768,276.42,9.82,-1.683337399365692
2016-04-25,2.8287,6.56540344654768,276.42,9.82,-1.7437215603181677
2016-04-26,2.8457,6.56540344654768,276.42,9.82,-0.8639609824072414
2016-04-27,2.8345,6.56540344654768,276.42,9.82,-1.350363693314316
2016-04-28,2.8175,6.56540344654768,276.42,9.82,-1.812162397630246
2016-04-29,2.815,6.56540344654768,276.42,9.69,-0.6493964847886002
2016-05-02,2.8014,6.582327007858901,278.02,9.69,-0.8318878544373187
2016-05-03,2.7928,6.582327007858901,278.02,9.69,-0.9540021988154734
2016-05-04,2.8065,6.582327007858901,278.02,9.69,-0.43988789953527396
2016-05-05,2.859,6.582327007858901,278.02,9.69,1.1069066732680266
2016-05-06,2.9201,6.582327007858901,278.02,9.7,2.776995635646906
2016-05-09,2.9197,6.582327007858901,278.02,9.7,2.7050794990854055
2016-05-10,2.9229,6.582327007858901,278.02,9.7,2.310196366691164
2016-05-11,2.938,6.582327007858901,278.02,9.7,3.6770414284706066
2016-05-12,2.9623,6.582327007858901,278.02,9.7,4.785992217898838
2016-05-13,2.9489,6.582327007858901,278.02,9.74,3.5355663225897116
2016-05-16,2.9587,6.582327007858901,278.02,9.74,3.4836137245986443
2016-05-17,2.9711,6.582327007858901,278.02,9.74,4.084778420038537
2016-05-18,2.9645,6.582327007858901,278.02,9.74,3.9482450296293603
2016-05-20,2.9777,6.582327007858901,278.02,9.74,5.111369974231361
2016-05-23,2.9768,6.582327007858901,278.02,9.74,5.276559626538413
2016-05-24,2.9826,6.582327007858901,278.02,9.74,5.728465083303802
2016-05-25,2.9821,6.582327007858901,278.02,9.74,5.422985823876703
2016-05-26,2.9426,6.582327007858901,278.02,9.74,3.4051375759918567
2016-05-27,2.9349,6.582327007858901,278.02,9.57,3.542070911977424
2016-05-30,2.9399,6.582327007858901,278.02,9.57,4.344276841171268
2016-05-31,2.956,6.582327007858901,278.02,9.57,5.008880994671405
2016-06-01,2.9515,7.637470617702591,279.33,9.57,5.35803526808023
2016-06-02,2.9489,7.637470617702591,279.33,9.57,5.589372672586657
2016-06-03,2.9393,7.637470617702591,279.33,9.5,4.731872438980922
2016-06-06,2.9462,7.637470617702591,279.33,9.5,3.050017488632384
2016-06-07,2.908,7.637470617702591,279.33,9.5,-0.41436937091196
2016-06-08,2.8978,7.637470617702591,279.33,9.5,-0.750077062711918
2016-06-09,2.8894,7.637470617702591,279.33,9.5,-1.1461220021211638
2016-06-10,2.8941,7.637470617702591,279.33,9.37,-1.4942137508509257
2016-06-13,2.91,7.637470617702591,279.33,9.37,-1.7655200351078482
2016-06-14,2.9219,7.637470617702591,279.33,9.37,-0.9155956458340442
2016-06-15,2.9304,7.637470617702591,279.33,9.37,-0.9565011660526479
2016-06-16,2.9269,7.637470617702591,279.33,9.37,-1.4876645013631284
2016-06-17,2.9296,7.637470617702591,279.33,9.39,-1.1772642941474065
2016-06-20,2.93,7.637470617702591,279.33,9.39,-1.6019075125096482
2016-06-21,2.8984,7.637470617702591,279.33,9.39,-2.6337006181133993
2016-06-22,2.8962,7.637470617702591,279.33,9.39,-2.896801448400732
2016-06-23,2.9055,7.637470617702591,279.33,9.39,-2.568659669360518
2016-06-24,2.8799,7.637470617702591,279.33,9.16,-2.130768707945352
2016-06-27,2.9266,7.637470617702591,279.33,9.16,-0.2828035026747
2016-06-28,2.9365,7.637470617702591,279.33,9.16,-0.1156501921834141
2016-06-29,2.913,7.637470617702591,279.33,9.16,-1.4546684709066393
2016-06-30,2.8936,7.637470617702591,279.33,9.16,-1.9617143825173544
2016-07-01,2.8848,8.793408793408775,282.58,9.2,-2.1736918851097076
2016-07-04,2.8846,8.793408793408775,282.58,9.2,-1.8609873099037166
2016-07-08,2.8846,8.793408793408775,282.58,9.08,-2.0908288642997874
2016-07-11,2.9214,8.793408793408775,282.58,9.08,0.46079779917469477
2016-07-12,2.8981,8.793408793408775,282.58,9.08,0.01035268134446099
2016-07-13,2.8885,8.793408793408775,282.58,9.08,-0.03114833529452854
2016-07-14,2.8947,8.793408793408775,282.58,9.08,0.02073183373068055
2016-07-15,2.8913,8.793408793408775,282.58,9.1,-0.6426116838487927
2016-07-18,2.8834,8.793408793408775,282.58,9.1,-1.3176357849344567
2016-07-19,2.9485,8.793408793408775,282.58,9.1,0.6176631176631142
2016-07-20,2.9766,8.793408793408775,282.58,9.1,1.698042297311142
2016-07-21,3.0281,8.793408793408775,282.58,9.1,3.3622337520480494
2016-07-22,3.0727,8.793408793408775,282.58,9.12,4.870307167235488
2016-07-25,3.0573,8.793408793408775,282.58,9.12,5.482335081424239
2016-07-26,3.0317,8.793408793408775,282.58,9.12,4.678544299426823
2016-07-27,3.0353,8.793408793408775,282.58,9.12,4.4673894338323805
2016-07-28,3.0377,8.793408793408775,282.58,9.12,5.4793569221153415
2016-07-29,3.0167,8.793408793408775,282.58,8.97,3.0786578281965404
2016-08-01,3.0125,8.045095482782427,281.76,8.97,2.5881151030137994
2016-08-02,2.9797,8.045095482782427,281.76,8.97,2.289735667696524
2016-08-03,2.9926,8.045095482782427,281.76,8.97,3.421343654962672
2016-08-04,3.0075,8.045095482782427,281.76,8.97,4.253327787021632
2016-08-05,3.0213,8.045095482782427,281.76,9.02,4.738958607779242
2016-08-08,2.9996,8.045095482782427,281.76,9.02,3.986687929002297
2016-08-09,2.9846,8.045095482782427,281.76,9.02,2.163346340795491
2016-08-10,2.9781,8.045095482782427,281.76,9.02,2.760429246747864
2016-08-11,2.9553,8.045095482782427,281.76,9.02,2.3126190064046925
2016-08-12,2.9621,8.045095482782427,281.76,9.05,2.3283932704598165
2016-08-15,2.9558,8.045095482782427,281.76,9.05,2.2308304223013886
2016-08-16,2.951,8.045095482782427,281.76,9.05,2.3444544634806164
2016-08-17,2.9297,8.045095482782427,281.76,9.05,-0.6376123452603077
2016-08-18,2.9339,8.045095482782427,281.76,9.05,-1.434522609688904
2016-08-19,2.923,8.045095482782427,281.76,8.94,-3.4708232885307555
2016-08-22,2.9355,8.045095482782427,281.76,8.94,-4.465128388713513
2016-08-23,2.9444,8.045095482782427,281.76,8.94,-3.692800837340149
2016-08-24,2.9359,8.045095482782427,281.76,8.94,-3.159943266154297
2016-08-25,2.9533,8.045095482782427,281.76,8.94,-2.7015451520442713
2016-08-26,2.939,8.045095482782427,281.76,8.96,-3.249168779010436
2016-08-29,2.9337,8.045095482782427,281.76,8.96,-2.751350813803166
2016-08-31,2.9545,8.045095482782427,281.76,8.96,-1.925311203319513
2016-09-01,2.9544,7.2821253468131175,282.27,8.96,-0.8490787663187449
2016-09-02,2.9558,7.2821253468131175,282.27,8.91,-1.229699926485328
2016-09-05,2.9586,7.2821253468131175,282.27,8.91,-1.6259351620947493
2016-09-06,2.9441,7.2821253468131175,282.27,8.91,-2.5551914738688675
2016-09-07,2.9389,7.2821253468131175,282.27,8.91,-2.0236031470862836
2016-09-08,2.9286,7.2821253468131175,282.27,8.91,-1.8762983314347004
2016-09-09,2.9344,7.2821253468131175,282.27,9.12,-1.4673785299351927
2016-09-16,2.9552,7.2821253468131175,282.27,9.04,-0.0033837512266043923
2016-09-19,2.9678,7.2821253468131175,282.27,9.04,0.19243104554200752
2016-09-20,2.974,7.2821253468131175,282.27,9.04,0.6157385479396593
2016-09-21,2.9741,7.2821253468131175,282.27,9.04,0.7827854964418846
2016-09-22,2.9739,7.2821253468131175,282.27,9.04,1.5086868962692401
2016-09-23,2.9468,7.2821253468131175,282.27,9.05,0.43968778758649574
2016-09-26,2.9474,7.2821253468131175,282.27,9.05,0.8347588094423486
2016-09-27,2.9846,7.2821253468131175,282.27,9.05,1.6726281723726588
2016-09-28,2.9709,7.2821253468131175,282.27,9.05,0.9000135851107149
2016-09-29,2.9764,7.2821253468131175,282.27,9.05,1.3794747777512884
2016-09-30,2.9959,7.2821253468131175,282.27,8.99,1.4424542037720478
2016-10-03,3.0004,7.159431137724548,286.33,8.99,2.089145968016326
2016-10-04,3.0036,7.159431137724548,286.33,8.99,2.382656713365372
2016-10-05,3.0293,7.159431137724548,286.33,8.99,2.5317312574039574
2016-10-06,3.0537,7.159431137724548,286.33,8.99,3.3610885458976503
2016-10-07,3.0506,7.159431137724548,286.33,8.94,3.2072535354218834
2016-10-10,3.0505,7.159431137724548,286.33,8.94,3.1061988778476213
2016-10-11,3.0585,7.159431137724548,286.33,8.94,3.8857375768486024
2016-10-12,3.0808,7.159431137724548,286.33,8.94,4.8283371329409075
2016-10-13,3.0805,7.159431137724548,286.33,8.94,5.186778665573999
2016-10-14,3.0967,7.159431137724548,286.33,8.98,5.5309432933478675
2016-10-17,3.0866,7.159431137724548,286.33,8.98,4.446399566865167
2016-10-18,3.0957,7.159431137724548,286.33,8.98,4.309589594986174
2016-10-19,3.0928,7.159431137724548,286.33,8.98,3.9946200403496945
2016-10-20,3.0785,7.159431137724548,286.33,8.98,3.510305638680622
2016-10-21,3.0675,7.159431137724548,286.33,8.95,3.14738222536064
2016-10-24,3.0736,7.159431137724548,286.33,8.95,4.302972716166686
2016-10-25,3.0724,7.159431137724548,286.33,8.95,4.241025989007263
2016-10-26,3.0779,7.159431137724548,286.33,8.95,3.126047041479607
2016-10-27,3.0776,7.159431137724548,286.33,8.95,3.5915042579689693
2016-10-28,3.0998,7.159431137724548,286.33,8.96,4.145948125251997
2016-10-31,3.0998,7.159431137724548,286.33,8.96,3.4680730331453136
2016-11-01,3.1024,7.000520484794404,287.81,8.96,3.3995467271030533
2016-11-02,3.0981,7.000520484794404,287.81,8.96,3.146224530563324
2016-11-03,3.1117,7.000520484794404,287.81,8.96,2.7201003532169032
2016-11-04,3.1125,7.000520484794404,287.81,9.0,1.925532960015719
2016-11-07,3.1348,7.000520484794404,287.81,9.0,2.760112764702005
2016-11-08,3.1532,7.000520484794404,287.81,9.0,3.366661203081467
2016-11-09,3.1736,7.000520484794404,287.81,9.0,3.763282654896183
2016-11-10,3.1865,7.000520484794404,287.81,9.0,3.430927031939768
2016-11-11,3.2048,7.000520484794404,287.81,8.98,4.035059243629302
2016-11-14,3.2588,7.000520484794404,287.81,8.98,5.234604579068036
2016-11-15,3.2787,7.000520484794404,287.81,8.98,6.223676537290235
2016-11-16,3.2713,7.000520484794404,287.81,8.98,5.672384274962061
2016-11-17,3.3055,7.000520484794404,287.81,8.98,6.877263321262284
2016-11-18,3.3105,7.000520484794404,287.81,8.91,7.536137729413683
2016-11-21,3.3835,7.000520484794404,287.81,8.91,10.30154849225755
2016-11-22,3.3743,7.000520484794404,287.81,8.91,9.783315981259765
2016-11-23,3.3584,7.000520484794404,287.81,8.91,9.30868376513474
2016-11-24,3.3824,7.000520484794404,287.81,8.91,9.89310893791222
2016-11-25,3.4047,7.000520484794404,287.81,8.84,10.628411749415134
2016-11-28,3.4403,7.000520484794404,287.81,8.84,10.98457965030002
2016-11-29,3.418,7.000520484794404,287.81,8.84,10.265178398606366
2016-11-30,3.4199,7.000520484794404,287.81,8.84,10.234012377514201
2016-12-01,3.4174,8.533056318171695,292.54,8.84,10.306316774797452
2016-12-02,3.4483,8.533056318171695,292.54,8.91,10.817238165632936
2016-12-05,3.5067,8.533056318171695,292.54,8.91,12.665060240963854
2016-12-06,3.5344,8.533056318171695,292.54,8.91,12.747224703330362
2016-12-07,3.5102,8.533056318171695,292.54,8.91,11.321831789927694
2016-12-08,3.4307,8.533056318171695,292.54,8.91,8.101209982354419
2016-12-09,3.3669,8.533056318171695,292.54,8.79,5.661383963596411
2016-12-12,3.4524,8.533056318171695,292.54,8.79,7.725911133300034
2016-12-13,3.5172,8.533056318171695,292.54,8.79,7.929299128513567
2016-12-14,3.4721,8.533056318171695,292.54,8.79,5.898679354622249
2016-12-15,3.4786,8.533056318171695,292.54,8.79,6.33693027236879
2016-12-16,3.5157,8.533056318171695,292.54,8.56,6.35909847224323
2016-12-19,3.494,8.533056318171695,292.54,8.56,5.542969339978865
2016-12-20,3.4947,8.533056318171695,292.54,8.56,3.286537608984763
2016-12-21,3.5116,8.533056318171695,292.54,8.56,4.068992087247736
2016-12-22,3.51,8.533056318171695,292.54,8.56,4.514054311576943
2016-12-23,3.5055,8.533056318171695,292.54,8.73,3.6394276253547853
2016-12-26,3.5077,8.533056318171695,292.54,8.73,3.0252298293535373
2016-12-27,3.5041,8.533056318171695,292.54,8.73,1.8544894340609908
2016-12-28,3.5135,8.533056318171695,292.54,8.73,2.794031597425395
2016-12-29,3.5329,8.533056318171695,292.54,8.73,3.3041901809994334
2016-12-30,3.5318,8.533056318171695,292.54,8.52,3.347574179200552
2017-01-02,3.5192,9.218772773648155,299.74,8.52,2.056085607400737
2017-01-03,3.5338,9.218772773648155,299.74,8.52,0.7728063421450271
2017-01-04,3.5737,9.218772773648155,299.74,8.52,1.1119284744228075
2017-01-05,3.5764,9.218772773648155,299.74,8.52,1.885932425502812
2017-01-06,3.5934,9.218772773648155,299.74,8.51,4.742472381729668
2017-01-09,3.6134,9.218772773648155,299.74,8.51,7.321274763135244
2017-01-10,3.702,9.218772773648155,299.74,8.51,7.229753215154666
2017-01-11,3.762,9.218772773648155,299.74,8.51,6.960081883316271
2017-01-12,3.8501,9.218772773648155,299.74,8.51,10.886783214769146
2017-01-13,3.843,9.218772773648155,299.74,8.43,10.475478640832513
2017-01-16,3.7994,9.218772773648155,299.74,8.43,8.069516739198445
2017-01-17,3.7616,9.218772773648155,299.74,8.43,7.658843732112186
2017-01-18,3.7826,9.218772773648155,299.74,8.43,8.23818925801929
2017-01-19,3.7772,9.218772773648155,299.74,8.43,7.563503815924366
2017-01-20,3.7941,9.218772773648155,299.74,8.65,8.094017094017092
2017-01-23,3.8176,9.218772773648155,299.74,8.65,8.903152189416641
2017-01-24,3.7678,9.218772773648155,299.74,8.65,7.415115317729559
2017-01-25,3.7523,9.218772773648155,299.74,8.65,7.083131189178382
2017-01-26,3.8034,9.218772773648155,299.74,8.65,8.251031734737445
2017-01-27,3.8342,9.218772773648155,299.74,8.72,8.528404426958014
2017-01-30,3.8779,9.218772773648155,299.74,8.72,9.799535647545166
2017-01-31,3.8324,9.218772773648155,299.74,8.72,8.899749943168889
2017-02-01,3.7874,10.128289233909182,302.17,8.72,7.1764106627426605
2017-02-02,3.7746,10.128289233909182,302.17,8.72,5.621624646724688
2017-02-03,3.7336,10.128289233909182,302.17,8.68,4.395481489766251
2017-02-06,3.7421,10.128289233909182,302.17,8.68,4.138142149496304
2017-02-07,3.6784,10.128289233909182,302.17,8.68,1.7988597996347
2017-02-08,3.7095,10.128289233909182,302.17,8.68,0.20259319286870525
2017-02-09,3.741,10.128289233909182,302.17,8.68,-0.5582137161084466
2017-02-10,3.7047,10.128289233909182,302.17,8.85,-3.7765252850575304
2017-02-13,3.6749,10.128289233909182,302.17,8.85,-4.37418683320322
2017-02-14,3.6869,10.128289233909182,302.17,8.85,-2.9609938411328085
2017-02-15,3.6494,10.128289233909182,302.17,8.85,-2.98277328796257
2017-02-16,3.6462,10.128289233909182,302.17,8.85,-3.605985301115633
2017-02-17,3.6704,10.128289233909182,302.17,8.86,-2.827491263369697
2017-02-20,3.6662,10.128289233909182,302.17,8.86,-3.3710234311167264
2017-02-21,3.6211,10.128289233909182,302.17,8.86,-5.1472129086336915
2017-02-22,3.6186,10.128289233909182,302.17,8.86,-3.959870481448058
2017-02-23,3.6104,10.128289233909182,302.17,8.86,-3.781680569250867
2017-02-24,3.5747,10.128289233909182,302.17,8.72,-6.0130409633485815
2017-02-27,3.5689,10.128289233909182,302.17,8.72,-6.919305200563352
2017-02-28,3.5882,10.128289233909182,302.17,8.72,-7.4705381778797815
2017-03-01,3.6078,11.29179275896015,305.24,8.72,-5.860557353094665
2017-03-02,3.6313,11.29179275896015,305.24,8.72,-4.121560965306015
2017-03-03,3.6816,11.29179275896015,305.24,8.68,-2.4638372277857257
2017-03-06,3.7215,11.29179275896015,305.24,8.68,-0.32408399400043475
2017-03-07,3.7114,11.29179275896015,305.24,8.68,-0.8203949653937781
2017-03-08,3.6842,11.29179275896015,305.24,8.68,0.1576772509786828
2017-03-09,3.703,11.29179275896015,305.24,8.68,-0.1752257716673422
2017-03-10,3.7522,11.29179275896015,305.24,8.91,0.29938519112537865
2017-03-13,3.7464,11.29179275896015,305.24,8.91,1.1255972143493498
2017-03-14,3.7394,11.29179275896015,305.24,8.91,1.7551497999945598
2017-03-15,3.7458,11.29179275896015,305.24,8.91,1.597548075619093
2017-03-16,3.7289,11.29179275896015,305.24,8.91,2.178440291554784
2017-03-17,3.6714,11.29179275896015,305.24,9.0,0.6911304920190986
2017-03-20,3.6058,11.29179275896015,305.24,9.0,-1.760026155187444
2017-03-21,3.6261,11.29179275896015,305.24,9.0,-1.0937755714363617
2017-03-22,3.6105,11.29179275896015,305.24,9.0,-0.2927287288393088
2017-03-23,3.6256,11.29179275896015,305.24,9.0,0.19344497872104682
2017-03-24,3.6134,11.29179275896015,305.24,9.11,0.08309328606248556
2017-03-27,3.6185,11.29179275896015,305.24,9.11,1.2252776456765702
2017-03-28,3.5931,11.29179275896015,305.24,9.11,0.678080080697141
2017-03-29,3.6186,11.29179275896015,305.24,9.11,0.8472214480798046
2017-03-30,3.6416,11.29179275896015,305.24,9.11,0.9368590276622735
2017-03-31,3.6386,11.29179275896015,305.24,9.35,0.2010299341833388
2017-04-03,3.6362,11.869618696186969,309.23,9.35,-1.233159495871361
2017-04-04,3.6375,11.869618696186969,309.23,9.35,-2.2571543732365917
2017-04-05,3.643,11.869618696186969,309.23,9.35,-1.8429703077005977
2017-04-06,3.6768,11.869618696186969,309.23,9.35,-0.20085771673633568
2017-04-07,3.7081,11.869618696186969,309.23,9.28,0.13772616797191883
2017-04-10,3.7208,11.869618696186969,309.23,9.28,-0.8368423858003293
2017-04-11,3.7263,11.869618696186969,309.23,9.28,-0.536515054452269
2017-04-12,3.7153,11.869618696186969,309.23,9.28,-0.6444884206022294
2017-04-13,3.6759,11.869618696186969,309.23,9.28,-1.8660900208233189
2017-04-14,3.6565,11.869618696186969,309.23,9.69,-1.9415913540186125
2017-04-17,3.6801,11.869618696186969,309.23,9.69,0.23696682464453556
2017-04-18,3.6581,11.869618696186969,309.23,9.69,1.4504409562371867
2017-04-19,3.6838,11.869618696186969,309.23,9.69,1.5912412785086039
2017-04-20,3.6623,11.869618696186969,309.23,9.69,1.4347043345797061
2017-04-21,3.638,11.869618696186969,309.23,9.71,0.3420123565754718
2017-04-24,3.6392,11.869618696186969,309.23,9.71,0.7140089666242355
2017-04-25,3.5926,11.869618696186969,309.23,9.71,-0.7157662014646959
2017-04-26,3.5829,11.869618696186969,309.23,9.71,-0.2838774317441839
2017-04-27,3.585,11.869618696186969,309.23,9.71,-0.9285358978610492
2017-04-28,3.5583,11.869618696186969,309.23,9.79,-2.287456063268889
2017-05-02,3.5504,11.722178260556815,310.61,9.79,-2.4240092343208897
2017-05-03,3.5348,11.722178260556815,310.61,9.79,-2.7886254881469674
2017-05-04,3.5317,11.722178260556815,310.61,9.79,-2.90859106529211
2017-05-05,3.5429,11.722178260556815,310.61,9.73,-2.747735382926153
2017-05-08,3.5596,11.722178260556815,310.61,9.73,-3.187554395126191
2017-05-09,3.5476,11.722178260556815,310.61,9.73,-4.328362234028205
2017-05-10,3.5928,11.722178260556815,310.61,9.73,-3.440120404214153
2017-05-11,3.5983,11.722178260556815,310.61,9.73,-3.435042803853694
2017-05-12,3.5736,11.722178260556815,310.61,10.05,-3.813958495949188
2017-05-15,3.5861,11.722178260556815,310.61,10.05,-2.442939144155165
2017-05-16,3.5561,11.722178260556815,310.61,10.05,-2.745795159305353
2017-05-17,3.5455,11.722178260556815,310.61,10.05,-3.657509306812312
2017-05-18,3.5547,11.722178260556815,310.61,10.05,-2.8266039747409932
2017-05-22,3.6128,11.722178260556815,310.61,10.14,-1.9273576198490683
2017-05-23,3.5612,11.722178260556815,310.61,10.14,-2.7605603036343296
2017-05-24,3.5656,11.722178260556815,310.61,10.14,-1.9901044529961553
2017-05-25,3.5645,11.722178260556815,310.61,10.14,-2.0526489338316245
2017-05-26,3.5586,11.722178260556815,310.61,10.41,-0.9463898012581407
2017-05-29,3.5651,11.722178260556815,310.61,10.41,-0.49680426470177785
2017-05-30,3.575,11.722178260556815,310.61,10.41,-0.2789400278939924
2017-05-31,3.5642,11.722178260556815,310.61,10.41,0.16580951578000214
2017-06-01,3.5334,10.90108473848137,309.78,10.41,-0.4788192879675468
2017-06-02,3.5312,10.90108473848137,309.78,10.22,-0.10184451737015321
2017-06-05,3.528,10.90108473848137,309.78,10.22,-0.10476541042556686
2017-06-06,3.506,10.90108473848137,309.78,10.22,-1.0415196590363829
2017-06-07,3.5317,10.90108473848137,309.78,10.22,-0.783795932127207
2017-06-08,3.5173,10.90108473848137,309.78,10.22,-0.8540985454955408
2017-06-09,3.5412,10.90108473848137,309.78,10.56,-1.4362057448229826
2017-06-12,3.5217,10.90108473848137,309.78,10.56,-2.128783036433868
2017-06-13,3.519,10.90108473848137,309.78,10.56,-1.5278710543989216
2017-06-14,3.5169,10.90108473848137,309.78,10.56,-1.9296729037115545
2017-06-15,3.5136,10.90108473848137,309.78,10.56,-1.1951294957959546
2017-06-16,3.5029,10.90108473848137,309.78,10.63,-1.2015230573967028
2017-06-19,3.5124,10.90108473848137,309.78,10.63,-1.1899738374546387
2017-06-20,3.5019,10.90108473848137,309.78,10.63,-3.069641275465018
2017-06-21,3.5215,10.90108473848137,309.78,10.63,-1.114792766483208
2017-06-22,3.5349,10.90108473848137,309.78,10.63,-0.8610051604218016
2017-06-23,3.518,10.90108473848137,309.78,10.91,-1.3045307897320835
2017-06-28,3.5,10.90108473848137,309.78,10.91,-1.6467150002810182
2017-06-29,3.5211,10.90108473848137,309.78,10.91,-1.2341869793273674
2017-06-30,3.5071,10.90108473848137,309.78,10.8,-1.89930069930071
2017-07-03,3.5168,9.788378512279717,310.24,10.8,-1.3298917008024325
2017-07-04,3.5305,9.788378512279717,310.24,10.8,-0.0820739231335188
2017-07-05,3.5492,9.788378512279717,310.24,10.8,0.5097417308563612
2017-07-06,3.5789,9.788378512279717,310.24,10.8,1.4427437641723273
2017-07-07,3.6223,9.788378512279717,310.24,10.76,3.3171705647461636
2017-07-10,3.63,9.788378512279717,310.24,10.76,2.7833621202253855
2017-07-11,3.604,9.788378512279717,310.24,10.76,2.4649589173513675
2017-07-12,3.631,9.788378512279717,310.24,10.76,2.535863549079398
2017-07-13,3.6027,9.788378512279717,310.24,10.76,2.300025555839502
2017-07-14,3.5657,9.788378512279717,310.24,10.82,1.3270815572605787
2017-07-17,3.5607,9.788378512279717,310.24,10.82,1.245414996161398
2017-07-18,3.5373,9.788378512279717,310.24,10.82,0.6745218579235157
2017-07-19,3.5267,9.788378512279717,310.24,10.82,0.6794370378828907
2017-07-20,3.5264,9.788378512279717,310.24,10.82,0.3985878601526105
2017-07-21,3.5304,9.788378512279717,310.24,10.93,0.813843913304213
2017-07-24,3.5296,9.788378512279717,310.24,10.93,0.23001561834445905
2017-07-25,3.5444,9.788378512279717,310.24,10.93,0.2687487623412199
2017-07-26,3.5578,9.788378512279717,310.24,10.93,1.1313246162592439
2017-07-27,3.5574,9.788378512279717,310.24,10.93,1.639999999999997
2017-07-28,3.5262,9.788378512279717,310.24,10.81,0.1448411007923589
2017-07-31,3.5292,9.788378512279717,310.24,10.81,0.6301502666020253
2017-08-01,3.5226,10.679301533219764,311.85,10.81,0.16492265696088637
2017-08-02,3.5169,10.679301533219764,311.85,10.81,-0.38521455884434896
2017-08-03,3.5292,10.679301533219764,311.85,10.81,-0.5635072692437793
2017-08-04,3.5375,10.679301533219764,311.85,10.84,-1.1567800162060937
2017-08-07,3.5287,10.679301533219764,311.85,10.84,-2.58399359522955
2017-08-08,3.5295,10.679301533219764,311.85,10.84,-2.768595041322308
2017-08-09,3.5275,10.679301533219764,311.85,10.84,-2.1226415094339646
2017-08-10,3.5384,10.679301533219764,311.85,10.84,-2.550261635912965
2017-08-11,3.5343,10.679301533219764,311.85,10.89,-1.8985760679490427
2017-08-14,3.5435,10.679301533219764,311.85,10.89,-0.6225986482317647
2017-08-15,3.5253,10.679301533219764,311.85,10.89,-0.9941865363552127
2017-08-16,3.5275,10.679301533219764,311.85,10.89,-0.27704746558110394
2017-08-17,3.5288,10.679301533219764,311.85,10.89,0.05954575098534587
2017-08-18,3.5178,10.679301533219764,311.85,10.9,-0.2438747731397517
2017-08-21,3.5213,10.679301533219764,311.85,10.9,-0.2577611602084806
2017-08-22,3.5109,10.679301533219764,311.85,10.9,-0.5298050770625506
2017-08-23,3.4973,10.679301533219764,311.85,10.9,-1.328856788172894
2017-08-24,3.4956,10.679301533219764,311.85,10.9,-1.7482714036764269
2017-08-25,3.4781,10.679301533219764,311.85,10.88,-2.2291561252600234
2017-08-28,3.4782,10.679301533219764,311.85,10.88,-1.3612387272417759
2017-08-29,3.4446,10.679301533219764,311.85,10.88,-2.397143828629722
2017-08-30,3.441,10.679301533219764,311.85,10.88,-2.3164707886220492
2017-08-31,3.441,10.679301533219764,311.85,10.88,-2.1581506440331077
2017-09-01,3.441,11.198497892089133,313.88,10.82,-2.499149948996937
2017-09-04,3.441,11.198497892089133,313.88,10.82,-2.7279151943462976
2017-09-05,3.441,11.198497892089133,313.88,10.82,-2.4853345424660778
2017-09-06,3.4392,11.198497892089133,313.88,10.82,-2.5584360390990213
2017-09-07,3.4398,11.198497892089133,313.88,10.82,-2.486180014174344
2017-09-08,3.4204,11.198497892089133,313.88,10.69,-3.3348406059235947
2017-09-11,3.4061,11.198497892089133,313.88,10.69,-3.6273095096624575
2017-09-12,3.3965,11.198497892089133,313.88,10.69,-4.148440807111609
2017-09-13,3.4264,11.198497892089133,313.88,10.69,-2.8054349984398486
2017-09-14,3.434,11.198497892089133,313.88,10.69,-2.650602409638547
2017-09-15,3.4544,11.198497892089133,313.88,10.87,-2.108365450011329
2017-09-18,3.4322,11.198497892089133,313.88,10.87,-2.433339018704872
2017-09-19,3.4536,11.198497892089133,313.88,10.87,-1.9225854087978944
2017-09-20,3.4901,11.198497892089133,313.88,10.87,-0.5924406847247154
2017-09-21,3.4757,11.198497892089133,313.88,10.87,-0.6176193063220259
2017-09-22,3.509,11.198497892089133,313.88,10.97,0.3833390548117599
2017-09-25,3.4862,11.198497892089133,313.88,10.97,0.23288577096691743
2017-09-26,3.5162,11.198497892089133,313.88,10.97,1.0925191190845895
2017-09-27,3.5344,11.198497892089133,313.88,10.97,2.6069790396562764
2017-09-28,3.5657,11.198497892089133,313.88,10.97,3.6239465271723503
2017-09-29,3.572,11.198497892089133,313.88,10.96,3.8070328392909136
2017-10-02,3.5521,11.898857961093846,320.4,10.96,3.2287125835512853
2017-10-03,3.5757,11.898857961093846,320.4,10.96,3.9145597210113348
2017-10-04,3.578,11.898857961093846,320.4,10.96,3.9814007555943
2017-10-05,3.5634,11.898857961093846,320.4,10.96,3.611304954640615
2017-10-06,3.5685,11.898857961093846,320.4,10.83,3.741496598639449
2017-10-09,3.6041,11.898857961093846,320.4,10.83,5.370716875219261
2017-10-10,3.6959,11.898857961093846,320.4,10.83,8.508264584128478
2017-10-11,3.681,11.898857961093846,320.4,10.83,8.37626968938614
2017-10-12,3.6753,11.898857961093846,320.4,10.83,7.264183983189354
2017-10-13,3.6448,11.898857961093846,320.4,11.01,6.138613861386144
2017-10-16,3.6479,11.898857961093846,320.4,11.01,5.601551644279756
2017-10-17,3.6401,11.898857961093846,320.4,11.01,6.057339315890675
2017-10-18,3.6546,11.898857961093846,320.4,11.01,5.820013898540655
2017-10-19,3.6748,11.898857961093846,320.4,11.01,5.29211197386894
2017-10-20,3.66,11.898857961093846,320.4,11.17,5.302528986966659
2017-10-23,3.6595,11.898857961093846,320.4,11.17,4.288971216870907
2017-10-24,3.6985,11.898857961093846,320.4,11.17,6.089725202225926
2017-10-25,3.7111,11.898857961093846,320.4,11.17,5.542915647574098
2017-10-26,3.7309,11.898857961093846,320.4,11.17,5.559642372114082
2017-10-27,3.7661,11.898857961093846,320.4,11.24,5.620214824578618
2017-10-30,3.8174,11.898857961093846,320.4,11.24,6.870100783874578
2017-10-31,3.77,11.898857961093846,320.4,11.24,6.1343993693871335
2017-11-01,3.7754,12.98426044960217,325.18,11.24,5.584920435159546
2017-11-02,3.808,12.98426044960217,325.18,11.24,6.42817216321967
2017-11-03,3.8072,12.98426044960217,325.18,11.04,6.841780322164226
2017-11-06,3.8204,12.98426044960217,325.18,11.04,7.05898837046377
2017-11-07,3.859,12.98426044960217,325.18,11.04,7.072500763019907
2017-11-08,3.8532,12.98426044960217,325.18,11.04,4.256067534294772
2017-11-09,3.8815,12.98426044960217,325.18,11.04,5.446889432219493
2017-11-10,3.8535,12.98426044960217,325.18,11.2,4.848583789078442
2017-11-13,3.8644,12.98426044960217,325.18,11.2,6.025021949078124
2017-11-14,3.8659,12.98426044960217,325.18,11.2,5.976041009896105
2017-11-15,3.8664,12.98426044960217,325.18,11.2,6.2168621741161
2017-11-16,3.8836,12.98426044960217,325.18,11.2,6.266075630711976
2017-11-17,3.8684,12.98426044960217,325.18,11.23,5.2683139218460795
2017-11-20,3.8792,12.98426044960217,325.18,11.23,5.98907103825137
2017-11-21,3.8872,12.98426044960217,325.18,11.23,6.222161497472323
2017-11-22,3.9525,12.98426044960217,325.18,11.23,6.867649046910906
2017-11-23,3.9594,12.98426044960217,325.18,11.23,6.690738595025736
2017-11-24,3.917,12.98426044960217,325.18,11.28,4.988072583022851
2017-11-27,3.9365,12.98426044960217,325.18,11.28,4.524574493507871
2017-11-28,3.9285,12.98426044960217,325.18,11.28,2.9103578351757697
2017-11-29,3.9214,12.98426044960217,325.18,11.28,4.015915119363411
2017-11-30,3.9505,12.98426044960217,325.18,11.28,4.637919160883608
2017-12-01,3.939,11.91973747179873,327.41,11.2,3.440126050420167
2017-12-04,3.9324,11.91973747179873,327.41,11.2,3.2885059886530676
2017-12-05,3.9191,11.91973747179873,327.41,11.2,2.583499110040832
2017-12-06,3.8624,11.91973747179873,327.41,11.2,0.08810572687225626
2017-12-07,3.8528,11.91973747179873,327.41,11.2,-0.010380982040913977
2017-12-08,3.8608,11.91973747179873,327.41,11.16,-0.5332989823521928
2017-12-11,3.8546,11.91973747179873,327.41,11.16,0.028545478136754454
2017-12-12,3.8275,11.91973747179873,327.41,11.16,-0.9548700962633161
2017-12-13,3.8277,11.91973747179873,327.41,11.16,-0.9881269562068251
2017-12-14,3.839,11.91973747179873,327.41,11.16,-0.7086695634181739
2017-12-15,3.8323,11.91973747179873,327.41,11.2,-1.3209393346379605
2017-12-18,3.8591,11.91973747179873,327.41,11.2,-0.24040947161616533
2017-12-19,3.8507,11.91973747179873,327.41,11.2,-0.7346875644462791
2017-12-20,3.8349,11.91973747179873,327.41,11.2,-1.345441448857787
2017-12-21,3.8342,11.91973747179873,327.41,11.2,-2.993042378241617
2017-12-22,3.8223,11.91973747179873,327.41,11.4,-3.4626458554326445
2017-12-25,3.8113,11.91973747179873,327.41,11.4,-2.6984937452131708
2017-12-26,3.8087,11.91973747179873,327.41,11.4,-3.246538803505661
2017-12-27,3.8029,11.91973747179873,327.41,11.4,-3.1971490390734325
2017-12-28,3.8197,11.91973747179873,327.41,11.4,-2.593461518845308
2017-12-29,3.8104,11.91973747179873,327.41,11.22,-3.54638653335021
2018-01-01,3.7719,10.345632881830923,330.75,11.22,-4.2421934501142395
2018-01-02,3.7719,10.345632881830923,330.75,11.22,-4.081476960634722
2018-01-03,3.7652,10.345632881830923,330.75,11.22,-3.926921997397359
2018-01-04,3.7617,10.345632881830923,330.75,11.22,-2.6071872410936225
2018-01-05,3.76,10.345632881830923,330.75,11.06,-2.408637873754149
2018-01-08,3.7456,10.345632881830923,330.75,11.06,-2.9838375466224587
2018-01-09,3.7454,10.345632881830923,330.75,11.06,-2.832978778602191
2018-01-10,3.7554,10.345632881830923,330.75,11.06,-1.8837361201828995
2018-01-11,3.7844,10.345632881830923,330.75,11.06,-1.1312276301695512
2018-01-12,3.7919,10.345632881830923,330.75,11.26,-1.226882000520968
2018-01-15,3.7622,10.345632881830923,330.75,11.26,-1.8291887378336757
2018-01-16,3.7593,10.345632881830923,330.75,11.26,-2.586095203544869
2018-01-17,3.815,10.345632881830923,330.75,11.26,-0.9271041628794774
2018-01-18,3.8143,10.345632881830923,330.75,11.26,-0.5371717645831775
2018-01-19,3.7967,10.345632881830923,330.75,11.24,-0.978039747535342
2018-01-22,3.7777,10.345632881830923,330.75,11.24,-1.1668367213457875
2018-01-23,3.8098,10.345632881830923,330.75,11.24,-0.03935664996195243
2018-01-24,3.7874,10.345632881830923,330.75,11.24,-0.5592459369338609
2018-01-25,3.7558,10.345632881830923,330.75,11.24,-1.238528491414459
2018-01-26,3.7421,10.345632881830923,330.75,11.28,-2.031573160195821
2018-01-29,3.7371,10.345632881830923,330.75,11.28,-1.9236825530128066
2018-01-30,3.7728,10.345632881830923,330.75,11.28,0.023860653781926366
2018-01-31,3.7795,10.345632881830923,330.75,11.28,0.2014899652694968
2018-02-01,3.754,10.259125657742342,333.17,11.28,-0.29746095824922936
2018-02-02,3.7567,10.259125657742342,333.17,11.21,-0.13291862721641623
2018-02-05,3.7454,10.259125657742342,333.17,11.21,-0.38829787234041513
2018-02-06,3.7632,10.259125657742342,333.17,11.21,0.46988466467321466
2018-02-07,3.7786,10.259125657742342,333.17,11.21,0.8864206760292648
2018-02-08,3.7714,10.259125657742342,333.17,11.21,0.42605315013048983
2018-02-09,3.8073,10.259125657742342,333.17,11.33,0.6051157382940486
2018-02-12,3.8119,10.259125657742342,333.17,11.33,0.5274400696220871
2018-02-13,3.8068,10.259125657742342,333.17,11.33,1.1854765828504643
2018-02-14,3.7963,10.259125657742342,333.17,11.33,0.9842257867156201
2018-02-15,3.7973,10.259125657742342,333.17,11.33,-0.46395806028833864
2018-02-16,3.7721,10.259125657742342,333.17,11.27,-1.1063628975172324
2018-02-19,3.7523,10.259125657742342,333.17,11.27,-1.1694366160086345
2018-02-20,3.7531,10.259125657742342,333.17,11.27,-0.6511898774386515
2018-02-21,3.7698,10.259125657742342,333.17,11.27,-1.0499238805186661
2018-02-22,3.7845,10.259125657742342,333.17,11.27,-0.07656967840734552
2018-02-23,3.7994,10.259125657742342,333.17,11.61,1.1608711858991372
2018-02-26,3.7816,10.259125657742342,333.17,11.61,1.0555570401646008
2018-02-27,3.7754,10.259125657742342,333.17,11.61,1.0248588477696607
2018-02-28,3.7833,10.259125657742342,333.17,11.61,0.2783078880407075
2018-03-01,3.7997,10.23456951906696,336.48,11.61,0.5344622304537694
2018-03-02,3.8082,10.23456951906696,336.48,11.28,1.4437932871603554
2018-03-05,3.8038,10.23456951906696,336.48,11.28,1.2537599488913198
2018-03-06,3.8161,10.23456951906696,336.48,11.28,1.887648849255097
2018-03-07,3.8001,10.23456951906696,336.48,11.28,0.9805484693877542
2018-03-08,3.7971,10.23456951906696,336.48,11.28,0.4895993225003892
2018-03-09,3.8089,10.23456951906696,336.48,11.47,0.9943257145887507
2018-03-12,3.8164,10.23456951906696,336.48,11.47,0.2390145247288089
2018-03-13,3.8151,10.23456951906696,336.48,11.47,0.08394763766101931
2018-03-14,3.856,10.23456951906696,336.48,11.47,1.292424083219501
2018-03-15,3.8597,10.23456951906696,336.48,11.47,1.6700471511735149
2018-03-16,3.8875,10.23456951906696,336.48,11.54,2.3753719748242252
2018-03-19,3.9039,10.23456951906696,336.48,11.54,3.4940749184804165
2018-03-20,3.9362,10.23456951906696,336.48,11.54,4.900994056978392
2018-03-21,3.9356,10.23456951906696,336.48,11.54,4.862646878580379
2018-03-22,3.9276,10.23456951906696,336.48,11.54,4.185898456151516
2018-03-23,3.9087,10.23456951906696,336.48,11.73,3.281807372175982
2018-03-26,3.9608,10.23456951906696,336.48,11.73,4.248039164078543
2018-03-27,3.9742,10.23456951906696,336.48,11.73,5.093082293209217
2018-03-28,3.9757,10.23456951906696,336.48,11.73,5.305398103512204
2018-03-29,3.9931,10.23456951906696,336.48,11.73,5.5454233076943416
2018-03-30,3.9949,10.23456951906696,336.48,11.75,5.137247677448209
2018-04-02,3.9489,10.849529476441466,342.78,11.75,3.694658893965652
2018-04-03,3.9577,10.849529476441466,342.78,11.75,4.045954045954048
2018-04-04,3.976,10.849529476441466,342.78,11.75,4.19014176777337
2018-04-05,4.0076,10.849529476441466,342.78,11.75,5.460382621509963
2018-04-06,4.0269,10.849529476441466,342.78,11.51,6.051987042743168
2018-04-09,4.0527,10.849529476441466,342.78,11.51,6.400798130693897
2018-04-10,4.0561,10.849529476441466,342.78,11.51,6.280788177339902
2018-04-11,4.0707,10.849529476441466,342.78,11.51,6.699693323897149
2018-04-12,4.1453,10.849529476441466,342.78,11.51,7.502593360995857
2018-04-13,4.1284,10.849529476441466,342.78,11.79,6.961680959660077
2018-04-16,4.0785,10.849529476441466,342.78,11.79,4.91318327974275
2018-04-17,4.096,10.849529476441466,342.78,11.79,4.92072030533568
2018-04-18,4.098,10.849529476441466,342.78,11.79,4.110563487627661
2018-04-19,4.0964,10.849529476441466,342.78,11.79,4.085781075312522
2018-04-20,4.0273,10.849529476441466,342.78,11.71,2.53844587025156
2018-04-23,4.0332,10.849529476441466,342.78,11.71,3.18520224115435
2018-04-24,4.0332,10.849529476441466,342.78,11.71,1.8279135528176171
2018-04-25,4.0848,10.849529476441466,342.78,11.71,2.7829500276785435
2018-04-26,4.0758,10.849529476441466,342.78,11.71,2.51779560832055
2018-04-27,4.0668,10.849529476441466,342.78,11.77,1.8456838045628698
2018-04-30,4.0535,10.849529476441466,342.78,11.77,1.4668702595809657
2018-05-01,4.0399,12.1470654518528,348.34,11.77,2.3044392109194956
2018-05-02,4.0399,12.1470654518528,348.34,11.77,2.0769638931702916
2018-05-03,4.1208,12.1470654518528,348.34,11.77,3.6418511066398374
2018-05-04,4.1908,12.1470654518528,348.34,11.58,4.571314502445367
2018-05-07,4.255,12.1470654518528,348.34,11.58,5.664406863840665
2018-05-08,4.2558,12.1470654518528,348.34,11.58,5.011473832259972
2018-05-09,4.2817,12.1470654518528,348.34,11.58,5.561993047508684
2018-05-10,4.2878,12.1470654518528,348.34,11.58,5.333235070135345
2018-05-11,4.2666,12.1470654518528,348.34,11.76,2.9262055822256716
2018-05-14,4.2572,12.1470654518528,348.34,11.76,3.119852727448902
2018-05-15,4.32,12.1470654518528,348.34,11.76,5.921294593600601
2018-05-16,4.3945,12.1470654518528,348.34,11.76,7.28759765625
2018-05-17,4.4581,12.1470654518528,348.34,11.76,8.787213274768192
2018-05-18,4.4402,12.1470654518528,348.34,11.92,8.392735084464409
2018-05-21,4.4652,12.1470654518528,348.34,11.92,10.873289797134555
2018-05-22,4.5534,12.1470654518528,348.34,11.92,12.897947039571566
2018-05-23,4.5781,12.1470654518528,348.34,11.92,13.510363978974516
2018-05-24,4.8464,12.1470654518528,348.34,11.92,18.644731688209948
2018-05-25,4.7028,12.1470654518528,348.34,12.61,15.383482997203002
2018-05-28,4.7207,12.1470654518528,348.34,12.61,16.078981017015835
2018-05-29,4.5966,12.1470654518528,348.34,12.61,13.398297767361544
2018-05-30,4.5962,12.1470654518528,348.34,12.61,13.770142825317432
2018-05-31,4.4834,12.1470654518528,348.34,12.61,10.977994504814447
2018-06-01,4.4808,15.385112014978386,357.44,12.8,8.736167734420519
2018-06-04,4.5922,15.385112014978386,357.44,12.8,9.578123508637958
2018-06-05,4.6284,15.385112014978386,357.44,12.8,8.77555816686253
2018-06-06,4.6073,15.385112014978386,357.44,12.8,8.259316697213226
2018-06-07,4.6095,15.385112014978386,357.44,12.8,7.655837634584395
2018-06-08,4.5489,15.385112014978386,357.44,13.78,6.089369840011183
2018-06-11,4.5024,15.385112014978386,357.44,13.78,5.526648853888316
2018-06-12,4.5136,15.385112014978386,357.44,13.78,6.0227379498261735
2018-06-13,4.5491,15.385112014978386,357.44,13.78,5.303240740740733
2018-06-14,4.6484,15.385112014978386,357.44,13.78,5.777676641256102
2018-06-18,4.6484,15.385112014978386,357.44,14.25,4.268634620129652
2018-06-19,4.7151,15.385112014978386,357.44,14.25,6.191162560245034
2018-06-20,4.7545,15.385112014978386,357.44,14.25,6.478993102212671
2018-06-21,4.7488,15.385112014978386,357.44,14.25,4.291298809680688
2018-06-22,4.7524,15.385112014978386,357.44,14.74,3.80725628535854
2018-06-25,4.7077,15.385112014978386,357.44,14.74,-2.861918124793661
2018-06-26,4.6397,15.385112014978386,357.44,14.74,-1.3417538487709324
2018-06-27,4.674,15.385112014978386,357.44,14.74,-0.9892600673628849
2018-06-28,4.6349,15.385112014978386,357.44,14.74,0.8332245572814756
2018-06-29,4.6083,15.385112014978386,357.44,14.85,0.2632609547017051
2018-07-02,4.5607,15.849020113460544,359.41,14.85,1.724137931034475
2018-07-03,4.6225,15.849020113460544,359.41,14.85,3.162381717550411
2018-07-04,4.656,15.849020113460544,359.41,14.85,1.389312312181512
2018-07-05,4.6987,15.849020113460544,359.41,14.85,1.518883415435135
2018-07-06,4.6427,15.849020113460544,359.41,14.91,0.7683458858767533
2018-07-09,4.6004,15.849020113460544,359.41,14.91,-0.19741837509491544
2018-07-10,4.5304,15.849020113460544,359.41,14.91,-0.4066917276704163
2018-07-11,4.705,15.849020113460544,359.41,14.91,4.499822316986513
2018-07-12,4.7488,15.849020113460544,359.41,14.91,5.210918114143914
2018-07-13,4.8176,15.849020113460544,359.41,15.34,5.902266382361332
2018-07-16,4.842,15.849020113460544,359.41,15.34,4.1648739351174635
2018-07-17,4.8357,15.849020113460544,359.41,15.34,4.029343429997434
2018-07-18,4.8365,15.849020113460544,359.41,15.34,2.5747067930690815
2018-07-19,4.7908,15.849020113460544,359.41,15.34,0.7634872226311762
2018-07-20,4.823,15.849020113460544,359.41,15.52,1.5625
2018-07-23,4.8,15.849020113460544,359.41,15.52,1.0015991919872125
2018-07-24,4.7538,15.849020113460544,359.41,15.52,0.9792467659366588
2018-07-25,4.7775,15.849020113460544,359.41,15.52,2.9700196133370493
2018-07-26,4.854,15.849020113460544,359.41,15.52,3.8510911424903593
2018-07-27,4.8183,15.849020113460544,359.41,15.66,3.9569354247124933
2018-07-30,4.8568,15.849020113460544,359.41,15.66,5.392444068311519
2018-07-31,4.885,15.849020113460544,359.41,15.66,7.1107505426798445
2018-08-01,4.8999,17.89642456309124,367.66,15.66,6.001081665765273
2018-08-02,4.9223,17.89642456309124,367.66,15.66,5.719501718213071
2018-08-03,5.0504,17.89642456309124,367.66,15.41,7.485049056121906
2018-08-06,5.0778,17.89642456309124,367.66,15.41,9.37170181144593
2018-08-07,5.1464,17.89642456309124,367.66,15.41,11.868533171028606
2018-08-08,5.2634,17.89642456309124,367.66,15.41,16.179586791453282
2018-08-09,5.2813,17.89642456309124,367.66,15.41,12.248671625929862
2018-08-10,5.3988,17.89642456309124,367.66,15.79,13.687668463611846
2018-08-13,5.9389,17.89642456309124,367.66,15.79,23.275074726004675
2018-08-14,6.8798,17.89642456309124,367.66,15.79,42.08591491119373
2018-08-15,6.5465,17.89642456309124,367.66,15.79,35.37853878445727
2018-08-16,6.136,17.89642456309124,367.66,15.79,26.868603328853503
2018-08-17,5.7982,17.89642456309124,367.66,16.76,21.02780328963847
2018-08-20,5.9944,17.89642456309124,367.66,16.76,24.287787684014074
2018-08-27,5.9944,17.89642456309124,367.66,16.34,24.883333333333326
2018-08-28,6.1901,17.89642456309124,367.66,16.34,30.213723757835844
2018-08-29,6.2186,17.89642456309124,367.66,16.34,30.164311878597605
2018-08-31,6.4063,17.89642456309124,367.66,17.38,31.97981046559537
2018-09-03,6.5498,24.518924429718346,390.84,17.38,35.93591100595648
2018-09-04,6.6213,24.518924429718346,390.84,17.38,36.33050568275409
2018-09-05,6.6797,24.518924429718346,390.84,17.38,36.73899692937566
2018-09-06,6.6824,24.518924429718346,390.84,17.38,36.37829343455989
2018-09-07,6.5863,24.518924429718346,390.84,18.3,33.80533490441459
2018-09-10,6.469,24.518924429718346,390.84,18.3,28.088864248376378
2018-09-11,6.4533,24.518924429718346,390.84,18.3,27.0885028949545
2018-09-12,6.4538,24.518924429718346,390.84,18.3,25.404166018964712
2018-09-13,6.3945,24.518924429718346,390.84,18.3,21.489911464072662
2018-09-14,6.3566,24.518924429718346,390.84,21.15,20.360517296877667
2018-09-17,6.0659,24.518924429718346,390.84,21.15,12.356449581388462
2018-09-18,6.2608,24.518924429718346,390.84,21.15,5.42019565912879
2018-09-19,6.3635,24.518924429718346,390.84,21.15,-7.504578621471558
2018-09-20,6.3095,24.518924429718346,390.84,21.15,-3.620255098144043
2018-09-21,6.2718,24.518924429718346,390.84,22.59,2.213168187744463
2018-09-24,6.2671,24.518924429718346,390.84,22.59,8.086992514918423
2018-09-25,6.2287,24.518924429718346,390.84,22.59,3.908648071533438
2018-09-26,6.124,24.518924429718346,390.84,22.59,2.162017883357792
2018-09-27,6.1242,24.518924429718346,390.84,22.59,-1.0646031566533654
2018-09-28,6.0752,24.518924429718346,390.84,22.78,-2.305985269996469
2018-10-01,5.9902,25.24032459425718,401.27,22.78,-6.495168818194596
2018-10-02,5.9659,25.24032459425718,401.27,22.78,-8.914776023695381
2018-10-03,6.0082,25.24032459425718,401.27,22.78,-9.259510972165575
2018-10-04,6.0289,25.24032459425718,401.27,22.78,-9.742952527808136
2018-10-05,6.1244,25.24032459425718,401.27,22.57,-8.35029330779362
2018-10-08,6.1543,25.24032459425718,401.27,22.57,-6.559069583833099
2018-10-09,6.1516,25.24032459425718,401.27,22.57,-4.906477044365431
2018-10-10,6.1156,25.24032459425718,401.27,22.57,-5.2329815753180515
2018-10-11,6.0885,25.24032459425718,401.27,22.57,-5.660231181629438
2018-10-12,5.9833,25.24032459425718,401.27,22.91,-6.4305262334819036
2018-10-15,5.9042,25.24032459425718,401.27,22.91,-7.1170122392474
2018-10-16,5.8113,25.24032459425718,401.27,22.91,-4.197233716348769
2018-10-17,5.7794,25.24032459425718,401.27,22.91,-7.689113212369025
2018-10-18,5.6825,25.24032459425718,401.27,22.91,-10.701657892669125
2018-10-19,5.5498,25.24032459425718,401.27,22.89,-12.040573738014103
2018-10-22,5.6134,25.24032459425718,401.27,22.89,-10.49778373034853
2018-10-23,5.6481,25.24032459425718,401.27,22.89,-9.876976592044162
2018-10-24,5.771,25.24032459425718,401.27,22.89,-7.348242811501593
2018-10-25,5.717,25.24032459425718,401.27,22.89,-6.645983017635537
2018-10-26,5.6797,25.24032459425718,401.27,23.04,-7.2580908526827965
2018-10-30,5.6186,25.24032459425718,401.27,23.04,-7.515801948907031
2018-10-31,5.5203,25.24032459425718,401.27,23.04,-7.844479316216491
2018-11-01,5.4981,21.618795743895692,395.48,23.04,-7.84123099616153
2018-11-02,5.5704,21.618795743895692,395.48,22.36,-7.286708165507139
2018-11-05,5.4613,21.618795743895692,395.48,22.36,-9.414652755892462
2018-11-06,5.447,21.618795743895692,395.48,22.36,-11.060675331461034
2018-11-07,5.3418,21.618795743895692,395.48,22.36,-13.202151341338574
2018-11-08,5.3575,21.618795743895692,395.48,22.36,-12.908836725404772
2018-11-09,5.4095,21.618795743895692,395.48,22.37,-11.545882660736462
2018-11-12,5.4819,21.618795743895692,395.48,22.37,-9.963045084996292
2018-11-13,5.4764,21.618795743895692,395.48,22.37,-8.471913492554272
2018-11-14,5.477,21.618795743895692,395.48,22.37,-7.235527251786866
2018-11-15,5.4625,21.618795743895692,395.48,22.37,-6.002099358147051
2018-11-16,5.4177,21.618795743895692,395.48,21.9,-6.258435131674567
2018-11-19,5.3412,21.618795743895692,395.48,21.9,-6.006159260888699
2018-11-20,5.3231,21.618795743895692,395.48,21.9,-4.0848318858337285
2018-11-21,5.3272,21.618795743895692,395.48,21.9,-5.098514269426724
2018-11-22,5.3497,21.618795743895692,395.48,21.9,-5.28319257803509
2018-11-23,5.3029,21.618795743895692,395.48,21.92,-8.111245884595386
2018-11-26,5.2771,21.618795743895692,395.48,21.92,-7.694595067343013
2018-11-27,5.2444,21.618795743895692,395.48,21.92,-7.664137190344567
2018-11-28,5.2366,21.618795743895692,395.48,21.92,-6.798846687786986
2018-11-29,5.2486,21.618795743895692,395.48,21.92,-4.921833958299371
2018-11-30,5.1649,21.618795743895692,395.48,21.66,-6.06027536785434
2018-12-03,5.157,20.30176231636174,393.88,21.66,-7.421370099095226
2018-12-04,5.1906,20.30176231636174,393.88,21.66,-4.956695292329661
2018-12-05,5.2723,20.30176231636174,393.88,21.66,-3.2072700569120594
2018-12-06,5.3733,20.30176231636174,393.88,21.66,0.5896888689205904
2018-12-07,5.3608,20.30176231636174,393.88,21.14,0.0615958936071026
2018-12-10,5.3257,20.30176231636174,393.88,21.14,-1.549126536648493
2018-12-11,5.281,20.30176231636174,393.88,21.14,-3.664787756069987
2018-12-12,5.3505,20.30176231636174,393.88,21.14,-2.2989555182236443
2018-12-13,5.3633,20.30176231636174,393.88,21.14,-2.075953989410273
2018-12-14,5.3611,20.30176231636174,393.88,21.44,-1.8562929061784916
2018-12-17,5.371,20.30176231636174,393.88,21.44,-0.8619894050980959
2018-12-18,5.3766,20.30176231636174,393.88,21.44,0.6627724106942345
2018-12-19,5.3504,20.30176231636174,393.88,21.44,0.5128590482989193
2018-12-20,5.3314,20.30176231636174,393.88,21.44,0.07884066676677737
2018-12-21,5.26,20.30176231636174,393.88,21.52,-1.6767295362356882
2018-12-24,5.2746,20.30176231636174,393.88,21.52,-0.5336702558977113
2018-12-25,5.2926,20.30176231636174,393.88,21.52,0.2937219306058392
2018-12-26,5.3034,20.30176231636174,393.88,21.52,1.1250095339791155
2018-12-27,5.2832,20.30176231636174,393.88,21.52,0.8898903868922448
2018-12-28,5.2889,20.30176231636174,393.88,21.43,0.7678238006325611
2018-12-31,5.2609,20.30176231636174,393.88,21.43,1.858700071637398
2019-01-02,5.281,20.35374149659863,398.07,21.43,2.4044987395772655
2019-01-03,5.3316,20.35374149659863,398.07,21.43,2.7164489654375235
2019-01-04,5.4588,20.35374149659863,398.07,20.85,3.5373556132996864
2019-01-07,5.4088,20.35374149659863,398.07,20.85,0.6606740736605055
2019-01-08,5.3597,20.35374149659863,398.07,20.85,-0.02051932547381119
2019-01-09,5.4264,20.35374149659863,398.07,20.85,1.8908312522297521
2019-01-10,5.4973,20.35374149659863,398.07,20.85,4.095815186517715
2019-01-11,5.4626,20.35374149659863,398.07,20.75,2.09513129614054
2019-01-14,5.4242,20.35374149659863,398.07,20.75,1.1354949378181267
2019-01-15,5.5103,20.35374149659863,398.07,20.75,2.78301094924549
2019-01-16,5.4401,20.35374149659863,398.07,20.75,1.286538819586669
2019-01-17,5.4037,20.35374149659863,398.07,20.75,0.5040360078860218
2019-01-18,5.3563,20.35374149659863,398.07,20.17,0.11027212918661711
2019-01-21,5.3429,20.35374149659863,398.07,20.17,0.2157031924072461
2019-01-22,5.3369,20.35374149659863,398.07,20.17,1.4619771863117803
2019-01-23,5.3454,20.35374149659863,398.07,20.17,1.3422818791946067
2019-01-24,5.3142,20.35374149659863,398.07,20.17,0.40811699353813236
2019-01-25,5.274,20.35374149659863,398.07,19.97,-0.5543613530942348
2019-01-28,5.2641,20.35374149659863,398.07,19.97,-0.3615233192004852
2019-01-29,5.2763,20.35374149659863,398.07,19.97,-0.23823479362438116
2019-01-30,5.3339,20.35374149659863,398.07,19.97,1.3875952783744205
2019-01-31,5.2781,20.35374149659863,398.07,19.97,-0.05491384207535477
2019-02-01,5.2109,19.671639103160544,398.71,19.58,-2.263860754745295
2019-02-04,5.1945,19.671639103160544,398.71,19.58,-4.84172345570456
2019-02-05,5.2194,19.671639103160544,398.71,19.58,-3.501700931814822
2019-02-06,5.1979,19.671639103160544,398.71,19.58,-3.0188256805418257
2019-02-07,5.2089,19.671639103160544,398.71,19.58,-4.008182220256529
2019-02-08,5.2407,19.671639103160544,398.71,19.39,-4.667745984392335
2019-02-11,5.2438,19.671639103160544,398.71,19.39,-4.005418665104532
2019-02-12,5.2556,19.671639103160544,398.71,19.39,-3.108292467091911
2019-02-13,5.2638,19.671639103160544,398.71,19.39,-4.473440647514659
2019-02-14,5.2429,19.671639103160544,398.71,19.39,-3.624933365195504
2019-02-15,5.2867,19.671639103160544,398.71,19.22,-2.165183115272873
2019-02-18,5.2601,19.671639103160544,398.71,19.22,-1.7960159065026127
2019-02-19,5.2922,19.671639103160544,398.71,19.22,-0.948922869602653
2019-02-20,5.3052,19.671639103160544,398.71,19.22,-0.5939777773613875
2019-02-21,5.2964,19.671639103160544,398.71,19.22,-0.916676020503604
2019-02-22,5.3141,19.671639103160544,398.71,19.23,-0.0018817507809187894
2019-02-25,5.3168,19.671639103160544,398.71,19.23,0.8115282518012856
2019-02-26,5.3058,19.671639103160544,398.71,19.23,0.7921582036815256
2019-02-27,5.2949,19.671639103160544,398.71,19.23,0.3525197581638606
2019-02-28,5.2905,19.671639103160544,398.71,19.23,-0.8136635482480004
2019-03-01,5.3177,19.712910128388007,402.81,18.97,0.7502699835167936
2019-03-04,5.3442,19.712910128388007,402.81,18.97,2.5580993686311393
2019-03-05,5.3781,19.712910128388007,402.81,18.97,3.53450765232457
2019-03-06,5.3671,19.712910128388007,402.81,18.97,2.829827183201128
2019-03-07,5.379,19.712910128388007,402.81,18.97,3.4840993478135296
2019-03-08,5.4309,19.712910128388007,402.81,18.71,4.261936301330427
2019-03-11,5.4544,19.712910128388007,402.81,18.71,4.07769954395405
2019-03-12,5.4345,19.712910128388007,402.81,18.71,3.636675693199587
2019-03-13,5.4359,19.712910128388007,402.81,18.71,3.4306263794809277
2019-03-14,5.4523,19.712910128388007,402.81,18.71,3.581063110300553
2019-03-15,5.4617,19.712910128388007,402.81,19.03,4.173262888859242
2019-03-18,5.4564,19.712910128388007,402.81,19.03,3.209941929748239
2019-03-19,5.4544,19.712910128388007,402.81,19.03,3.6938461245983767
2019-03-20,5.4642,19.712910128388007,402.81,19.03,3.250066135066687
2019-03-21,5.47,19.712910128388007,402.81,19.03,3.1063861871371445
2019-03-22,5.4392,19.712910128388007,402.81,19.11,2.6961709840646275
2019-03-25,5.5274,19.712910128388007,402.81,19.11,4.013849946369108
2019-03-26,5.6458,19.712910128388007,402.81,19.11,6.187932591032208
2019-03-27,5.4945,19.712910128388007,402.81,19.11,3.556485355648542
2019-03-28,5.3307,19.712910128388007,402.81,19.11,0.6761223063702859
2019-03-29,5.5423,19.712910128388007,402.81,19.51,4.759474529817598
2019-04-01,5.6284,19.50230468522085,409.63,19.51,5.8427515655264495
2019-04-02,5.5986,19.50230468522085,409.63,19.51,4.760300886942859
2019-04-03,5.5569,19.50230468522085,409.63,19.51,3.3245941875383433
2019-04-04,5.6067,19.50230468522085,409.63,19.51,4.464235807046646
2019-04-05,5.6291,19.50230468522085,409.63,19.2,4.649563115820787
2019-04-08,5.5923,19.50230468522085,409.63,19.2,2.9718831132961254
2019-04-09,5.6671,19.50230468522085,409.63,19.2,3.899603989439715
2019-04-10,5.6576,19.50230468522085,409.63,19.2,4.105253473180626
2019-04-11,5.6727,19.50230468522085,409.63,19.2,4.356224360271521
2019-04-12,5.7112,19.50230468522085,409.63,19.52,4.7484547805513255
2019-04-15,5.7827,19.50230468522085,409.63,19.52,5.877290953366154
2019-04-16,5.7852,19.50230468522085,409.63,19.52,6.025951176599942
2019-04-17,5.7892,19.50230468522085,409.63,19.52,6.138163684364928
2019-04-18,5.7427,19.50230468522085,409.63,19.52,5.096811976135585
2019-04-19,5.8094,19.50230468522085,409.63,20.59,6.204753199268742
2019-04-22,5.7921,19.50230468522085,409.63,20.59,6.488086483306366
2019-04-24,5.8253,19.50230468522085,409.63,20.59,5.389514057242106
2019-04-25,5.8598,19.50230468522085,409.63,20.59,3.790428282971403
2019-04-26,5.8927,19.50230468522085,409.63,21.03,7.247247247247235
2019-04-29,5.9233,19.50230468522085,409.63,21.03,11.116738889826848
2019-04-30,5.9282,19.50230468522085,409.63,21.03,6.962813272468105
2019-05-02,5.9563,18.71160360567261,413.52,21.03,5.825811953663562
2019-05-03,5.9571,18.71160360567261,413.52,21.07,6.403386560925939
2019-05-06,5.9602,18.71160360567261,413.52,21.07,7.257643650236645
2019-05-07,5.9915,18.71160360567261,413.52,21.07,6.8632172222519605
2019-05-08,6.1475,18.71160360567261,413.52,21.07,9.209287452701131
2019-05-09,6.1607,18.71160360567261,413.52,21.07,10.163975466266129
2019-05-10,6.2026,18.71160360567261,413.52,21.73,9.44927740819821
2019-05-13,6.1129,18.71160360567261,413.52,21.73,8.047582013574651
2019-05-14,6.0827,18.71160360567261,413.52,21.73,7.227598850635508
2019-05-15,6.0438,18.71160360567261,413.52,21.73,5.823644768174829
2019-05-16,6.0529,18.71160360567261,413.52,21.73,4.672557801718913
2019-05-17,5.9999,18.71160360567261,413.52,22.04,3.7111940814492206
2019-05-20,6.0463,18.71160360567261,413.52,22.04,4.44102812132936
2019-05-21,6.04,18.71160360567261,413.52,22.04,5.177007331046379
2019-05-22,6.0425,18.71160360567261,413.52,22.04,4.012462560677532
2019-05-23,6.0762,18.71160360567261,413.52,22.04,4.904956751437317
2019-05-24,6.1252,18.71160360567261,413.52,22.49,5.148232709045031
2019-05-27,6.0656,18.71160360567261,413.52,22.49,3.5120652581999368
2019-05-28,6.046,18.71160360567261,413.52,22.49,2.601523919425741
2019-05-29,6.0392,18.71160360567261,413.52,22.49,1.9566795536271941
2019-05-30,6.0152,18.71160360567261,413.52,22.49,1.467561823150354
2019-05-31,5.9235,18.71160360567261,413.52,22.41,-0.5506774339774645
2019-06-03,5.8613,15.720120859444942,413.63,22.41,-1.6081650467509312
2019-06-07,5.8613,15.720120859444942,413.63,21.68,-1.65934029059428
2019-06-10,5.8354,15.720120859444942,413.63,21.68,-2.605357589919055
2019-06-11,5.807,15.720120859444942,413.63,21.68,-5.538836925579494
2019-06-12,5.7791,15.720120859444942,413.63,21.68,-6.194101319655243
2019-06-13,5.7997,15.720120859444942,413.63,21.68,-6.495663109018812
2019-06-14,5.8264,15.720120859444942,413.63,22.27,-4.6868098611133835
2019-06-17,5.8826,15.720120859444942,413.63,22.27,-3.2896575533891137
2019-06-18,5.8704,15.720120859444942,413.63,22.27,-2.869055891988481
2019-06-19,5.841,15.720120859444942,413.63,22.27,-3.5008012688132917
2019-06-20,5.8518,15.720120859444942,413.63,22.27,-2.468374472907886
2019-06-21,5.7311,15.720120859444942,413.63,22.39,-5.213105535616824
2019-06-24,5.7915,15.720120859444942,413.63,22.39,-4.114238410596027
2019-06-25,5.7444,15.720120859444942,413.63,22.39,-4.933388498138203
2019-06-26,5.7904,15.720120859444942,413.63,22.39,-4.70359764326388
2019-06-27,5.763,15.720120859444942,413.63,22.39,-5.913276301182013
2019-06-28,5.7665,15.720120859444942,413.63,22.34,-4.93108678448958
2019-07-01,5.7551,16.646726579672233,419.24,22.34,-4.81144558385711
2019-07-02,5.6792,16.646726579672233,419.24,22.34,-5.961054444297265
2019-07-03,5.6669,16.646726579672233,419.24,22.34,-5.790331161058648
2019-07-04,5.6292,16.646726579672233,419.24,22.34,-4.968346416814384
2019-07-05,5.5934,16.646726579672233,419.24,21.45,-4.570658386364801
2019-07-08,5.6007,16.646726579672233,419.24,21.45,-4.4461126371282855
2019-07-09,5.7227,16.646726579672233,419.24,21.45,-1.9313157624156085
2019-07-10,5.7122,16.646726579672233,419.24,21.45,-1.6325124849319805
2019-07-11,5.7381,16.646726579672233,419.24,21.45,-0.7094530290183476
2019-07-12,5.6665,16.646726579672233,419.24,21.39,-2.2966705174405466
2019-07-16,5.6916,16.646726579672233,419.24,21.39,-2.3136070300700196
2019-07-17,5.7027,16.646726579672233,419.24,21.39,-3.058171556794609
2019-07-18,5.6929,16.646726579672233,419.24,21.39,-3.0236440446988366
2019-07-19,5.6912,16.646726579672233,419.24,21.28,-2.564629344290359
2019-07-22,5.6316,16.646726579672233,419.24,21.28,-3.762944734953355
2019-07-23,5.6684,16.646726579672233,419.24,21.28,-1.094030814328828
2019-07-24,5.6784,16.646726579672233,419.24,21.28,-1.9528619528619617
2019-07-25,5.7135,16.646726579672233,419.24,21.28,-0.5379151869646992
2019-07-26,5.6991,16.646726579672233,419.24,19.53,-1.5767477203647462
2019-07-29,5.6564,16.646726579672233,419.24,19.53,-1.8497310428596259
2019-07-30,5.6272,16.646726579672233,419.24,19.53,-2.415676753663387
2019-07-31,5.5709,16.646726579672233,419.24,19.53,-3.2006394328508603
2019-08-01,5.5227,15.008431703204028,422.84,19.53,-2.7556698126496637
2019-08-02,5.5815,15.008431703204028,422.84,18.47,-1.5069967707212029
2019-08-05,5.5809,15.008431703204028,422.84,18.47,-0.8580260072479251
2019-08-06,5.556,15.008431703204028,422.84,18.47,-0.6686451889727163
2019-08-07,5.5315,15.008431703204028,422.84,18.47,-1.2355598407341795
2019-08-08,5.4858,15.008431703204028,422.84,18.47,-4.139654358956424
2019-08-09,5.4744,15.008431703204028,422.84,18.09,-4.163019502118271
2019-08-15,5.4809,15.008431703204028,422.84,18.09,-4.482319931684708
2019-08-16,5.5714,15.008431703204028,422.84,17.84,-1.6782846554310504
2019-08-19,5.5398,15.008431703204028,422.84,17.84,-2.6670883407126422
2019-08-20,5.5775,15.008431703204028,422.84,17.84,-2.195451277465066
2019-08-21,5.7046,15.008431703204028,422.84,17.84,0.2055191554392266
2019-08-22,5.7096,15.008431703204028,422.84,17.84,0.3233061568737705
2019-08-23,5.7478,15.008431703204028,422.84,17.21,2.0633567724980484
2019-08-26,5.7538,15.008431703204028,422.84,17.21,1.5065979817938002
2019-08-27,5.8029,15.008431703204028,422.84,17.21,2.1925190194421074
2019-08-28,5.8257,15.008431703204028,422.84,17.21,1.9637700183775308
2019-08-29,5.7994,15.008431703204028,422.84,17.21,1.7599270060185024
2019-09-02,5.814,9.262102138982709,427.04,16.79,2.7862244537161462
2019-09-03,5.8044,9.262102138982709,427.04,16.79,3.1489906170031334
2019-09-04,5.7726,9.262102138982709,427.04,16.79,3.620599903067734
2019-09-05,5.6656,9.262102138982709,427.04,16.79,2.587502489724236
2019-09-06,5.6746,9.262102138982709,427.04,16.14,1.6680103914718192
2019-09-09,5.6932,9.262102138982709,427.04,16.14,2.0122202512139697
2019-09-10,5.7215,9.262102138982709,427.04,16.14,2.978761699064081
2019-09-11,5.7568,9.262102138982709,427.04,16.14,4.07303624694928
2019-09-12,5.7711,9.262102138982709,427.04,16.14,5.2006999890626515
2019-09-13,5.7283,9.262102138982709,427.04,15.08,4.637951190998102
2019-09-16,5.6665,9.262102138982709,427.04,15.08,3.3863051688591383
2019-09-17,5.7125,9.262102138982709,427.04,15.08,2.5325770901389433
2019-09-18,5.7227,9.262102138982709,427.04,15.08,3.3015632333297296
2019-09-19,5.6785,9.262102138982709,427.04,15.08,1.8108471537427118
2019-09-20,5.6917,9.262102138982709,427.04,14.65,-0.2261332959366147
2019-09-23,5.6889,9.262102138982709,427.04,14.65,-0.3625472887767933
2019-09-24,5.7183,9.262102138982709,427.04,14.65,-0.5132398482897704
2019-09-25,5.6743,9.262102138982709,427.04,14.65,-1.3816955750982074
2019-09-26,5.6882,9.262102138982709,427.04,14.65,-1.9765979079425788
2019-09-27,5.6659,9.262102138982709,427.04,14.42,-2.7430180064198395
2019-09-30,5.6591,9.262102138982709,427.04,14.42,-2.419215780942874
2019-10-01,5.6437,8.552844718020292,435.59,14.42,-2.9291365669074643
2019-10-02,5.6752,8.552844718020292,435.59,14.42,-2.2258975949279836
2019-10-03,5.728,8.552844718020292,435.59,14.42,-0.7726154592384682
2019-10-04,5.6854,8.552844718020292,435.59,13.63,0.3494775487150381
2019-10-07,5.6894,8.552844718020292,435.59,13.63,0.2608113347196239
2019-10-08,5.7343,8.552844718020292,435.59,13.63,0.7219138621513466
2019-10-09,5.816,8.552844718020292,435.59,13.63,1.6516647732238043
2019-10-10,5.8276,8.552844718020292,435.59,13.63,1.2298499166203403
2019-10-11,5.8704,8.552844718020292,435.59,13.52,1.720642511826176
2019-10-14,5.8417,8.552844718020292,435.59,13.52,1.979644920831669
2019-10-15,5.9103,8.552844718020292,435.59,13.52,4.3024794846907355
2019-10-16,5.8881,8.552844718020292,435.59,13.52,3.073960612691451
2019-10-17,5.8915,8.552844718020292,435.59,13.52,2.949656630611419
2019-10-18,5.8806,8.552844718020292,435.59,13.44,3.5590384784714324
2019-10-21,5.769,8.552844718020292,435.59,13.44,1.3581179612418115
2019-10-22,5.8124,8.552844718020292,435.59,13.44,2.170894197472273
2019-10-23,5.8303,8.552844718020292,435.59,13.44,1.9586240665932175
2019-10-24,5.7712,8.552844718020292,435.59,13.44,1.707699628147985
2019-10-25,5.7417,8.552844718020292,435.59,12.5,0.9405435814493046
2019-10-28,5.7584,8.552844718020292,435.59,12.5,1.6325738188107897
2019-10-30,5.7584,8.552844718020292,435.59,12.5,1.7546959763920178
2019-10-31,5.7363,8.552844718020292,435.59,12.5,1.640767581551117
2019-11-01,5.7083,10.56184889248508,437.25,11.95,0.5832393572032801
2019-11-04,5.7188,10.56184889248508,437.25,11.95,-0.16061452513965735
2019-11-05,5.6832,10.56184889248508,437.25,11.95,-0.038695606289784745
2019-11-06,5.7282,10.56184889248508,437.25,11.95,0.6819699792596889
2019-11-07,5.748,10.56184889248508,437.25,11.95,0.23891320649425118
2019-11-08,5.7366,10.56184889248508,437.25,11.62,-1.3651994497936637
2019-11-11,5.7429,10.56184889248508,437.25,11.62,-1.453428512595245
2019-11-12,5.7704,10.56184889248508,437.25,11.62,-1.7034614336331355
2019-11-13,5.7665,10.56184889248508,437.25,11.62,-1.2872965061540453
2019-11-14,5.7573,10.56184889248508,437.25,11.62,-2.5887010811634026
2019-11-15,5.757,10.56184889248508,437.25,11.41,-2.2265246853823806
2019-11-18,5.747,10.56184889248508,437.25,11.41,-2.4526860731562405
2019-11-19,5.7303,10.56184889248508,437.25,11.41,-2.555861646770752
2019-11-20,5.7153,10.56184889248508,437.25,11.41,-0.9308372334893456
2019-11-21,5.6964,10.56184889248508,437.25,11.41,-1.9957332599270572
2019-11-22,5.6896,10.56184889248508,437.25,11.29,-2.4132548925441144
2019-11-25,5.6919,10.56184889248508,437.25,11.29,-1.374064319378987
2019-11-26,5.7191,10.56184889248508,437.25,11.29,-0.39361164811815286
2019-11-27,5.7383,10.56184889248508,437.25,11.29,-0.3490552931369906
2019-11-28,5.7528,10.56184889248508,437.25,11.29,-0.09724923589886636
2019-11-29,5.7579,10.56184889248508,437.25,11.11,0.37654934365358717
2019-12-02,5.7403,11.836092210825644,440.5,11.11,0.5605872151078328
2019-12-03,5.7426,11.836092210825644,440.5,11.11,0.4161712247324756
2019-12-04,5.7365,11.836092210825644,440.5,11.11,0.9378519144144226
2019-12-05,5.736,11.836092210825644,440.5,11.11,0.13616842987325128
2019-12-06,5.7488,11.836092210825644,440.5,10.85,0.01391788448155129
2019-12-09,5.7479,11.836092210825644,440.5,10.85,0.1969807900149778
2019-12-10,5.7905,11.836092210825644,440.5,10.85,0.828849535948728
2019-12-11,5.7987,11.836092210825644,440.5,10.85,0.490433938721746
2019-12-12,5.7982,11.836092210825644,440.5,10.85,0.5497268707188141
2019-12-13,5.7875,11.836092210825644,440.5,10.3,0.5245514390425976
2019-12-16,5.7726,11.836092210825644,440.5,10.3,0.27097446586763496
2019-12-17,5.8344,11.836092210825644,440.5,10.3,1.52079345745606
2019-12-18,5.8558,11.836092210825644,440.5,10.3,2.190112210530004
2019-12-19,5.8991,11.836092210825644,440.5,10.3,3.215929172571874
2019-12-20,5.9252,11.836092210825644,440.5,9.96,4.016571869952967
2019-12-23,5.9115,11.836092210825644,440.5,9.96,3.900098425196852
2019-12-24,5.9291,11.836092210825644,440.5,9.96,4.167325497636987
2019-12-25,5.9364,11.836092210825644,440.5,9.96,3.7995488800685484
2019-12-26,5.9293,11.836092210825644,440.5,9.96,3.3285119286199816
2019-12-27,5.9302,11.836092210825644,440.5,9.83,3.0837157558058825
2019-12-30,5.937,11.836092210825644,440.5,9.83,3.1105090397540724
2019-12-31,5.9402,11.836092210825644,440.5,9.83,3.4823963904325517
2020-01-02,5.94,12.153641319365939,446.45,9.83,3.4374673492842955
2020-01-03,5.9478,12.153641319365939,446.45,9.59,3.6834306632964386
2020-01-06,5.9627,12.153641319365939,446.45,9.59,3.9522315202231484
2020-01-07,5.9658,12.153641319365939,446.45,9.59,3.7747008071249644
2020-01-08,5.9594,12.153641319365939,446.45,9.59,3.6796047252039887
2020-01-09,5.9571,12.153641319365939,446.45,9.59,2.8771263276055503
2020-01-10,5.881,12.153641319365939,446.45,9.48,1.4192836325383373
2020-01-13,5.8713,12.153641319365939,446.45,9.48,1.26073609051085
2020-01-14,5.8529,12.153641319365939,446.45,9.48,1.130021598272135
2020-01-15,5.8811,12.153641319365939,446.45,9.48,1.879568998371628
2020-01-16,5.8827,12.153641319365939,446.45,9.48,0.8278486219662762
2020-01-17,5.8684,12.153641319365939,446.45,9.17,0.215171283172233
2020-01-20,5.8564,12.153641319365939,446.45,9.17,-0.7238392297130081
2020-01-21,5.8979,12.153641319365939,446.45,9.17,-0.4607439411327907
2020-01-22,5.9191,12.153641319365939,446.45,9.17,0.12856297048127185
2020-01-23,5.9293,12.153641319365939,446.45,9.17,0.0033731932333580517
2020-01-24,5.9152,12.153641319365939,446.45,9.17,-0.35711879253420564
2020-01-27,5.9288,12.153641319365939,446.45,9.17,-0.0084326986322103
2020-01-28,5.9371,12.153641319365939,446.45,9.17,0.11635357998043272
2020-01-29,5.9334,12.153641319365939,446.45,9.17,-0.060636685194548345
2020-01-30,5.9405,12.153641319365939,446.45,9.17,0.005050335005551965
2020-01-31,5.9716,12.153641319365939,446.45,9.15,0.5319865319865169
2020-02-03,5.9726,12.367384816031702,448.02,9.15,0.4169608931033242
2020-02-04,5.9755,12.367384816031702,448.02,9.15,0.21466785181210035
2020-02-05,5.9714,12.367384816031702,448.02,9.15,0.09386838311711276
2020-02-06,5.976,12.367384816031702,448.02,9.15,0.278551532033422
2020-02-07,5.9783,12.367384816031702,448.02,8.92,0.3558778600325718
2020-02-10,5.9776,12.367384816031702,448.02,8.92,1.6425777928923635
2020-02-11,5.9951,12.367384816031702,448.02,8.92,2.108561987975399
2020-02-12,6.0271,12.367384816031702,448.02,8.92,2.9763023458456495
2020-02-13,6.0215,12.367384816031702,448.02,8.92,2.3873084967097835
2020-02-14,6.0459,12.367384816031702,448.02,9.05,2.7742363200571107
2020-02-17,6.047,12.367384816031702,448.02,9.05,3.0434189898439046
2020-02-18,6.0351,12.367384816031702,448.02,9.05,3.0513626118434445
2020-02-19,6.0578,12.367384816031702,448.02,9.05,2.711134471591592
2020-02-20,6.0581,12.367384816031702,448.02,9.05,2.3483299825986848
2020-02-21,6.0824,12.367384816031702,448.02,8.92,2.582092321184626
2020-02-24,6.1023,12.367384816031702,448.02,8.92,3.163037598052476
2020-02-25,6.1383,12.367384816031702,448.02,8.92,3.53359870462826
2020-02-26,6.1218,12.367384816031702,448.02,8.92,3.110946421653682
2020-02-27,6.1463,12.367384816031702,448.02,8.92,3.5881619307648327
2020-02-28,6.1593,12.367384816031702,448.02,9.02,3.6831916505344564
2020-03-02,6.2259,11.85918919589881,450.58,9.02,4.2584901868846
2020-03-03,6.2192,11.85918919589881,450.58,9.02,4.128855104979401
2020-03-04,6.1943,11.85918919589881,450.58,9.02,3.66161827462137
2020-03-05,6.0904,11.85918919589881,450.58,9.02,1.992832501590902
2020-03-06,6.0772,11.85918919589881,450.58,8.83,1.6934404283801996
2020-03-09,6.0821,11.85918919589881,450.58,8.83,1.7362795443520707
2020-03-10,6.1098,11.85918919589881,450.58,8.83,2.211589935760183
2020-03-11,6.1151,11.85918919589881,450.58,8.83,2.0016346683124464
2020-03-12,6.1502,11.85918919589881,450.58,8.83,2.0424416385989907
2020-03-13,6.2264,11.85918919589881,450.58,9.02,3.4028066096487564
2020-03-16,6.2711,11.85918919589881,450.58,9.02,3.724838320183932
2020-03-17,6.3628,11.85918919589881,450.58,9.02,5.222424342649257
2020-03-18,6.4528,11.85918919589881,450.58,9.02,6.9211777766731375
2020-03-19,6.4512,11.85918919589881,450.58,9.02,6.49410677143516
2020-03-20,6.5154,11.85918919589881,450.58,9.0,7.548571334246712
2020-03-23,6.4839,11.85918919589881,450.58,9.0,6.601012758121794
2020-03-24,6.5864,11.85918919589881,450.58,9.0,7.933074414565011
2020-03-25,6.4943,11.85918919589881,450.58,9.0,5.79965136927163
2020-03-26,6.4024,11.85918919589881,450.58,9.0,4.583619196968214
2020-03-27,6.456,11.85918919589881,450.58,9.04,5.038803833200478
2020-03-30,6.4346,11.85918919589881,450.58,9.04,4.4696637604922484
2020-03-31,6.516,11.85918919589881,450.58,9.04,4.659567291475919
2020-04-01,6.5696,10.936698972243253,454.43,9.04,5.6341651659377545
2020-04-02,6.6428,10.936698972243253,454.43,9.04,7.240527581809086
2020-04-03,6.6672,10.936698972243253,454.43,8.77,9.470642322343359
2020-04-06,6.6903,10.936698972243253,454.43,8.77,10.088527611399979
2020-04-07,6.7549,10.936698972243253,454.43,8.77,11.061968727906478
2020-04-08,6.7375,10.936698972243253,454.43,8.77,10.273658712232802
2020-04-09,6.7705,10.936698972243253,454.43,8.77,10.717731517064323
2020-04-10,6.7382,10.936698972243253,454.43,8.98,9.5606646938311
2020-04-13,6.6877,10.936698972243253,454.43,8.98,7.40877553642556
2020-04-14,6.7618,10.936698972243253,454.43,8.98,7.824783530800028
2020-04-15,6.7752,10.936698972243253,454.43,8.98,6.48142327277299
2020-04-16,6.8505,10.936698972243253,454.43,8.98,6.163215968261837
2020-04-17,6.9073,10.936698972243253,454.43,8.91,7.0700024801587436
2020-04-20,6.913,10.936698972243253,454.43,8.91,6.102464929244578
2020-04-21,6.9082,10.936698972243253,454.43,8.91,6.543901047209233
2020-04-22,6.9593,10.936698972243253,454.43,8.91,5.66166646422932
2020-04-24,6.9708,10.936698972243253,454.43,8.39,7.337203393745284
2020-04-27,6.9589,10.936698972243253,454.43,8.39,8.692052980132448
2020-04-28,6.9675,10.936698972243253,454.43,8.39,7.922862453531598
2020-04-29,6.9881,10.936698972243253,454.43,8.39,8.601933298107124
2020-04-30,6.9787,10.936698972243253,454.43,8.39,7.100982197667283
2020-05-04,6.9719,11.390017411491593,460.62,7.93,6.123660496833883
2020-05-05,7.0151,11.390017411491593,460.62,7.93,5.604564340338403
2020-05-06,7.055,11.390017411491593,460.62,7.93,5.816534677225804
2020-05-07,7.1334,11.390017411491593,460.62,7.93,6.6230213891753875
2020-05-08,7.2209,11.390017411491593,460.62,7.29,6.898695761595297
2020-05-11,7.096,11.390017411491593,460.62,7.29,5.320964749536183
2020-05-12,7.0676,11.390017411491593,460.62,7.29,4.388154493759688
2020-05-13,7.0121,11.390017411491593,460.62,7.29,4.064883796859697
2020-05-14,6.9789,11.390017411491593,460.62,7.29,4.354262302435807
2020-05-15,6.9543,11.390017411491593,460.62,7.26,2.8468750924310005
2020-05-18,6.9041,11.390017411491593,460.62,7.26,1.9025268626756464
2020-05-20,6.8596,11.390017411491593,460.62,7.26,0.13283701919568625
2020-05-21,6.7841,11.390017411491593,460.62,7.26,-1.7836202278748714
2020-05-22,6.7883,11.390017411491593,460.62,7.11,-1.803847822942295
2020-05-27,6.7917,11.390017411491593,460.62,7.11,-1.6864016675834592
2020-05-28,6.7607,11.390017411491593,460.62,7.11,-2.8537352894687618
2020-05-29,6.7894,11.390017411491593,460.62,7.04,-2.6022838124748926
2020-06-01,6.8138,12.622391992843852,465.84,7.04,-2.085099656554923
2020-06-02,6.8059,12.622391992843852,465.84,7.04,-2.3193397918909175
2020-06-03,6.7817,12.622391992843852,465.84,7.04,-2.953592535882432
2020-06-04,6.7308,12.622391992843852,465.84,7.04,-3.552237522747781
2020-06-05,6.7476,12.622391992843852,465.84,6.95,-3.2172004761973017
2020-06-08,6.7573,12.622391992843852,465.84,6.95,-3.674929794300874
2020-06-09,6.7714,12.622391992843852,465.84,6.95,-4.019844082211199
2020-06-10,6.7828,12.622391992843852,465.84,6.95,-4.914907337314601
2020-06-11,6.7777,12.622391992843852,465.84,6.95,-6.1377390629976825
2020-06-12,6.7827,12.622391992843852,465.84,7.02,-4.4151634723788025
2020-06-15,6.8142,12.622391992843852,465.84,7.02,-3.585375516441225
2020-06-16,6.822,12.622391992843852,465.84,7.02,-2.7110280800330844
2020-06-17,6.8254,12.622391992843852,465.84,7.02,-2.1994870251758947
2020-06-18,6.8333,12.622391992843852,465.84,7.02,-1.739930690364233
2020-06-19,6.845,12.622391992843852,465.84,7.02,-0.8560130936689836
2020-06-22,6.844,12.622391992843852,465.84,7.02,-0.22741850836783817
2020-06-23,6.8422,12.622391992843852,465.84,7.02,0.8564142627614624
2020-06-24,6.844,12.622391992843852,465.84,7.02,0.82052944036064
2020-06-25,6.8452,12.622391992843852,465.84,7.02,0.7877261952088599
2020-06-26,6.8434,12.622391992843852,465.84,7.0,1.2232461135681216
2020-06-29,6.8417,12.622391992843852,465.84,7.0,0.7703184375644545
2020-06-30,6.8422,12.622391992843852,465.84,7.0,0.4168011975696384
2020-07-01,6.8432,11.764144642686759,468.56,7.0,0.5480538944151458
2020-07-02,6.8432,11.764144642686759,468.56,7.0,0.9068522641815457
2020-07-03,6.8428,11.764144642686759,468.56,6.99,1.6639923931776268
2020-07-06,6.8422,11.764144642686759,468.56,6.99,1.4019799632461805
2020-07-07,6.8467,11.764144642686759,468.56,6.99,1.3230136297041728
2020-07-08,6.8519,11.764144642686759,468.56,6.99,1.188823581534093
2020-07-09,6.8523,11.764144642686759,468.56,6.99,1.0246505867783195
2020-07-10,6.853,11.764144642686759,468.56,6.96,1.1109963556958702
2020-07-13,6.8514,11.764144642686759,468.56,6.96,1.0128709805829583
2020-07-14,6.8528,11.764144642686759,468.56,6.96,0.5664641483960065
2020-07-16,6.8524,11.764144642686759,468.56,6.96,0.4456171210788673
2020-07-17,6.845,11.764144642686759,468.56,6.96,0.28716265713364386
2020-07-20,6.8439,11.764144642686759,468.56,6.96,0.15512270791564475
2020-07-21,6.8438,11.764144642686759,468.56,6.96,-0.017531044558072306
2020-07-22,6.8429,11.764144642686759,468.56,6.96,-0.016072472238459756
2020-07-23,6.8372,11.764144642686759,468.56,6.96,-0.07307591125661483
2020-07-24,6.8348,11.764144642686759,468.56,6.95,-0.1344243132670897
2020-07-27,6.8353,11.764144642686759,468.56,6.95,-0.14462689183661892
2020-07-28,6.8364,11.764144642686759,468.56,6.95,-0.10228833620714584
2020-07-29,6.8846,11.764144642686759,468.56,6.95,0.6270371398921171
2020-07-30,6.9372,11.764144642686759,468.56,6.95,1.3884423138756485
2020-08-04,6.9372,11.77040961120046,472.61,6.87,1.3736263736263687
2020-08-05,6.9334,11.77040961120046,472.61,6.87,1.3180967968202006
2020-08-06,6.9872,11.77040961120046,472.61,6.87,2.110247267200549
2020-08-07,7.1593,11.77040961120046,472.61,7.34,4.634474291894408
2020-08-10,7.2661,11.77040961120046,472.61,7.34,6.125578745965199
2020-08-11,7.2996,11.77040961120046,472.61,7.34,6.533954085728055
2020-08-12,7.2483,11.77040961120046,472.61,7.34,5.779081476292647
2020-08-13,7.2865,11.77040961120046,472.61,7.34,6.325696775134992
2020-08-14,7.3147,11.77040961120046,472.61,8.1,6.762121610181859
2020-08-17,7.3445,11.77040961120046,472.61,8.1,7.17516927387345
2020-08-18,7.3677,11.77040961120046,472.61,8.1,7.519992995154978
2020-08-19,7.3679,11.77040961120046,472.61,8.1,7.639152666179694
2020-08-20,7.3477,11.77040961120046,472.61,8.1,7.361299843656388
2020-08-21,7.2952,11.77040961120046,472.61,8.87,6.595750898623587
2020-08-24,7.2156,11.77040961120046,472.61,8.87,5.4465212117669415
2020-08-25,7.3372,11.77040961120046,472.61,8.87,7.312935119639619
2020-08-26,7.3674,11.77040961120046,472.61,8.87,7.792473810499212
2020-08-27,7.3459,11.77040961120046,472.61,8.87,7.470045206501541
2020-08-28,7.3174,11.77040961120046,472.61,8.83,7.035866830495574
2020-08-31,7.305,11.77040961120046,472.61,8.83,6.106382360630969
2020-09-01,7.3261,11.748313975271628,477.21,8.83,5.6060081877414625
2020-09-02,7.3421,11.748313975271628,477.21,8.83,5.836648792019838
2020-09-03,7.3563,11.748313975271628,477.21,8.83,6.099460582109795
2020-09-04,7.3994,11.748313975271628,477.21,9.22,5.899358827570422
2020-09-07,7.4133,11.748313975271628,477.21,9.22,3.5478328886902277
2020-09-08,7.4349,11.748313975271628,477.21,9.22,2.3231169403118646
2020-09-09,7.4537,11.748313975271628,477.21,9.22,2.1110745794290287
2020-09-10,7.467,11.748313975271628,477.21,9.22,3.0172592194031678
2020-09-11,7.4553,11.748313975271628,477.21,9.37,2.3166129142935477
2020-09-14,7.4396,11.748313975271628,477.21,9.37,1.7075204724732451
2020-09-15,7.4689,11.748313975271628,477.21,9.37,1.6937844645653177
2020-09-16,7.4668,11.748313975271628,477.21,9.37,1.3450601951762398
2020-09-17,7.4678,11.748313975271628,477.21,9.37,1.3558815944841873
2020-09-18,7.5152,11.748313975271628,477.21,9.48,2.279624916640577
2020-09-21,7.5344,11.748313975271628,477.21,9.48,3.2788682969623784
2020-09-22,7.572,11.748313975271628,477.21,9.48,4.939298187260932
2020-09-23,7.6251,11.748313975271628,477.21,9.48,3.923840157008107
2020-09-24,7.657,11.748313975271628,477.21,9.48,3.9308304150718065
2020-09-25,7.663,11.748313975271628,477.21,10.14,4.316693665854432
2020-09-28,7.5546,11.748313975271628,477.21,10.14,3.2415885423784374
2020-09-29,7.7507,11.748313975271628,477.21,10.14,6.1013004791238945
2020-09-30,7.808,11.748313975271628,477.21,10.14,6.577851790174849
2020-10-01,7.7522,11.889620973851557,487.38,10.14,5.585595401860499
2020-10-02,7.6946,11.889620973851557,487.38,10.1,4.598779277625975
2020-10-05,7.7288,11.889620973851557,487.38,10.1,4.451712300997368
2020-10-06,7.7307,11.889620973851557,487.38,10.1,4.281494071466141
2020-10-07,7.7452,11.889620973851557,487.38,10.1,4.173559832680995
2020-10-08,7.8267,11.889620973851557,487.38,10.1,5.0042260890564405
2020-10-09,7.8931,11.889620973851557,487.38,10.24,5.7064416767108606
2020-10-12,7.9072,11.889620973851557,487.38,10.24,6.06145963274447
2020-10-13,7.8673,11.889620973851557,487.38,10.24,5.748964998118167
2020-10-14,7.8778,11.889620973851557,487.38,10.24,5.474701763311862
2020-10-15,7.9205,11.889620973851557,487.38,10.24,6.076230781593184
2020-10-16,7.9116,11.889620973851557,487.38,10.38,5.942847960577402
2020-10-19,7.9129,11.889620973851557,487.38,10.38,5.2919416648924855
2020-10-20,7.8778,11.889620973851557,487.38,10.38,4.557761732851984
2020-10-21,7.8761,11.889620973851557,487.38,10.38,4.0161119915478105
2020-10-22,7.8179,11.889620973851557,487.38,10.38,2.528491429620594
2020-10-23,7.8025,11.889620973851557,487.38,10.59,1.9002220190675212
2020-10-26,7.9379,11.889620973851557,487.38,10.59,3.587367871590752
2020-10-27,8.0285,11.889620973851557,487.38,10.59,6.272999232255838
2020-10-28,8.1211,11.889620973851557,487.38,10.59,4.778923194034079
2020-10-30,8.1211,11.889620973851557,487.38,10.79,4.009989754098364
2020-11-02,8.3082,14.026300743281862,498.58,10.79,7.172157581073746
2020-11-03,8.376,14.026300743281862,498.58,10.79,8.855561042809224
2020-11-04,8.4546,14.026300743281862,498.58,10.79,9.390849808508438
2020-11-05,8.4553,14.026300743281862,498.58,10.79,9.373019260868997
2020-11-06,8.4417,14.026300743281862,498.58,11.26,8.992666425657191
2020-11-09,8.4613,14.026300743281862,498.58,11.26,8.108142639937643
2020-11-10,8.1778,14.026300743281862,498.58,11.26,3.606947840518937
2020-11-11,8.2358,14.026300743281862,498.58,11.26,4.15570619182517
2020-11-12,8.0477,14.026300743281862,498.58,11.26,2.2930357301742754
2020-11-13,7.7896,14.026300743281862,498.58,11.89,-1.11960191931757
2020-11-16,7.6297,14.026300743281862,498.58,11.89,-3.6714853860236096
2020-11-17,7.6751,14.026300743281862,498.58,11.89,-2.989281561251833
2020-11-18,7.7393,14.026300743281862,498.58,11.89,-2.1938859330965843
2020-11-19,7.7195,14.026300743281862,498.58,11.89,-2.0094442610881114
2020-11-20,7.6699,14.026300743281862,498.58,13.36,-2.6180470029583125
2020-11-23,7.5785,14.026300743281862,498.58,13.36,-3.0622034050064584
2020-11-24,7.7593,14.026300743281862,498.58,13.36,-0.5536686959307979
2020-11-25,7.917,14.026300743281862,498.58,13.36,-0.26329381826427634
2020-11-26,7.9415,14.026300743281862,498.58,13.36,-1.0836395341595528
2020-11-27,7.8945,14.026300743281862,498.58,14.05,-2.7902624028764644
2020-11-30,7.7975,14.026300743281862,498.58,14.05,-3.984681878070706
2020-12-01,7.7892,14.599318955732121,504.81,14.05,-6.246840470860104
2020-12-02,7.8412,14.599318955732121,504.81,14.05,-6.384909264565419
2020-12-03,7.808,14.599318955732121,504.81,14.05,-7.647907647907637
2020-12-04,7.8472,14.599318955732121,504.81,14.09,-7.191938783957985
2020-12-07,7.7796,14.599318955732121,504.81,14.09,-7.843206936991365
2020-12-08,7.8373,14.599318955732121,504.81,14.09,-7.3747532885017675
2020-12-09,7.8087,14.599318955732121,504.81,14.09,-4.513438822177108
2020-12-10,7.8203,14.599318955732121,504.81,14.09,-5.045047232812838
2020-12-11,7.8499,14.599318955732121,504.81,14.43,-2.457845098599609
2020-12-14,7.9349,14.599318955732121,504.81,14.43,1.8653075896066573
2020-12-15,7.8699,14.599318955732121,504.81,14.43,3.148223390172622
2020-12-16,7.8331,14.599318955732121,504.81,14.43,2.0586050996078242
2020-12-17,7.7873,14.599318955732121,504.81,14.43,0.6202111302055835
2020-12-18,7.751,14.599318955732121,504.81,14.6,0.4080575166785394
2020-12-21,7.6898,14.599318955732121,504.81,14.6,0.25945579473005687
2020-12-22,7.6769,14.599318955732121,504.81,14.6,1.2984099755888323
2020-12-23,7.6368,14.599318955732121,504.81,14.6,-1.5787506604977186
2020-12-24,7.6321,14.599318955732121,504.81,14.6,-3.5985853227232467
2020-12-25,7.619,14.599318955732121,504.81,15.44,-4.060945665176597
2020-12-28,7.5517,14.599318955732121,504.81,15.44,-4.34226360124137
2020-12-29,7.4738,14.599318955732121,504.81,15.44,-4.151330554664967
2020-12-30,7.4063,14.599318955732121,504.81,15.44,-4.915780824731685
2020-12-31,7.3405,14.599318955732121,504.81,15.44,-6.385502219048112
2021-01-04,7.4194,14.973681263299365,513.3,16.07,-4.976946721311471
2021-01-05,7.3602,14.973681263299365,513.3,16.07,-6.206035273728205
2021-01-06,7.3866,14.973681263299365,513.3,16.07,-5.051673607897589
2021-01-07,7.33,14.973681263299365,513.3,16.07,-6.47289245020607
2021-01-08,7.2733,14.973681263299365,513.3,15.46,-6.856454979702131
2021-01-11,7.349,14.973681263299365,513.3,15.46,-6.026623019577249
2021-01-12,7.4431,14.973681263299365,513.3,15.46,-5.182231620784972
2021-01-13,7.4608,14.973681263299365,513.3,15.46,-5.974870508765074
2021-01-14,7.4285,14.973681263299365,513.3,15.46,-5.6087116735917935
2021-01-15,7.3885,14.973681263299365,513.3,15.59,-5.675913750622364
2021-01-18,7.3877,14.973681263299365,513.3,15.59,-5.131431946887888
2021-01-19,7.4952,14.973681263299365,513.3,15.59,-3.3002193265385227
2021-01-20,7.4485,14.973681263299365,513.3,15.59,-3.1379229628858973
2021-01-21,7.4367,14.973681263299365,513.3,15.59,-3.1288671208430485
2021-01-22,7.3836,14.973681263299365,513.3,15.55,-3.315524827152727
2021-01-25,7.3985,14.973681263299365,513.3,15.55,-3.060756541449927
2021-01-26,7.3797,14.973681263299365,513.3,15.55,-3.14083213020081
2021-01-27,7.3835,14.973681263299365,513.3,15.55,-2.2273130553385423
2021-01-28,7.3544,14.973681263299365,513.3,15.55,-1.5975808825496984
2021-01-29,7.3723,14.973681263299365,513.3,15.65,-0.45906863076029536
2021-02-01,7.3216,15.610910227222007,517.96,15.65,-0.25747564879775586
2021-02-02,7.2185,15.610910227222007,517.96,15.65,-2.707766126640976
2021-02-03,7.1372,15.610910227222007,517.96,15.65,-3.0298089725822597
2021-02-04,7.1498,15.610910227222007,517.96,15.65,-3.2058051065442794
2021-02-05,7.1324,15.610910227222007,517.96,15.42,-2.695770804911324
2021-02-08,7.0789,15.610910227222007,517.96,15.42,-2.672789517825469
2021-02-09,7.0663,15.610910227222007,517.96,15.42,-3.846781875085048
2021-02-10,7.0821,15.610910227222007,517.96,15.42,-4.850129650280133
2021-02-11,7.0513,15.610910227222007,517.96,15.42,-5.488687540210158
2021-02-12,7.0404,15.610910227222007,517.96,15.51,-5.224473312243383
2021-02-15,7.0162,15.610910227222007,517.96,15.51,-5.038911822426728
2021-02-16,6.9724,15.610910227222007,517.96,15.51,-5.6215060167575714
2021-02-17,6.915,15.610910227222007,517.96,15.51,-7.74095421069484
2021-02-18,7.004,15.610910227222007,517.96,15.51,-5.967644492179636
2021-02-19,6.9527,15.610910227222007,517.96,15.53,-6.508263073675147
2021-02-22,6.9611,15.610910227222007,517.96,15.53,-5.722140961048816
2021-02-23,6.994,15.610910227222007,517.96,15.53,-5.467324457660339
2021-02-24,7.0253,15.610910227222007,517.96,15.53,-4.802363239698093
2021-02-25,7.1357,15.610910227222007,517.96,15.53,-3.3561319157581093
2021-02-26,7.1924,15.610910227222007,517.96,15.71,-2.2027629718263886
2021-03-01,7.3708,16.190243685915927,523.53,15.71,-0.020346431914053387
2021-03-02,7.3029,16.190243685915927,523.53,15.71,-0.2554086538461564
2021-03-03,7.3117,16.190243685915927,523.53,15.71,1.2911269654360291
2021-03-04,7.3391,16.190243685915927,523.53,15.71,2.8288404416297652
2021-03-05,7.4524,16.190243685915927,523.53,15.58,4.232286217796299
2021-03-08,7.5096,16.190243685915927,523.53,15.58,5.288542426111831
2021-03-09,7.5939,16.190243685915927,523.53,15.58,7.275141618047987
2021-03-10,7.6403,16.190243685915927,523.53,15.58,8.123062989117358
2021-03-11,7.5952,16.190243685915927,523.53,15.58,7.2450261927959225
2021-03-12,7.4446,16.190243685915927,523.53,15.92,5.5776948931402615
2021-03-15,7.5709,16.190243685915927,523.53,15.92,7.535083233907169
2021-03-16,7.5374,16.190243685915927,523.53,15.92,7.428522562070627
2021-03-17,7.5041,16.190243685915927,523.53,15.92,7.6257816533761735
2021-03-18,7.498,16.190243685915927,523.53,15.92,8.430947216196682
2021-03-19,7.4573,16.190243685915927,523.53,16.53,6.472015990862379
2021-03-22,7.267,16.190243685915927,523.53,16.53,4.520545974944978
2021-03-23,7.904,16.190243685915927,523.53,16.53,13.545273017195548
2021-03-24,7.8082,16.190243685915927,523.53,16.53,11.641406920217335
2021-03-25,7.9666,16.190243685915927,523.53,16.53,13.398716069064665
2021-03-26,7.9409,16.190243685915927,523.53,17.24,11.284106674888239
2021-03-29,7.9893,16.190243685915927,523.53,17.24,11.079750848117452
2021-03-30,8.1192,16.190243685915927,523.53,17.24,10.153578987355495
2021-03-31,8.326,16.190243685915927,523.53,17.24,14.009503074121255
2021-04-01,8.3258,17.140153599014152,532.32,17.24,13.869551540681368
2021-04-02,8.1707,17.140153599014152,532.32,16.91,11.331089643144242
2021-04-05,8.0362,17.140153599014152,532.32,16.91,7.833717996886902
2021-04-06,8.1394,17.140153599014152,532.32,16.91,8.386598487269637
2021-04-07,8.1441,17.140153599014152,532.32,16.91,7.24528898194603
2021-04-08,8.1688,17.140153599014152,532.32,16.91,6.917267646558378
2021-04-09,8.1518,17.140153599014152,532.32,17.1,7.328312618495891
2021-04-12,8.1383,17.140153599014152,532.32,17.1,9.31816350106116
2021-04-13,8.1681,17.140153599014152,532.32,17.1,7.88809784834037
2021-04-14,8.1383,17.140153599014152,532.32,17.1,7.972245071244721
2021-04-15,8.0729,17.140153599014152,532.32,17.1,7.579856345197955
2021-04-16,8.0567,17.140153599014152,532.32,17.21,7.451320352093882
2021-04-19,8.0574,17.140153599014152,532.32,17.21,8.047148431738016
2021-04-20,8.0514,17.140153599014152,532.32,17.21,10.794000275216709
2021-04-21,8.1011,17.140153599014152,532.32,17.21,2.4936740890688425
2021-04-22,8.1433,17.140153599014152,532.32,17.21,4.291642119822736
2021-04-26,8.2694,17.140153599014152,532.32,17.31,3.8008686265156966
2021-04-27,8.3295,17.140153599014152,532.32,17.31,4.893651853064496
2021-04-28,8.231,17.140153599014152,532.32,17.31,3.0252963338465166
2021-04-29,8.186,17.140153599014152,532.32,17.31,0.8227411567642173
2021-04-30,8.1753,17.140153599014152,532.32,17.34,-1.8099927936584215
2021-05-03,8.2311,16.592853111024255,537.05,17.34,-1.137428235124549
2021-05-04,8.292,16.592853111024255,537.05,17.34,1.4845729252083606
2021-05-05,8.3091,16.592853111024255,537.05,17.34,3.395883626589713
2021-05-06,8.34,16.592853111024255,537.05,17.34,2.4645551269135257
2021-05-07,8.3062,16.592853111024255,537.05,17.33,1.9903979568030916
2021-05-10,8.273,16.592853111024255,537.05,17.33,1.27558515326609
2021-05-11,8.2457,16.592853111024255,537.05,17.33,1.1518928334846246
2021-05-12,8.2867,16.592853111024255,537.05,17.33,1.8234766474571007
2021-05-17,8.2867,16.592853111024255,537.05,17.54,1.451990058887609
2021-05-18,8.3469,16.592853111024255,537.05,17.54,2.5631888723689267
2021-05-20,8.3281,16.592853111024255,537.05,17.54,3.161193623109404
2021-05-21,8.3689,16.592853111024255,537.05,17.33,3.875035684585515
2021-05-24,8.3554,16.592853111024255,537.05,17.33,3.6984635242137687
2021-05-25,8.3811,16.592853111024255,537.05,17.33,4.094940010432979
2021-05-26,8.3947,16.592853111024255,537.05,17.33,3.624199182827015
2021-05-27,8.433,16.592853111024255,537.05,17.33,3.5575258187712677
2021-05-28,8.4323,16.592853111024255,537.05,17.39,1.9699131738699416
2021-05-31,8.5496,16.592853111024255,537.05,17.39,2.642415511135132
2021-06-01,8.499,17.525330585608813,547.48,17.39,3.2559834770987894
2021-06-02,8.5032,17.525330585608813,547.48,17.39,3.874908380161246
2021-06-03,8.6066,17.525330585608813,547.48,17.39,5.275647376854664
2021-06-04,8.6231,17.525330585608813,547.48,17.19,4.762425435239526
2021-06-07,8.682,17.525330585608813,547.48,17.19,4.703328509406668
2021-06-08,8.6201,17.525330585608813,547.48,17.19,3.7428843075663965
2021-06-09,8.5891,17.525330585608813,547.48,17.19,2.9868105515587606
2021-06-10,8.575,17.525330585608813,547.48,17.19,3.2361368616214303
2021-06-11,8.5313,17.525330585608813,547.48,17.35,3.1222047624803517
2021-06-14,8.3547,17.525330585608813,547.48,17.35,1.321901112094781
2021-06-15,8.3374,17.525330585608813,547.48,17.35,0.6118237657933845
2021-06-16,8.5474,17.525330585608813,547.48,17.35,3.1460050442275067
2021-06-17,8.5218,17.525330585608813,547.48,17.35,2.095388707184709
2021-06-18,8.6243,17.525330585608813,547.48,17.39,3.5566335658793857
2021-06-21,8.6646,17.525330585608813,547.48,17.39,3.5333197911314507
2021-06-22,8.7497,17.525330585608813,547.48,17.39,4.719103813102921
2021-06-23,8.7202,17.525330585608813,547.48,17.39,4.046008280535962
2021-06-24,8.6139,17.525330585608813,547.48,17.39,2.611171334294249
2021-06-25,8.6593,17.525330585608813,547.48,17.57,2.6835052768884093
2021-06-28,8.6772,17.525330585608813,547.48,17.57,2.9043084330490965
2021-06-29,8.7219,17.525330585608813,547.48,17.57,2.0152989613549055
2021-06-30,8.7052,17.525330585608813,547.48,17.57,2.426167784445221
2021-07-01,8.6803,18.951681748335325,557.36,17.57,2.082745319409174
2021-07-02,8.6768,18.951681748335325,557.36,17.25,0.8156531034322567
2021-07-05,8.6797,18.951681748335325,557.36,17.25,0.6563764771369884
2021-07-06,8.665,18.951681748335325,557.36,17.25,-0.1958074176457214
2021-07-07,8.6515,18.951681748335325,557.36,17.25,0.364264915720236
2021-07-08,8.6657,18.951681748335325,557.36,17.25,0.8918280145766122
2021-07-09,8.6867,18.951681748335325,557.36,17.15,1.3026239067055467
2021-07-12,8.6715,18.951681748335325,557.36,17.15,1.6433603319540913
2021-07-13,8.6319,18.951681748335325,557.36,17.15,3.317892922546606
2021-07-14,8.6033,18.951681748335325,557.36,17.15,3.1892436490992493
2021-07-16,8.6123,18.951681748335325,557.36,17.41,0.7592952242787332
2021-07-19,8.5099,18.951681748335325,557.36,17.41,-0.13964185970101184
2021-07-26,8.5099,18.951681748335325,557.36,17.38,-1.3264844683046673
2021-07-27,8.573,18.951681748335325,557.36,17.38,-1.057175172541136
2021-07-28,8.5604,18.951681748335325,557.36,17.38,-2.16350274866568
2021-07-29,8.5446,18.951681748335325,557.36,17.38,-2.013715281759587
2021-07-30,8.4975,18.951681748335325,557.36,17.42,-1.3513042872566272
2021-08-02,8.4139,19.25266075622607,563.6,17.42,-2.833947316757701
2021-08-03,8.385,19.25266075622607,563.6,17.42,-3.3674457198174412
2021-08-04,8.3229,19.25266075622607,563.6,17.42,-4.574691294328059
2021-08-05,8.4193,19.25266075622607,563.6,17.42,-3.284243900197581
2021-08-06,8.5262,19.25266075622607,563.6,17.18,-1.7752842643687594
2021-08-09,8.5619,19.25266075622607,563.6,17.18,-1.3242209109349146
2021-08-10,8.6426,19.25266075622607,563.6,17.18,-0.42743412790765545
2021-08-11,8.6205,19.25266075622607,563.6,17.18,-0.5135603000576916
2021-08-12,8.6244,19.25266075622607,563.6,17.18,-0.3132404785297416
2021-08-13,8.5723,19.25266075622607,563.6,17.49,-1.0778125252431936
2021-08-16,8.5359,19.25266075622607,563.6,17.49,-1.7359871988211872
2021-08-17,8.4681,19.25266075622607,563.6,17.49,-2.3456149455111652
2021-08-18,8.4141,19.25266075622607,563.6,17.49,-2.52319883223856
2021-08-19,8.4632,19.25266075622607,563.6,17.49,-1.628444899050363
2021-08-20,8.5111,19.25266075622607,563.6,17.48,-1.175063571868129
2021-08-23,8.5254,19.25266075622607,563.6,17.48,0.1821408007144587
2021-08-24,8.4572,19.25266075622607,563.6,17.48,-0.6192787224291729
2021-08-25,8.4132,19.25266075622607,563.6,17.48,-1.8639916015397273
2021-08-26,8.3797,19.25266075622607,563.6,17.48,-2.110882669034153
2021-08-27,8.3578,19.25266075622607,563.6,17.62,-2.1861760644149686
2021-08-31,8.3753,19.25266075622607,563.6,17.62,-1.4380700205943064
2021-09-01,8.3043,19.582573709687566,570.66,17.62,-1.302606401312123
2021-09-02,8.2876,19.582573709687566,570.66,17.62,-1.1615980918306512
2021-09-03,8.2633,19.582573709687566,570.66,17.47,-0.7160965528842267
2021-09-06,8.295,19.582573709687566,570.66,17.47,-1.4763697694582634
2021-09-07,8.2767,19.582573709687566,570.66,17.47,-2.9262743074288555
2021-09-08,8.2981,19.582573709687566,570.66,17.47,-3.081091813732928
2021-09-09,8.4063,19.582573709687566,570.66,17.47,-2.734130932821144
2021-09-10,8.4655,19.582573709687566,570.66,17.57,-1.7980395568702456
2021-09-13,8.4044,19.582573709687566,570.66,17.57,-2.550902091739704
2021-09-14,8.4441,19.582573709687566,570.66,17.57,-1.4955146226800275
2021-09-15,8.4314,19.582573709687566,570.66,17.57,-1.2242411462177416
2021-09-16,8.4272,19.582573709687566,570.66,17.57,-0.48298910027043673
2021-09-17,8.4402,19.582573709687566,570.66,17.57,0.31019360359398895
2021-09-20,8.5678,19.582573709687566,570.66,17.57,1.2359391246809626
2021-09-21,8.6648,19.582573709687566,570.66,17.57,1.8058770311710548
2021-09-22,8.6301,19.582573709687566,570.66,17.57,1.228094869448948
2021-09-23,8.6349,19.582573709687566,570.66,17.57,2.1011682353497596
2021-09-24,8.6584,19.582573709687566,570.66,17.31,2.914467741168636
2021-09-27,8.824,19.582573709687566,570.66,17.31,5.302099120493575
2021-09-28,8.8355,19.582573709687566,570.66,17.31,5.715618942783984
2021-09-29,8.8585,19.582573709687566,570.66,17.31,5.769345575680873
2021-09-30,8.8433,19.582573709687566,570.66,17.31,6.4906132967258
2021-10-01,8.8785,19.890024211087876,584.32,16.85,7.12992905062988
2021-10-04,8.8469,19.890024211087876,584.32,16.85,7.062553701305774
2021-10-05,8.8522,19.890024211087876,584.32,16.85,6.717299578059066
2021-10-06,8.8444,19.890024211087876,584.32,16.85,6.859013858180196
2021-10-07,8.9065,19.890024211087876,584.32,16.85,7.331798845518844
2021-10-08,8.8609,19.890024211087876,584.32,16.78,5.4078488752483445
2021-10-11,8.8982,19.890024211087876,584.32,16.78,5.111334238969922
2021-10-12,8.9367,19.890024211087876,584.32,16.78,6.333587168625954
2021-10-13,8.9996,19.890024211087876,584.32,16.78,6.578557809594843
2021-10-14,9.0222,19.890024211087876,584.32,16.78,7.007139976753551
2021-10-15,9.1416,19.890024211087876,584.32,16.96,8.477311562559354
2021-10-18,9.1993,19.890024211087876,584.32,16.96,8.993862704675216
2021-10-19,9.2667,19.890024211087876,584.32,16.96,8.157286584654177
2021-10-20,9.2845,19.890024211087876,584.32,16.96,7.151925030006456
2021-10-21,9.314,19.890024211087876,584.32,16.96,7.924589518082059
2021-10-22,9.2857,19.890024211087876,584.32,16.03,7.5368562461638255
2021-10-25,9.586,19.890024211087876,584.32,16.03,10.713295759031682
2021-10-26,9.7362,19.890024211087876,584.32,16.03,10.337715321849505
2021-10-27,9.4575,19.890024211087876,584.32,16.03,7.0397826948107145
2021-10-28,9.4813,19.890024211087876,584.32,16.03,7.030535643732017
2021-11-01,9.4813,21.31252757832245,604.84,15.54,7.2145013739215
2021-11-02,9.5287,21.31252757832245,604.84,15.54,7.323309117531118
2021-11-03,9.5171,21.31252757832245,604.84,15.54,7.5755349331404265
2021-11-04,9.657,21.31252757832245,604.84,15.54,9.091525270554213
2021-11-05,9.6884,21.31252757832245,604.84,15.12,9.542761521414667
2021-11-08,9.7,21.31252757832245,604.84,15.12,8.909223600741022
2021-11-09,9.6848,21.31252757832245,604.84,15.12,9.298152557866569
2021-11-10,9.7029,21.31252757832245,604.84,15.12,9.04340203636691
2021-11-11,9.7812,21.31252757832245,604.84,15.12,9.449796904897777
2021-11-12,9.917,21.31252757832245,604.84,15.26,10.193786390506254
2021-11-15,9.9105,21.31252757832245,604.84,15.26,9.845713905699283
2021-11-16,9.9804,21.31252757832245,604.84,15.26,9.175636650039376
2021-11-17,10.1671,21.31252757832245,604.84,15.26,10.52036567999739
2021-11-18,10.3993,21.31252757832245,604.84,15.26,12.22225819331586
2021-11-19,10.6963,21.31252757832245,604.84,14.76,15.205988475416031
2021-11-22,11.0266,21.31252757832245,604.84,14.76,18.387373845823497
2021-11-23,11.1712,21.31252757832245,604.84,14.76,20.30541585448593
2021-11-24,12.1556,21.31252757832245,604.84,14.76,26.80575839766326
2021-11-25,12.6082,21.31252757832245,604.84,14.76,29.49816150038003
2021-11-26,12.0001,21.31252757832245,604.84,14.66,26.88448321438013
2021-11-29,12.0786,21.31252757832245,604.84,14.66,27.393922774303103
2021-11-30,12.6595,21.31252757832245,604.84,14.66,33.520719732526125
2021-12-01,12.9387,36.08090172540164,686.95,14.66,35.786623568797424
2021-12-02,13.3363,36.08090172540164,686.95,14.66,40.12987149446785
2021-12-03,13.4067,36.08090172540164,686.95,14.58,38.82882882882883
2021-12-06,13.6801,36.08090172540164,686.95,14.58,41.200817472441265
2021-12-07,13.774,36.08090172540164,686.95,14.58,41.99999999999999
2021-12-08,13.6667,36.08090172540164,686.95,14.58,41.114943003469364
2021-12-09,13.6241,36.08090172540164,686.95,14.58,40.4126601325377
2021-12-10,13.7432,36.08090172540164,686.95,14.8,40.50627734838261
2021-12-13,13.8346,36.08090172540164,686.95,14.8,39.50388222244629
2021-12-14,14.2465,36.08090172540164,686.95,14.8,43.751576610665445
2021-12-15,14.1745,36.08090172540164,686.95,14.8,42.02336579696207
2021-12-16,14.635,36.08090172540164,686.95,14.8,43.944684324930414
2021-12-17,15.2118,36.08090172540164,686.95,14.82,46.277153269931624
2021-12-20,16.3358,36.08090172540164,686.95,14.82,52.723839084543236
2021-12-21,17.4731,36.08090172540164,686.95,14.82,58.463170877695745
2021-12-22,13.0226,36.08090172540164,686.95,14.82,16.572973360068755
2021-12-23,12.4535,36.08090172540164,686.95,14.82,2.450722300832542
2021-12-24,11.4508,36.08090172540164,686.95,16.82,-9.179740169096306
2021-12-27,11.7278,36.08090172540164,686.95,16.82,-2.269147757102019
2021-12-28,11.39,36.08090172540164,686.95,16.82,-5.700991836802272
2021-12-29,11.8302,36.08090172540164,686.95,16.82,-6.5508116434298325
2021-12-30,12.2219,36.08090172540164,686.95,16.82,-5.539969239568121
2021-12-31,12.9775,36.08090172540164,686.95,19.03,-2.6904013856916875
2022-01-03,13.329,48.69082407948571,763.23,19.03,-0.5795609657857637
2022-01-04,13.4221,48.69082407948571,763.23,19.03,-1.8859511260882478
2022-01-05,13.1873,48.69082407948571,763.23,19.03,-4.259474372005223
2022-01-06,13.3687,48.69082407948571,763.23,19.03,-2.180482486628077
2022-01-07,13.6352,48.69082407948571,763.23,17.15,0.08147327162895124
2022-01-10,13.7526,48.69082407948571,763.23,17.15,0.06839746201756647
2022-01-11,13.7195,48.69082407948571,763.23,17.15,-0.8319720122012875
2022-01-12,13.7314,48.69082407948571,763.23,17.15,-3.615624890323932
2022-01-13,13.7209,48.69082407948571,763.23,17.15,-3.200112878761152
2022-01-14,13.54,48.69082407948571,763.23,17.04,-7.482063546293139
2022-01-17,13.5054,48.69082407948571,763.23,17.04,-11.217607383741568
2022-01-18,13.4788,48.69082407948571,763.23,17.04,-17.489195509249623
2022-01-19,13.5109,48.69082407948571,763.23,17.04,-22.67599910719906
2022-01-20,13.5703,48.69082407948571,763.23,17.04,4.205765361755698
2022-01-21,13.4431,48.69082407948571,763.23,16.82,7.946360460914592
2022-01-24,13.402,48.69082407948571,763.23,16.82,17.039857477206844
2022-01-25,13.3846,48.69082407948571,763.23,16.82,14.127116765292724
2022-01-26,13.5,48.69082407948571,763.23,16.82,18.525021949078123
2022-01-27,13.5029,48.69082407948571,763.23,16.82,14.139236868353876
2022-01-28,13.5932,48.69082407948571,763.23,16.86,11.220023073335561
2022-01-31,13.6066,48.69082407948571,763.23,16.86,4.8476208822962885
2022-02-01,13.4015,54.43856668468605,799.93,16.86,0.5439267762022748
2022-02-02,13.367,54.43856668468605,799.93,16.86,-0.4105169831844502
2022-02-03,13.4287,54.43856668468605,799.93,16.86,1.8305490888961273
2022-02-04,13.5543,54.43856668468605,799.93,16.47,1.388317487863433
2022-02-07,13.5336,54.43856668468605,799.93,16.47,-0.7451302511147562
2022-02-08,13.5429,54.43856668468605,799.93,16.47,-1.5248025827843459
2022-02-09,13.616,54.43856668468605,799.93,16.47,-0.7544006705783812
2022-02-10,13.5675,54.43856668468605,799.93,16.47,-1.1936146350699839
2022-02-11,13.5322,54.43856668468605,799.93,16.24,-1.3752742167059018
2022-02-14,13.4933,54.43856668468605,799.93,16.24,-0.34490398818315393
2022-02-15,13.5378,54.43856668468605,799.93,16.24,0.2399040383846529
2022-02-16,13.6032,54.43856668468605,799.93,16.24,0.9229308247024948
2022-02-17,13.6154,54.43856668468605,799.93,16.24,0.7734495851497769
2022-02-18,13.6035,54.43856668468605,799.93,16.03,0.24465192368630095
2022-02-21,13.6118,54.43856668468605,799.93,16.03,1.2549188803177902
2022-02-22,13.6123,54.43856668468605,799.93,16.03,1.5691687807789956
2022-02-23,13.7447,54.43856668468605,799.93,16.03,2.690405391270567
2022-02-24,13.7849,54.43856668468605,799.93,16.03,2.1103703703703625
2022-02-25,14.2324,54.43856668468605,799.93,15.62,5.402543157395812
2022-02-28,14.0395,54.43856668468605,799.93,15.62,3.28325927669717
2022-03-01,13.8286,61.144538039844896,843.64,15.62,1.6315611541457775
2022-03-02,13.8854,61.144538039844896,843.64,15.62,3.61078983695855
2022-03-03,14.0386,61.144538039844896,843.64,15.62,5.024313608139441
2022-03-04,14.112,61.144538039844896,843.64,15.34,5.088355537021472
2022-03-07,14.1766,61.144538039844896,843.64,15.34,4.591162951978345
2022-03-08,14.3012,61.144538039844896,843.64,15.34,5.6718094224744275
2022-03-09,14.4728,61.144538039844896,843.64,15.34,6.866328482082862
2022-03-10,14.6061,61.144538039844896,843.64,15.34,7.2715922444183345
2022-03-11,14.7435,61.144538039844896,843.64,15.1,8.667772249861795
2022-03-14,14.9042,61.144538039844896,843.64,15.1,10.138780094884803
2022-03-15,14.7624,61.144538039844896,843.64,15.1,9.405408610199139
2022-03-16,14.7503,61.144538039844896,843.64,15.1,8.956403551537173
2022-03-17,14.6758,61.144538039844896,843.64,15.1,7.884909433074583
2022-03-18,14.6697,61.144538039844896,843.64,14.91,7.743437578036638
2022-03-21,14.764,61.144538039844896,843.64,14.91,8.530892784945031
2022-03-22,14.816,61.144538039844896,843.64,14.91,8.84673592030445
2022-03-23,14.8041,61.144538039844896,843.64,14.91,8.755316882525378
2022-03-24,14.8063,61.144538039844896,843.64,14.91,7.723704409699739
2022-03-25,14.8234,61.144538039844896,843.64,15.02,7.533605611937699
2022-03-28,14.8068,61.144538039844896,843.64,15.02,4.0358618363733445
2022-03-29,14.8221,61.144538039844896,843.64,15.02,5.57427258805514
2022-03-30,14.7933,61.144538039844896,843.64,15.02,6.976121950161263
2022-03-31,14.6458,61.144538039844896,843.64,15.02,5.476255635415606
2022-04-01,14.6371,69.9710700330628,904.79,14.96,4.263245622782885
2022-04-04,14.6609,69.9710700330628,904.79,14.96,3.889597505668929
2022-04-05,14.6862,69.9710700330628,904.79,14.96,3.5946559823935242
2022-04-06,14.6955,69.9710700330628,904.79,14.96,2.757111291360159
2022-04-07,14.7176,69.9710700330628,904.79,14.96,1.69144878668952
2022-04-08,14.7289,69.9710700330628,904.79,14.86,0.8407446203983149
2022-04-11,14.7213,69.9710700330628,904.79,14.86,-0.1505748295859144
2022-04-12,14.7162,69.9710700330628,904.79,14.86,-1.2613894070127807
2022-04-13,14.6633,69.9710700330628,904.79,14.86,-0.671300059610902
2022-04-14,14.5604,69.9710700330628,904.79,14.86,-1.287431442072362
2022-04-15,14.5933,69.9710700330628,904.79,15.03,-0.5621499339048097
2022-04-18,14.6181,69.9710700330628,904.79,15.03,-0.3517454344669657
2022-04-19,14.6252,69.9710700330628,904.79,15.03,-0.9401246274722275
2022-04-20,14.6343,69.9710700330628,904.79,15.03,-1.2263768898488236
2022-04-21,14.6424,69.9710700330628,904.79,15.03,-1.0922649806472506
2022-04-22,14.6605,69.9710700330628,904.79,15.09,-0.9847159655011706
2022-04-25,14.7068,69.9710700330628,904.79,15.09,-0.7865941686792555
2022-04-26,14.7439,69.9710700330628,904.79,15.09,-0.4248048194073095
2022-04-27,14.767,69.9710700330628,904.79,15.09,-0.3717421957752376
2022-04-28,14.7962,69.9710700330628,904.79,15.09,0.019603469138052
2022-04-29,14.7798,69.9710700330628,904.79,14.98,0.9149380709828181
2022-05-05,14.7852,73.49595009775626,931.76,14.98,1.0118124491873326
2022-05-06,14.8313,73.49595009775626,931.76,14.88,1.16227516728169
2022-05-09,14.8978,73.49595009775626,931.76,14.88,1.4408083779330338
2022-05-10,14.974,73.49595009775626,931.76,14.88,1.8951379674049917
2022-05-11,15.1926,73.49595009775626,931.76,14.88,3.2274283850628027
2022-05-12,15.2882,73.49595009775626,931.76,14.88,3.7972964715627056
2022-05-13,15.3526,73.49595009775626,931.76,14.84,4.288344100045527
2022-05-16,15.4378,73.49595009775626,931.76,14.84,4.903439746673732
2022-05-17,15.5639,73.49595009775626,931.76,14.84,6.14186438250599
2022-05-18,15.7886,73.49595009775626,931.76,14.84,8.435207823960877
2022-05-20,15.9205,73.49595009775626,931.76,14.92,9.094584501106674
2022-05-23,15.9249,73.49595009775626,931.76,14.92,8.939602273893321
2022-05-24,15.8494,73.49595009775626,931.76,14.92,8.370483822443454
2022-05-25,16.0846,73.49595009775626,931.76,14.92,9.910279275400935
2022-05-26,16.267,73.49595009775626,931.76,14.92,11.095175654264322
2022-05-27,16.3681,73.49595009775626,931.76,15.26,11.647624569421211
2022-05-30,16.3479,73.49595009775626,931.76,15.26,11.158783691897622
2022-05-31,16.3562,73.49595009775626,931.76,15.26,10.935369881781632
2022-06-01,16.3876,78.61839701906919,977.9,15.26,10.97447010225503
2022-06-02,16.4127,78.61839701906919,977.9,15.26,10.925102391154496
2022-06-03,16.439,78.61839701906919,977.9,15.21,11.226132965263403
2022-06-06,16.4765,78.61839701906919,977.9,15.21,11.439141844547262
2022-06-07,16.5588,78.61839701906919,977.9,15.21,11.64766406181521
2022-06-08,16.7084,78.61839701906919,977.9,15.21,12.153472324772796
2022-06-09,17.0925,78.61839701906919,977.9,15.21,14.147856284225991
2022-06-10,17.1985,78.61839701906919,977.9,15.51,13.203138369995916
2022-06-13,17.0589,78.61839701906919,977.9,15.51,11.582135241558866
2022-06-14,17.2344,78.61839701906919,977.9,15.51,12.257207248283674
2022-06-15,17.2343,78.61839701906919,977.9,15.51,11.63702081902862
2022-06-16,17.2568,78.61839701906919,977.9,15.51,10.877093787546821
2022-06-17,17.288,78.61839701906919,977.9,15.66,9.496725485476865
2022-06-20,17.2905,78.61839701906919,977.9,15.66,8.605257372569962
2022-06-21,17.3113,78.61839701906919,977.9,15.66,8.705863145137481
2022-06-22,17.3168,78.61839701906919,977.9,15.66,9.25839463954472
2022-06-23,17.3301,78.61839701906919,977.9,15.66,7.74343160538653
2022-06-24,17.347,78.61839701906919,977.9,16.11,6.639208212946457
2022-06-27,17.3478,78.61839701906919,977.9,16.11,5.985422865207335
2022-06-28,16.646,78.61839701906919,977.9,16.11,1.8234757981147487
2022-06-29,16.6189,78.61839701906919,977.9,16.11,1.606118780645871
2022-06-30,16.669,78.61839701906919,977.9,16.11,1.7171519929703116
2022-07-01,16.6614,79.6020525333716,1001.03,16.27,1.5152899888500881
2022-07-04,16.7155,79.6020525333716,1001.03,16.27,1.6819757892815757
2022-07-05,16.7935,79.6020525333716,1001.03,16.27,1.9239522956938648
2022-07-06,16.9369,79.6020525333716,1001.03,16.27,2.2833780225620215
2022-07-07,17.1818,79.6020525333716,1001.03,16.27,2.833305403270203
2022-07-08,17.2601,79.6020525333716,1001.03,16.43,0.9805470235483504
2022-07-13,17.2601,79.6020525333716,1001.03,16.43,0.35817077070676717
2022-07-14,17.3913,79.6020525333716,1001.03,16.43,1.9485429892900363
2022-07-18,17.4581,79.6020525333716,1001.03,16.63,1.2979854244998368
2022-07-19,17.4635,79.6020525333716,1001.03,16.63,1.3299060594279988
2022-07-20,17.5425,79.6020525333716,1001.03,16.63,1.6555792499188815
2022-07-21,17.5605,79.6020525333716,1001.03,16.63,1.5762378528459076
2022-07-22,17.6282,79.6020525333716,1001.03,16.82,1.9530956305485514
2022-07-25,17.711,79.6020525333716,1001.03,16.82,2.3088965011293094
2022-07-26,17.8011,79.6020525333716,1001.03,16.82,2.7967060888847817
2022-07-27,17.8335,79.6020525333716,1001.03,16.82,2.904772621046603
2022-07-28,17.8701,79.6020525333716,1001.03,16.82,3.015507004092921
2022-07-29,17.9044,79.6020525333716,1001.03,16.86,3.208476002720806
2022-08-01,17.8939,80.20759403832504,1015.65,16.86,7.4966959029196145
2022-08-02,17.9254,80.20759403832504,1015.65,16.86,7.8615311482709505
2022-08-03,17.9327,80.20759403832504,1015.65,16.86,7.5811386405903125
2022-08-04,17.9358,80.20759403832504,1015.65,16.86,7.648817026180277
2022-08-05,17.935,80.20759403832504,1015.65,16.53,7.295623822200947
2022-08-08,17.9362,80.20759403832504,1015.65,16.53,6.804418376157417
2022-08-09,17.9393,80.20759403832504,1015.65,16.53,5.918438439147655
2022-08-10,17.9319,80.20759403832504,1015.65,16.53,4.365665995413748
2022-08-11,17.9308,80.20759403832504,1015.65,16.53,3.885840754109182
2022-08-12,17.9356,80.20759403832504,1015.65,16.71,3.91365055822388
2022-08-15,17.9366,80.20759403832504,1015.65,16.71,3.135475783868924
2022-08-16,17.9411,80.20759403832504,1015.65,16.71,2.7666240885319437
2022-08-17,17.942,80.20759403832504,1015.65,16.71,2.7400005726228915
2022-08-18,17.9411,80.20759403832504,1015.65,16.71,2.2721960951973763
2022-08-19,17.9688,80.20759403832504,1015.65,16.03,2.325104638250619
2022-08-22,18.0767,80.20759403832504,1015.65,16.03,2.5442189219545996
2022-08-23,18.0988,80.20759403832504,1015.65,16.03,2.1895996838123377
2022-08-24,18.1018,80.20759403832504,1015.65,16.03,1.6892214526068594
2022-08-25,18.1176,80.20759403832504,1015.65,16.03,1.5930692236520994
2022-08-26,18.1466,80.20759403832504,1015.65,15.65,1.5472772955943181
2022-08-29,18.1564,80.20759403832504,1015.65,15.65,1.4074752574786187
2022-08-31,18.1648,80.20759403832504,1015.65,15.65,1.5139237393748672
2022-09-01,18.1704,83.45249360389727,1046.89,15.65,1.3667756368058726
2022-09-02,18.1805,83.45249360389727,1046.89,15.16,1.3818331874173806
2022-09-05,18.2009,83.45249360389727,1046.89,15.16,1.4780494876169392
2022-09-06,18.205,83.45249360389727,1046.89,15.16,1.5054362977418467
2022-09-07,18.2048,83.45249360389727,1046.89,15.16,1.4975301345881542
2022-09-08,18.214,83.45249360389727,1046.89,15.16,1.5312749103922663
2022-09-09,18.2195,83.45249360389727,1046.89,15.28,1.6038456605267815
2022-09-12,18.2189,83.45249360389727,1046.89,15.28,1.6067325495795037
2022-09-13,18.2187,83.45249360389727,1046.89,15.28,1.5784250317803616
2022-09-14,18.2205,83.45249360389727,1046.89,15.28,1.5827971856427814
2022-09-15,18.2321,83.45249360389727,1046.89,15.28,1.62197412644709
2022-09-16,18.2427,83.45249360389727,1046.89,15.03,1.6759558577639
2022-09-19,18.2474,83.45249360389727,1046.89,15.03,1.7072531784561695
2022-09-20,18.2658,83.45249360389727,1046.89,15.03,1.6528649659409478
2022-09-21,18.2786,83.45249360389727,1046.89,15.03,1.116907400133882
2022-09-22,18.2949,83.45249360389727,1046.89,15.03,1.0834972484363492
2022-09-23,18.3401,83.45249360389727,1046.89,14.82,1.316443668585432
2022-09-26,18.3702,83.45249360389727,1046.89,14.82,1.3942244005828552
2022-09-27,18.4266,83.45249360389727,1046.89,14.82,1.5429887692460342
2022-09-28,18.4509,83.45249360389727,1046.89,14.82,1.6220175805776504
2022-09-29,18.4862,83.45249360389727,1046.89,14.82,1.7693561173258265
2022-09-30,18.5038,83.45249360389727,1046.89,14.84,1.834852287236366
2022-10-03,18.5187,85.51478641840087,1084.0,14.84,1.8602348670278657
2022-10-04,18.5397,85.51478641840087,1084.0,14.84,1.8614464119906193
2022-10-05,18.5447,85.51478641840087,1084.0,14.84,1.8659708871189284
2022-10-06,18.555,85.51478641840087,1084.0,14.84,1.923668483037444
2022-10-07,18.5589,85.51478641840087,1084.0,14.81,1.893598330954216
2022-10-10,18.5592,85.51478641840087,1084.0,14.81,1.8644858530695085
2022-10-11,18.5581,85.51478641840087,1084.0,14.81,1.8618028530811292
2022-10-12,18.5615,85.51478641840087,1084.0,14.81,1.8815832084616346
2022-10-13,18.5664,85.51478641840087,1084.0,14.81,1.8984111303202544
2022-10-14,18.5656,85.51478641840087,1084.0,14.92,1.8291913712627839
2022-10-17,18.5596,85.51478641840087,1084.0,14.92,1.7371332094481717
2022-10-18,18.5663,85.51478641840087,1084.0,14.92,1.7476462400122683
2022-10-19,18.5663,85.51478641840087,1084.0,14.92,1.6451510473124653
2022-10-20,18.5661,85.51478641840087,1084.0,14.92,1.5728775726806088
2022-10-21,18.5687,85.51478641840087,1084.0,14.28,1.4965919463894473
2022-10-24,18.5741,85.51478641840087,1084.0,14.28,1.2758927159612021
2022-10-25,18.583,85.51478641840087,1084.0,14.28,1.1583978399799522
2022-10-26,18.5825,85.51478641840087,1084.0,14.28,0.8460595009388561
2022-10-27,18.5865,85.51478641840087,1084.0,14.28,0.7349234996666842
2022-10-28,18.588,85.51478641840087,1084.0,14.45,0.5506810485659708
2022-10-31,18.588,85.51478641840087,1084.0,14.45,0.45504166711702876
2022-11-01,18.5915,84.38925996957872,1115.26,14.45,0.3931161474617584
2022-11-02,18.5956,84.38925996957872,1115.26,14.45,0.3015151269977423
2022-11-03,18.5981,84.38925996957872,1115.26,14.45,0.2879528922010044
2022-11-04,18.5972,84.38925996957872,1115.26,14.39,0.22743195904069147
2022-11-07,18.5936,84.38925996957872,1115.26,14.39,0.18697228822828205
2022-11-08,18.5833,84.38925996957872,1115.26,14.39,0.1298547351179069
2022-11-09,18.5803,84.38925996957872,1115.26,14.39,0.11962431498915294
2022-11-10,18.5791,84.38925996957872,1115.26,14.39,0.09481992295881092
2022-11-11,18.5793,84.38925996957872,1115.26,14.64,0.06948035160287969
2022-11-14,18.5115,84.38925996957872,1115.26,14.64,-0.2913991468091459
2022-11-15,18.5819,84.38925996957872,1115.26,14.64,0.12015345158300494
2022-11-16,18.5864,84.38925996957872,1115.26,14.64,0.10826066583005112
2022-11-17,18.5916,84.38925996957872,1115.26,14.64,0.1362684002736314
2022-11-18,18.5959,84.38925996957872,1115.26,14.5,0.16050759179364604
2022-11-21,18.5945,84.38925996957872,1115.26,14.5,0.1389434909282894
2022-11-22,18.5979,84.38925996957872,1115.26,14.5,0.12813541436731413
2022-11-23,18.6033,84.38925996957872,1115.26,14.5,0.10923962761664185
2022-11-24,18.6062,84.38925996957872,1115.26,14.5,0.12753935154043994
2022-11-25,18.6045,84.38925996957872,1115.26,14.58,0.09684448389961631
2022-11-28,18.6071,84.38925996957872,1115.26,14.58,0.10275446524639076
2022-11-29,18.6069,84.38925996957872,1115.26,14.58,0.1016785022595057
2022-11-30,18.614,84.38925996957872,1115.26,14.58,0.12102304816716813
2022-12-01,18.6194,64.26959749617876,1128.45,14.58,0.12798726580480757
2022-12-02,18.6123,64.26959749617876,1128.45,14.75,0.07635188540766613
2022-12-05,18.6103,64.26959749617876,1128.45,14.75,0.0704407115049488
2022-12-06,18.613,64.26959749617876,1128.45,14.75,0.10433697616385462
2022-12-07,18.6143,64.26959749617876,1128.45,14.75,0.16681644272007468
2022-12-08,18.6166,64.26959749617876,1128.45,14.75,0.19536821256920245
2022-12-09,18.6202,64.26959749617876,1128.45,15.04,0.22121631295379807
2022-12-12,18.6208,64.26959749617876,1128.45,15.04,0.22336686527479888
2022-12-13,18.6199,64.26959749617876,1128.45,15.04,0.5855819355535807
2022-12-14,18.6246,64.26959749617876,1128.45,15.04,0.22979350873699733
2022-12-15,18.6266,64.26959749617876,1128.45,15.04,0.21628717772133044
2022-12-16,18.6254,64.26959749617876,1128.45,14.96,0.18180253447792616
2022-12-19,18.6268,64.26959749617876,1128.45,14.96,0.16616566017240153
2022-12-20,18.6312,64.26959749617876,1128.45,14.96,0.19737019010996892
2022-12-21,18.6381,64.26959749617876,1128.45,14.96,0.21615343667835685
2022-12-22,18.6432,64.26959749617876,1128.45,14.96,0.2144780764703036
2022-12-23,18.6522,64.26959749617876,1128.45,15.42,0.24722941815094046
2022-12-26,18.6592,64.26959749617876,1128.45,15.42,0.2940148888709526
2022-12-27,18.6649,64.26959749617876,1128.45,15.42,0.31063411278491326
2022-12-28,18.6813,64.26959749617876,1128.45,15.42,0.39985166792964044
2022-12-29,18.6964,64.26959749617876,1128.45,15.42,0.4426775545288475
2022-12-30,18.6966,64.26959749617876,1128.45,16.06,0.4146213089573303
2023-01-02,18.6983,57.682481034550534,1203.48,16.06,0.46206003556787945
2023-01-03,18.7029,57.682481034550534,1203.48,16.06,0.4975739241172894
2023-01-04,18.7105,57.682481034550534,1203.48,16.06,0.523827432439683
2023-01-05,18.7194,57.682481034550534,1203.48,16.06,0.5646196741215137
2023-01-06,18.7387,57.682481034550534,1203.48,15.53,0.6558662698881834
2023-01-09,18.7498,57.682481034550534,1203.48,15.53,0.6960183027035161
2023-01-10,18.7538,57.682481034550534,1203.48,15.53,0.7142550266368675
2023-01-11,18.7555,57.682481034550534,1203.48,15.53,0.7282531055483599
2023-01-12,18.7581,57.682481034550534,1203.48,15.53,0.7167939177217031
2023-01-13,18.7608,57.682481034550534,1203.48,15.67,0.7204750195956233
2023-01-16,18.7592,57.682481034550534,1203.48,15.67,0.7183738335821088
2023-01-17,18.7681,57.682481034550534,1203.48,15.67,0.7585844052655277
2023-01-18,18.7691,57.682481034550534,1203.48,15.67,0.740156296964245
2023-01-19,18.7701,57.682481034550534,1203.48,15.67,0.7082266969272499
2023-01-20,18.7742,57.682481034550534,1203.48,15.68,0.7026690696876114
2023-01-23,18.7771,57.682481034550534,1203.48,15.68,0.6696261030870287
2023-01-24,18.7844,57.682481034550534,1203.48,15.68,0.6709826787858253
2023-01-25,18.7735,57.682481034550534,1203.48,15.68,0.5818407813596549
2023-01-26,18.785,57.682481034550534,1203.48,15.68,0.5551005551005517
2023-01-27,18.7853,57.682481034550534,1203.48,16.3,0.4754926082026323
2023-01-30,18.7852,57.682481034550534,1203.48,16.3,0.4738829519805643
2023-01-31,18.7876,57.682481034550534,1203.48,16.3,0.47758352363584944
2023-02-01,18.7878,55.179828234970564,1241.33,16.3,0.45394029802865443
2023-02-02,18.7897,55.179828234970564,1241.33,16.3,0.42329173458752756
2023-02-03,18.7913,55.179828234970564,1241.33,16.26,0.38409350727053315
2023-02-06,18.7948,55.179828234970564,1241.33,16.26,0.29938042660375697
2023-02-07,18.8092,55.179828234970564,1241.33,16.26,0.3168033792360525
2023-02-08,18.8087,55.179828234970564,1241.33,16.26,0.29274067122397884
2023-02-09,18.81,55.179828234970564,1241.33,16.26,0.2905814294473563
2023-02-10,18.8109,55.179828234970564,1241.33,16.38,0.28147840133063706
2023-02-13,18.8112,55.179828234970564,1241.33,16.38,0.2686452603300582
2023-02-14,18.8184,55.179828234970564,1241.33,16.38,0.3155784894878222
2023-02-15,18.8225,55.179828234970564,1241.33,16.38,0.2898535280609238
2023-02-16,18.8282,55.179828234970564,1241.33,16.38,0.3148792430111014
2023-02-17,18.832,55.179828234970564,1241.33,16.47,0.3297798093776949
2023-02-20,18.836,55.179828234970564,1241.33,16.47,0.3291751446133473
2023-02-21,18.8438,55.179828234970564,1241.33,16.47,0.35521992213920495
2023-02-22,18.8464,55.179828234970564,1241.33,16.47,0.3300611145418353
2023-02-23,18.8506,55.179828234970564,1241.33,16.47,0.4106852744560241
2023-02-24,18.8548,55.179828234970564,1241.33,16.91,0.3715730636145942
2023-02-27,18.8567,55.179828234970564,1241.33,16.91,0.3800844277174198
2023-02-28,18.8632,55.179828234970564,1241.33,16.91,0.41522049272830763
2023-03-01,18.8647,50.50851073917786,1269.75,16.91,0.4103770572079446
2023-03-02,18.8652,50.50851073917786,1269.75,16.91,0.4119694695494003
2023-03-03,18.867,50.50851073917786,1269.75,16.78,0.41139560503893335
2023-03-06,18.8587,50.50851073917786,1269.75,16.78,0.35867662162809566
2023-03-07,18.8801,50.50851073917786,1269.75,16.78,0.4538489369400045
2023-03-08,18.8907,50.50851073917786,1269.75,16.78,0.43329859855814057
2023-03-09,18.9135,50.50851073917786,1269.75,16.78,0.5571889604278679
2023-03-10,18.9295,50.50851073917786,1269.75,16.68,0.6353003721424999
2023-03-13,18.9374,50.50851073917786,1269.75,16.68,0.6724824436895593
2023-03-14,18.9494,50.50851073917786,1269.75,16.68,0.7346687080037384
2023-03-15,18.9514,50.50851073917786,1269.75,16.68,0.7067550907622344
2023-03-16,18.9583,50.50851073917786,1269.75,16.68,0.7214769557710277
2023-03-17,18.9756,50.50851073917786,1269.75,16.72,0.7828682508152829
2023-03-20,18.9785,50.50851073917786,1269.75,16.72,0.7779311809685607
2023-03-21,18.9919,50.50851073917786,1269.75,16.72,0.8276704183478589
2023-03-22,19.0014,50.50851073917786,1269.75,16.72,0.8363493562869362
2023-03-23,19.0165,50.50851073917786,1269.75,16.72,0.9025596400373592
2023-03-24,19.0223,50.50851073917786,1269.75,17.39,0.9108463391085841
2023-03-27,19.0371,50.50851073917786,1269.75,17.39,0.9668625495894867
2023-03-28,19.068,50.50851073917786,1269.75,17.39,1.1205566191327287
2023-03-29,19.0839,50.50851073917786,1269.75,17.39,1.1700029687433666
2023-03-30,19.107,50.50851073917786,1269.75,17.39,1.284409505584505
2023-03-31,19.146,50.50851073917786,1269.75,17.79,1.4884549328923136
2023-04-03,19.1532,43.68416980735861,1300.04,17.79,1.5169343297821491
2023-04-04,19.1788,43.68416980735861,1300.04,17.79,1.6973598392253875
2023-04-05,19.2001,43.68416980735861,1300.04,17.79,1.6949062769794576
2023-04-06,19.2266,43.68416980735861,1300.04,17.79,1.7781236269698963
2023-04-07,19.2361,43.68416980735861,1300.04,17.34,1.7056599783223714
2023-04-10,19.2332,43.68416980735861,1300.04,17.34,1.6043741250429289
2023-04-11,19.238,43.68416980735861,1300.04,17.34,1.5873351146408643
2023-04-12,19.2619,43.68416980735861,1300.04,17.34,1.649128732308136
2023-04-13,19.2885,43.68416980735861,1300.04,17.34,1.7787604082020403
2023-04-14,19.307,43.68416980735861,1300.04,18.27,1.839299937230643
2023-04-17,19.3363,43.68416980735861,1300.04,18.27,1.9008621598262998
2023-04-18,19.3542,43.68416980735861,1300.04,18.27,1.9796085043601863
2023-04-19,19.3755,43.68416980735861,1300.04,18.27,2.0198084446527043
2023-04-20,19.3806,43.68416980735861,1300.04,18.27,1.9956424263475325
2023-04-24,19.3806,43.68416980735861,1300.04,18.76,1.9146530644440274
2023-04-25,19.3853,43.68416980735861,1300.04,18.76,1.9082865899496815
2023-04-26,19.3937,43.68416980735861,1300.04,18.76,1.8731844661214136
2023-04-27,19.4029,43.68416980735861,1300.04,18.76,1.7563457100902014
2023-04-28,19.4103,43.68416980735861,1300.04,19.56,1.7103422256457002
2023-05-02,19.4268,39.5853009358633,1300.6,19.56,1.6737321400533967
2023-05-03,19.4417,39.5853009358633,1300.6,19.56,1.5444479264598243
2023-05-04,19.4511,39.5853009358633,1300.6,19.56,1.5553536745817942
2023-05-05,19.4647,39.5853009358633,1300.6,18.72,1.49070849062507
2023-05-08,19.4747,39.5853009358633,1300.6,18.72,1.4302008843703806
2023-05-09,19.4837,39.5853009358633,1300.6,18.72,1.3372099071078392
2023-05-10,19.4909,39.5853009358633,1300.6,18.72,1.324592822869497
2023-05-11,19.5134,39.5853009358633,1300.6,18.72,1.4568558534201248
2023-05-12,19.5389,39.5853009358633,1300.6,20.28,1.5640919014450638
2023-05-15,19.5649,39.5853009358633,1300.6,20.28,1.57305354092796
2023-05-16,19.6386,39.5853009358633,1300.6,20.28,1.8150711563885258
2023-05-17,19.68,39.5853009358633,1300.6,20.28,1.9319417827730945
2023-05-18,19.7336,39.5853009358633,1300.6,20.28,2.0546847121734713
2023-05-22,19.7607,39.5853009358633,1300.6,21.12,2.1003193105372464
2023-05-23,19.8047,39.5853009358633,1300.6,21.12,2.215168640809284
2023-05-24,19.827,39.5853009358633,1300.6,21.12,2.3033342620971453
2023-05-25,19.86,39.5853009358633,1300.6,21.12,2.473607628246799
2023-05-26,19.9027,39.5853009358633,1300.6,24.21,2.669032720669784
2023-05-29,19.9512,39.5853009358633,1300.6,24.21,2.8746448588974793
2023-05-30,20.0453,39.5853009358633,1300.6,24.21,3.3108452860139526
2023-05-31,20.3104,39.5853009358633,1300.6,24.21,4.637228687861605
2023-06-01,20.6632,38.21351876469987,1351.59,24.21,6.364403813288866
2023-06-02,20.7529,38.21351876469987,1351.59,23.46,6.744266190713777
2023-06-05,20.8447,38.21351876469987,1351.59,23.46,7.164633362637596
2023-06-06,21.1465,38.21351876469987,1351.59,23.46,8.640256464266072
2023-06-07,21.4565,38.21351876469987,1351.59,23.46,10.176279994043558
2023-06-08,23.021,38.21351876469987,1351.59,23.46,18.155175864953787
2023-06-09,23.3212,38.21351876469987,1351.59,26.49,19.651734912189788
2023-06-12,23.4314,38.21351876469987,1351.59,26.49,20.07851015199811
2023-06-13,23.6117,38.21351876469987,1351.59,26.49,20.844571598196392
2023-06-14,23.6387,38.21351876469987,1351.59,26.49,20.821982223267167
2023-06-15,23.5989,38.21351876469987,1351.59,26.49,20.16589777275366
2023-06-16,23.6389,38.21351876469987,1351.59,27.28,20.116361788617887
2023-06-19,23.6388,38.21351876469987,1351.59,27.28,19.789597437872473
2023-06-20,23.6371,38.21351876469987,1351.59,27.28,19.616713982804246
2023-06-21,23.577,38.21351876469987,1351.59,27.28,19.047498826036247
2023-06-22,23.5493,38.21351876469987,1351.59,27.28,18.773894184697614
2023-06-23,23.6239,38.21351876469987,1351.59,30.75,18.952165156092637
2023-06-26,25.2505,38.21351876469987,1351.59,30.75,26.86972119360689
2023-06-27,25.8231,38.21351876469987,1351.59,30.75,29.43131240226151
2023-07-03,25.8231,47.83173331468586,1479.84,28.45,28.823714287139612
2023-07-04,26.0312,47.83173331468586,1479.84,28.45,28.16685048054197
2023-07-05,26.0035,47.83173331468586,1479.84,28.45,25.84449649618645
2023-07-06,26.0474,47.83173331468586,1479.84,28.45,25.512097104501063
2023-07-07,26.0452,47.83173331468586,1479.84,28.09,24.948787941299244
2023-07-10,26.0381,47.83173331468586,1479.84,28.09,23.131960371692717
2023-07-11,26.0564,47.83173331468586,1479.84,28.09,21.43825880269383
2023-07-12,26.0721,47.83173331468586,1479.84,28.09,13.25355110551234
2023-07-13,26.1099,47.83173331468586,1479.84,28.09,11.957789479100555
2023-07-14,26.1195,47.83173331468586,1479.84,26.01,11.47221250117363
2023-07-17,26.1446,47.83173331468586,1479.84,26.01,10.727308918883448
2023-07-18,26.2388,47.83173331468586,1479.84,26.01,10.999335834880952
2023-07-19,26.8232,47.83173331468586,1479.84,26.01,13.662924966841672
2023-07-20,26.8963,47.83173331468586,1479.84,26.01,13.779829010656176
2023-07-21,26.8878,47.83173331468586,1479.84,25.2,13.744352505203295
2023-07-24,26.8944,47.83173331468586,1479.84,25.2,13.780455301200245
2023-07-25,26.9212,47.83173331468586,1479.84,25.2,14.184162531280474
2023-07-26,26.9263,47.83173331468586,1479.84,25.2,14.340129005957735
2023-07-27,26.9283,47.83173331468586,1479.84,25.2,13.987529578096769
2023-07-28,26.9308,47.83173331468586,1479.84,23.44,6.654521692639759
2023-07-31,26.9394,47.83173331468586,1479.84,23.44,4.322873706100339
2023-08-01,26.9323,58.943533697632056,1614.31,23.44,4.295378943658967
2023-08-02,26.9329,58.943533697632056,1614.31,23.44,3.4639202188143425
2023-08-03,26.9382,58.943533697632056,1614.31,23.44,3.5945161228296163
2023-08-04,26.9498,58.943533697632056,1614.31,22.96,3.4644532659689586
2023-08-07,26.9545,58.943533697632056,1614.31,22.96,3.4912383087862597
2023-08-08,26.9651,58.943533697632056,1614.31,22.96,3.5601676005545757
2023-08-09,26.982,58.943533697632056,1614.31,22.96,3.5522942540028524
2023-08-10,26.9892,58.943533697632056,1614.31,22.96,3.5175532465739234
2023-08-11,26.9978,58.943533697632056,1614.31,23.01,3.4006258162612824
2023-08-14,27.0059,58.943533697632056,1614.31,23.01,3.393633109362737
2023-08-15,27.017,58.943533697632056,1614.31,23.01,3.336826725212849
2023-08-16,27.022,58.943533697632056,1614.31,23.01,2.9848926017957966
2023-08-17,27.0254,58.943533697632056,1614.31,23.01,0.7538250469742769
2023-08-18,27.0681,58.943533697632056,1614.31,22.91,0.6387495677844246
2023-08-21,27.0606,58.943533697632056,1614.31,22.91,0.6426706536049931
2023-08-22,27.1275,58.943533697632056,1614.31,22.91,0.8667231840085776
2023-08-23,27.1676,58.943533697632056,1614.31,22.91,0.9152638069625407
2023-08-24,27.1737,58.943533697632056,1614.31,22.91,0.918804291714781
2023-08-25,27.0937,58.943533697632056,1614.31,25.06,0.6142236977454862
2023-08-28,26.406,58.943533697632056,1614.31,25.06,-1.9486981448750273
2023-08-29,26.5271,58.943533697632056,1614.31,25.06,-1.5304720966316965
2023-08-31,26.5763,58.943533697632056,1614.31,25.06,-1.321832892103536
2023-09-01,26.6658,61.52986464671548,1691.04,26.96,-0.9917238767455427
2023-09-04,26.6783,61.52986464671548,1691.04,26.96,-0.9648009146862035
2023-09-05,26.735,61.52986464671548,1691.04,26.96,-0.7970374548234127
2023-09-06,26.7605,61.52986464671548,1691.04,26.96,-0.7197313992097776
2023-09-07,26.7701,61.52986464671548,1691.04,26.96,-0.7231569695643647
2023-09-08,26.8048,61.52986464671548,1691.04,27.48,-0.6567341190423237
2023-09-11,26.8087,61.52986464671548,1691.04,27.48,-0.6687860329316897
2023-09-12,26.8414,61.52986464671548,1691.04,27.48,-0.5793064620080224
2023-09-13,26.8582,61.52986464671548,1691.04,27.48,-0.5469175254296244
2023-09-14,26.9024,61.52986464671548,1691.04,27.48,-0.42417736980419063
2023-09-15,26.9069,61.52986464671548,1691.04,29.12,-0.42594922655613265
2023-09-18,26.93,61.52986464671548,1691.04,29.12,-0.35300125067529997
2023-09-19,26.9814,61.52986464671548,1691.04,29.12,-0.32030323517351356
2023-09-20,26.9938,61.52986464671548,1691.04,29.12,-0.24685335875774816
2023-09-21,26.991,61.52986464671548,1691.04,29.12,-0.5031794304672488
2023-09-22,27.002,61.52986464671548,1691.04,31.58,-0.6095496105655296
2023-09-25,27.1039,61.52986464671548,1691.04,31.58,-0.25686601382954866
2023-09-26,27.1751,61.52986464671548,1691.04,31.58,0.30043884740733606
2023-09-27,27.2108,61.52986464671548,1691.04,31.58,3.0477921684465725
2023-09-28,27.264,61.52986464671548,1691.04,31.58,2.77791390691029
2023-09-29,27.3752,61.52986464671548,1691.04,33.25,3.0060617918972854
2023-10-02,27.3767,61.35701107011069,1749.11,33.25,2.6659616437534117
2023-10-03,27.4044,61.35701107011069,1749.11,33.25,2.721687663756689
2023-10-04,27.4518,61.35701107011069,1749.11,33.25,2.681129605386201
2023-10-05,27.5316,61.35701107011069,1749.11,33.25,2.8814857719399845
2023-10-06,27.5264,61.35701107011069,1749.11,32.52,2.825166883948871
2023-10-09,27.558,61.35701107011069,1749.11,32.52,2.809944487554472
2023-10-10,27.6559,61.35701107011069,1749.11,32.52,3.160168154367793
2023-10-11,27.6791,61.35701107011069,1749.11,32.52,3.120925138033037
2023-10-12,27.6894,61.35701107011069,1749.11,32.52,3.0947718015354786
2023-10-13,27.7077,61.35701107011069,1749.11,34.27,2.993413227072672
2023-10-16,27.7439,61.35701107011069,1749.11,34.27,3.110726244940887
2023-10-17,27.8364,61.35701107011069,1749.11,34.27,3.3657630894912804
2023-10-18,27.8719,61.35701107011069,1749.11,34.27,3.3004217720355555
2023-10-19,27.9659,61.35701107011069,1749.11,34.27,3.601197311975346
2023-10-20,27.9649,61.35701107011069,1749.11,34.22,3.608239783631584
2023-10-23,27.9714,61.35701107011069,1749.11,34.22,3.5901044367083967
2023-10-24,28.0103,61.35701107011069,1749.11,34.22,3.3441681824387004
2023-10-25,28.0536,61.35701107011069,1749.11,34.22,3.2327387939694807
2023-10-26,28.0807,61.35701107011069,1749.11,34.22,3.1968924103664698
2023-10-27,28.1026,61.35701107011069,1749.11,35.72,3.0758509389671396
2023-10-30,28.1258,61.35701107011069,1749.11,35.72,2.741897776089308
2023-10-31,28.2043,61.35701107011069,1749.11,35.72,3.0230086168164805
2023-11-01,28.2366,61.980166059932216,1806.5,35.72,3.0367386259140927
2023-11-02,28.2806,61.980166059932216,1806.5,35.72,3.019109858005664
2023-11-03,28.3063,61.980166059932216,1806.5,36.65,2.8138575309825775
2023-11-06,28.3479,61.980166059932216,1806.5,36.65,2.9844076958846832
2023-11-07,28.3884,61.980166059932216,1806.5,36.65,3.0132810799041954
2023-11-08,28.4353,61.980166059932216,1806.5,36.65,2.818205156946618
2023-11-09,28.4767,61.980166059932216,1806.5,36.65,2.881596583703949
2023-11-10,28.4759,61.980166059932216,1806.5,37.04,2.840437134788032
2023-11-13,28.4857,61.980166059932216,1806.5,37.04,2.807883729071703
2023-11-14,28.542,61.980166059932216,1806.5,37.04,2.87666838476206
2023-11-15,28.5826,61.980166059932216,1806.5,37.04,2.6806627293759266
2023-11-16,28.6163,61.980166059932216,1806.5,37.04,2.6707902941672357
2023-11-17,28.6529,61.980166059932216,1806.5,37.11,2.456563171576809
2023-11-20,28.6592,61.980166059932216,1806.5,37.11,2.482755168085693
2023-11-21,28.7051,61.980166059932216,1806.5,37.11,2.6230363871668994
2023-11-22,28.7474,61.980166059932216,1806.5,37.11,2.631531972167367
2023-11-23,28.7618,61.980166059932216,1806.5,37.11,2.5244531896084776
2023-11-24,28.7786,61.980166059932216,1806.5,38.81,2.4853369039945505
2023-11-27,28.8088,61.980166059932216,1806.5,38.81,2.5129347462512497
2023-11-28,28.8584,61.980166059932216,1806.5,38.81,2.604725910018546
2023-11-29,28.8768,61.980166059932216,1806.5,38.81,2.3843881961261193
2023-11-30,28.8596,61.980166059932216,1806.5,38.81,2.2063562893549493
2023-12-01,28.8209,64.77291860516638,1859.38,40.77,1.9104969484381673
2023-12-04,28.8553,64.77291860516638,1859.38,40.77,1.9394975676792825
2023-12-05,28.8515,64.77291860516638,1859.38,40.77,1.776498435510221
2023-12-06,28.8705,64.77291860516638,1859.38,40.77,1.6982288540389634
2023-12-07,28.8793,64.77291860516638,1859.38,40.77,1.5614394783947994
2023-12-08,28.874,64.77291860516638,1859.38,41.97,1.395175705050078
2023-12-11,28.8974,64.77291860516638,1859.38,41.97,1.4801990455086678
2023-12-12,28.9396,64.77291860516638,1859.38,41.97,1.5934310899854864
2023-12-13,28.9773,64.77291860516638,1859.38,41.97,1.5251208745007183
2023-12-14,29.0056,64.77291860516638,1859.38,41.97,1.479921350751856
2023-12-15,28.9805,64.77291860516638,1859.38,42.17,1.2727012227297108
2023-12-18,28.9847,64.77291860516638,1859.38,42.17,1.1579979687919906
2023-12-19,29.0053,64.77291860516638,1859.38,42.17,1.2076401295221029
2023-12-20,29.0299,64.77291860516638,1859.38,42.17,1.1315062480186544
2023-12-21,29.0677,64.77291860516638,1859.38,42.17,1.1141877178457937
2023-12-22,29.0897,64.77291860516638,1859.38,43.13,1.1400538213880873
2023-12-25,29.1344,64.77291860516638,1859.38,43.13,1.2363353325040016
2023-12-26,29.2108,64.77291860516638,1859.38,43.13,1.3954069589847462
2023-12-27,29.2647,64.77291860516638,1859.38,43.13,1.407908962381832
2023-12-28,29.3374,64.77291860516638,1859.38,43.13,1.595052083333326
2023-12-29,29.3973,64.77291860516638,1859.38,43.68,1.8631581865306446
2024-01-02,29.4382,64.85691494665468,1984.02,43.68,2.141848450256578
2024-01-03,29.6675,64.85691494665468,1984.02,43.68,2.814734208273695
2024-01-04,29.7394,64.85691494665468,1984.02,43.68,3.077482973155643
2024-01-05,29.7452,64.85691494665468,1984.02,44.05,3.029736235950198
2024-01-08,29.7714,64.85691494665468,1984.02,44.05,3.0890637930974796
2024-01-09,29.8342,64.85691494665468,1984.02,44.05,3.325483133615026
2024-01-10,29.8823,64.85691494665468,1984.02,44.05,3.4082651034349043
2024-01-11,29.9136,64.85691494665468,1984.02,44.05,3.3656304855630426
2024-01-12,29.9581,64.85691494665468,1984.02,43.84,3.3847183830101546
2024-01-15,30.0163,64.85691494665468,1984.02,43.84,3.4844995449154537
2024-01-16,30.0449,64.85691494665468,1984.02,43.84,3.672814478701203
2024-01-17,30.047,64.85691494665468,1984.02,43.84,3.6650370712824287
2024-01-18,30.0721,64.85691494665468,1984.02,43.84,3.677948512857987
2024-01-19,30.0847,64.85691494665468,1984.02,44.02,3.633495120548136
2024-01-22,30.1219,64.85691494665468,1984.02,44.02,3.6267059313258354
2024-01-23,30.1806,64.85691494665468,1984.02,44.02,3.7501246145542844
2024-01-24,30.2185,64.85691494665468,1984.02,44.02,3.7210308089406396
2024-01-25,30.2145,64.85691494665468,1984.02,44.02,3.4360578963944954
2024-01-26,30.2185,64.85691494665468,1984.02,44.91,3.2592167355209423
2024-01-29,30.2343,64.85691494665468,1984.02,44.91,3.05718979868701
2024-01-30,30.2849,64.85691494665468,1984.02,44.91,3.0193249039877745
2024-01-31,30.3053,64.85691494665468,1984.02,44.91,2.94549259125898
2024-02-01,30.2952,67.0691919151233,2073.88,44.91,2.1157832645150476
2024-02-02,30.3063,67.0691919151233,2073.88,43.89,1.906225411407081
2024-02-05,30.3735,67.0691919151233,2073.88,43.89,2.1122735769132372
2024-02-06,30.477,67.0691919151233,2073.88,43.89,2.3700598561035013
2024-02-07,30.5077,67.0691919151233,2073.88,43.89,2.257476319123697
2024-02-08,30.5349,67.0691919151233,2073.88,43.89,2.1839015069121226
2024-02-09,30.5357,67.0691919151233,2073.88,43.8,2.0796560761660254
2024-02-12,30.6005,67.0691919151233,2073.88,43.8,2.1443282451156787
2024-02-13,30.6318,67.0691919151233,2073.88,43.8,2.0505525331236507
2024-02-14,30.669,67.0691919151233,2073.88,43.8,2.0772244207835744
2024-02-15,30.6835,67.0691919151233,2073.88,43.8,2.118347921589514
2024-02-16,30.6968,67.0691919151233,2073.88,44.21,2.0773407909657093
2024-02-19,30.7221,67.0691919151233,2073.88,44.21,2.1186849129291696
2024-02-20,30.804,67.0691919151233,2073.88,44.21,2.264465388969472
2024-02-21,30.8388,67.0691919151233,2073.88,44.21,2.180871155643027
2024-02-22,30.9096,67.0691919151233,2073.88,44.21,2.2870096133163598
2024-02-23,30.9582,67.0691919151233,2073.88,44.08,2.461400982971762
2024-02-26,31.0047,67.0691919151233,2073.88,44.08,2.60171749094098
2024-02-27,31.0441,67.0691919151233,2073.88,44.08,2.678414912863869
2024-02-28,31.0737,67.0691919151233,2073.88,44.08,2.60459833118154
2024-02-29,31.1201,67.0691919151233,2073.88,44.08,2.6886386209672875
2024-03-01,31.1597,68.49537310494189,2139.47,44.56,2.8535873669756295
2024-03-04,31.2392,68.49537310494189,2139.47,44.56,3.078237858135102
2024-03-05,31.4069,68.49537310494189,2139.47,44.56,3.402307932902038
2024-03-06,31.5457,68.49537310494189,2139.47,44.56,3.506578731502441
2024-03-07,31.6612,68.49537310494189,2139.47,44.56,3.781012662377048
2024-03-08,31.7768,68.49537310494189,2139.47,45.14,4.067149392989666
2024-03-11,31.8618,68.49537310494189,2139.47,45.14,4.342785657443593
2024-03-12,31.9378,68.49537310494189,2139.47,45.14,4.370190029574683
2024-03-13,31.9856,68.49537310494189,2139.47,45.14,4.4195900991779835
2024-03-14,32.039,68.49537310494189,2139.47,45.14,4.467051420000656
2024-03-15,32.0629,68.49537310494189,2139.47,46.43,4.495575798067364
2024-03-18,32.1214,68.49537310494189,2139.47,46.43,4.640874618852786
2024-03-19,32.2448,68.49537310494189,2139.47,46.43,4.956366915022081
2024-03-20,32.2791,68.49537310494189,2139.47,46.43,4.788663809894822
2024-03-21,32.3294,68.49537310494189,2139.47,46.43,4.833521408096297
2024-03-22,32.3105,68.49537310494189,2139.47,48.69,4.53224888060666
2024-03-25,31.9675,68.49537310494189,2139.47,48.69,3.260202466551676
2024-03-26,32.0592,68.49537310494189,2139.47,48.69,3.4010972529971095
2024-03-27,32.1005,68.49537310494189,2139.47,48.69,3.402901034335004
2024-03-28,32.165,68.49537310494189,2139.47,48.69,3.5119731477101235
2024-03-29,32.2596,68.49537310494189,2139.47,52.53,3.661620624612394
2024-04-01,32.2854,69.80246761638105,2207.5,52.53,3.612679197809987
2024-04-02,32.3568,69.80246761638105,2207.5,52.53,3.577556403493043
2024-04-03,32.1302,69.80246761638105,2207.5,52.53,2.3029971120995807
2024-04-04,31.9392,69.80246761638105,2207.5,52.53,1.2473966340895926
2024-04-05,31.8396,69.80246761638105,2207.5,54.65,0.5634656930249005
2024-04-08,31.9209,69.80246761638105,2207.5,54.65,0.4534754915535899
2024-04-09,32.006,69.80246761638105,2207.5,54.65,0.4525795780527142
2024-04-15,32.006,69.80246761638105,2207.5,55.18,0.21354006850815566
2024-04-16,32.3271,69.80246761638105,2207.5,55.18,1.0676679505777553
2024-04-17,32.4049,69.80246761638105,2207.5,55.18,1.142045631886135
2024-04-18,32.4626,69.80246761638105,2207.5,55.18,1.2466121280358289
2024-04-19,32.4551,69.80246761638105,2207.5,55.33,1.0388712820736279
2024-04-22,32.5096,69.80246761638105,2207.5,55.33,0.8212176847119501
2024-04-24,32.5,69.80246761638105,2207.5,55.33,0.6843437394475016
2024-04-25,32.4742,69.80246761638105,2207.5,55.33,0.44788953707772805
2024-04-26,32.4747,69.80246761638105,2207.5,56.45,0.5081939307655547
2024-04-29,32.4527,69.80246761638105,2207.5,56.45,1.5177915069992887
2024-04-30,32.3389,69.80246761638105,2207.5,56.45,0.8724484703299007
2024-05-02,32.3091,75.44594802398893,2281.85,56.45,0.6498341147334274
2024-05-03,32.3199,75.44594802398893,2281.85,56.4,0.48157935644332905
2024-05-06,32.2472,75.44594802398893,2281.85,56.4,-0.03843817034309138
2024-05-07,32.2242,75.44594802398893,2281.85,56.4,-0.18955936739206702
2024-05-08,32.2073,75.44594802398893,2281.85,56.4,-0.46203580082085915
2024-05-09,32.207,75.44594802398893,2281.85,56.4,0.23902745703419104
2024-05-10,32.177,75.44594802398893,2281.85,55.97,0.7445396252880432
2024-05-13,32.1534,75.44594802398893,2281.85,55.97,0.9855651452907566
2024-05-14,32.1496,75.44594802398893,2281.85,55.97,0.7164584958444076
2024-05-15,32.1946,75.44594802398893,2281.85,55.97,0.5892645129038421
2024-05-16,32.2296,75.44594802398893,2281.85,55.97,0.6986190089358191
2024-05-17,32.1573,75.44594802398893,2281.85,56.53,-0.5252558998487422
2024-05-20,32.194,75.44594802398893,2281.85,56.53,-0.6508274983104245
2024-05-21,32.156,75.44594802398893,2281.85,56.53,-0.9444714841078783
2024-05-22,32.1556,75.44594802398893,2281.85,56.53,-0.9228133636932312
2024-05-23,32.1209,75.44594802398893,2281.85,56.53,-1.1956468243226603
2024-05-24,32.1421,75.44594802398893,2281.85,56.08,-1.1012307692307766
2024-05-27,32.1452,75.44594802398893,2281.85,56.08,-1.0131119473305028
2024-05-28,32.1311,75.44594802398893,2281.85,56.08,-1.0580544239053635
2024-05-29,32.1203,75.44594802398893,2281.85,56.08,-1.0242599229031812
2024-05-30,32.1874,75.44594802398893,2281.85,56.08,-0.4684760458766535
2024-05-31,32.2489,75.44594802398893,2281.85,55.9,-0.18632521487754738
2024-06-03,32.1339,71.59715594226061,2319.29,55.9,-0.5754968301263319
2024-06-04,32.1534,71.59715594226061,2319.29,55.9,-0.290877967699521
2024-06-05,32.2687,71.59715594226061,2319.29,55.9,0.13809497210170996
2024-06-06,32.4547,71.59715594226061,2319.29,55.9,0.768148835822946
2024-06-07,32.1775,71.59715594226061,2319.29,55.56,-0.09159499487688683
2024-06-10,32.1923,71.59715594226061,2319.29,55.56,0.04754949187308899
2024-06-11,32.3699,71.59715594226061,2319.29,55.56,0.673334701773376
2024-06-12,32.3127,71.59715594226061,2319.29,55.56,0.5073157986413612
2024-06-13,32.3073,71.59715594226061,2319.29,55.56,0.35005870549718043
2024-06-14,32.2313,71.59715594226061,2319.29,55.34,0.005274654355003072
2024-06-20,32.4579,71.59715594226061,2319.29,55.34,0.9347799721991734
2024-06-21,32.5711,71.59715594226061,2319.29,55.63,1.1713362738398514
2024-06-24,32.781,71.59715594226061,2319.29,55.63,1.943649707675088
2024-06-25,32.8078,71.59715594226061,2319.29,55.63,2.028262573237627
2024-06-26,32.9015,71.59715594226061,2319.29,55.63,2.430193425464422
2024-06-27,32.904,71.59715594226061,2319.29,55.63,2.370411391912808
2024-06-28,32.8417,71.59715594226061,2319.29,54.78,2.166730958276819
2024-07-01,32.8262,61.78100335171371,2394.1,54.78,2.1633246294088693
2024-07-02,32.6207,61.78100335171371,2394.1,54.78,1.557893294894508
2024-07-03,32.629,61.78100335171371,2394.1,54.78,1.3719654274654047
2024-07-04,32.4929,61.78100335171371,2394.1,54.78,0.756614954308521
2024-07-05,32.5011,61.78100335171371,2394.1,54.83,1.1427184375379484
2024-07-08,32.6301,61.78100335171371,2394.1,54.83,1.4825803803019344
2024-07-09,32.6401,61.78100335171371,2394.1,54.83,1.1509605283138047
2024-07-10,32.7362,61.78100335171371,2394.1,54.83,0.8673628164795666
2024-07-11,32.8849,61.78100335171371,2394.1,54.83,2.1984305803744775
2024-07-12,32.8473,61.78100335171371,2394.1,54.34,2.034648036952924
2024-07-16,32.9069,61.78100335171371,2394.1,54.34,1.6589485911294055
2024-07-17,33.0223,61.78100335171371,2394.1,54.34,2.196040566093216
2024-07-18,33.038,61.78100335171371,2394.1,54.34,2.2617179399083254
2024-07-19,33.0389,61.78100335171371,2394.1,54.72,2.5056389286190806
2024-07-22,33.0042,61.78100335171371,2394.1,54.72,1.6831033430998232
2024-07-23,32.9441,61.78100335171371,2394.1,54.72,1.1451869909213874
2024-07-24,32.8805,61.78100335171371,2394.1,54.72,0.30352948354228637
2024-07-25,32.8106,61.78100335171371,2394.1,54.72,0.008534555806849475
2024-07-26,32.9833,61.78100335171371,2394.1,54.52,0.2486208835463355
2024-07-29,32.9586,61.78100335171371,2394.1,54.52,0.16593727206417608
2024-07-30,32.9509,61.78100335171371,2394.1,54.52,0.33250410301535194
2024-07-31,33.0304,61.78100335171371,2394.1,54.52,0.6220640829581292
2024-08-01,33.0835,51.974527816838176,2453.34,54.52,1.4187310511423856
2024-08-02,33.0782,51.974527816838176,2453.34,54.39,1.3766894480370384
2024-08-05,33.0763,51.974527816838176,2453.34,54.39,1.7954691640327702
2024-08-06,33.2573,51.974527816838176,2453.34,54.39,2.3266904812452527
2024-08-07,33.3984,51.974527816838176,2453.34,54.39,2.3545744573262306
2024-08-08,33.4965,51.974527816838176,2453.34,54.39,2.6237664713037123
2024-08-09,33.4471,51.974527816838176,2453.34,53.89,2.171602079654944
2024-08-12,33.4596,51.974527816838176,2453.34,53.89,1.747610605475458
2024-08-13,33.4843,51.974527816838176,2453.34,53.89,1.939276591987782
2024-08-14,33.4928,51.974527816838176,2453.34,53.89,1.7804776505839337
2024-08-15,33.4846,51.974527816838176,2453.34,53.89,1.3999630552687048
2024-08-16,33.5746,51.974527816838176,2453.34,53.82,1.6241903262909307
2024-08-19,33.6107,51.974527816838176,2453.34,53.82,1.7306871596814766
2024-08-20,33.6524,51.974527816838176,2453.34,53.82,1.9639924615655113
2024-08-21,33.7482,51.974527816838176,2453.34,53.82,2.4408012360331632
2024-08-22,33.8465,51.974527816838176,2453.34,53.82,2.9379115281093604
2024-08-23,33.8506,51.974527816838176,2453.34,53.93,3.1697073506732565
2024-08-26,33.8863,51.974527816838176,2453.34,53.93,2.7377491033341084
2024-08-27,33.9282,51.974527816838176,2453.34,53.93,2.941872530993428
2024-08-28,33.9577,51.974527816838176,2453.34,53.93,3.0554552379449484
2024-08-29,33.9626,51.974527816838176,2453.34,53.93,2.8222485952334786
2024-09-02,33.9233,49.38499384993848,2526.16,53.94,2.5384254991158706
2024-09-03,33.9196,49.38499384993848,2526.16,53.94,2.543669244396618
2024-09-04,33.887,49.38499384993848,2526.16,53.94,2.450999658365638
2024-09-05,33.9725,49.38499384993848,2526.16,53.94,2.150505302595218
2024-09-06,33.9091,49.38499384993848,2526.16,54.09,1.5291151671936287
2024-09-09,33.8937,49.38499384993848,2526.16,54.09,1.1857955308763657
2024-09-10,33.9676,49.38499384993848,2526.16,54.09,1.5561887278717768
2024-09-11,33.9904,49.38499384993848,2526.16,54.09,1.5863907518320675
2024-09-12,33.9398,49.38499384993848,2526.16,54.09,1.3603390245577884
2024-09-13,33.8984,49.38499384993848,2526.16,54.01,1.2110065446901963
2024-09-16,33.8159,49.38499384993848,2526.16,54.01,0.9894100571606002
2024-09-17,33.8895,49.38499384993848,2526.16,54.01,0.9379113973063014
2024-09-18,33.9681,49.38499384993848,2526.16,54.01,1.0633518492622729
2024-09-19,34.0283,49.38499384993848,2526.16,54.01,1.1170079994294646
2024-09-20,33.9766,49.38499384993848,2526.16,54.74,0.6767768355053105
2024-09-23,33.9531,49.38499384993848,2526.16,54.74,0.31495132436145656
2024-09-24,34.0627,49.38499384993848,2526.16,54.74,0.6265767815046175
2024-09-25,34.0815,49.38499384993848,2526.16,54.74,0.5760440059847216
2024-09-26,34.0894,49.38499384993848,2526.16,54.74,0.4751209907982279
2024-09-27,34.0982,49.38499384993848,2526.16,54.84,0.4137500478536449
2024-09-30,34.09,49.38499384993848,2526.16,54.84,0.3751185127169432
2024-10-01,34.121,48.58470879475847,2598.91,54.84,0.5827852832714031
2024-10-02,34.1247,48.58470879475847,2598.91,54.84,0.6046651493531563
2024-10-03,34.1538,48.58470879475847,2598.91,54.84,0.7873225720777866
2024-10-04,34.1126,48.58470879475847,2598.91,54.8,0.41239237618664326
2024-10-07,34.1398,48.58470879475847,2598.91,54.8,0.6803483430701363
2024-10-08,34.1881,48.58470879475847,2598.91,54.8,0.8685979990381565
2024-10-09,34.2103,48.58470879475847,2598.91,54.8,0.714504410084893
2024-10-10,34.1951,48.58470879475847,2598.91,54.8,0.6022288646205798
2024-10-11,34.1522,48.58470879475847,2598.91,54.46,0.6258139411546404
2024-10-14,34.1625,48.58470879475847,2598.91,54.46,0.7790928185400947
2024-10-15,34.2034,48.58470879475847,2598.91,54.46,1.145910651498272
2024-10-16,34.2018,48.58470879475847,2598.91,54.46,0.9215243659540517
2024-10-17,34.1633,48.58470879475847,2598.91,54.46,0.5746568103603078
2024-10-18,34.1155,48.58470879475847,2598.91,54.74,0.25625729172482625
2024-10-21,34.1786,48.58470879475847,2598.91,54.74,0.5945268214006205
2024-10-22,34.1788,48.58470879475847,2598.91,54.74,0.664740480250714
2024-10-23,34.1821,48.58470879475847,2598.91,54.74,0.3505300519336396
2024-10-24,34.2011,48.58470879475847,2598.91,54.74,0.3509235215586104
2024-10-25,34.1902,48.58470879475847,2598.91,54.48,0.29569308934742633
2024-10-28,34.189,48.58470879475847,2598.91,54.48,0.26628971617270736
2024-10-30,34.189,48.58470879475847,2598.91,54.48,0.29040774420650006
2024-10-31,34.2095,48.58470879475847,2598.91,54.48,0.2593710618094214
2024-11-01,34.1787,47.0927207306947,2657.23,55.07,0.1582431493903247
2024-11-04,34.2236,47.0927207306947,2657.23,55.07,0.2043696455445776
2024-11-05,34.2757,47.0927207306947,2657.23,55.07,0.4781224532870443
2024-11-06,34.282,47.0927207306947,2657.23,55.07,0.4165226509821318
2024-11-07,34.1841,47.0927207306947,2657.23,55.07,-0.011699977477541701
2024-11-08,34.1764,47.0927207306947,2657.23,54.38,-0.09909296323036276
2024-11-11,34.2614,47.0927207306947,2657.23,54.38,0.19388742831576433
2024-11-12,34.2869,47.0927207306947,2657.23,54.38,0.39441090178671256
2024-11-13,34.3128,47.0927207306947,2657.23,54.38,0.4399560922063728
2024-11-14,34.3118,47.0927207306947,2657.23,54.38,0.3169275569095298
2024-11-15,34.2996,47.0927207306947,2657.23,54.98,0.2859498622879375
2024-11-18,34.3333,47.0927207306947,2657.23,54.98,0.49761000840082836
2024-11-19,34.4321,47.0927207306947,2657.23,54.98,0.9280239187466233
2024-11-20,34.5162,47.0927207306947,2657.23,54.98,0.987752570321776
2024-11-21,34.4372,47.0927207306947,2657.23,54.98,0.7560242021369845
2024-11-22,34.4495,47.0927207306947,2657.23,54.63,0.7822807843871571
2024-11-25,34.4642,47.0927207306947,2657.23,54.63,0.7692735028990372
2024-11-26,34.5184,47.0927207306947,2657.23,54.63,0.9599241888026411
2024-11-27,34.5726,47.0927207306947,2657.23,54.63,1.121998303547933
2024-11-28,34.5728,47.0927207306947,2657.23,54.63,1.1225832870221497
2024-11-29,34.5697,47.0927207306947,2657.23,54.51,1.0529238954091635
2024-12-02,34.5794,44.37877141842981,2684.55,54.51,1.1723675856600835
2024-12-03,34.6432,44.37877141842981,2684.55,54.51,1.2260545354667585
2024-12-04,34.6766,44.37877141842981,2684.55,54.51,1.1696332970588585
2024-12-05,34.6873,44.37877141842981,2684.55,54.51,1.1822530774167284
2024-12-06,34.6753,44.37877141842981,2684.55,54.38,1.4369253541851368
2024-12-09,34.7007,44.37877141842981,2684.55,54.38,1.5340995540782387
2024-12-10,34.7499,44.37877141842981,2684.55,54.38,1.4258027984845878
2024-12-11,34.7797,44.37877141842981,2684.55,54.38,1.4372836272745326
2024-12-12,34.8028,44.37877141842981,2684.55,54.38,1.4280385162388276
2024-12-13,34.8177,44.37877141842981,2684.55,54.91,1.4744198788755103
2024-12-16,34.8621,44.37877141842981,2684.55,54.91,1.6399608158695678
2024-12-17,34.8985,44.37877141842981,2684.55,54.91,1.6462151905001665
2024-12-18,34.9219,44.37877141842981,2684.55,54.91,1.4225098091606547
2024-12-19,34.9529,44.37877141842981,2684.55,54.91,1.265203006124671
2024-12-20,35.0067,44.37877141842981,2684.55,55.04,1.6537349145691493
2024-12-23,35.0619,44.37877141842981,2684.55,55.04,1.7776745671199912
2024-12-24,35.1065,44.37877141842981,2684.55,55.04,1.8636730288241088
2024-12-25,35.1814,44.37877141842981,2684.55,55.04,1.9207147492351861
2024-12-26,35.2162,44.37877141842981,2684.55,55.04,1.8615898138988562
2024-12-27,35.2033,44.37877141842981,2684.55,54.5,1.8236879859311328
2024-12-30,35.1368,44.37877141842981,2684.55,54.5,1.6404539235226334
2024-12-31,35.2233,44.37877141842981,2684.55,54.5,1.8620913029144592
2025-01-02,35.2803,42.11802300380037,2819.65,54.5,1.8390333456493435
2025-01-03,35.2525,42.11802300380037,2819.65,53.97,1.6607741243374496
2025-01-06,35.271,42.11802300380037,2819.65,53.97,1.6827484410721016
2025-01-07,35.2892,42.11802300380037,2819.65,53.97,1.7704244808264047
2025-01-08,35.2764,42.11802300380037,2819.65,53.97,1.6590443420449796
2025-01-09,35.3179,42.11802300380037,2819.65,53.97,1.6345370778045654
2025-01-10,35.2921,42.11802300380037,2819.65,53.33,1.4732732024715478
2025-01-13,35.3356,42.11802300380037,2819.65,53.33,1.5309113059868817
2025-01-14,35.4197,42.11802300380037,2819.65,53.33,1.7290056494254191
2025-01-15,35.4292,42.11802300380037,2819.65,53.33,1.6266948921608293
2025-01-16,35.4294,42.11802300380037,2819.65,53.33,1.5212688224422344
2025-01-17,35.3979,42.11802300380037,2819.65,52.72,1.3630415298136578
2025-01-20,35.4119,42.11802300380037,2819.65,52.72,1.3131957577196873
2025-01-21,35.5183,42.11802300380037,2819.65,52.72,1.4614345253908478
2025-01-22,35.5516,42.11802300380037,2819.65,52.72,1.3966727416369284
2025-01-23,35.5815,42.11802300380037,2819.65,52.72,1.3530257929443401
2025-01-24,35.5915,42.11802300380037,2819.65,51.82,1.1656727702706648
2025-01-27,35.5994,42.11802300380037,2819.65,51.82,1.088135573968807
2025-01-28,35.6602,42.11802300380037,2819.65,51.82,1.2978896864782596
2025-01-29,35.6978,42.11802300380037,2819.65,51.82,1.5966166526263148
2025-01-30,35.7067,42.11802300380037,2819.65,51.82,1.372387027904809
2025-01-31,35.721,42.11802300380037,2819.65,50.68,1.2491390379333556
2025-02-03,35.763,39.05095762532065,2883.75,50.68,1.4481242465073318
2025-02-04,35.9022,39.05095762532065,2883.75,50.68,1.789572169771203
2025-02-05,35.9164,39.05095762532065,2883.75,50.68,1.7773143057932872
2025-02-06,35.8683,39.05095762532065,2883.75,50.68,1.6778923019355574
2025-02-07,35.8332,39.05095762532065,2883.75,50.7,1.4590335212455896
2025-02-10,35.9055,39.05095762532065,2883.75,50.7,1.7380660261078429
2025-02-11,35.9451,39.05095762532065,2883.75,50.7,1.724889346721148
2025-02-12,35.9593,39.05095762532065,2883.75,50.7,1.5234459919197585
2025-02-13,36.0273,39.05095762532065,2883.75,50.7,1.6881555327244113
2025-02-14,36.0448,39.05095762532065,2883.75,50.0,1.7369755062180081
2025-02-17,36.106,39.05095762532065,2883.75,50.0,2.0004011537407607
2025-02-18,36.1523,39.05095762532065,2883.75,50.0,2.090822576591478
2025-02-19,36.1964,39.05095762532065,2883.75,50.0,1.909156688242386
2025-02-20,36.2267,39.05095762532065,2883.75,50.0,1.898930005963173
2025-02-21,36.2472,39.05095762532065,2883.75,49.93,1.870916065933148
2025-02-24,36.306,39.05095762532065,2883.75,49.93,2.007501791157984
2025-02-25,36.3563,39.05095762532065,2883.75,49.93,2.126159429653285
2025-02-26,36.3875,39.05095762532065,2883.75,49.93,2.039528662206047
2025-02-27,36.3717,39.05095762532065,2883.75,49.93,1.8877914045123179
2025-02-28,36.3652,39.05095762532065,2883.75,49.55,1.8441917063184432
2025-03-03,36.3812,38.103829453088856,2954.69,49.55,1.8482125360432367
2025-03-04,36.4097,38.103829453088856,2954.69,49.55,1.8082934876828105
2025-03-05,36.4011,38.103829453088856,2954.69,49.55,1.3896084362518213
2025-03-06,36.3682,38.103829453088856,2954.69,49.55,1.2579211725005868
2025-03-07,36.3748,38.103829453088856,2954.69,48.44,1.4121104150461639
2025-03-10,36.3153,38.103829453088856,2954.69,48.44,1.3454003549780769
2025-03-11,36.4558,38.103829453088856,2954.69,48.44,1.5326342760858314
2025-03-12,36.5088,38.103829453088856,2954.69,48.44,1.5682248762696638
2025-03-13,36.5401,38.103829453088856,2954.69,48.44,1.6151593607217185
2025-03-14,36.5387,38.103829453088856,2954.69,47.98,1.4194791172249976
2025-03-17,36.535,38.103829453088856,2954.69,47.98,1.3599742542613535
2025-03-18,36.6139,38.103829453088856,2954.69,47.98,1.4066914086301452
2025-03-19,36.5922,38.103829453088856,2954.69,47.98,1.2167967183277506
2025-03-20,37.9839,38.103829453088856,2954.69,47.98,4.938336409145672
2025-03-21,37.915,38.103829453088856,2954.69,48.53,4.660374806427292
2025-03-24,37.8502,38.103829453088856,2954.69,48.53,4.422410558608658
2025-03-25,37.86,38.103829453088856,2954.69,48.53,4.280284250537103
2025-03-26,37.9086,38.103829453088856,2954.69,48.53,4.269686409233064
2025-03-27,37.9287,38.103829453088856,2954.69,48.53,4.2355204397114266
2025-03-28,37.9323,38.103829453088856,2954.69,50.61,4.290698537599291
2025-04-02,37.7656,37.85866364665911,3043.23,50.61,3.8509344098203613
2025-04-03,37.8559,37.85866364665911,3043.23,50.61,4.053467175354308
2025-04-04,37.8637,37.85866364665911,3043.23,51.07,3.9934413082228115
2025-04-07,37.8465,37.85866364665911,3043.23,51.07,3.9707591254110497
2025-04-08,37.933,37.85866364665911,3043.23,51.07,4.30266001616797
2025-04-09,37.93,37.85866364665911,3043.23,51.07,4.275487425360414
2025-04-10,37.9327,37.85866364665911,3043.23,51.07,4.4537701740037905
2025-04-11,37.8646,37.85866364665911,3043.23,50.92,3.864405663844983
2025-04-14,37.9073,37.85866364665911,3043.23,50.92,3.83058331142081
2025-04-15,37.9649,37.85866364665911,3043.23,50.92,3.8992777797542955
2025-04-16,38.0065,37.85866364665911,3043.23,50.92,4.017110625172782
2025-04-17,38.0472,37.85866364665911,3043.23,50.92,4.139044751608045
2025-04-18,38.0611,37.85866364665911,3043.23,52.77,3.952597237661104
2025-04-21,38.0032,37.85866364665911,3043.23,52.77,3.8560130300993256
2025-04-22,38.114,37.85866364665911,3043.23,52.77,0.3425135386308398
2025-04-24,38.1314,37.85866364665911,3043.23,52.77,0.570750362653305
2025-04-25,38.2289,37.85866364665911,3043.23,53.75,1.0005231148052074
2025-04-28,38.2455,37.85866364665911,3043.23,53.75,1.018225039619658
2025-04-29,38.3665,37.85866364665911,3043.23,53.75,1.2079053301889298
2025-04-30,38.3672,37.85866364665911,3043.23,53.75,1.156116608267621
2025-05-02,38.3684,35.40504415277077,3089.74,55.54,1.1496798243185946
2025-05-05,38.3695,35.40504415277077,3089.74,55.54,1.5990742898299048
2025-05-06,38.5105,35.40504415277077,3089.74,55.54,1.7291888450677417
2025-05-07,38.5259,35.40504415277077,3089.74,55.54,1.7489046236897066
2025-05-08,38.556,35.40504415277077,3089.74,55.54,1.8746779755063114
2025-05-09,38.5529,35.40504415277077,3089.74,56.27,1.634197137057436
2025-05-12,38.5725,35.40504415277077,3089.74,56.27,1.693909833904561
2025-05-13,38.6761,35.40504415277077,3089.74,56.27,1.959786674821462
2025-05-14,38.7123,35.40504415277077,3089.74,56.27,2.2387665523998512
2025-05-15,38.6933,35.40504415277077,3089.74,56.27,2.073479250698429
2025-05-16,38.6349,35.40504415277077,3089.74,56.33,1.7647880015488004
2025-05-20,38.5944,35.40504415277077,3089.74,56.33,1.5468406719903127
2025-05-21,38.7709,35.40504415277077,3089.74,56.33,1.9021110620492498
2025-05-22,38.7602,35.40504415277077,3089.74,56.33,1.836783487602811
2025-05-23,38.7965,35.40504415277077,3089.74,56.27,2.0874557931963578
2025-05-26,38.8174,35.40504415277077,3089.74,56.27,1.8455160833289685
2025-05-27,38.8907,35.40504415277077,3089.74,56.27,1.991272284783685
2025-05-28,38.9027,35.40504415277077,3089.74,56.27,1.7625409049174756
2025-05-29,38.9808,35.40504415277077,3089.74,56.27,1.9225791269561254
2025-05-30,39.0212,35.40504415277077,3089.74,56.58,1.706436604850592
2025-06-02,39.0626,35.04865713213958,3132.17,56.58,1.8124856648387366
2025-06-03,39.1151,35.04865713213958,3132.17,56.58,1.946132755079688
2025-06-04,39.0798,35.04865713213958,3132.17,56.58,1.8512099453993347
2025-06-05,39.0575,35.04865713213958,3132.17,56.58,1.4203918411861638
2025-06-10,39.0575,35.04865713213958,3132.17,56.69,1.3798509574078688
2025-06-11,39.1385,35.04865713213958,3132.17,56.69,1.5107895009855987
2025-06-12,39.1192,35.04865713213958,3132.17,56.69,1.468890796801281
2025-06-13,39.2163,35.04865713213958,3132.17,55.96,1.669064748201432
2025-06-16,39.2546,35.04865713213958,3132.17,55.96,1.4957557768234375
2025-06-17,39.321,35.04865713213958,3132.17,55.96,1.572368472036012
2025-06-18,39.3015,35.04865713213958,3132.17,55.96,1.5718483561753427
2025-06-19,39.4229,35.04865713213958,3132.17,55.96,2.0396066768646914
2025-06-20,39.4801,35.04865713213958,3132.17,55.61,2.294892523267622
2025-06-23,39.541,35.04865713213958,3132.17,55.61,1.986283527078303
2025-06-24,39.647,35.04865713213958,3132.17,55.61,2.287913891053206
2025-06-25,39.5502,35.04865713213958,3132.17,55.61,1.9427010168442838
2025-06-26,39.6392,35.04865713213958,3132.17,55.61,2.1170918196478983
2025-06-27,39.6989,35.04865713213958,3132.17,55.8,2.0781317898623586
2025-06-30,39.7424,35.04865713213958,3132.17,55.8,2.158462009063644
2025-07-01,39.7408,33.52240925608789,3196.66,55.8,1.9496777900915196
2025-07-02,39.7733,33.52240925608789,3196.66,55.8,1.9274138160794596
2025-07-03,39.7292,33.52240925608789,3196.66,55.8,1.7064916313814127
2025-07-04,39.677,33.52240925608789,3196.66,55.27,1.4365296266659167
2025-07-07,39.6792,33.52240925608789,3196.66,55.27,1.533784717424358
2025-07-08,39.9019,33.52240925608789,3196.66,55.27,2.1619407284132475
2025-07-09,39.9332,33.52240925608789,3196.66,55.27,2.2420789861102186
2025-07-10,39.9621,33.52240925608789,3196.66,55.27,2.104321831444733
2025-07-11,39.9775,33.52240925608789,3196.66,54.39,2.19406327327758
2025-07-14,40.0076,33.52240925608789,3196.66,54.39,2.0177834216894563
2025-07-16,40.0883,33.52240925608789,3196.66,54.39,2.123827525945976
2025-07-17,40.1639,33.52240925608789,3196.66,54.39,2.143638259454228
2025-07-18,40.2014,33.52240925608789,3196.66,53.72,2.289734488505535
2025-07-21,40.2282,33.52240925608789,3196.66,53.72,2.042721362456845
2025-07-22,40.3108,33.52240925608789,3196.66,53.72,2.10409801393614
2025-07-23,40.3356,33.52240925608789,3196.66,53.72,2.009559697529162
2025-07-24,40.3683,33.52240925608789,3196.66,53.72,1.8193053698892792
2025-07-25,40.3929,33.52240925608789,3196.66,51.78,2.130709832061539
2025-07-28,40.399,33.52240925608789,3196.66,51.78,1.9167894407556174
2025-07-29,40.4717,33.52240925608789,3196.66,51.78,1.946653433722334
2025-07-30,40.493,33.52240925608789,3196.66,51.78,1.8886629896533558
2025-07-31,40.4994,33.52240925608789,3196.66,51.78,1.9088694741927759
2025-08-01,40.5128,32.950182200591826,3261.72,51.25,1.859287511974106
2025-08-04,40.519,32.950182200591826,3261.72,51.25,1.9879584789021632
2025-08-05,40.594,32.950182200591826,3261.72,51.25,2.3111626383043093
2025-08-06,40.6026,32.950182200591826,3261.72,51.25,2.3271638541099593
2025-08-07,40.5932,32.950182200591826,3261.72,51.25,1.7324989536839253
2025-08-08,40.5808,32.950182200591826,3261.72,51.0,1.6217082527821614
2025-08-11,40.5543,32.950182200591826,3261.72,51.0,1.481904104138665
2025-08-12,40.6325,32.950182200591826,3261.72,51.0,1.6384216121568373
2025-08-13,40.6384,32.950182200591826,3261.72,51.0,1.5767004269188867
2025-08-14,40.6573,32.950182200591826,3261.72,51.0,1.4193667479040162
2025-08-15,40.7094,32.950182200591826,3261.72,50.57,1.3581848376278405
2025-08-18,40.7313,32.950182200591826,3261.72,50.57,1.318113299536816
2025-08-19,40.8084,32.950182200591826,3261.72,50.57,1.442271839157594
2025-08-20,40.812,32.950182200591826,3261.72,50.57,1.243339253996445
2025-08-21,40.841,32.950182200591826,3261.72,50.57,1.2529874354168635
2025-08-22,40.8586,32.950182200591826,3261.72,50.22,1.2145668754939054
2025-08-25,40.8507,32.950182200591826,3261.72,50.22,1.1333674977533237
2025-08-26,40.9205,32.950182200591826,3261.72,50.22,1.2908735364736579
2025-08-27,40.9413,32.950182200591826,3261.72,50.22,1.1603169622229847
2025-08-28,40.9629,32.950182200591826,3261.72,50.22,1.1604474847504376
2025-08-29,40.9735,32.950182200591826,3261.72,50.01,1.1706346266858292
2025-09-01,40.9441,33.294011464040274,3367.22,50.01,1.0646018048616757
2025-09-02,41.0379,33.294011464040274,3367.22,50.01,1.2806337767467202
2025-09-03,41.0768,33.294011464040274,3367.22,50.01,1.1893383258609669
2025-09-04,41.0851,33.294011464040274,3367.22,50.01,1.1883475442459268
2025-09-05,41.0908,33.294011464040274,3367.22,49.84,1.2258210734802821
2025-09-08,41.097,33.294011464040274,3367.22,49.84,1.2720301226195607
2025-09-09,41.1816,33.294011464040274,3367.22,49.84,1.5468150109852807
2025-09-10,41.192,33.294011464040274,3367.22,49.84,1.3769765581738813
2025-09-11,41.2013,33.294011464040274,3367.22,49.84,1.385143115870724
2025-09-12,41.2114,33.294011464040274,3367.22,48.51,1.3628548870682433
2025-09-15,41.209,33.294011464040274,3367.22,48.51,1.2272349874967503
2025-09-16,41.255,33.294011464040274,3367.22,48.51,1.2857433963561427
2025-09-17,41.2295,33.294011464040274,3367.22,48.51,1.0318953940855469
2025-09-18,41.2161,33.294011464040274,3367.22,48.51,0.9901499558953253
2025-09-19,41.241,33.294011464040274,3367.22,48.28,0.9794079478954831
2025-09-22,41.2344,33.294011464040274,3367.22,48.28,0.9197574072532966
2025-09-23,41.2983,33.294011464040274,3367.22,48.28,1.0956972585536962
2025-09-24,41.3375,33.294011464040274,3367.22,48.28,1.0190491318532224
2025-09-25,41.3726,33.294011464040274,3367.22,48.28,1.0534594651366636
2025-09-26,41.395,33.294011464040274,3367.22,48.54,1.0548569559284182
2025-09-29,41.4179,33.294011464040274,3367.22,48.54,1.08460346321404
2025-09-30,41.4984,33.294011464040274,3367.22,48.54,1.3537970061620497
2025-10-01,41.5068,32.86685572028274,3453.09,48.54,1.1426023261424056
2025-10-02,41.513,32.86685572028274,3453.09,48.54,1.0619132941222187
2025-10-03,41.5283,32.86685572028274,3453.09,47.99,1.0787365735996923
2025-10-06,41.5226,32.86685572028274,3453.09,47.99,1.0508434978145909
2025-10-07,41.6225,32.86685572028274,3453.09,47.99,1.2786821422488215
2025-10-08,41.6217,32.86685572028274,3453.09,47.99,1.0686811585756573
2025-10-09,41.633,32.86685572028274,3453.09,47.99,1.0705962322781204
2025-10-10,41.6421,32.86685572028274,3453.09,47.5,1.0698691546140449
2025-10-13,41.6388,32.86685572028274,3453.09,47.5,1.0370916785161555
2025-10-14,41.7196,32.86685572028274,3453.09,47.5,1.2390497221480556
2025-10-15,41.7496,32.86685572028274,3453.09,47.5,1.1988849836383375
2025-10-16,41.7611,32.86685572028274,3453.09,47.5,1.2893680495761561
2025-10-17,41.7736,32.86685572028274,3453.09,47.72,1.352626764783671
2025-10-20,41.7855,32.86685572028274,3453.09,47.72,1.3202880628500724
2025-10-21,41.8768,32.86685572028274,3453.09,47.72,1.5579225113012463
2025-10-22,41.8872,32.86685572028274,3453.09,47.72,1.425966686280078
2025-10-23,41.8966,32.86685572028274,3453.09,47.72,1.3525249470819567
2025-10-24,41.9042,32.86685572028274,3453.09,47.15,1.284908369307236
2025-10-27,41.8427,32.86685572028274,3453.09,47.15,1.0815315859403318
2025-10-28,41.8699,32.86685572028274,3453.09,47.15,1.0913155906021155
2025-10-30,41.8699,32.86685572028274,3453.09,47.15,0.8952152372139865
2025-10-31,41.9,32.86685572028274,3453.09,46.92,0.9473146568754975
2025-11-03,41.8922,31.074841093921112,3482.96,46.92,0.9134487991713458
2025-11-04,41.9751,31.074841093921112,3482.96,46.92,1.0758928248928878
2025-11-05,42.0042,31.074841093921112,3482.96,46.92,1.159850298391718
2025-11-06,42.0362,31.074841093921112,3482.96,46.92,0.9939335695837492
2025-11-07,42.0426,31.074841093921112,3482.96,46.51,1.0112513424487712
2025-11-10,42.049,31.074841093921112,3482.96,46.51,0.9992073595465056
2025-11-11,42.1124,31.074841093921112,3482.96,46.51,1.1293858859183326
2025-11-12,42.1526,31.074841093921112,3482.96,46.51,1.233945262591618
2025-11-13,42.1636,31.074841093921112,3482.96,46.51,1.0642479793670168
2025-11-14,42.1724,31.074841093921112,3482.96,46.35,1.0127043133347335
2025-11-17,42.1661,31.074841093921112,3482.96,46.35,0.9698020406550656
2025-11-18,42.2525,31.074841093921112,3482.96,46.35,1.1464178332726727
2025-11-19,42.2641,31.074841093921112,3482.96,46.35,1.1453733950772316
2025-11-20,42.2756,31.074841093921112,3482.96,46.35,0.9523172735261376
2025-11-21,42.2882,31.074841093921112,3482.96,46.56,0.9573330277507397
2025-11-24,42.2819,31.074841093921112,3482.96,46.56,0.9196450308617043
2025-11-25,42.3675,31.074841093921112,3482.96,46.56,1.10561709804744
2025-11-26,42.3668,31.074841093921112,3482.96,46.56,1.2525482342200522
2025-11-27,42.3578,31.074841093921112,3482.96,46.56,1.1652762485699686
2025-11-28,42.3624,31.074841093921112,3482.96,46.54,1.17626266124351
2025-12-01,42.3547,30.89232832318265,3513.87,46.54,1.0852028639618094
2025-12-02,42.416,30.89232832318265,3513.87,46.54,1.2503520941845814
2025-12-03,42.3574,30.89232832318265,3513.87,46.54,0.9107780565144497
2025-12-04,42.3702,30.89232832318265,3513.87,46.54,0.8713414372848449
2025-12-05,42.3771,30.89232832318265,3513.87,46.57,0.810967689753106
2025-12-08,42.3606,30.89232832318265,3513.87,46.57,0.7563756760999407
2025-12-09,42.4735,30.89232832318265,3513.87,46.57,1.0095364931389517
2025-12-10,42.497,30.89232832318265,3513.87,46.57,0.9132702007009774
2025-12-11,42.5179,30.89232832318265,3513.87,46.57,0.8666132100985324
2025-12-12,42.5343,30.89232832318265,3513.87,45.54,0.8791943761917942
2025-12-15,42.5344,30.89232832318265,3513.87,45.54,0.8583813109996008
2025-12-16,42.6211,30.89232832318265,3513.87,45.54,1.079065884679875
2025-12-17,42.6317,30.89232832318265,3513.87,45.54,0.8974616886574971
2025-12-18,42.6516,30.89232832318265,3513.87,45.54,0.916853783707694
2025-12-19,42.6585,30.89232832318265,3513.87,45.28,0.9057233960014788
2025-12-22,42.6532,30.89232832318265,3513.87,45.28,0.8631249379259298
2025-12-23,42.734,30.89232832318265,3513.87,45.28,1.0692518548125918
2025-12-24,42.7474,30.89232832318265,3513.87,45.28,0.8966778780905127
2025-12-25,42.7434,30.89232832318265,3513.87,45.28,0.8889035754411578
2025-12-26,42.7641,30.89232832318265,3513.87,45.24,0.9592094018102904
2025-12-29,42.7656,30.89232832318265,3513.87,45.24,0.9517874341397059
2025-12-30,42.8542,30.89232832318265,3513.87,45.24,1.1793260252108917
2025-12-31,42.8623,30.89232832318265,3513.87,45.24,1.0521972840437543
2026-01-02,42.8457,30.64848474101396,3683.83,45.18,1.1528091903658
2026-01-05,42.881,30.64848474101396,3683.83,45.18,1.205564288108163
2026-01-06,42.9648,30.64848474101396,3683.83,45.18,1.386833926814246
2026-01-07,42.9663,30.64848474101396,3683.83,45.18,1.4298664324867927
2026-01-08,42.9743,30.64848474101396,3683.83,45.18,1.1790881373091366
2026-01-09,42.9747,30.64848474101396,3683.83,44.7,1.1240793467774068
2026-01-12,42.9863,30.64848474101396,3683.83,44.7,1.10165365646
2026-01-13,43.0609,30.64848474101396,3683.83,44.7,1.238059636575639
2026-01-14,43.0765,30.64848474101396,3683.83,44.7,1.2744978182365418
2026-01-15,43.0925,30.64848474101396,3683.83,44.7,1.1060249500834063
2026-01-16,43.1147,30.64848474101396,3683.83,44.49,1.1329597459167617
2026-01-19,43.0883,30.64848474101396,3683.83,44.49,1.023877181629751
2026-01-20,43.1943,30.64848474101396,3683.83,44.49,1.256021660395934
2026-01-21,43.2061,30.64848474101396,3683.83,44.49,1.2962685097483995
2026-01-22,43.2165,30.64848474101396,3683.83,44.49,1.1290775494922078
2026-01-23,43.2247,30.64848474101396,3683.83,43.7,1.1165591357602977
2026-01-26,43.2036,30.64848474101396,3683.83,43.7,1.0766574488692893
2026-01-27,43.2978,30.64848474101396,3683.83,43.7,1.24800942846921
2026-01-28,43.3158,30.64848474101396,3683.83,43.7,1.286548066670412
2026-01-29,43.3327,30.64848474101396,3683.83,43.7,1.116576671598124
2026-01-30,43.3443,30.64848474101396,3683.83,43.46,1.1245313480611197
2026-02-02,43.3414,30.64848474101396,3683.83,43.46,1.1569422369105853
2026-02-03,43.4168,30.64848474101396,3683.83,43.46,1.2495044425270052
2026-02-04,43.4142,30.64848474101396,3683.83,43.46,1.0459725170372192
2026-02-05,43.4245,30.64848474101396,3683.83,43.46,1.066417168804401
2026-02-06,43.4555,30.64848474101396,3683.83,43.72,1.1197390068017343
2026-02-09,43.4542,30.64848474101396,3683.83,43.72,1.1157727686289975
2026-02-10,43.5182,30.64848474101396,3683.83,43.72,1.2373709763343177
2026-02-11,43.545,30.64848474101396,3683.83,43.72,1.1242217417657407
2026-02-12,43.5633,30.64848474101396,3683.83,43.72,1.1300825275962323
2026-02-13,43.5702,30.64848474101396,3683.83,43.43,1.1085455705749148
2026-02-16,43.5433,30.64848474101396,3683.83,43.43,0.9940925020932578
2026-02-17,43.6375,30.64848474101396,3683.83,43.43,1.274591942592318
2026-02-18,43.6524,30.64848474101396,3683.83,43.43,1.060556601218221
2026-02-19,43.6747,30.64848474101396,3683.83,43.43,1.0845690770516336
2026-02-20,43.6913,30.64848474101396,3683.83,43.43,1.0986544491108585
2026-02-23,43.6883,30.64848474101396,3683.83,43.43,1.07253491637882
2026-02-24,43.7542,30.64848474101396,3683.83,43.43,1.2744308344674993
