Date,EREGL.IS,SISE.IS,TOASO.IS,FROTO.IS,THYAO.IS,GARAN.IS,AKBNK.IS,EKGYO.IS,BIMAS.IS,MGROS.IS
2016-01-01,,,,,,,,,,
2016-01-04,,,,,,,,,,
2016-01-05,,,,,,,,,,
2016-01-06,,,,,,,,,,
2016-01-07,,,,,,,,,,
2016-01-08,,,,,,,,,,
2016-01-11,,,,,,,,,,
2016-01-12,,,,,,,,,,
2016-01-13,,,,,,,,,,
2016-01-14,,,,,,,,,,
2016-01-15,,,,,,,,,,
2016-01-18,,,,,,,,,,
2016-01-19,,,,,,,,,,
2016-01-20,,,,,,,,,,
2016-01-21,,,,,,,,,,
2016-01-25,,,,,,,,,,
2016-01-26,,,,,,,,,,
2016-01-27,,,,,,,,,,
2016-01-28,,,,,,,,,,
2016-01-29,,,,,,,,,,
2016-02-01,,,,,,,,,,
2016-02-02,,,,,,,,,,
2016-02-03,,,,,,,,,,
2016-02-04,,,,,,,,,,
2016-02-05,,,,,,,,,,
2016-02-08,,,,,,,,,,
2016-02-09,,,,,,,,,,
2016-02-10,,,,,,,,,,
2016-02-11,,,,,,,,,,
2016-02-12,,,,,,,,,,
2016-02-15,,,,,,,,,,
2016-02-16,,,,,,,,,,
2016-02-17,,,,,,,,,,
2016-02-18,,,,,,,,,,
2016-02-19,,,,,,,,,,
2016-02-22,,,,,,,,,,
2016-02-23,,,,,,,,,,
2016-02-24,,,,,,,,,,
2016-02-25,,,,,,,,,,
2016-02-26,,,,,,,,,,
2016-02-29,,,,,,,,,,
2016-03-01,,,,,,,,,,
2016-03-02,,,,,,,,,,
2016-03-03,,,,,,,,,,
2016-03-04,,,,,,,,,,
2016-03-07,,,,,,,,,,
2016-03-08,,,,,,,,,,
2016-03-09,,,,,,,,,,
2016-03-10,,,,,,,,,,
2016-03-11,,,,,,,,,,
2016-03-14,,,,,,,,,,
2016-03-15,,,,,,,,,,
2016-03-16,,,,,,,,,,
2016-03-17,,,,,,,,,,
2016-03-18,,,,,,,,,,
2016-03-21,,,,,,,,,,
2016-03-22,,,,,,,,,,
2016-03-23,,,,,,,,,,
2016-03-24,,,,,,,,,,
2016-03-25,,,,,,,,,,
2016-03-28,,,,,,,,,,
2016-03-29,,,,,,,,,,
2016-03-30,,,,,,,,,,
2016-03-31,,,,,,,,,,
2016-04-01,,,,,,,,,,
2016-04-04,,,,,,,,,,
2016-04-05,,,,,,,,,,
2016-04-06,,,,,,,,,,
2016-04-07,,,,,,,,,,
2016-04-08,,,,,,,,,,
2016-04-11,,,,,,,,,,
2016-04-12,,,,,,,,,,
2016-04-13,,,,,,,,,,
2016-04-14,,,,,,,,,,
2016-04-15,,,,,,,,,,
2016-04-18,,,,,,,,,,
2016-04-19,,,,,,,,,,
2016-04-20,,,,,,,,,,
2016-04-21,,,,,,,,,,
2016-04-22,,,,,,,,,,
2016-04-25,,,,,,,,,,
2016-04-26,,,,,,,,,,
2016-04-27,,,,,,,,,,
2016-04-28,,,,,,,,,,
2016-04-29,,,,,,,,,,
2016-05-02,,,,,,,,,,
2016-05-03,,,,,,,,,,
2016-05-04,,,,,,,,,,
2016-05-05,,,,,,,,,,
2016-05-06,,,,,,,,,,
2016-05-09,,,,,,,,,,
2016-05-10,,,,,,,,,,
2016-05-11,,,,,,,,,,
2016-05-12,,,,,,,,,,
2016-05-13,,,,,,,,,,
2016-05-16,,,,,,,,,,
2016-05-17,,,,,,,,,,
2016-05-18,,,,,,,,,,
2016-05-20,,,,,,,,,,
2016-05-23,,,,,,,,,,
2016-05-24,,,,,,,,,,
2016-05-25,,,,,,,,,,
2016-05-26,,,,,,,,,,
2016-05-27,,,,,,,,,,
2016-05-30,,,,,,,,,,
2016-05-31,,,,,,,,,,
2016-06-01,,,,,,,,,,
2016-06-02,,,,,,,,,,
2016-06-03,,,,,,,,,,
2016-06-06,,,,,,,,,,
2016-06-07,,,,,,,,,,
2016-06-08,,,,,,,,,,
2016-06-09,,,,,,,,,,
2016-06-10,,,,,,,,,,
2016-06-13,,,,,,,,,,
2016-06-14,,,,,,,,,,
2016-06-15,,,,,,,,,,
2016-06-16,,,,,,,,,,
2016-06-17,,,,,,,,,,
2016-06-20,,,,,,,,,,
2016-06-21,,,,,,,,,,
2016-06-22,,,,,,,,,,
2016-06-23,,,,,,,,,,
2016-06-24,,,,,,,,,,
2016-06-27,,,,,,,,,,
2016-06-28,,,,,,,,,,
2016-06-29,,,,,,,,,,
2016-06-30,,,,,,,,,,
2016-07-01,,,,,,,,,,
2016-07-04,,,,,,,,,,
2016-07-08,,,,,,,,,,
2016-07-11,,,,,,,,,,
2016-07-12,,,,,,,,,,
2016-07-13,,,,,,,,,,
2016-07-14,,,,,,,,,,
2016-07-15,,,,,,,,,,
2016-07-18,,,,,,,,,,
2016-07-19,,,,,,,,,,
2016-07-20,,,,,,,,,,
2016-07-21,,,,,,,,,,
2016-07-22,,,,,,,,,,
2016-07-25,,,,,,,,,,
2016-07-26,,,,,,,,,,
2016-07-27,,,,,,,,,,
2016-07-28,,,,,,,,,,
2016-07-29,,,,,,,,,,
2016-08-01,,,,,,,,,,
2016-08-02,,,,,,,,,,
2016-08-03,,,,,,,,,,
2016-08-04,,,,,,,,,,
2016-08-05,,,,,,,,,,
2016-08-08,,,,,,,,,,
2016-08-09,,,,,,,,,,
2016-08-10,,,,,,,,,,
2016-08-11,,,,,,,,,,
2016-08-12,,,,,,,,,,
2016-08-15,,,,,,,,,,
2016-08-16,,,,,,,,,,
2016-08-17,,,,,,,,,,
2016-08-18,,,,,,,,,,
2016-08-19,,,,,,,,,,
2016-08-22,,,,,,,,,,
2016-08-23,,,,,,,,,,
2016-08-24,,,,,,,,,,
2016-08-25,,,,,,,,,,
2016-08-26,,,,,,,,,,
2016-08-29,,,,,,,,,,
2016-08-31,,,,,,,,,,
2016-09-01,,,,,,,,,,
2016-09-02,,,,,,,,,,
2016-09-05,,,,,,,,,,
2016-09-06,,,,,,,,,,
2016-09-07,,,,,,,,,,
2016-09-08,,,,,,,,,,
2016-09-09,,,,,,,,,,
2016-09-16,,,,,,,,,,
2016-09-19,,,,,,,,,,
2016-09-20,,,,,,,,,,
2016-09-21,,,,,,,,,,
2016-09-22,,,,,,,,,,
2016-09-23,,,,,,,,,,
2016-09-26,,,,,,,,,,
2016-09-27,,,,,,,,,,
2016-09-28,,,,,,,,,,
2016-09-29,,,,,,,,,,
2016-09-30,,,,,,,,,,
2016-10-03,,,,,,,,,,
2016-10-04,,,,,,,,,,
2016-10-05,,,,,,,,,,
2016-10-06,,,,,,,,,,
2016-10-07,,,,,,,,,,
2016-10-10,,,,,,,,,,
2016-10-11,,,,,,,,,,
2016-10-12,,,,,,,,,,
2016-10-13,,,,,,,,,,
2016-10-14,,,,,,,,,,
2016-10-17,,,,,,,,,,
2016-10-18,,,,,,,,,,
2016-10-19,,,,,,,,,,
2016-10-20,,,,,,,,,,
2016-10-21,,,,,,,,,,
2016-10-24,,,,,,,,,,
2016-10-25,,,,,,,,,,
2016-10-26,,,,,,,,,,
2016-10-27,,,,,,,,,,
2016-10-28,,,,,,,,,,
2016-10-31,,,,,,,,,,
2016-11-01,,,,,,,,,,
2016-11-02,,,,,,,,,,
2016-11-03,,,,,,,,,,
2016-11-04,,,,,,,,,,
2016-11-07,,,,,,,,,,
2016-11-08,,,,,,,,,,
2016-11-09,,,,,,,,,,
2016-11-10,,,,,,,,,,
2016-11-11,,,,,,,,,,
2016-11-14,,,,,,,,,,
2016-11-15,,,,,,,,,,
2016-11-16,,,,,,,,,,
2016-11-17,,,,,,,,,,
2016-11-18,,,,,,,,,,
2016-11-21,,,,,,,,,,
2016-11-22,,,,,,,,,,
2016-11-23,,,,,,,,,,
2016-11-24,,,,,,,,,,
2016-11-25,,,,,,,,,,
2016-11-28,,,,,,,,,,
2016-11-29,,,,,,,,,,
2016-11-30,,,,,,,,,,
2016-12-01,,,,,,,,,,
2016-12-02,,,,,,,,,,
2016-12-05,,,,,,,,,,
2016-12-06,,,,,,,,,,
2016-12-07,,,,,,,,,,
2016-12-08,,,,,,,,,,
2016-12-09,,,,,,,,,,
2016-12-12,,,,,,,,,,
2016-12-13,,,,,,,,,,
2016-12-14,,,,,,,,,,
2016-12-15,,,,,,,,,,
2016-12-16,,,,,,,,,,
2016-12-19,,,,,,,,,,
2016-12-20,,,,,,,,,,
2016-12-21,,,,,,,,,,
2016-12-22,,,,,,,,,,
2016-12-23,,,,,,,,,,
2016-12-26,,,,,,,,,,
2016-12-27,,,,,,,,,,
2016-12-28,,,,,,,,,,
2016-12-29,,,,,,,,,,
2016-12-30,,,,,,,,,,
2017-01-02,,,,,,,,,,
2017-01-03,,,,,,,,,,
2017-01-04,,,,,,,,,,
2017-01-05,,,,,,,,,,
2017-01-06,,,,,,,,,,
2017-01-09,,,,,,,,,,
2017-01-10,,,,,,,,,,
2017-01-11,,,,,,,,,,
2017-01-12,,,,,,,,,,
2017-01-13,,,,,,,,,,
2017-01-16,,,,,,,,,,
2017-01-17,,,,,,,,,,
2017-01-18,,,,,,,,,,
2017-01-19,,,,,,,,,,
2017-01-20,,,,,,,,,,
2017-01-23,,,,,,,,,,
2017-01-24,,,,,,,,,,
2017-01-25,,,,,,,,,,
2017-01-26,,,,,,,,,,
2017-01-27,,,,,,,,,,
2017-01-30,,,,,,,,,,
2017-01-31,,,,,,,,,,
2017-02-01,,,,,,,,,,
2017-02-02,,,,,,,,,,
2017-02-03,,,,,,,,,,
2017-02-06,,,,,,,,,,
2017-02-07,,,,,,,,,,
2017-02-08,,,,,,,,,,
2017-02-09,,,,,,,,,,
2017-02-10,,,,,,,,,,
2017-02-13,,,,,,,,,,
2017-02-14,,,,,,,,,,
2017-02-15,,,,,,,,,,
2017-02-16,,,,,,,,,,
2017-02-17,,,,,,,,,,
2017-02-20,,,,,,,,,,
2017-02-21,,,,,,,,,,
2017-02-22,,,,,,,,,,
2017-02-23,,,,,,,,,,
2017-02-24,,,,,,,,,,
2017-02-27,,,,,,,,,,
2017-02-28,,,,,,,,,,
2017-03-01,,,,,,,,,,
2017-03-02,,,,,,,,,,
2017-03-03,,,,,,,,,,
2017-03-06,,,,,,,,,,
2017-03-07,,,,,,,,,,
2017-03-08,,,,,,,,,,
2017-03-09,,,,,,,,,,
2017-03-10,,,,,,,,,,
2017-03-13,,,,,,,,,,
2017-03-14,,,,,,,,,,
2017-03-15,,,,,,,,,,
2017-03-16,,,,,,,,,,
2017-03-17,,,,,,,,,,
2017-03-20,,,,,,,,,,
2017-03-21,,,,,,,,,,
2017-03-22,,,,,,,,,,
2017-03-23,,,,,,,,,,
2017-03-24,,,,,,,,,,
2017-03-27,,,,,,,,,,
2017-03-28,,,,,,,,,,
2017-03-29,,,,,,,,,,
2017-03-30,0.547202171755156,0.566827964395147,0.5329783141759133,0.6072951583477099,0.5538309986978387,0.561958958990581,0.5099035568198201,0.7486067496169221,0.5529588883983332,0.6427324062138613
2017-03-31,0.5507519907031305,0.5356785700086912,0.5019068806385196,0.5791582706015697,0.5501950079244539,0.5428790978760768,0.5035904510832192,0.7575687757482931,0.5021521509266637,0.6739981752957361
2017-04-03,0.58921602924751,0.563885995288799,0.5214758033660866,0.6216427100621736,0.5593206464267937,0.5334361195321098,0.5086039951534843,0.7436553641149978,0.5279672439723769,0.6376625827485713
2017-04-04,0.5820707540188014,0.5670839670291291,0.5468198914616461,0.587509768400058,0.5742274281496463,0.5544634154080218,0.5033526809252106,0.74320309065207,0.5296610587723253,0.6466643962398538
2017-04-05,0.5938721661362575,0.5358787600208331,0.5102099056363759,0.5629401689284709,0.5673618918260378,0.5544658531602759,0.5067311263615403,0.7524521564233827,0.5182257279074272,0.6591615686778409
2017-04-06,0.5894208408441627,0.5488760512159513,0.5009582057901772,0.5871427705686504,0.5575710359885192,0.5360173091673902,0.5146885534275739,0.747791767008747,0.5065849927830112,0.6638896856337765
2017-04-07,0.5323886256552268,0.5639817718000317,0.5187836402904075,0.5934596905384987,0.5534301575813797,0.566907771287222,0.5099255369659399,0.7546617761099235,0.5061109585271474,0.6567193992811872
2017-04-10,0.5499934427144985,0.5594924001875079,0.5209080393324611,0.5958784168974188,0.5394065114076086,0.609742569801501,0.5664624161702609,0.7326711051183276,0.5541281732287301,0.6427001904550311
2017-04-11,0.5822720230934665,0.5614338772062983,0.5715915338856955,0.6300300954839914,0.531150751410352,0.5621199297294249,0.538257384453592,0.7220976280348119,0.5484562514535206,0.6434115876457458
2017-04-12,0.5748955198156257,0.5841920919171227,0.5688404411836777,0.611929815840597,0.5273540296690021,0.5770376930757403,0.5635053415787162,0.7153693678414461,0.561746951159258,0.6422446687237232
2017-04-13,0.5894049921183909,0.5895440727722582,0.5456117614392187,0.6141345908536419,0.5555087345000633,0.5973263060145377,0.5745394462371879,0.6950974156875264,0.5485563724355146,0.646499482969167
2017-04-14,0.5848639095322291,0.5834867710302861,0.5436253954362605,0.5959940399017681,0.5636279604484655,0.6232799822602783,0.5841266265609147,0.7049324803149949,0.5370952895789499,0.626980366745704
2017-04-17,0.5465628104882532,0.5965334397811776,0.5769809228276228,0.5762210926123107,0.5700063381138049,0.6271702671150524,0.5765733737917139,0.7018855023939272,0.567180990124137,0.6252234245545999
2017-04-18,0.5318381693071847,0.576414555625724,0.5566827493853358,0.578691483149547,0.5635736343349772,0.6230638910495737,0.5945889665209024,0.7106443470470086,0.5899564348966462,0.6194000511061817
2017-04-19,0.518026081848236,0.5625534577408334,0.5623705039924024,0.5683430549049716,0.5611423696642328,0.606949543329197,0.5796824865770016,0.714383120673034,0.6032482148077841,0.6420076559305476
2017-04-20,0.52344068898182,0.5672891364542204,0.5359688519580513,0.5477779098361663,0.5623012245490017,0.6054339520562623,0.5922061696896689,0.6936793901849744,0.607538617696922,0.6728621743267894
2017-04-21,0.5345603517750955,0.5457666938355482,0.5258426504738553,0.5488083615215058,0.601920483547994,0.6177136741651046,0.5886264120166337,0.6817760003136167,0.592989105104563,0.676021536399718
2017-04-24,0.5041421126442556,0.5503329464968478,0.5180613492256472,0.538415819316495,0.5589282076506029,0.6300851658051847,0.607416588990391,0.6965245273198152,0.6059641006003292,0.6580356698254273
2017-04-25,0.5209945889492478,0.5448485825441182,0.503279206983137,0.535134649945219,0.593326445962764,0.6241744683180662,0.5907556426470896,0.7089123537249472,0.579213627173918,0.6585208665292618
2017-04-26,0.5326740232257098,0.5434267956339228,0.5294942111898634,0.5124822480634251,0.5330043147613844,0.6099583125588862,0.5828396145104525,0.7016388028023447,0.5975558647720363,0.6921302869279281
2017-04-27,0.5605696685022469,0.5240356285464545,0.5198398397147322,0.5031571704731982,0.5667458481104167,0.5608711789756902,0.5309283192099837,0.7158085260852802,0.5795794989962291,0.7108033248625291
2017-04-28,0.5692005573415321,0.5478380249153726,0.5255311315174379,0.528668066606679,0.5597936420324386,0.5534662252986126,0.5207839504952017,0.7172059130822777,0.5785813729527329,0.7057690217233588
2017-05-02,0.5262253820262673,0.5156456091471747,0.5097601600990919,0.5351660155690986,0.5732306906949765,0.5606324280023328,0.5127343305428758,0.7220297124287899,0.5519095041465678,0.7182972001778425
2017-05-03,0.5339816130669043,0.5175358941256608,0.5343554149071718,0.5385077664196553,0.5563708308213693,0.5236704523764331,0.51085043442178,0.722805196190729,0.5489810332894257,0.7260281420788005
2017-05-04,0.5496219519041923,0.5328528544760097,0.5380376745750054,0.5682388379870118,0.5271623647573278,0.5104884849835446,0.5284600164879655,0.7386422474507838,0.5239272431509295,0.7056347468403513
2017-05-05,0.5308632610368917,0.534351560858899,0.558885555569358,0.5531293348733867,0.5354282749223902,0.5136564485852209,0.5207988709849348,0.7369276925036222,0.5371184269811645,0.7080902261861534
2017-05-08,0.5639811702479138,0.5275139678855091,0.5229306599529596,0.5160575528112232,0.5365189862678469,0.5049125045080654,0.5373234535766107,0.7400277810797452,0.5385757177803732,0.7088650555503597
2017-05-09,0.6150550775336895,0.5315095073524253,0.563537597294176,0.5260066800077154,0.521445873495494,0.5111370225612608,0.5533628970871709,0.751682376085763,0.5052782137577596,0.6592601079887738
2017-05-10,0.597573805494897,0.5027268130070025,0.5301000580716305,0.5246775325105265,0.5100453674760973,0.5364956554335555,0.5648375554592415,0.7665833355071188,0.563965788780515,0.6388271810592472
2017-05-11,0.5858323050393874,0.543374065985112,0.5237616715444501,0.5201514702613864,0.5125881216934356,0.5408695451953295,0.561507656813004,0.760597639417163,0.5799651932565605,0.6448253567340648
2017-05-12,0.5577319807470844,0.5513244661921889,0.5272357711132096,0.5090953907674819,0.5085988871100031,0.5462534229112636,0.5745073273043829,0.7450312535611431,0.6100874449459613,0.6561896051272794
2017-05-15,0.5219806944488692,0.5746093066364139,0.529958674701892,0.5080426671093626,0.5244856478315745,0.5452781190118233,0.5817365423350523,0.7416691844120266,0.6301228988657092,0.6394013055688651
2017-05-16,0.528463113278126,0.5558853049191838,0.51966605350994,0.5149514660264124,0.5547686880117318,0.546408380799059,0.5724902539056064,0.7535833746105688,0.5771239887951124,0.6609555017946075
2017-05-17,0.5367046074845037,0.5690236205686209,0.5367135614552002,0.5180923379940567,0.5709685678904034,0.5355811741876838,0.5570588169130557,0.74893774251698,0.5479362889614369,0.6717505481620116
2017-05-18,0.5560704939805272,0.5795926753385077,0.525176271834948,0.5442083976366039,0.567162235097706,0.5421252802100106,0.5693597860680538,0.7442182158563454,0.568675132188614,0.653587415000607
2017-05-22,0.5773822846053976,0.5445387462014629,0.5298736288833058,0.526066526230416,0.5623669137568763,0.5394354615371906,0.5706203382749613,0.7443782801023283,0.5589264803093945,0.6671598101550704
2017-05-23,0.5493481314743125,0.5296186835279996,0.5408025309059631,0.5242605005271653,0.59671552460238,0.5422856209843394,0.5631186305756508,0.7383669825323934,0.5599167554375802,0.6732351704832399
2017-05-24,0.5224895721251092,0.5554681554105688,0.5784509698059419,0.5242377709488367,0.6048524678048504,0.5140557241886962,0.533420050428521,0.7311063065455491,0.511552917243828,0.6869077093331887
2017-05-25,0.5099934192491037,0.5608659420085986,0.593159853639616,0.5604374979179497,0.6431731167230273,0.5087730564084546,0.5211670124480595,0.7210635006562428,0.5364440017058311,0.6541244413837619
2017-05-26,0.5098419083618708,0.5578273629213472,0.5776005915165613,0.556985698285144,0.6402469792071108,0.5192755481690638,0.5451473176538517,0.7202058373229009,0.5531718039385921,0.6581269385186008
2017-05-29,0.502286800299623,0.556411905497684,0.5879167684702944,0.5625144289146476,0.653536387168424,0.5177137088546692,0.5387339526781624,0.7110960994283616,0.5520140553533556,0.6537258100270487
2017-05-30,0.5058669835450633,0.5543175291654767,0.5665582076309534,0.5478740727152721,0.6468091773005632,0.5355516517320708,0.554251746873788,0.7059120998886393,0.5361838142683583,0.6787042416513892
2017-05-31,0.5035383449942138,0.5600643474688202,0.5534482415588882,0.5192484711672011,0.6230088671805638,0.5460852752088226,0.5646651941322101,0.7172294886445917,0.5357827762416765,0.685359024814867
2017-06-01,0.5283837646192154,0.5469993556888862,0.5446303149604291,0.5043255261528804,0.6073651247518153,0.5563094746529097,0.5652786681241402,0.7128912423252305,0.5629148953723947,0.694539615021709
2017-06-02,0.5065649252877701,0.5666490722222418,0.5560626553946458,0.5047775647639886,0.6021852970640046,0.5582696977684515,0.5749636106449417,0.7227742206829034,0.5758382532603269,0.6691849224681506
2017-06-05,0.5120456552165079,0.5428021319420245,0.5784537821285103,0.531031804067981,0.6522915858214808,0.551278077033679,0.5742326438961822,0.6993491300200677,0.5629473569031758,0.6642587072632312
2017-06-06,0.5179974775094445,0.5782044828187968,0.5761336663687858,0.5144445648223106,0.6816630359546351,0.544574939925147,0.5591326749291153,0.7076633046594507,0.506363829831292,0.6304479842532253
2017-06-07,0.5196909007701556,0.5748899987816869,0.5673479103174647,0.5323808029545385,0.6767316913594589,0.5324727324141479,0.5503891863850948,0.7200882440745912,0.5505011333461857,0.6171058126716443
2017-06-08,0.5082466792038116,0.5562415207991486,0.5561636736353076,0.5114537202443775,0.6831755511031954,0.5394642192186945,0.5513667635242155,0.7204921289551903,0.5244170740154709,0.6327863879983459
2017-06-09,0.5212112401875885,0.5594903047538502,0.5578803875783976,0.5026161373847826,0.6866138729568542,0.5557140937707592,0.5499786502728398,0.7232262677648874,0.5006436193215059,0.6162242247823024
2017-06-12,0.5323634613395344,0.5471637833190767,0.5644044645558083,0.5114682616946817,0.6802318187962472,0.5459721279858275,0.537474941177705,0.7377025609620141,0.5096201935334229,0.6047065759983924
2017-06-13,0.5314285177289712,0.5349984847399394,0.5524128690143524,0.5466404088362044,0.637536141087371,0.546511746801602,0.5152132687074549,0.7659449455004529,0.5225739126275982,0.6069053650037782
2017-06-14,0.5154377457488282,0.5357640981038102,0.5538109441784927,0.549960456301335,0.6546669792156298,0.5325624188736474,0.5111161043631616,0.7633343690847654,0.5517954279788165,0.584074620649304
2017-06-15,0.5323403882443949,0.5135531376843067,0.521333639336755,0.5668348984592956,0.6327316423570043,0.5407359520793665,0.5243546028621836,0.7639190601012812,0.5617602267607443,0.6078037373626305
2017-06-16,0.5510388334926305,0.5135495547504285,0.5359500338992432,0.5616329833311577,0.6414509802344445,0.5387241919928399,0.5133232056788299,0.7525205241359959,0.5522452510541032,0.6226780198294054
2017-06-19,0.5415866827749048,0.5246960712365728,0.5511643479433062,0.5316208204262175,0.6447399295161685,0.5472422689742366,0.5016207935918079,0.7358862170664803,0.5113406253459077,0.6618612766422537
2017-06-20,0.545528246864169,0.5229751106939929,0.5618738280360421,0.5572839389918193,0.6580825187776342,0.5326186403129605,0.5000435581280742,0.7399914640380811,0.50867843276354,0.6329486198961923
2017-06-21,0.5115362432770932,0.5089393030851992,0.5537164736137652,0.5463383424831375,0.7025455010238947,0.5338474308504303,0.5028764555696531,0.7347396545519138,0.5042173013708698,0.5925544160701527
2017-06-22,0.5079254386694246,0.5342678793555226,0.547892073288002,0.5534778908485353,0.7149006376579669,0.5150605646365803,0.5109340611767599,0.7322599834397622,0.5067283064173488,0.5648216561233784
2017-06-23,0.5022479545217946,0.5410886965625085,0.5457881248458315,0.5586026644280179,0.7395699902594628,0.5477954911094843,0.5220150240475223,0.6951559563464026,0.5171783258475451,0.5730969185936083
2017-06-28,0.5590300617094519,0.5513428622430205,0.5713395787018863,0.5232505422452164,0.7572481948208359,0.5334749251237022,0.5273964653561133,0.6609826381654947,0.5493846574377946,0.5543923282525074
2017-06-29,0.5914183006933998,0.5631743638039329,0.582808833195965,0.5484452329286166,0.733394743811901,0.536853865115324,0.5330775278888137,0.6709010174269867,0.534050654727133,0.5476079847242379
2017-06-30,0.5775795608285298,0.5559269990843871,0.5816019243512659,0.5205759981791583,0.7527143921982221,0.5515165278701958,0.541141630048319,0.6493959471752415,0.5300277380545025,0.5587408153780014
2017-07-03,0.5758511694240598,0.5322518067409453,0.5768622810787426,0.519036197316012,0.7519254240476037,0.5480258708364149,0.5387271483874742,0.6638614004059684,0.5373638436233498,0.5502795602852195
2017-07-04,0.5596800392637109,0.534262003586799,0.5833740275031855,0.5240309217468517,0.7654903517746049,0.531513710744889,0.5300807538566105,0.6581073788882272,0.5323457213352109,0.5204822831297544
2017-07-05,0.5887546717117919,0.5189911256684989,0.6000302525158754,0.5104139131728508,0.7609039965298035,0.5351140205622086,0.528278552853283,0.648997991244311,0.5184751017109587,0.510642289486391
2017-07-06,0.5621942844020476,0.5090768851937658,0.6059191452160634,0.5047293274167628,0.7659177814134916,0.5493515788463839,0.5216467721606618,0.6491085438010749,0.5046579188091408,0.5069194507947885
2017-07-07,0.5681722815060463,0.5260822877798644,0.5987759043897783,0.5004127139748337,0.7771249035642632,0.5413704907943993,0.5310530395218027,0.6278971317852072,0.5092771110161424,0.5104285058082815
2017-07-10,0.5821842763038958,0.5219687701560587,0.5833656401758053,0.5235613263722249,0.7793126524055883,0.5388635935074899,0.5317643188326447,0.6224016617867584,0.5256693024177254,0.5139023154607772
2017-07-11,0.591232590346875,0.5279386253660091,0.5975575203254345,0.5382310804375574,0.7718977210383607,0.5213180977854754,0.5128056760316978,0.6236191807994294,0.5337097209294571,0.5079504097101748
2017-07-12,0.6044920472209692,0.5259135401071187,0.6117306659650764,0.5490460486916063,0.7605313822395726,0.556957385382738,0.5308667904556726,0.6098200384247281,0.5028215073071979,0.5221325468735963
2017-07-13,0.6130651397554422,0.522665374954344,0.6149969845269118,0.5492799779221921,0.7618968641637207,0.5559949129233537,0.5434710919687612,0.5906957529398894,0.511532444713573,0.5136745360298619
2017-07-14,0.6035356835660656,0.5172176514622122,0.616062212785114,0.538316678367967,0.7657896154312508,0.559723041276818,0.5494030290920142,0.5918350440059968,0.5041240626980626,0.5073564206908685
2017-07-17,0.6023376799293538,0.5215288721140398,0.5972135103920587,0.5372663388651947,0.7707274137495919,0.5649329258372264,0.5435206241973588,0.5975994768498935,0.5186453897970646,0.507642044373891
2017-07-18,0.6118972319513003,0.5280378779333341,0.6010622865772294,0.5140577641966196,0.7631912794699652,0.5866194271788495,0.5589638239809813,0.5835761613477914,0.5101796103829163,0.5074084401764565
2017-07-19,0.6063795298565539,0.5323104772613457,0.617298134076062,0.5126981593275072,0.7620311018089514,0.5752683138942128,0.547773133630491,0.590034338903452,0.5102708189130044,0.5032988934854391
2017-07-20,0.5918653531499799,0.5304293937994694,0.6080635422001843,0.5211892035716118,0.7654779457281112,0.586114848966849,0.5701109961486245,0.5781833131192952,0.515094390537615,0.521653608390328
2017-07-21,0.6049443745830992,0.5450517474185876,0.6056327263734628,0.5120840658350252,0.7629505948395714,0.5780528352553207,0.5717822031868866,0.5777752811892687,0.5051538518905206,0.5173300379453604
2017-07-24,0.596175977999279,0.5332472516844162,0.6144287867399588,0.5101161953213621,0.7652693372080455,0.5726869650931992,0.5755895281505726,0.5767940381724427,0.5165378405395332,0.5048796094150941
2017-07-25,0.6067160001510401,0.535753210499644,0.613755298508548,0.5033842123011999,0.7562475758786728,0.5689293108238725,0.5770145032945683,0.5933491487924404,0.5128137791731905,0.5164083290173697
2017-07-26,0.6076168452982565,0.5313137490735574,0.6056716288385126,0.5046433509481062,0.7438743894482105,0.5858280509761272,0.5947316326227663,0.5984903370539909,0.524877615193624,0.5350231976767571
2017-07-27,0.5835192428954558,0.5398119174109729,0.5942465942999691,0.5112189172348859,0.7582730780900099,0.5783030557050565,0.5961545223269132,0.5881062408250223,0.5054891209707905,0.5605598058465637
2017-07-28,0.5670033823829069,0.5513248852517592,0.596647243828542,0.5094881822543414,0.7538495933420859,0.5921648323004487,0.5989115723953139,0.5849098436128749,0.5356853516810015,0.5579318677286029
2017-07-31,0.5393458483399672,0.5461505405483733,0.6206690432016398,0.5067746572193959,0.7698931569309956,0.5610684148565132,0.5658170273046745,0.5912262743686894,0.5312322713273185,0.5512346809010046
2017-08-01,0.5391822569839065,0.5451180651033304,0.6333772387419762,0.5014094752843874,0.7599301487648239,0.5611251640508669,0.5726509174875742,0.5896202066330448,0.5500017388338956,0.5513679721497791
2017-08-02,0.5560249855055404,0.5566716577243128,0.6233493677692711,0.5105106547220015,0.756390605196139,0.5697580664875358,0.5658033480257668,0.5992988567983171,0.5603746668334582,0.5315803845480643
2017-08-03,0.6024865989952447,0.5609826937078282,0.6278469015778674,0.5126812760540272,0.7491980188913225,0.5653382944571328,0.5688238963604358,0.5827658430689514,0.5433608286115222,0.5233934587281535
2017-08-04,0.6036546548680757,0.5304917228872272,0.6260551691606887,0.553200540272701,0.758612295859534,0.5645076033911519,0.5596247480268536,0.5693489295314743,0.5358432907256973,0.5051184718167896
2017-08-07,0.5934166530193039,0.5331054243767904,0.6107927936142039,0.525040675313684,0.7662007619013509,0.5626729413004011,0.5646020680938939,0.5899277183229904,0.5354370968732799,0.5089128907719709
2017-08-08,0.6080700868468091,0.5450572740259133,0.6213336910070857,0.5442389325537412,0.7468470574320164,0.5401573042156677,0.5648520721869388,0.613260312957668,0.5155342392205595,0.5300296616598532
2017-08-09,0.5673192216184129,0.5191378725011413,0.6277723316185689,0.5430035763980088,0.7673393543616771,0.5405700524734295,0.5619273051117551,0.6033357034685687,0.5054628269219124,0.5194560602827228
2017-08-10,0.5794808095896374,0.5530194750325702,0.5869401333634702,0.5275122121138907,0.780631476274673,0.5333307073576811,0.5504233300628051,0.592778096339897,0.5433815970746768,0.527751158747101
2017-08-11,0.5472871268045995,0.6166810540443858,0.5258635523886049,0.5565821189624452,0.7767525172356463,0.5256180455433097,0.5501462956936217,0.5882718848845406,0.560411323170354,0.5136296072778741
2017-08-14,0.5609463653591417,0.6036104206388387,0.5323956068993669,0.5563751198141873,0.774161121779737,0.5152110514020448,0.5364221247614109,0.5827353826394998,0.5882389800010354,0.5328690406108695
2017-08-15,0.545390804099567,0.6379202974833008,0.5524729498210786,0.5537149681401862,0.7595282290949443,0.5133130575049073,0.5386249782863343,0.6177132168534744,0.526759682616316,0.5281701812307139
2017-08-16,0.5843023601015052,0.6304472663338753,0.5619914499308115,0.5552829619681562,0.7504349123723687,0.5159224644302605,0.5371452475854478,0.62304633034687,0.524276685380448,0.502809209565683
2017-08-17,0.5714915030612219,0.6311438035714322,0.5331303012016394,0.5956823395620597,0.7402969455245659,0.5263389073502752,0.5589929913006962,0.6255728758658011,0.5030656640902113,0.5292262447677923
2017-08-18,0.5551301485449135,0.611546043310072,0.5449718014319068,0.6161772257857031,0.7269254271457677,0.5505988094120535,0.5748830158766736,0.6385171956293806,0.53363079628432,0.5113467321006181
2017-08-21,0.5708422417706824,0.6132374091753843,0.5533034820185448,0.6122863020589856,0.7242046899548017,0.5321099894662172,0.5763089261106414,0.6402462727160944,0.5262797411363895,0.518406895433977
2017-08-22,0.6082453521755371,0.6031228962406155,0.5614549424232934,0.592518666683218,0.7167454634306472,0.5403841484550211,0.5759413594933562,0.641502605333671,0.5341639171612641,0.5292674475047092
2017-08-23,0.6251781718615276,0.6083834764108272,0.547233215503526,0.5660527441014186,0.6900516200305495,0.5460596285789657,0.5774132667450603,0.660148062083218,0.5816078516130311,0.5236527382849294
2017-08-24,0.5982720269212022,0.6263787031893786,0.5241681206873156,0.6050111615853085,0.6862581979985573,0.5379462392666667,0.5792250134011042,0.6682608492616993,0.555406725736881,0.5089691864357847
2017-08-25,0.6001253537833059,0.6330066794670656,0.5372440626203939,0.5649262553668956,0.6952938191146917,0.5058447045391447,0.5539867766806504,0.6745575357867263,0.573396426082061,0.5291020952529732
2017-08-28,0.6058502253199896,0.6172127421285666,0.5485395325630379,0.5529109319114416,0.708224817326487,0.5102035015539915,0.5550668610414469,0.6662126361962892,0.5718439821576378,0.541594683232224
2017-08-29,0.6089441281720303,0.6076774101595144,0.5535341710113041,0.5533137760619641,0.7036765379270286,0.5098855920871977,0.5405201301408168,0.6723106892659371,0.5755662940303018,0.5575727435265545
2017-08-31,0.6357796340383585,0.5976049377897552,0.5569480329177564,0.5330440185290451,0.6929630960159984,0.5196316880065922,0.5509254547654843,0.6631578121507777,0.5894922541477983,0.5630110771008343
2017-09-05,0.6303197173390488,0.6201161436466746,0.5386645164167762,0.5495154863194467,0.7025935137339386,0.5239462783241039,0.5462558751956632,0.6543012422848378,0.5644076074555231,0.5635522689799016
2017-09-06,0.6082412289163237,0.6367897732930435,0.5352048529472432,0.5453674638687535,0.7104039188303353,0.5177896407982187,0.5505772947600437,0.6481856682655806,0.5754401190108804,0.5509055005621631
2017-09-07,0.604111012399989,0.6357395871452692,0.5033423322038219,0.5692442036706399,0.6926760592743021,0.5167060681561686,0.5722587939730192,0.6582110832175916,0.5778666990727136,0.557640109721774
2017-09-08,0.6110724545075333,0.6405205786852431,0.5130045932087789,0.5783491817298357,0.6796540064810067,0.5363987684252325,0.5777814241811426,0.6658502889442929,0.5683453468157358,0.5298745225069792
2017-09-11,0.6188694322625562,0.6348780212394868,0.5123457256136632,0.5090675862804391,0.7159317936647805,0.5383057838909829,0.5669784048714535,0.6452351194389764,0.5683497659646489,0.514475523117862
2017-09-12,0.5998643625804331,0.6295417234538752,0.528082524473159,0.5151617255190144,0.7449670922556461,0.5249510100999987,0.5472527048302842,0.6279328609514511,0.5441888990060039,0.5464212555523292
2017-09-13,0.5973252449964684,0.6342187805134992,0.5380856068810932,0.5263527007671124,0.7299089046342702,0.518530277845155,0.5529828456333827,0.6376127794871801,0.569354946725292,0.5415115067628328
2017-09-14,0.6098771991482451,0.6275146705814133,0.5287523003950411,0.5247252896535815,0.728927670473179,0.5112658934379714,0.5528688650077712,0.635556763651594,0.5578821062675682,0.565453772468783
2017-09-15,0.6139337558167174,0.6182230386745872,0.5300130642337827,0.5213494744632234,0.7317112508406199,0.5020987340882814,0.5536261746636791,0.640587918073385,0.5444988551239798,0.5669444065108252
2017-09-18,0.6375976800198228,0.6250131581888626,0.5357757986488179,0.55128059027613,0.6750564356092411,0.5047306510906581,0.5587565202737895,0.6669142835284506,0.5813607488885171,0.5635663452444485
2017-09-19,0.6021599783315085,0.6022758443008669,0.5585944317206849,0.5504737416020015,0.701983073926877,0.5035223074997213,0.5601477268175571,0.6487604431221564,0.5996505604380175,0.5880112158368603
2017-09-20,0.6143217801666111,0.5918692003338716,0.5403727107802057,0.5213669165678108,0.7021730226627744,0.5090461619884287,0.5741237223724408,0.6402694904158158,0.6032791261978943,0.6035518836811853
2017-09-21,0.6193072407966492,0.5760530470744382,0.5004631036884599,0.5536011229829446,0.6734559397860297,0.520134386661577,0.587771155538655,0.6409992305491704,0.6113425096259109,0.6332120970561539
2017-09-22,0.6019214826197569,0.5849757007307564,0.5216664502981935,0.5299222137215702,0.6971303495964561,0.5113522753794083,0.5625932921870751,0.6408487730422883,0.6173995468654405,0.6249371011655022
2017-09-25,0.6181742433255367,0.5815990644647905,0.517606649536052,0.5364348708867995,0.6489618018959772,0.5150660293283614,0.5609217995948564,0.6552811716176504,0.6517411600178866,0.6248373615844892
2017-09-26,0.6835520445869911,0.5759869416277714,0.5198154818830264,0.5084658281790421,0.6484824394317878,0.5051113420084111,0.5663308755097057,0.6275659017791143,0.6039888015795215,0.6327469146112294
2017-09-27,0.70774171588917,0.5600719741017626,0.5053112229997979,0.5351663954069491,0.6037617956700164,0.5243911190085538,0.5791705575947547,0.641635832936426,0.6238638219527802,0.6002426774633184
2017-09-28,0.6408696841260597,0.5679377763757594,0.5039719963668213,0.5343738333967183,0.6244724392185501,0.5383561924331276,0.5943198071062271,0.657057430038172,0.6563535621094703,0.6023703092643337
2017-09-29,0.6054715342269503,0.5598812864069985,0.5500248459906644,0.546550124718589,0.6225589282420122,0.5622419023637288,0.6023430178500963,0.6538224996921849,0.6633344053618001,0.6096511322270075
2017-10-02,0.6176949209736189,0.5616800337708118,0.550304150982505,0.5562161371868469,0.6204708498102894,0.5512223738390609,0.595187975505254,0.658392405757396,0.645509689892124,0.6237129599728616
2017-10-03,0.6544239389038088,0.5783141147190586,0.5326643770613556,0.5754810660185505,0.5919493935336331,0.5640135070899303,0.596500607680384,0.6469457006733826,0.6389576955988701,0.6077025409534627
2017-10-04,0.6415395672185958,0.590862952715607,0.5211846428127745,0.5929257489007213,0.583874951465921,0.5478588493267497,0.5883162470617366,0.6528050186477251,0.6475368924419475,0.6072187350881418
2017-10-05,0.6396808125223415,0.5897890134752303,0.5349221013662427,0.5820246775853105,0.6028409821275055,0.5445419468648811,0.5887560917175746,0.6604190164320706,0.6327035766913068,0.6086660818029502
2017-10-06,0.6461433053521316,0.5873972515705865,0.5329399849830663,0.5936355250927892,0.607662514119851,0.535893325168148,0.598842987484363,0.6556386392858504,0.6113587361034801,0.6139678621423702
2017-10-09,0.6589613810766062,0.5784952385131531,0.5402463342764179,0.6335365223818035,0.5015103540894233,0.536410826969349,0.5851754577052958,0.655111189479547,0.6274467208876021,0.6065086000445081
2017-10-10,0.6344446734085477,0.5837015376414579,0.5255273930587469,0.6597073428067802,0.5160345508315596,0.5309470953463029,0.5701154596150299,0.6430719995456572,0.6405060880011314,0.6163148542951989
2017-10-11,0.5988302889019338,0.5678498763211164,0.5310357070701435,0.6504363630948382,0.526730717381607,0.5588724353484447,0.5939497570687732,0.63251741484448,0.667148743563399,0.6209923364291073
2017-10-12,0.6119284954227022,0.5578273515479432,0.5224056140554106,0.6521663226444573,0.5496186193566602,0.5468690404468722,0.5825596242218901,0.6535900116841568,0.6374683538060613,0.6327413773844294
2017-10-13,0.609721405248377,0.5881927907230589,0.5166000056340373,0.6488726095647863,0.5328005652035506,0.5271396461396706,0.572555669294251,0.6720605046554665,0.6501231999884589,0.5981691748267631
2017-10-16,0.6273427743464166,0.5836107198697446,0.508778969057523,0.6296534456845103,0.5614197016438518,0.5276974811125522,0.5901171696553057,0.6898619874432432,0.6326816132436838,0.5685891458951396
2017-10-17,0.6212280495470542,0.5833081352302857,0.5232085075327507,0.633345898846301,0.5682687422959061,0.5183944062503313,0.5966080721212449,0.6835050683755237,0.6405185063721525,0.5583370075512776
2017-10-18,0.60090154414927,0.5770600441410941,0.5262751045678645,0.6261005226488305,0.583876644212581,0.5271238008181379,0.5969023883281033,0.6874377339276515,0.653710675455391,0.5497903146832214
2017-10-19,0.6086901200651955,0.5536214687962088,0.5114255535090279,0.6013158259067041,0.6290850219786464,0.5238720244355399,0.5967637386123121,0.6995270197681585,0.619382635918074,0.5732637987473728
2017-10-20,0.6128367901572485,0.5477161418405273,0.5338808422178325,0.5862137539725528,0.6383740265504317,0.5212560865845323,0.5880205131412415,0.6844288842458303,0.6317290918396139,0.5938511944898831
2017-10-23,0.5752310656063405,0.525651460480837,0.5306551705987871,0.6028933358891329,0.640940001936104,0.5471959923713499,0.5937687733821279,0.6843492560773073,0.6462589998997466,0.5837027504209149
2017-10-24,0.6070702109196595,0.5230817789972652,0.5191779589289294,0.6142372692520021,0.6281837515910587,0.554661061140519,0.5912066478432837,0.6908895729011096,0.6174373582744058,0.587911570226019
2017-10-25,0.5963151266434256,0.5173693341966715,0.543004991549558,0.6302092790184788,0.6385805278636075,0.5540639641063644,0.5765898787929257,0.6720676165457817,0.6110805734351098,0.6130897217693204
2017-10-26,0.5852322765041299,0.5043989044162666,0.535944096603612,0.6124172130532507,0.640001631207705,0.5631351460433758,0.5823111677532574,0.6786142989666978,0.6301560916051072,0.6034035985869833
2017-10-27,0.5688480257101572,0.5132311165849225,0.5410704341092197,0.6260756457186862,0.6530248647852104,0.552236283659831,0.5873026093424132,0.6649320238301664,0.6228555981340848,0.6120316668215858
2017-10-30,0.5723713838710535,0.5254171547873773,0.5461375792679297,0.6256733218982128,0.6619769884655876,0.5508368617659594,0.5734895187756676,0.6643433439266777,0.614282392313377,0.6140796280246194
2017-10-31,0.591065751427791,0.5351502982731462,0.5261237472570247,0.6608353370119479,0.6258588827117679,0.5345682442517172,0.5626768079441984,0.6720498110799302,0.584463945411573,0.6316550077570628
2017-11-01,0.6047934680450885,0.5338841011574078,0.5218702546390531,0.6316465835216024,0.6363281634978829,0.527082737118633,0.5469944725680452,0.6820890764944759,0.580565420692343,0.6414129937793019
2017-11-02,0.6043599669257044,0.5243833822318936,0.5240496184964534,0.6422597258135028,0.6334051699806577,0.5291597160010859,0.5575413426546585,0.6674634413041741,0.5748856333496417,0.652312995381241
2017-11-03,0.5736204071477745,0.5239726182614528,0.5181470809317495,0.6647228637704224,0.6300300890547629,0.5371351964419315,0.5778775942858387,0.6489628402223617,0.5896346393069631,0.6519126691365887
2017-11-06,0.5830285131378742,0.5263331755013643,0.5185888786579419,0.6522498725675123,0.652340860480417,0.5363271975248448,0.5716479478212605,0.6578156991769285,0.5675526075761524,0.6444589550796159
2017-11-07,0.6077948789825888,0.5145419984843466,0.5239265126071138,0.6534063419748527,0.6090029213405894,0.5584409413396975,0.5771493520932555,0.6637596391885888,0.5990965312141454,0.6314822297991743
2017-11-08,0.5975667912493473,0.5047013729081957,0.5053918952361122,0.6450554964362815,0.5955021576101026,0.5795411868223592,0.5975568931680091,0.6574957676764829,0.6169560521890828,0.630579917962271
2017-11-09,0.6242312857198699,0.5140812319708816,0.507587163429622,0.6614981888252166,0.5891193601502911,0.5976452651065128,0.6098637230386279,0.6625987355773032,0.5825875753080303,0.5808346177397041
2017-11-10,0.6484786790569199,0.5089382130665413,0.5045074226963978,0.6443327785856933,0.5590508839206255,0.594595647603785,0.6087908547456262,0.6806877793958351,0.5836733913487592,0.5649070869296906
2017-11-13,0.6557744629426119,0.5239167474462494,0.5199546000835721,0.6186032981851861,0.5303964186941938,0.5806201413533584,0.5930007563551525,0.7076097922640971,0.6069799753685112,0.5344856125805725
2017-11-14,0.6352225240274106,0.5121341219099155,0.5382457698436963,0.6206895782847287,0.5591421570300706,0.5706012069454779,0.6051001279433288,0.6982965339986104,0.6267385369178821,0.5416832794388942
2017-11-15,0.6357535294180556,0.5005857315164799,0.504071714956171,0.6826019566759918,0.5499029260032354,0.5708926392628346,0.60635512832534,0.6746929296364165,0.5593572968329047,0.5803324581782476
2017-11-16,0.6036466918028338,0.5266753631560567,0.5097767521111195,0.680884763875039,0.5567544359448259,0.5756934728766617,0.6088740381931081,0.6709545068781241,0.5799020988529473,0.6021180877949281
2017-11-17,0.6112713411309902,0.5234908635703474,0.5080072462733946,0.6525927316597838,0.601267797326951,0.5989601326148554,0.5956464431834406,0.6790657878814462,0.5788210403061661,0.5857641640411017
2017-11-20,0.6220620633975201,0.5012729552780892,0.5198319231695282,0.6684449770661205,0.6090895716172539,0.5905721149431883,0.6076345408943774,0.6685077668203254,0.5273301332726151,0.5813172011432357
2017-11-21,0.6090505113752093,0.5052800397335205,0.5171130981624155,0.6490357163791972,0.6492260061322548,0.6075400871587818,0.6137747889903662,0.6474180443969904,0.5257180526625352,0.586690503898994
2017-11-22,0.5966811564675852,0.5250636177559992,0.5319824684133161,0.639809301716701,0.654208902905531,0.5800198033796471,0.5878124010636312,0.6401500849244098,0.51155143684899,0.6513145947404344
2017-11-23,0.6041442969934406,0.5125608841375814,0.5351453858589467,0.6318999874509555,0.6632166418392601,0.5798315247806856,0.5978271180091407,0.6210410752974145,0.5072574209693738,0.6555248991623174
2017-11-24,0.6271967671779246,0.5139102522923638,0.5383323248745215,0.6203796061365456,0.6537930052475556,0.5864269576321105,0.605451692093885,0.6133960953076231,0.5054409933335331,0.6537782040288257
2017-11-27,0.606697412181984,0.5143960466312252,0.5257162475846497,0.6318592512079065,0.675213050526979,0.5880171675317968,0.6025423546945144,0.5984813766021119,0.5145055595853368,0.6503355497189846
2017-11-28,0.5890970919818385,0.5058477080684493,0.549537273189626,0.659814872788428,0.6445989392201777,0.5984920864832458,0.605650604825448,0.6108652379305223,0.5108962450018998,0.6447842010112033
2017-11-29,0.5730478700827474,0.510372938323418,0.5197568429569149,0.6419674881594751,0.6996672896272159,0.5775801447885737,0.587681549798691,0.6133435050739569,0.5090030957168437,0.6364582571248701
2017-11-30,0.5521790364778513,0.5272840861521138,0.5061458046701905,0.6562717274967537,0.7120240012659914,0.5647427070443901,0.5841556758810476,0.6092041125554934,0.5203259251324855,0.6209080631452566
2017-12-01,0.5381933294887885,0.5120453166326713,0.5142010240565762,0.6430713954464519,0.7274578834352411,0.5628965953576409,0.5976525325637984,0.6045750525868365,0.5048921594034383,0.6124599277695199
2017-12-04,0.5667737461014486,0.5058514587075371,0.5232962008322273,0.646119165137658,0.7188065292532705,0.5590067418584594,0.5882107678610996,0.6018645760695874,0.535307096857947,0.6181625983055193
2017-12-05,0.5787291898894441,0.5035599533579181,0.5266807947621456,0.6240413785363907,0.7259975848423822,0.5475562381919077,0.5762149674295903,0.6004271167842842,0.5403891291984784,0.6339399535438929
2017-12-06,0.5595527132181333,0.5171788414974205,0.5319080502444581,0.6501587260267987,0.716938534642785,0.547760727490696,0.5850418404765403,0.5825261772464758,0.5212940262632932,0.6409403106688328
2017-12-07,0.5641606893640577,0.5137656214042733,0.5190582563310163,0.666413964068502,0.7011526211069287,0.5527590258093995,0.595032380473512,0.5770536847350973,0.535136293130981,0.6389220126552089
2017-12-08,0.5591719445621496,0.504433051554052,0.5208315815463632,0.6775527280785235,0.6942895696580123,0.5542931099319709,0.6013606572665182,0.5945104890929697,0.5352167499792042,0.6203686029276069
2017-12-11,0.5930731893450082,0.5021232716814961,0.5330976863399033,0.6636485241803546,0.694249522220067,0.5620295004307014,0.5903051098797909,0.5932409883138402,0.556290233234534,0.613884445865164
2017-12-12,0.5444007728255374,0.5125086491157845,0.5172493588758474,0.6659113831821062,0.7159203376851105,0.571517129267426,0.5952028717677393,0.5912600000106816,0.5343154431295459,0.6041790415257294
2017-12-13,0.5618812644991175,0.5173778268837655,0.5122718989394697,0.6505160100941343,0.7189407481522138,0.5767441667073663,0.5958858876800046,0.5933725606490984,0.5276458040381028,0.608039877847658
2017-12-14,0.5603106148971045,0.519713910743086,0.5157700528822022,0.5917058135760007,0.7609042653394776,0.5723355747799393,0.5903221088282081,0.5674117518563622,0.5457373301267102,0.6016299645960745
2017-12-15,0.5830300883579103,0.5428076961189833,0.5113981288740973,0.595510050653519,0.7527027155036127,0.5727623265843592,0.5882458683433661,0.574773016882331,0.5529563125960374,0.5882995051158677
2017-12-18,0.5742540049714493,0.542817546074739,0.5341518420195104,0.6145607928862704,0.7498883372077817,0.5742185741571897,0.5838695092558872,0.5512558956907481,0.565049748195027,0.5873400196724001
2017-12-19,0.5725644052697123,0.5499337468844766,0.5516090711367122,0.5896043138148908,0.7662256324079569,0.563859457802251,0.5788655451346091,0.5522369971716657,0.5604817293774512,0.5714078039853941
2017-12-20,0.5941481511904013,0.5291628565837944,0.5497636198491435,0.579719260457123,0.7585327949519135,0.5707049824495893,0.589817685121886,0.5528210833545444,0.5751294061156144,0.5650005731248656
2017-12-21,0.5505682813795557,0.5252300793130403,0.5474311109155298,0.5700446514352873,0.7801401200576827,0.5645465815061439,0.5893672081931824,0.5547076411899535,0.5591539830427994,0.5603164487118767
2017-12-22,0.5439902975922283,0.5214030433188231,0.5561714665784087,0.6018688026799108,0.7673138579020309,0.5714952738758653,0.5943296798448511,0.5649105491646323,0.5504912942368879,0.5543716511547016
2017-12-25,0.5328883332472413,0.5210568229697342,0.5646803411665317,0.6112449782203214,0.767044307757232,0.5596511914631362,0.5848564299873763,0.5656741424222911,0.5573373275482821,0.5579213636674432
2017-12-26,0.5444436613342789,0.5272090571786612,0.5604276287917361,0.6007558382864774,0.7693403303249563,0.5632665135333769,0.5865863266577337,0.5634471152450767,0.5508911746057398,0.5627120139333882
2017-12-27,0.54054260142074,0.5320107753111352,0.5596743258159124,0.5846319801588943,0.778748458028828,0.5480205679835048,0.5792591978023931,0.5651552935858055,0.5577983257914287,0.5620045533182826
2017-12-28,0.5373266997110555,0.5221080852508493,0.5661302719318347,0.5706467742458451,0.7842865807569459,0.5413542517609355,0.5735533278551398,0.5617475766958665,0.5627152120944512,0.5646513291247692
2017-12-29,0.521794804511705,0.5245209390918323,0.5545863567045926,0.5671817183487494,0.78974696803652,0.5391940788787701,0.5684922547501833,0.5712205789244303,0.5590583080296951,0.5616509745174708
2018-01-02,0.5387510923059083,0.5325604682037884,0.5489704625327875,0.5837540236626165,0.7796977105153499,0.5537490505070432,0.5761479201389302,0.5707691062005317,0.5578584900257441,0.5621473288750499
2018-01-03,0.5308453828011149,0.5206656555800456,0.5442283739796078,0.572065966925242,0.7851752248828857,0.550932541263088,0.5697999309901874,0.5766990070770975,0.5636641054076109,0.5620969603116053
2018-01-04,0.5283173782144956,0.5090165059671424,0.5529680307337954,0.5640098129290432,0.7877549130293081,0.5555617340112309,0.5678286034293764,0.5746347849304501,0.5652949548788119,0.55477749022204
2018-01-05,0.5121480310236516,0.5113018306348395,0.5527651143973816,0.5360369247062318,0.8005058853357396,0.5494339065507474,0.5565607112434157,0.5660565870348565,0.5635869431863479,0.5489857480180345
2018-01-08,0.5076137573416194,0.5030906185431508,0.5526667173827726,0.5331897279905392,0.8004446188345891,0.5539286925911734,0.5666721792847179,0.5666775039105036,0.5609186857602685,0.5372937066941608
2018-01-09,0.5207849695533125,0.5053106083237644,0.5562823547261743,0.5339568478301732,0.7959656375854737,0.5571646249481292,0.565655571187988,0.5702953639531619,0.5695988647723703,0.5370212837049001
2018-01-10,0.502478487162367,0.5210112051667856,0.5408462975724396,0.5407850254379166,0.7941014796425026,0.5591283219972647,0.58258085693335,0.5515055992194082,0.5705322528268423,0.5537828688602667
2018-01-11,0.5065221221270902,0.5255136363829052,0.5442537243133431,0.5269014204567241,0.7962545904144681,0.5552701281201226,0.5742496618605476,0.5439426267911537,0.5719188931266287,0.5655567351693921
2018-01-12,0.525229577447281,0.5212248299077258,0.547636861932378,0.529010965776806,0.7927001348038915,0.5563077160067181,0.566139296164956,0.5458494835165183,0.5744795924289735,0.5777525578861603
2018-01-15,0.5369959729373738,0.5200460523570823,0.5358371080979093,0.5376336521477557,0.786270360942185,0.5590041057108689,0.5706180969139734,0.5559251576357465,0.5663033118814952,0.5932582581444037
2018-01-16,0.5392472052940868,0.5256729517537445,0.5397814998415462,0.5309413159433948,0.7851669388343825,0.5397503764755275,0.5607307242008143,0.5649629773168386,0.5804942638156421,0.59530857017524
2018-01-17,0.5417982051058163,0.5079157837526788,0.5337538143230433,0.5720164376055331,0.7731164429800672,0.5332001292443717,0.5724420746312037,0.5824379427359028,0.5748825044295635,0.5981304040800105
2018-01-18,0.530979982837005,0.5127862183140535,0.5186389593290818,0.5873451908262463,0.7660465463108288,0.5383818782381078,0.5634052622762112,0.5984490261747946,0.5804087308608522,0.597874081409086
2018-01-19,0.5339599945548176,0.505947760821546,0.5166779503945308,0.5727785691425934,0.7683355562718809,0.5160262074102006,0.5515617320381982,0.5971666647678867,0.5939274973660003,0.6056618288140214
2018-01-22,0.5226070564426001,0.5140251815215836,0.5342332510375465,0.5613200182964491,0.7734568152124042,0.5002412520044179,0.5439202325075435,0.6049768356015442,0.5883440394114837,0.5996934609105009
2018-01-23,0.5122332797847515,0.503121225540567,0.5297218727094609,0.5667506039387114,0.7797664021169775,0.5063353595644715,0.5501583567390003,0.6096813042586494,0.5794954734075506,0.5802366936207408
2018-01-24,0.5138165375075724,0.5200168728910038,0.5526119013360385,0.5657982970625657,0.7717977971545512,0.5335071948589488,0.523051164942881,0.5976475725887544,0.5973968307826759,0.5941954840422844
2018-01-25,0.5240563602147038,0.511188706385585,0.5658608096008259,0.5832783870551996,0.7655078599107036,0.5137872246072493,0.5202763358193528,0.5871140541861293,0.6032625638221135,0.59892736197385
2018-01-26,0.5160147763621149,0.5093586421799341,0.5613406058978566,0.5697650383341467,0.7527866540407996,0.5488385809351294,0.5082619721021234,0.6146969785833294,0.6115594705770059,0.6009046646918094
2018-01-29,0.5061098664724294,0.5181917198439957,0.5614496036135838,0.5310940336356273,0.7802444924136318,0.533874896213465,0.519404545662704,0.5934763106199008,0.6066982910137715,0.5762665247243305
2018-01-30,0.5119247058064538,0.5205198272725321,0.5472571250204957,0.5340935240003197,0.7889599490650632,0.5097350206202814,0.5404431748087025,0.583615104702829,0.6003782882850692,0.569689922334646
2018-01-31,0.5099457432361418,0.5043987843673501,0.5516137931898563,0.5019492207100367,0.7983926154577783,0.523962175842089,0.52479029700073,0.580826914359552,0.590067223189231,0.5587628152469696
2018-02-01,0.5071493341984062,0.5120757812127275,0.5645422245966482,0.5075839405521514,0.7924028292045212,0.5293632560630129,0.5256369318364252,0.5978790254997953,0.588107893005536,0.5482575038669597
2018-02-02,0.5083315336864794,0.5176712832076582,0.566747427202924,0.5292238648694841,0.7916109149864289,0.5284710405888483,0.5227468285080082,0.5897431177176794,0.5896955572560199,0.5543700728659924
2018-02-05,0.5312808464684017,0.5170960977824685,0.5773225574288496,0.5138773870322306,0.7970599873525294,0.5304877259391204,0.5131938144141795,0.5678104780786745,0.5853550004843331,0.5493663056669734
2018-02-06,0.5112977699517508,0.5249588147648314,0.5935784334748028,0.5123167179990485,0.79382265004035,0.5391878824765014,0.5044748003095654,0.5611261112592814,0.5873795241296381,0.5468279612470637
2018-02-07,0.5335674910762651,0.5038079636750455,0.5881713837057355,0.51158760650412,0.7865546760471185,0.5558816632823135,0.5133658292045928,0.5514845919173078,0.5803808391527424,0.5868022925028086
2018-02-08,0.5289795756253153,0.5153036829905154,0.5953076504289158,0.5045792098366227,0.7896504284962332,0.5556896632386469,0.5000309959394698,0.5510466484713962,0.5693782248981673,0.5807141035444775
2018-02-09,0.513843382333773,0.5094431560364827,0.5733170187394117,0.5093922013774811,0.794597033951936,0.5335007073294139,0.5048190527190533,0.54589162839929,0.5678038060333398,0.6035874956425186
2018-02-12,0.5130256016243683,0.5025705445836509,0.5608206907092923,0.5039731477351571,0.7901991502568899,0.5347602774077299,0.5038925622813798,0.5652671272284984,0.5728180031154223,0.6105380458571651
2018-02-13,0.5155239980174434,0.5040800634669239,0.5649228434251335,0.5155603250354966,0.786004707709422,0.5368838109540455,0.5011298583753044,0.5640701879407345,0.568471873924284,0.6201773645130341
2018-02-14,0.5298899861876217,0.5074429675055131,0.5830012502584663,0.5087662469661102,0.7855265073178362,0.5305610404283075,0.5056876694749249,0.5636841993891607,0.5673162007727929,0.6100789995667976
2018-02-15,0.5338383381585713,0.5071018039970251,0.5838891110064948,0.5079317716779664,0.7752567674159487,0.5511962031063965,0.5010813745097286,0.5637748981915934,0.5816782338034366,0.6169968645141287
2018-02-16,0.5282987733167736,0.5075674129907924,0.5953860657437114,0.5270305512578696,0.7743620868894866,0.5539055928132517,0.5191734871783075,0.5563661213100582,0.5751437232398499,0.6142460656555379
2018-02-19,0.5220861051103055,0.5032093447542162,0.5936073795966667,0.5265576497283982,0.7703739776466719,0.5599362557016208,0.5274030577253552,0.5706269086844402,0.5659605611129764,0.6198375523072558
2018-02-20,0.5320677485658735,0.5265383667330849,0.6056259969617335,0.5052026476762824,0.77973162561209,0.5440071944704136,0.5098082336455644,0.5685749140460072,0.5646424049762477,0.5950304719005854
2018-02-21,0.5160162422517668,0.5301634808863511,0.6132353005474026,0.5186647391757007,0.7732866534226903,0.5675705078554402,0.5284862098616385,0.5666847757829908,0.5789785207014123,0.5776327962976783
2018-02-22,0.507824205703045,0.5216156103693218,0.6248567736704795,0.5019455384114555,0.76707683343004,0.5761411122031316,0.5351297202465266,0.5662182442530869,0.5847545967913432,0.5711326966809663
2018-02-23,0.5301623437113755,0.5238401630722297,0.6361177578797865,0.5102427511936619,0.7632311565972967,0.5660888271385188,0.5290743315364976,0.5745844747322272,0.5891827709302963,0.5545887411754868
2018-02-26,0.532348608937221,0.5251793440616389,0.6206928701044755,0.5148418251222902,0.7739963398864805,0.5569232717165111,0.5143393591170322,0.5713046932318914,0.5876494688449666,0.5579393782919824
2018-02-27,0.557333521354712,0.515282627214373,0.6403708694962272,0.505085328592177,0.7562211741076105,0.5608312855046197,0.5177914042980032,0.5658254793325864,0.5913934135609807,0.5742196670686008
2018-02-28,0.604231343448934,0.5160336340737437,0.625356223113867,0.5176104586140761,0.7497569827645743,0.5351486404279789,0.5110113625264924,0.559070751577075,0.5819583220931465,0.6001189396960714
2018-03-01,0.5999656580830027,0.5068669148405353,0.6172296507286474,0.5324063535210799,0.7431474815164457,0.5379467274939321,0.5219916973683735,0.5449649633943408,0.6037274047641056,0.6115901068941155
2018-03-02,0.5598595539236632,0.5228325151660741,0.6185135998914172,0.5472542701133649,0.7592736918571107,0.539608421716883,0.5274670317272556,0.5505315453829589,0.5911780221261183,0.6015637768771273
2018-03-05,0.5660416011246969,0.5299172603509796,0.640809462544293,0.5261645886423031,0.7613448363117405,0.5191303587055364,0.5114491981798799,0.5605045493343789,0.583274774580412,0.5771298795714465
2018-03-06,0.6022254874199179,0.5606653966692999,0.6643903534470609,0.5670447674801334,0.6994436213357392,0.5538588788679305,0.5541499557954476,0.580349655875153,0.599581381225625,0.5589771820603628
2018-03-07,0.5658616827707291,0.567193430143102,0.6799792523057081,0.5628069130543476,0.6925872217546459,0.5677544062347301,0.5792811786961933,0.5770061129400167,0.5894466524051342,0.5634389888941941
2018-03-08,0.6128373561880178,0.546491510425824,0.6799694437991161,0.5489761633707383,0.6725147141910274,0.5703564329476457,0.5753877280935026,0.5875214438198674,0.5665049037398372,0.5946157871164587
2018-03-09,0.6002368915139165,0.5437912131715484,0.6792371872680424,0.5610886816959073,0.6904965056068281,0.5709401034854439,0.5419961669128556,0.6006712937466777,0.5063216040631522,0.6001421139168129
2018-03-12,0.6098043430700132,0.5680966491950223,0.684889938272372,0.5686079171122059,0.6697871637014706,0.5838606852299892,0.5469801842908674,0.5854911192141025,0.5553868653061447,0.5841531855825378
2018-03-13,0.5917944523880615,0.5902454273373442,0.689271837546626,0.5441132708885166,0.6873058370667638,0.563242079246025,0.5230705606733561,0.5751223190961771,0.5550620296344939,0.5920888995457368
2018-03-14,0.5890299599087016,0.6036872629121887,0.692154239828961,0.5053829844839771,0.6817771678624439,0.5437673832540956,0.5134634320094763,0.5886988565569343,0.5665863274843169,0.589668766560671
2018-03-15,0.6001899244479528,0.607751509581992,0.6857822794345066,0.5078113608583678,0.6768096405175181,0.5423468371339007,0.5151067720499082,0.591770748493034,0.5574177413308528,0.5994225536145108
2018-03-16,0.593518059501759,0.6227488904222334,0.6739485864679539,0.5243246429116559,0.6786405045499627,0.5332596858647728,0.5117575228231818,0.6282187265010296,0.5422597410962479,0.5711729661850222
2018-03-19,0.5993726278033086,0.6407224410809764,0.6712949110012404,0.5012640254486805,0.6546630624399512,0.5337121463482778,0.5045207054243056,0.6212752938077208,0.5371730903947295,0.6045117133418093
2018-03-20,0.5820992086133342,0.6129031599874949,0.6463575860056062,0.5003023293782226,0.6866090582922034,0.5398806047229507,0.5203904731155967,0.6153211964473457,0.545833440534163,0.6340679523662424
2018-03-21,0.6179763654832744,0.6051202017725984,0.648477329502164,0.5061014097237847,0.6685796614836149,0.547197261123521,0.5257146262282085,0.6099007703773165,0.5820008458092719,0.6181077606786801
2018-03-22,0.602320844219885,0.5901557132774222,0.623655692074775,0.5046640911676683,0.6952428467725067,0.5371935573655615,0.5291200838327452,0.6240156428771982,0.5770889099234217,0.6246087094250573
2018-03-23,0.5748806326091539,0.5968417458310759,0.6190217116997975,0.5013158879145911,0.711002537297019,0.5305600371741501,0.5262653101075756,0.6068603878031801,0.582157148377063,0.6328269030535252
2018-03-26,0.5707530206424457,0.5907230953935512,0.6143832765722539,0.5167746413742402,0.7212832487594173,0.524789444163903,0.5108125658734199,0.6053663189784927,0.5916604624385463,0.6237259582176843
2018-03-27,0.5685988804631429,0.5987900685794666,0.6488091073308574,0.5579192567506366,0.6950192890151715,0.5251580683765443,0.5051044458883135,0.5785450206124333,0.585454226206844,0.6377816549231407
2018-03-28,0.566068273103148,0.582666061683132,0.6457645087353907,0.5501756317462799,0.7090192774250762,0.5185328392113503,0.5190195630917418,0.6069559174430803,0.5669251342051752,0.6258360858770818
2018-03-29,0.5399919694352103,0.5962201739854979,0.6380827485446728,0.5277725487322185,0.7262046973471058,0.5210451381911276,0.512897084243182,0.5857020419725377,0.575442766239827,0.6249040551773045
2018-03-30,0.5442177534086096,0.6189974297938464,0.6360446023175595,0.5077637626219017,0.7147358714106519,0.5274265735376708,0.5132625983358647,0.5895824827899626,0.575824336575636,0.624952567425387
2018-04-02,0.5343682194487144,0.5932734333650703,0.652789831593708,0.5678746446014137,0.7111174514094213,0.5205887653857729,0.5049164004359764,0.5824428260968034,0.566228913350571,0.6306773436052866
2018-04-03,0.5637382906684171,0.5610318022985891,0.6644526350136275,0.5531388218053762,0.717539091914356,0.5302413572975956,0.5054954356820618,0.5767225017898419,0.5700140062231628,0.6199956566397634
2018-04-04,0.5617153483554308,0.5684419567358786,0.6524513522726546,0.5557687376074748,0.7196456944242863,0.5153968103930973,0.5000514578844378,0.5541588497336155,0.5766582149295177,0.6377515884648174
2018-04-05,0.5786447705437779,0.5536891936551588,0.6343558161652195,0.5617526704456238,0.7126302877562084,0.5153646089474091,0.5167791901927411,0.5755187926046255,0.5789329357662569,0.6500531770048171
2018-04-06,0.5680396753301741,0.5359818791889741,0.6333764198473119,0.5687716586295465,0.7313451468810322,0.5119889473809732,0.5097644441718842,0.5871187845656342,0.592091718379043,0.6133048287905953
2018-04-09,0.5506670808515451,0.5098812174836426,0.6310449992413799,0.5666885185790215,0.7550008300360389,0.5085798665640221,0.5112503783266042,0.591319011230332,0.576217426947927,0.5863267212931911
2018-04-10,0.5531874240371877,0.5198148833446641,0.6139633373070749,0.6142915801124096,0.7317601266943571,0.5233778065048537,0.5039275655618355,0.6084167348655675,0.5575953266813637,0.6117732432679233
2018-04-11,0.55809855716097,0.5354373949323152,0.5781358926434841,0.6302942574176461,0.7190652061694239,0.5471866588141227,0.5278592075751007,0.5883520373074465,0.5541704106539119,0.6471912086862895
2018-04-12,0.5710986199621371,0.535170392640689,0.599766321968297,0.5947897507340734,0.7357583075336209,0.5539665841946418,0.5095273862953325,0.5670337989330161,0.5760936650887206,0.6304293143905124
2018-04-13,0.6033101381937868,0.5067185450359282,0.5872739751876072,0.630479059383577,0.7048997405761191,0.5744117995477489,0.5092946391831336,0.5784257286528719,0.5606831922792078,0.6353181483388418
2018-04-16,0.5816199897837377,0.5034078673743899,0.5959536506266149,0.5941174384488567,0.7451266708287223,0.5851753523311605,0.5229534293812724,0.555133318988609,0.5521781958757754,0.6128780192322746
2018-04-17,0.605398260036536,0.5088212902119237,0.6060310638418327,0.5697867678698117,0.7364879069193484,0.5971972394058761,0.5137952121689879,0.5480557407959051,0.5337682000228862,0.6216467688021318
2018-04-18,0.602588812605969,0.5001328728330138,0.6181591263900174,0.5620528133139274,0.7457288409945922,0.5658129180563214,0.5074956887054823,0.5543037982684721,0.5545665897833698,0.6098994728778119
2018-04-19,0.624446387220388,0.5277083555126287,0.6163358727306708,0.5495059481857083,0.7472979705360573,0.5845232180652127,0.5311852277380579,0.533785945511031,0.5515681648553585,0.5761435215291939
2018-04-20,0.6748525894456828,0.5062033226095352,0.6161391113385367,0.5308480409422768,0.7114027492007721,0.5901149702192737,0.5453654084604959,0.5330958123399951,0.5536378633824254,0.5849535364575401
2018-04-24,0.6845555457344626,0.5219912839689002,0.6024405225092014,0.5274893024226878,0.6945436308567491,0.6137804983940722,0.5572243946385029,0.5302540096590339,0.5268289997629928,0.5980513380189966
2018-04-25,0.6760549707157638,0.5249100142989592,0.6006352312733146,0.5234580596502006,0.7081858859715023,0.6143725347761214,0.5597864138328598,0.562950227055297,0.5190862687264646,0.5670346731248964
2018-04-26,0.6851499451878938,0.5067451162614025,0.5851448644962219,0.5229765659406165,0.69381383075974,0.6372644106916482,0.5878299762754701,0.5178751371342853,0.527240982238922,0.5618589199097163
2018-04-27,0.6589292158006937,0.5074659636582259,0.6085134540671627,0.508951806564454,0.7108110142403614,0.6205068502874174,0.5991697310641729,0.506478921294463,0.517707824730944,0.569196868281463
2018-04-30,0.6526956567635048,0.5181910616175461,0.6059635425927213,0.5382026938101482,0.7044493433702819,0.6313167289715761,0.6108716573281869,0.5163116308497143,0.51011009900309,0.5554264332867084
2018-05-02,0.6803657546450754,0.5274708879826108,0.5798460270053428,0.5956376986561772,0.6330636183004359,0.6490708415980915,0.6216703454425321,0.54284089216135,0.5018612791353613,0.5757111408698227
2018-05-03,0.6712196370579825,0.5156356120935537,0.5667443870235468,0.5703947332624759,0.6156417869807468,0.6782322961636585,0.6262933528730115,0.5797996724375434,0.5163069681922919,0.5664571497772699
2018-05-04,0.6716168584501795,0.5274400922054377,0.6032234061429834,0.5781390717742695,0.6049774287106281,0.656016545663127,0.6217652544007396,0.5751147032088502,0.5138443762517806,0.5901273243942956
2018-05-07,0.6513188825481696,0.5137217215895801,0.5782067383879872,0.6103306125384492,0.5805902321517445,0.6650103723792783,0.6380024636833755,0.5896093156567102,0.5264248635313006,0.5907760535653132
2018-05-08,0.6794887866909308,0.5177989447434086,0.5830877767163675,0.6018547979574683,0.5371696181607714,0.6496799453802728,0.6241448966582187,0.5797177106284911,0.5541078201138928,0.6132250595401041
2018-05-09,0.7034258634373284,0.522139714359967,0.6189919095227144,0.5566681195803808,0.5884445216025137,0.6332499955336884,0.6017715758388164,0.5672048203431806,0.5531188793296073,0.5927090090378245
2018-05-10,0.6950761829299174,0.5241544694150936,0.5872977892013583,0.590946125273847,0.5992404212467273,0.6293125242409833,0.5653900138555559,0.5606986349582184,0.5084464045754402,0.6482529722711594
2018-05-11,0.7000173025794499,0.5387975968306565,0.6005876040343284,0.6149831488438716,0.5375343480525067,0.6301260695272667,0.5795496838700744,0.56826683398914,0.5488540637586298,0.620594742961272
2018-05-14,0.7124790693585199,0.5184525938382011,0.602785500697028,0.5944969517288852,0.5374711633222558,0.6331466733225226,0.5821651839818215,0.5826086814549859,0.5230318447074217,0.6135377587324954
2018-05-15,0.7112748374705591,0.5181060692432028,0.6111044678509225,0.5911961787358516,0.562339720186595,0.6416155642449494,0.5844581715039395,0.5702458783773129,0.5162145885970322,0.5959869305243365
2018-05-16,0.7217139944937658,0.5267714022115357,0.5909821302636067,0.5932588534584408,0.5560033622518326,0.6322600127202345,0.5791561864574498,0.5465473574171832,0.5309819136799175,0.6193357496483132
2018-05-17,0.7053858464537542,0.529695104398566,0.5758496266572876,0.6136722748863206,0.5254692270149123,0.6451346445958805,0.5891182014789053,0.5460765678205831,0.564882270757847,0.6156886098027777
2018-05-18,0.7012533071806053,0.5336959090596077,0.5681637720984222,0.6448942657686633,0.5228296505143578,0.6447699048393378,0.5835164254519587,0.52083651757436,0.5512937015486539,0.6109614311373136
2018-05-21,0.7148581953450401,0.5487873817911635,0.5820209415052542,0.626302311597601,0.560753055585742,0.6194295608675441,0.5697947271077566,0.50606455625556,0.5371367614976726,0.6250822690098975
2018-05-22,0.723062548950451,0.5267750138750542,0.608076639640671,0.6240067062009175,0.5585022816290185,0.5931420620414645,0.5708114617754444,0.500384443755073,0.5203214839369189,0.6267033996295988
2018-05-23,0.6920461188909349,0.5348131701070448,0.6034747696707075,0.6681836497088608,0.5323028661284971,0.6068939480650783,0.5707915430484626,0.5103962827281903,0.5360669914666101,0.6230224780317998
2018-05-24,0.6949396920410688,0.5638692265508441,0.5718366692735131,0.6804113152395589,0.5117648411505862,0.6063388458370532,0.5510166224867779,0.5264553490250125,0.5662874070268779,0.6103568599837185
2018-05-25,0.7087572714033546,0.5509992916614442,0.5766898697622254,0.6591369130132526,0.5015634488441709,0.5927183489529803,0.5547406404179673,0.5284918148506227,0.5649462919469722,0.6307639595625106
2018-05-28,0.7143706067324613,0.5453198302551356,0.5830137089724836,0.6734266333378135,0.5031535330463492,0.5942514252794725,0.5652893886290674,0.522393361995768,0.5324936267596326,0.6068696186516309
2018-05-29,0.7298622555610312,0.5598938111282027,0.5679419891266464,0.654914682422784,0.5112650306615328,0.5998680380949815,0.5889672400471446,0.5103085070549692,0.5182217504879691,0.5872841336813729
2018-05-30,0.7015628047979311,0.5485505247053059,0.5283707253414698,0.6962673344943795,0.5050429108853404,0.5871234915260042,0.6092031175413575,0.5433103793109488,0.509204400381276,0.5854333903631601
2018-05-31,0.6930720887578169,0.5646049435103546,0.5239070664224341,0.6924402480430863,0.553410744437054,0.599939598381842,0.6069552378436605,0.5500148910376691,0.5575787710104579,0.5442586261783467
2018-06-01,0.7004811787371356,0.5345903656860559,0.5332468444855306,0.6925973871550614,0.5160722972659518,0.6083287543929213,0.6126921235151098,0.5552543776605832,0.5237762798266145,0.5566700827126586
2018-06-04,0.7045205338189154,0.5345364798485717,0.5361742080884128,0.6932815697531112,0.5221880022558166,0.6080255414563152,0.6104373944556785,0.5454240988152362,0.5123596659654867,0.5533760446174826
2018-06-05,0.6987571132773467,0.5369505339059569,0.5159912456609514,0.6783107027462406,0.5325828095881525,0.6149557873807882,0.6216784725090171,0.5560275205331181,0.5122411983843488,0.5762882640062571
2018-06-06,0.7130093797621528,0.5214268390929563,0.5218177170064072,0.6690949570372116,0.5037830438208434,0.591413462719573,0.6181539150801378,0.5692802803588576,0.5274494446814927,0.5912446110437687
2018-06-07,0.7174750763514178,0.512224510131404,0.517205216083064,0.6599766846063196,0.5044280295581329,0.6000658581227757,0.6262808896598216,0.5718593310962785,0.5236869120557803,0.577930897478307
2018-06-08,0.6600438940896391,0.5463844983961622,0.5204939392948503,0.7028382506276034,0.5623286046615567,0.6055930678603444,0.6273792829084605,0.5392245257993203,0.5004554599185638,0.594779641260009
2018-06-11,0.671450753772548,0.5477327981661119,0.5197850424733933,0.6872495356139593,0.5601320482958202,0.61195349524528,0.6246836061335909,0.5476195804378,0.5168451211705348,0.5986745210840559
2018-06-12,0.6848302999016415,0.5064840262844853,0.5216667312420158,0.6928390710504128,0.6064016986093089,0.5914875595869941,0.605976983271031,0.5533016887045361,0.522060698311413,0.5707128966180981
2018-06-13,0.7020176523739888,0.500921371979253,0.5434917847217997,0.6538094730991655,0.6397688365141212,0.5826637738072089,0.5946195259777651,0.5518914822441564,0.5414079957726036,0.5708619154450528
2018-06-14,0.6764836170605427,0.5094965338239098,0.5388260716736704,0.6661581088824721,0.6415930586759229,0.5781813537973736,0.6074254028336298,0.5502598372237163,0.5752570584437903,0.569768669705923
2018-06-18,0.6599261675889203,0.5213474228795687,0.55167550538796,0.6967462410505747,0.644311115904794,0.5644131280016387,0.5893162797754276,0.5392875735083009,0.5382916276499016,0.5879640216076264
2018-06-19,0.7037948089810303,0.5320540841103235,0.5348872890473352,0.6742142303514608,0.6383930476047158,0.5593651342161903,0.5870130200620074,0.5251663156358409,0.5069056206105282,0.5778103473612769
2018-06-20,0.6567029707832656,0.5402460911964145,0.5454370821195215,0.6910778151850737,0.6782084512618324,0.5618347555793777,0.5990007018071114,0.504371029098935,0.5107355147489568,0.5290344120910169
2018-06-21,0.6326903983102046,0.5409354734042773,0.5605509675764561,0.7135936674953623,0.6541175216077005,0.564861695700284,0.5995950278789275,0.5049506381433597,0.5220518037448649,0.5644264803923392
2018-06-22,0.6112579734807163,0.5332701754452581,0.5426882903608449,0.7301907397079758,0.6544183243288443,0.553706430878728,0.5907192539381115,0.5119450125062673,0.5387429895748636,0.5788207960271913
2018-06-25,0.6453374234192675,0.5294292873229937,0.5132458433374584,0.6950904732649575,0.6688093068104379,0.5649227384149675,0.6016363105480944,0.5028773137583604,0.5692040519158738,0.5552028350827031
2018-06-26,0.6770793966905607,0.5286602783494094,0.5309587242347048,0.6660469018161949,0.6742832669910596,0.5713089939249476,0.5857411087125975,0.5103877391725686,0.5592899827194792,0.5629936183103568
2018-06-27,0.6932918375628562,0.5319661891901291,0.551865538425849,0.6300933342076696,0.6765073948583168,0.5831418899154769,0.5833099152284464,0.5289785996934885,0.5728714469970552,0.5442181683075722
2018-06-28,0.6821965280655601,0.5370615177758505,0.5658338445484661,0.6350210927755503,0.6667529508737161,0.5819840362139521,0.6025319664237391,0.5095991947414635,0.5735209876459285,0.5586427870067835
2018-06-29,0.6715122746627055,0.5317846579098977,0.5336040913235961,0.6488522890123207,0.6892765559481523,0.5818185664625811,0.5921329642620353,0.5179896628052262,0.5760123162564018,0.5169785638671316
2018-07-02,0.6852699308678262,0.5339849800286582,0.5005703098954724,0.6668182876973399,0.6604421236567602,0.5800615029989767,0.5996584313465948,0.5257003484877731,0.5680089214663636,0.520820063408239
2018-07-03,0.7272648626239318,0.5096431243877122,0.5242798644029747,0.6133431013531595,0.6536953468117294,0.5692278059210549,0.5954625563213486,0.5377715937060934,0.572200357969426,0.5420142791710284
2018-07-04,0.6927087433414503,0.5107193989997837,0.516702696035927,0.6274021844857286,0.6683029728680223,0.56311243967316,0.5922869618336428,0.5420563116275205,0.6077352408873946,0.5561041856760844
2018-07-05,0.7026136573436434,0.5124683524187204,0.5197837267674252,0.605799346265059,0.6571571953025844,0.5630300782467063,0.6029180055751281,0.5658937786579725,0.6176047987959228,0.5297033702735291
2018-07-06,0.703442092674297,0.5016745173457908,0.5362514846362237,0.6109440051390674,0.6497912849756089,0.5525680094833483,0.6050168385052072,0.5595467048840542,0.623429691521015,0.532966949504146
2018-07-09,0.7144892029847282,0.5038008559719024,0.5438555484436841,0.6230460605821052,0.6326180790625126,0.555611123245275,0.5953444900487334,0.5572502203183722,0.60545642534663,0.5621130837667887
2018-07-10,0.7275534784722625,0.5168284204160781,0.5336810743434635,0.6175361379852325,0.6253370834592306,0.5726211084729244,0.594520819769932,0.5648298006686922,0.5836564239563188,0.5545845741156495
2018-07-11,0.7210639596259046,0.549986057458839,0.5015456921804053,0.5945876797782561,0.6184127205394017,0.6107801165740754,0.5987063428838032,0.5639065571476096,0.5843184160355578,0.5596960679340727
2018-07-12,0.697375612440445,0.5907056235817895,0.5584818706068236,0.599614733932725,0.5770486336179012,0.6104347279354649,0.6075641314963766,0.5902916042894644,0.602739467343543,0.5466144693524716
2018-07-13,0.663056133781225,0.603180753677029,0.560090916550101,0.6160441355336029,0.554781730767559,0.6145521836979108,0.6325308843868179,0.6004616772432363,0.6101011669750477,0.5299647973212797
2018-07-16,0.6539058061231017,0.6259053061106054,0.5513458282880217,0.5918485764443897,0.5228039913267489,0.6328497548729836,0.6350706401046107,0.5956403486479146,0.6128935168098976,0.5468426422477147
2018-07-17,0.6677598546025488,0.6309810633169404,0.5361996820397578,0.5851612301112344,0.5290721858393014,0.6419844374144555,0.6209873435341807,0.6076894009436763,0.5918011904228885,0.5397702886822403
2018-07-18,0.6955271787353557,0.5936372133370552,0.5549112894207405,0.571713996846797,0.5012849559338928,0.6215099601684191,0.6346891531958668,0.6174184241627613,0.5931342913601251,0.5241988973976525
2018-07-19,0.6645154673834146,0.5964385021411918,0.5456175756343158,0.5934435080181231,0.523696972244713,0.6368329115091296,0.6345839984124619,0.6079069110389751,0.619406391618244,0.5251655003213781
2018-07-20,0.649803346371374,0.599824218539211,0.5439492244224325,0.6031643006930297,0.5193387420365988,0.6294039520966362,0.6265660048909398,0.6104118651054734,0.6329021178499475,0.5560241949014819
2018-07-23,0.6477557318365648,0.5820044053984421,0.5526418587523118,0.6054738774392062,0.5127085574959079,0.6330129202978841,0.6298108123879921,0.6250087699364911,0.6300682758944586,0.5375364866899006
2018-07-24,0.6249770300358032,0.592894186148879,0.5353257925597391,0.6194742341951648,0.5311018034695679,0.6491338318297064,0.6405537731731293,0.620304405762947,0.6124259604185981,0.5355554109424914
2018-07-25,0.6356281875447544,0.607972751533954,0.5489956138165607,0.6246264410720787,0.5669213435756518,0.6425857161599192,0.6216884935050512,0.6255385574356817,0.5640463967839485,0.5603867395931746
2018-07-26,0.6260728686627777,0.614473774726873,0.5443645518145934,0.6388562454245058,0.5444824913359918,0.6529465834506563,0.6089400464493376,0.6323815568612002,0.5621017589096198,0.5473544004839804
2018-07-27,0.6565885844003608,0.615484611524416,0.528502819495007,0.6022108700103556,0.5321952905544136,0.6578231134000562,0.6020941114044113,0.6340492978477416,0.5693546891508222,0.553364703493152
2018-07-30,0.6526136584969455,0.6549653787458874,0.5347772594883967,0.5758045401261082,0.5369688529656168,0.6449332885967044,0.5835228062394152,0.63596849051849,0.5557218045429747,0.5768723900345264
2018-07-31,0.6250237559563313,0.6670745254073164,0.5350388620614028,0.5556297897140947,0.5503520211028192,0.6423012241790754,0.5750116969463114,0.6581583762563925,0.5760034093915599,0.5635733421289395
2018-08-01,0.6667256628127528,0.6441717399995971,0.5473457251262109,0.5577588191687616,0.5505510524687159,0.623386471354714,0.5680164246928086,0.6612920335361097,0.5550147202522739,0.5741813399922582
2018-08-02,0.6880944702933013,0.6249984206947451,0.5475375481695577,0.5431850929213934,0.5521891740478725,0.6289231536105087,0.5880975513014594,0.6504173379856512,0.559064529472694,0.5525560963628297
2018-08-03,0.7030682897026411,0.6299315426950044,0.553487095516255,0.5330697968786752,0.5520132925179831,0.6210804399647597,0.5800602087059308,0.6433842310250043,0.5374078743733999,0.557478820955754
2018-08-06,0.6810050325294741,0.6292127665169303,0.5357789742888757,0.5377269488656929,0.5695491651916301,0.6335490379093064,0.5966008626601531,0.6506433903652789,0.5456416611181522,0.5465633089982654
2018-08-07,0.6809733202188389,0.6338472904672018,0.5311003490794364,0.5484110249957416,0.5567981251551554,0.636297871496826,0.5908750173870921,0.6491519085589001,0.5424146134251641,0.555019227739847
2018-08-08,0.6698202008799234,0.6521004933430942,0.5536577318352339,0.5434807920949127,0.555136878558802,0.6420279032548196,0.5956558379603316,0.6371151751209956,0.5437960471019897,0.5358777638073413
2018-08-09,0.6629539737133684,0.6607690162588478,0.5544109898544438,0.5320143913717449,0.5573416774375147,0.6426490317607828,0.5949756919702476,0.6359684466002182,0.5491096742867511,0.5341845728825345
2018-08-10,0.6349579626133462,0.673792811837433,0.5202897506818213,0.5316851178781211,0.5527260258099793,0.6480904908400952,0.5995622554262131,0.6415731748583039,0.5650879516119984,0.5487341979444447
2018-08-13,0.5841435851098803,0.7154613575733713,0.5080203729068438,0.5568377747456434,0.536785278478696,0.6413097293480923,0.5966996056737379,0.6130465955629568,0.5546088826209391,0.5887605750368993
2018-08-14,0.5623337349004699,0.7329519929761833,0.5243364138030532,0.5586185290188777,0.5633732453292447,0.641710310415761,0.6118895024316037,0.5781500483644529,0.5159540283517029,0.5771452555616076
2018-08-15,0.5797631182812479,0.7306707203658656,0.5188037087231825,0.5573927238128759,0.5387275786752223,0.6463589413428891,0.627513725497163,0.5431008475219193,0.511246218297675,0.582023136347733
2018-08-16,0.5729973273144283,0.7268129470360781,0.5199590631409711,0.5226946203295203,0.5604409142822707,0.6405981536667907,0.6291279114330652,0.5449039838321267,0.5470412524515408,0.5953979493408844
2018-08-17,0.595315599210251,0.7332522780932873,0.5019003300248197,0.5298229200539705,0.5133511062508371,0.6407643373834605,0.6223303572075876,0.555837250151424,0.5351881733742023,0.5860978022152566
2018-08-20,0.5727127689487412,0.7447418803623004,0.5076614371545894,0.5101667161480948,0.5422007199502867,0.6381499893313841,0.6132054036534335,0.5512425637156363,0.5321939534212038,0.5917566449755837
2018-08-27,0.5901134327131391,0.7352858972304612,0.5025352029395737,0.5035450429192635,0.5431241350853035,0.637706473931628,0.6194181619134548,0.5398384317066626,0.533584298231711,0.5990644498500324
2018-08-28,0.5898206856853155,0.7371235946873194,0.5169404578158149,0.5091870624902877,0.5572708725074605,0.6281509477198972,0.6189416575345057,0.5370567324393533,0.5281768496286785,0.6021151445089153
2018-08-29,0.5516441608703424,0.7453075629023017,0.5006600004555452,0.5245712418157888,0.5301561400079774,0.6333733902353956,0.6201402593603339,0.539407852447434,0.546090500142978,0.6041881032406798
2018-08-31,0.5475648642053716,0.7463562139147584,0.5020255367094145,0.5431140687265185,0.5046309688042555,0.6293820645175636,0.6169425389324844,0.52845778714544,0.5451493081474298,0.6140585699122604
2018-09-03,0.5410634244228877,0.7499934742014017,0.5019428236266411,0.5281722938639597,0.5210909613511734,0.6252675279316879,0.6097704805828476,0.5365454363414436,0.5513913093001331,0.6181851946569356
2018-09-04,0.5345206184373786,0.7469794608846496,0.5179988059452213,0.5450694313348398,0.5219916336881908,0.6256763132412647,0.6040590883974405,0.5346003624680828,0.55652137987501,0.6227479541680594
2018-09-05,0.5220707614988243,0.7602432917467145,0.5101969115030915,0.528618253865562,0.5318236576741502,0.6158140597582736,0.6027700481962488,0.5312086401796962,0.5379516000656873,0.6207179052136281
2018-09-06,0.5201418081441701,0.7551576502660304,0.5149198192855616,0.5190038853352695,0.5357104321618437,0.6131961216210688,0.6037929936638786,0.5273829150426522,0.5565739094710017,0.6272958357651542
2018-09-07,0.5261176541255418,0.7484425342464287,0.5240635010311131,0.5118834605870586,0.5462668298913996,0.6149347759730647,0.6058499616797023,0.5275159981937736,0.5669150256470004,0.6272612676197753
2018-09-10,0.5232715767478932,0.7425330841621339,0.5290395061304276,0.504431594132651,0.5535588217370289,0.6235354876642222,0.6077170616122078,0.5256193527703333,0.5805012376049788,0.6183849062074948
2018-09-11,0.5253024249226513,0.7242635265165123,0.5272424896265103,0.5077503486636971,0.593645889052964,0.6375186869391306,0.6090045801377818,0.5304087922316848,0.57092577319974,0.617713413420457
2018-09-12,0.5255424390863468,0.7047971589957526,0.5205741240766496,0.5187710545810179,0.6089865625076031,0.6433426016801935,0.6209458275042082,0.5219038080562249,0.5715222805570982,0.6228531344105421
2018-09-13,0.5435084634287216,0.6788248632685875,0.5343279138554148,0.5036049006634372,0.6591530391253951,0.634843808904493,0.6159429548081164,0.5535214276505518,0.5682932976194742,0.607538657560165
2018-09-14,0.5304523804434257,0.6767343292900949,0.5307503403106187,0.5210208395309958,0.6601951332269792,0.6353224010489134,0.6161995199294574,0.541349884279195,0.5838040422616929,0.6065429001230123
2018-09-17,0.5238081723029416,0.6762799361959274,0.5325203740147867,0.5399751596325657,0.6650437905464556,0.632883701144543,0.6058260121303761,0.5220717953482461,0.5833773354775643,0.6152321922523712
2018-09-18,0.5107298597846919,0.6775562103816481,0.5368637633199383,0.5193845204126168,0.6733440990514516,0.6275553856088879,0.6063698586995893,0.5273426002488685,0.5738109478358441,0.6179249887637349
2018-09-19,0.5042711946784258,0.6928757728703001,0.5474753716742218,0.5239149103623565,0.6838935906308281,0.6184366736615993,0.5843539032098616,0.5173781384448707,0.5320733345132741,0.6215548953399185
2018-09-20,0.5117476110180125,0.6930886807644606,0.5511504790023399,0.5464987633717552,0.671303676414751,0.6185444985070976,0.5893759703099665,0.5344107141867646,0.5704857250949112,0.6066452679142115
2018-09-21,0.502829946587303,0.6983949666827799,0.5536243726374681,0.5375674385853341,0.6674775849270217,0.6139422147784356,0.579781040299026,0.5468702107605343,0.5775747234054209,0.6088320513671214
2018-09-24,0.5043242856993948,0.6884573699235516,0.5596405102462476,0.546540063990412,0.6850074323272582,0.5917735453337974,0.5625661631593687,0.5659581989959589,0.5682109096185716,0.6195215158429915
2018-09-25,0.5057486410928765,0.7092252755393261,0.5646549475914485,0.5515765243853002,0.6671590578961634,0.5934829656009876,0.5650875555049747,0.5693382717327903,0.5647154241773878,0.6027081338902525
2018-09-26,0.5024654595293055,0.6948969917936706,0.5602401038845984,0.5612530326488941,0.6914882314615024,0.5882520685467264,0.5652864560309084,0.5647431457487847,0.5549172475815434,0.5990622044474988
2018-09-27,0.5017657483914327,0.6782679955417373,0.5756524438009983,0.5210189863781124,0.6966140983240549,0.57738578358151,0.5544727578498627,0.5880385650542959,0.5617284960697441,0.618276304879324
2018-09-28,0.5068993160998089,0.6693173024973967,0.5937473107667325,0.5147207806853248,0.6978800238267837,0.5647071314037705,0.5609596471307104,0.5872714569582294,0.5753109997681531,0.614202683047757
2018-10-01,0.5169647870716294,0.6697811603015094,0.5795332964905725,0.5152272763659852,0.666226045174047,0.5860436543153974,0.5797157625850096,0.5933613670458194,0.5968030174268127,0.626348205903185
2018-10-02,0.5266442632505312,0.6874222774850148,0.5786344309510439,0.5355200810378191,0.6463711932377315,0.5847412836824638,0.5845550750820278,0.5908253266850557,0.5767286459461315,0.633930344556637
2018-10-03,0.5306388939514864,0.6614898266089994,0.5573302750896564,0.5268644794503407,0.6547983480904814,0.5914639675622274,0.5909344207280236,0.5864068604821137,0.6004418471059791,0.648097871345266
2018-10-04,0.5414334912475278,0.6511481106141713,0.5356326870367295,0.5478727143916277,0.6158024168686832,0.606933815798753,0.6057329542779656,0.5827214662008661,0.6284518970564513,0.6536877068641471
2018-10-05,0.523974132172912,0.6206409521240598,0.5159045176765917,0.5754348660724333,0.6442568369787603,0.6086222475350227,0.6050819344227,0.5851901561809013,0.6129137848093613,0.6624217163423108
2018-10-08,0.5189097907983813,0.640776350941712,0.5162214039353589,0.5695081897260565,0.653641555647838,0.5974392958601485,0.5963313146183643,0.5850565344111726,0.5833329769449024,0.671120315233846
2018-10-09,0.5210406205890132,0.66152850620462,0.5155712590191893,0.574008907015465,0.6305891664177985,0.5956133045067855,0.595621345856073,0.5783661817019966,0.5758399929209604,0.6778351020638129
2018-10-10,0.5183585224544268,0.6653637460088192,0.505837795827191,0.5677630797352416,0.6145951303725156,0.60182544316302,0.5929880810043292,0.5724020250437947,0.5896603430486628,0.682687476581331
2018-10-11,0.5116258216813178,0.6519641844221743,0.5044621123795722,0.5771632845733042,0.5788201004609864,0.6029561000557638,0.6022426107344783,0.563602649201369,0.6342061469971025,0.680516065763702
2018-10-12,0.5233510610400106,0.6382339610559752,0.5273387884941827,0.5618330728536257,0.6402780448803839,0.585036535373283,0.5887269139446067,0.5491422528437749,0.6206741810050594,0.687423708099186
2018-10-15,0.5623001287482399,0.6011073765435243,0.5984780527116939,0.5063733051877645,0.711687912633649,0.5162468220984451,0.5244120678820806,0.538566525026751,0.5832423358424249,0.6821543675615137
2018-10-16,0.5286929635067317,0.6494510910626428,0.5782138016906574,0.5140314850118781,0.6260719052448283,0.515016261627011,0.5486607016927594,0.5350947569431983,0.6289438390073766,0.7128198348663681
2018-10-17,0.5477757415900821,0.6550292083611907,0.5733536683364157,0.5003269267048915,0.5292197577697629,0.5382459280653119,0.5241096976128797,0.5164706089600983,0.6331967035416505,0.7418743497593082
2018-10-18,0.5780745662304355,0.6271074901125986,0.6024303672670052,0.5250857521167814,0.5183345287572029,0.5741301408284384,0.5300438499452411,0.5012030638221582,0.6345797859185812,0.729979678003561
2018-10-19,0.589802676039641,0.6315588338115851,0.6013412744136344,0.535962354602772,0.5340636342865602,0.5647596893410788,0.5192983933351635,0.5303269842215044,0.6532020992455546,0.7099007698178229
2018-10-22,0.6300633884321957,0.5960622598786436,0.5401743028569468,0.591597391332637,0.5535450450600897,0.549841871059408,0.5383632185166017,0.542179976907156,0.628820394810821,0.723082376156035
2018-10-23,0.621569834718154,0.5592607309962396,0.5450451381743543,0.5629235363560628,0.5329534749782159,0.5697076632867014,0.5496938372496842,0.5763669240272865,0.6218848329712413,0.7402690770164918
2018-10-24,0.6578436569395261,0.5529299886415838,0.5342490327787093,0.581081598595374,0.5218425786484282,0.54487967481315,0.5418366452141818,0.5789383884831866,0.6324911563567864,0.7182221837375993
2018-10-25,0.6080980378711409,0.5698646871370974,0.5706624694780054,0.5804675735547836,0.5101234721653812,0.5363671158072699,0.5100617482414334,0.5567845459655723,0.6629065655621625,0.7275682567537913
2018-10-26,0.6204392778416393,0.5566354115976391,0.5959352610196161,0.5167790895454186,0.5118764015013565,0.5737195993961464,0.5200599325690436,0.5992065852893399,0.6697994963404525,0.6981437982873038
2018-10-30,0.6338498310817051,0.5080309636766399,0.5149950152560772,0.5258858776506496,0.5739193202558946,0.5836663385161094,0.5150391857981954,0.5555236980585592,0.6978287651989108,0.6932006928175416
2018-10-31,0.6153129322887144,0.5349723104550278,0.523347045512167,0.5897706870404105,0.5874615865255085,0.5646686682261564,0.5126269956397359,0.5233261276980403,0.683614647916187,0.7042979723940302
2018-11-01,0.6581596748829225,0.5310592602120104,0.5307542079240243,0.5602169842023689,0.5852794083527776,0.5990289475405604,0.5253884553667552,0.5578396420801427,0.6727981408536062,0.6721381390957193
2018-11-02,0.6379154506253538,0.5134034273317607,0.5550643274025306,0.578281078329403,0.5791599482608843,0.6312632280501836,0.514548872775432,0.5362486134399076,0.6820280424234865,0.6568266813978831
2018-11-05,0.6291133510907826,0.5221888210908959,0.5830564919071639,0.558757145760023,0.5990839052821992,0.6661773974249491,0.5484273487025028,0.5101607268085161,0.650590929834635,0.6450486213413759
2018-11-06,0.6534774840883752,0.5621249928355855,0.5793447608251882,0.5156242095477187,0.5960760460002988,0.6429360515063994,0.5597636834378851,0.5177665031751162,0.6622038858221216,0.6315210354109643
2018-11-07,0.6990234366905846,0.5263291627606458,0.5684098548382391,0.5193078878157681,0.5638812794158937,0.6558485470789966,0.5803571439566516,0.5409792751480152,0.6251028747093846,0.6166103205247445
2018-11-08,0.6816192223643203,0.5358301028073938,0.5586842585258603,0.5315783910686406,0.611123545034548,0.6451982132427804,0.5792706877716574,0.511866323852514,0.6491577979360605,0.601474490754318
2018-11-09,0.6763634747667578,0.5358649643623786,0.5979378085437567,0.5163737361357036,0.5711339854410687,0.6543448379986592,0.5984532322673156,0.5143930556294948,0.6349455627509581,0.6089401203929267
2018-11-12,0.6734404821720975,0.5542885182230282,0.5941478875359401,0.5020850479154548,0.5676158767944168,0.6176564725107754,0.5560709140969751,0.531046921358125,0.6868149498700133,0.6085884816410079
2018-11-13,0.6687584940162288,0.5339839987927097,0.5827430641547194,0.5132228532098151,0.5383727919582805,0.632414060088302,0.5509166382702494,0.5371810799103554,0.6828780926351864,0.6342766663577591
2018-11-14,0.6653479679854174,0.5502622024509004,0.6009439094547034,0.5145523762516946,0.5120903416073731,0.6561559604184327,0.5591331560877757,0.5134128533700412,0.652824756210001,0.6388543332379625
2018-11-15,0.6577577081225573,0.5075188368449131,0.6339487935006183,0.5128698160875533,0.5172945197189804,0.6544266877749105,0.5712034839140713,0.5226684094914033,0.6674647064847581,0.6014112870803469
2018-11-16,0.6422097163601783,0.5606648679946283,0.6338571618379069,0.5516181749699539,0.5335390256641185,0.6983582892329688,0.6023271880188704,0.520635333138768,0.6217003939002682,0.5211322574640896
2018-11-19,0.6326213515827904,0.5466874553468771,0.6222241058112531,0.5564954389769073,0.5313496876525386,0.6832642280284763,0.6167486325297685,0.5366007301874508,0.6516969925898474,0.5257310835902748
2018-11-20,0.6423559420273467,0.5402671394450477,0.621933330410853,0.5554858465784621,0.5026228422830088,0.680462857308454,0.627110213342816,0.5648612287756024,0.6346289517874067,0.5146756929183561
2018-11-21,0.6477185267272175,0.5483145381687057,0.6287584519758257,0.5350971317533255,0.5032276037449271,0.6840801302524969,0.6301217044417672,0.5532555710639359,0.6227174830403253,0.5205474943006521
2018-11-22,0.6746411013019507,0.5376230643740679,0.6312742278910223,0.5353430731924662,0.5093059296645136,0.6719148175766722,0.6159335524162373,0.5390818827740236,0.6267647009129914,0.5059556510368838
2018-11-23,0.6784749705648977,0.5736252892655572,0.6211059705899761,0.5138420896015232,0.5077207533027069,0.6669487020838725,0.61558272261059,0.5430940405616492,0.6249281812726226,0.5149620013138116
2018-11-26,0.6848764614473902,0.5694790365505705,0.6035507014822411,0.5236481668940299,0.501572976457433,0.6643222433774433,0.6302679046386394,0.5569151154854289,0.6116553630781759,0.5337969472228353
2018-11-27,0.6945089005042483,0.5704900326257627,0.6055669713744031,0.5366671614477131,0.510265677234268,0.6449749971273743,0.629007598941442,0.5479943405405973,0.6092929764293203,0.56168615676032
2018-11-28,0.6830348422510895,0.5844052366858956,0.6079842421936174,0.5373740375535468,0.5205210019982742,0.6575421595785195,0.633252264147521,0.5499528912038765,0.5910344583673107,0.5604013657964005
2018-11-29,0.6694475985047585,0.5924938120750624,0.596675404788504,0.564029416744042,0.5179570931998763,0.6616705150214226,0.6369890525716978,0.5519233995982052,0.5782038226443945,0.5797491482731808
2018-11-30,0.6748253374047847,0.58466360932667,0.574373124590588,0.5700250097974101,0.501231536863156,0.6698683392494641,0.6416815560565124,0.5548099660472172,0.5732567649046565,0.575121923819193
2018-12-03,0.6464941529057097,0.5801809880996281,0.5928003314350356,0.5868053218805943,0.516227056986349,0.6703688766387591,0.6490844828185794,0.5550490019284199,0.5751329783955582,0.58297051538284
2018-12-04,0.6444041358438246,0.5870861913994798,0.5949644275865197,0.5775324189117989,0.5316686650090549,0.6701816261491436,0.6453839644280275,0.5483711343252929,0.5869196290546516,0.581541753444148
2018-12-05,0.6443626963542456,0.5825140198965644,0.602675481120484,0.584312414540652,0.5203658863426709,0.6646706842642809,0.6352111435919634,0.5517497415526349,0.5943758019598149,0.5917226099911926
2018-12-06,0.6733088412741831,0.5510442414109488,0.5948544304020748,0.5810110564670735,0.5116328869571464,0.6682650594439662,0.6149900938306282,0.5559108685157395,0.6156077978006028,0.5688993739519689
2018-12-07,0.6653800454488165,0.5495817135405402,0.598863709563,0.5745284590241052,0.5273678434619348,0.689655930822935,0.6280900279078183,0.5456461292034728,0.5868285393555265,0.5567934021555896
2018-12-10,0.6674351726696104,0.5471477293362623,0.5994650823542591,0.5740670466058251,0.5423131350824273,0.688757453922145,0.618220981420546,0.5344445661500248,0.5935540782085935,0.5643402186471244
2018-12-11,0.6582847471010261,0.5386406857568359,0.5970099689699435,0.5884383557475449,0.5460728104200122,0.6869318689956283,0.6262697045989661,0.5411424119990401,0.5923393066264563,0.5640480997733521
2018-12-12,0.6591839417119838,0.5304041942413137,0.6110093610261413,0.5707889080917852,0.5504369364916999,0.6725110574369882,0.6196066513477133,0.5382792976535797,0.6356090683498478,0.5323758620819542
2018-12-13,0.6534850871961964,0.5084842171252506,0.6282087943304657,0.5582555359373157,0.5489597943027485,0.6671752682839484,0.5967453587647399,0.5603322516222901,0.6542604807755026,0.522576138439575
2018-12-14,0.6552573401641631,0.5147139425149266,0.6170305770694612,0.534713323295423,0.5566658524882081,0.6969870523113683,0.5915141478659603,0.5715394178033611,0.6216538919139046,0.53976536124431
2018-12-17,0.6487027348966395,0.521072035844715,0.6241504041689471,0.5361546731172125,0.5689794227035553,0.688288024483784,0.601082274786133,0.564541327458918,0.619226246682768,0.5550040522373024
2018-12-18,0.6558827901491876,0.5287859198779509,0.6102026871667349,0.5376847714783087,0.5497716949785728,0.6802239082406863,0.5861107835158154,0.5783559226955434,0.6472738573567757,0.5470752372330209
2018-12-19,0.6554546837742354,0.5394708130753535,0.6197077084153896,0.5335947155461559,0.5312518015298283,0.7088597177830644,0.5951935538698393,0.5664965825990821,0.6007501743552223,0.5411728589319188
2018-12-20,0.6695509444104921,0.5357776873481754,0.6176299414662464,0.5381323245733601,0.5289726826387351,0.6937221696736932,0.588443358913014,0.5634148746385512,0.6069548120914838,0.5643581143973694
2018-12-21,0.678757488819866,0.5465235298160637,0.6237507419935814,0.5095341752666479,0.5405745835206638,0.6605046816451282,0.5771582352080399,0.5487727094296148,0.6483944804850392,0.56185583150823
2018-12-24,0.6685641532830001,0.5658283692015385,0.629762769667836,0.5318725711637335,0.5323811496459474,0.6615784063872746,0.5917333282743291,0.5254219048724875,0.646021243250607,0.5544979399223323
2018-12-25,0.6649164973007365,0.545173066995024,0.6377258549824858,0.5471848242534924,0.534377285926308,0.6582859531576583,0.5928548065639744,0.5315764092521763,0.6424040878129166,0.5674090911756738
2018-12-26,0.6951898364083395,0.5186147142256136,0.6110858676906458,0.5752531359518973,0.5287676162330239,0.653525359198399,0.5857669697558211,0.5100642505838578,0.6377287752659108,0.5619543168732472
2018-12-27,0.7010995235448462,0.5316491740697062,0.6074118154503791,0.5683171331046765,0.5320593677048898,0.6307708409938929,0.5846309890419678,0.5257518626514901,0.6642029964613124,0.5233857018894024
2018-12-28,0.6992727829411477,0.5638481556252086,0.6104794188788877,0.5858000339068975,0.5339922940100373,0.6391851889124106,0.6004832592171349,0.5332766606085693,0.6204955562391414,0.538809030351644
2018-12-31,0.7019015997420861,0.5561354474271932,0.6093244592724408,0.5816709128598974,0.5197396019475548,0.6314028367488398,0.6058448442379508,0.5473076707210831,0.6257357368869342,0.5408253792421441
2019-01-02,0.6969400227832114,0.554975861547978,0.6218303369280949,0.5893857116551159,0.5125195349846988,0.6475579955628374,0.5980130584250006,0.5333397033401187,0.6087223705681191,0.5447460235873047
2019-01-03,0.6742188458528896,0.5320237787346672,0.6294296338605259,0.6030844881029407,0.5167137338373106,0.6546829379690731,0.623945423570582,0.5355410943914389,0.5903141842700571,0.5580214715007265
2019-01-04,0.6597743868289248,0.535037624826666,0.6319720432648794,0.6060265114508024,0.5373316976994847,0.6595275719927539,0.6275255161693033,0.5321554834319676,0.5951774792928048,0.5499919303945309
2019-01-07,0.6643894482873419,0.5490044011305755,0.6257889728984556,0.5982897239546169,0.5438526322297114,0.6463583653822841,0.6146950780118322,0.5500575241001583,0.6204409992036984,0.5518794577418936
2019-01-08,0.666946378554459,0.5346312165926579,0.6227709161345096,0.5954425208470466,0.5372085727515024,0.6515879304239871,0.6032712532495722,0.5492097407468021,0.6348092882328494,0.547278440535253
2019-01-09,0.6632523789303814,0.5390573643421145,0.6360312831597047,0.570255390075126,0.5284381515709892,0.6447212266733477,0.5799145283533652,0.5674427548327613,0.6576933702415265,0.5440334689586085
2019-01-10,0.6797898169377591,0.5511579269416677,0.6328065946149947,0.5324328442570544,0.5206006446062817,0.6333703623748357,0.5870604414206642,0.5857375226393581,0.6538324689913698,0.5259462233269104
2019-01-11,0.6833751632353567,0.5809683577170397,0.603372608437222,0.5504956936896824,0.5421545853057933,0.6246239112697703,0.5857256687745088,0.590256856943174,0.6562047369443108,0.5221322329055987
2019-01-14,0.6856616597132789,0.5919095524239365,0.594790580618761,0.5057448612420197,0.5651702613437934,0.6154948673884241,0.5577557376957266,0.5881076332700861,0.6746145421665103,0.5002997034866584
2019-01-15,0.6819069544588162,0.573815041203938,0.5996271530650568,0.5053691600708761,0.5613216883684419,0.6440446815244886,0.5688852137226774,0.5850038911694383,0.6610174964877314,0.5145335858062063
2019-01-16,0.673606382999676,0.5628486729679563,0.6037538119668197,0.5114839131322702,0.5421105259732985,0.6577338113838751,0.579344455020348,0.5991321012930362,0.6513309602897219,0.5211711642968008
2019-01-17,0.6634269278433351,0.5605764220387098,0.5829299332835163,0.5326002796639274,0.5669162353819898,0.6708284433996656,0.5817711813000693,0.5974380385709016,0.6501695385784156,0.5200341705731902
2019-01-18,0.6509325050596985,0.5440122732911136,0.5939118399308255,0.5324314787072021,0.5620337256195234,0.683963301186742,0.5717942855351078,0.6081787641288351,0.6482368471843373,0.5005183937512162
2019-01-21,0.6293456669710746,0.6018651189202608,0.6240845271686237,0.5643953653330885,0.5502414223802202,0.6751757610272632,0.5580616169265494,0.6090219141803919,0.6253661177291007,0.5166202814302249
2019-01-22,0.619403421873363,0.5987379719496301,0.621949348065685,0.5724198648137118,0.5639457550674691,0.6831723898565981,0.5743942355333327,0.6153858990022137,0.5922933257837534,0.5445063656991284
2019-01-23,0.5895428444686432,0.5951953147204372,0.6218622512038577,0.5921395484388233,0.557646548928553,0.6883330930857569,0.5735034861434516,0.6260540082204219,0.5977282017270035,0.5324851055836503
2019-01-24,0.6285270942401066,0.6065193904278284,0.5585767514139631,0.5858054485846944,0.591718368754847,0.6867218799101663,0.5746359736367032,0.6233586392126902,0.5842765319146269,0.5358325263169763
2019-01-25,0.6248036500081545,0.6169039339421825,0.5210639171876851,0.5074455719557673,0.6151219167159373,0.6770916373039485,0.5745210463474061,0.6670200237073324,0.5565511276857927,0.5103873342955471
2019-01-28,0.6276780541149134,0.6869162517666659,0.6091523550780583,0.513817404410028,0.5560256814048857,0.6266561587430994,0.540826364043535,0.6493546887936859,0.5676135386664825,0.5063810617617325
2019-01-29,0.6191070299708937,0.6619291972377418,0.6349386073886085,0.5457831353965422,0.5289852627823342,0.6463003146888598,0.5808255329538009,0.6338841449851486,0.5590220638507354,0.5146210717923893
2019-01-30,0.5992635728774524,0.7179743896960061,0.6018882030132245,0.525843117732577,0.5092855316298249,0.5964281148318737,0.5622045144068464,0.6664883418973211,0.5393616316799182,0.5131998834642447
2019-01-31,0.6296766596617213,0.7369074609900067,0.5602658562260102,0.5458999816127448,0.5473244802882651,0.5775024187537888,0.5695011351347651,0.6282489698324735,0.5493084094801143,0.5218034767374601
2019-02-01,0.63938186454033,0.7380621981587083,0.5363924670168109,0.545146166413678,0.5707594153085355,0.5547925527272508,0.529713518491793,0.6251979766825978,0.5834446935632972,0.5108649270209029
2019-02-04,0.6410646037759362,0.7231923827758663,0.563641187470859,0.5267935862639871,0.5359839082283769,0.5592064123130335,0.53342596322761,0.6536730672114169,0.5804923314848801,0.5248392631491862
2019-02-05,0.6325771426511695,0.6681475328038259,0.532523336215431,0.5132841122529038,0.6064793923357167,0.5762498873176782,0.5601424433022174,0.6644600670257,0.6259141482402405,0.518870038816959
2019-02-06,0.6416128605908488,0.6908176874872695,0.5299197885939845,0.5246321935847221,0.541991330948873,0.5672065728756756,0.5251742921529577,0.6592758124263672,0.6417819896739202,0.5275485560450276
2019-02-07,0.6201264658855462,0.7006389360535582,0.5075134333870801,0.5185427790144436,0.5984198299600877,0.5600277345718004,0.5207843248934345,0.6650376346064528,0.6223930791425405,0.5092307985818836
2019-02-08,0.6233233319540427,0.6936658935233312,0.5037597660288254,0.5137637074714255,0.5834946549130203,0.5794312342116884,0.5385442293511852,0.6997259455067483,0.5551495192979098,0.5222295824894456
2019-02-11,0.6198258125073436,0.6631164412647496,0.503807961345751,0.5330614328478188,0.6015325200421454,0.5812895298319786,0.5414532191671535,0.708509663892449,0.5704633546537995,0.5442919800221889
2019-02-12,0.6095058347775113,0.6588159794522613,0.5045492360155798,0.5768822415557073,0.657648329169706,0.569592711075114,0.5215418106999232,0.6755817712277884,0.5753809422007,0.5359730141757199
2019-02-13,0.5750854104260433,0.6685777083104668,0.5405083182796604,0.5232881862658624,0.6660539983621508,0.5824698781907607,0.5199508962171184,0.6856713684297805,0.5723804730450622,0.5196353169090436
2019-02-14,0.5637151112957322,0.7066413621170832,0.5415899354469054,0.5006776239796737,0.6483312524347347,0.563649121999387,0.5148580022985709,0.6818078926282728,0.5561951991505004,0.5115982593259667
2019-02-15,0.5496469390744284,0.7024631261609618,0.5679434276629586,0.5085512572676821,0.6679793466654047,0.5413046272098975,0.5047527572894811,0.6674419182805083,0.5702521717922464,0.5069033511724781
2019-02-18,0.5015625065927978,0.6782275963036053,0.6178714432170685,0.5032222396429801,0.6869332373066016,0.5109223521560132,0.5010633886075712,0.6661928992974034,0.5523684482170312,0.5035405816319599
2019-02-19,0.5207185545549108,0.6905677195277274,0.5995409137476985,0.5029187303630615,0.6954748133354679,0.5131760563569554,0.506615469458621,0.6586213829151665,0.5259458731716808,0.513681278713344
2019-02-20,0.5119468179982875,0.6825301403096042,0.6110963301791289,0.5061630221678644,0.6933760960575497,0.519134279394737,0.5099453965727195,0.6605430241814921,0.5401299099473583,0.5051900611505099
2019-02-21,0.5214956853444898,0.7067203334999027,0.5793331775034748,0.5248499295921581,0.6938406634189432,0.5152340626254668,0.5001378284723059,0.6429556785253715,0.5510803620434274,0.5123551779525946
2019-02-22,0.5697240884022733,0.7392278114674831,0.5437866209986956,0.5168826592293476,0.6683668266231395,0.510511061363898,0.5202137533840687,0.6315624122501747,0.5008963537641038,0.5253275769815154
2019-02-25,0.5609215258033057,0.71406211882323,0.5830798578390138,0.505188511148179,0.6874012590113064,0.5228142534864418,0.5128393412117876,0.6300053473056338,0.51405394145557,0.5417663781158722
2019-02-26,0.5887476879217616,0.7207503983662544,0.5699804569516106,0.523395830647187,0.681760938795439,0.5165102988507071,0.5082405763559003,0.6158459288994216,0.5292320826980151,0.5375134846943709
2019-02-27,0.6309424241577694,0.7082786441142158,0.5602141768609091,0.5326838534760582,0.6849002327299182,0.5014363752996528,0.5181361376643592,0.5914555191763999,0.519599078753466,0.55122404803304
2019-02-28,0.6191568676463887,0.7230893459420925,0.5333395636063668,0.5119167477103955,0.6777756481610795,0.5104919994636793,0.5103453669172586,0.6007844817047454,0.5308526658679208,0.5544028662971274
2019-03-01,0.5432542970609352,0.7281815037402476,0.5862910467753005,0.5005096386401362,0.6827934314135445,0.5114094949195183,0.526626505226642,0.6140152872546004,0.5034199401294784,0.5496306973708294
2019-03-04,0.5677316645933922,0.6916748296269394,0.6063839113158602,0.5331269097798033,0.6878502954822586,0.5471679097941128,0.5116322697062881,0.630459841434626,0.5401835983157611,0.5329699400241438
2019-03-05,0.5145147103047707,0.6730141119897418,0.6206168328031406,0.5514506653540915,0.683479163766391,0.5717211214222043,0.5681361069269276,0.626928873307937,0.5588606833047112,0.5272834977136545
2019-03-06,0.557845100573901,0.6365161168026346,0.6149733334265589,0.5205799593995538,0.7028134357405915,0.547412559273656,0.5796921016829869,0.6412023962993788,0.5761403399786439,0.5042969196584305
2019-03-07,0.5679598192851666,0.6394252735714191,0.6251861703447097,0.5227260366659933,0.7175282981227639,0.5286079636538263,0.5329405755899784,0.6414141106621313,0.534222024210349,0.5217706672161374
2019-03-08,0.5964273272888697,0.6246617672453952,0.6269046895490626,0.5136519647774732,0.7259358336872904,0.5279203908288289,0.529347898128816,0.6288570693034334,0.5160208029841686,0.5207964022886069
2019-03-11,0.6131181609332071,0.6655755755816505,0.5866273967745431,0.5164613665414783,0.7071579708154022,0.5430593977025773,0.5347007633080212,0.5980352841613209,0.5699063810338718,0.5515202917479262
2019-03-12,0.5909501337971103,0.6339465077595109,0.6183168293193387,0.5346880521225487,0.7047000260812886,0.5659713768355494,0.5603446058160911,0.582786784911285,0.6059979555342114,0.5413566348782668
2019-03-13,0.5679891288940252,0.5848895784484416,0.6037323092175243,0.5660843851519962,0.7182070410513784,0.5998885027646258,0.6142250714693369,0.5429151629369197,0.5979792095150454,0.545538792138614
2019-03-14,0.6035409255588543,0.5885260898795436,0.6165107036559055,0.5861613151549064,0.7038241209523775,0.565132529945359,0.5956474531601614,0.5137024971559816,0.6196387859420004,0.5460309829945579
2019-03-15,0.6070097627139472,0.5790605093566265,0.6302485108838759,0.5895528676519842,0.7059891045172613,0.5546478737733783,0.5846589692330899,0.509890988825818,0.6104481085836692,0.5595265340338211
2019-03-18,0.6185987979097255,0.595368710764912,0.6294618706618217,0.6044396958862469,0.686110695667742,0.5521088061071907,0.5739843938432659,0.5034464676667639,0.6196963270425849,0.5558293930235778
2019-03-19,0.6225642718729102,0.5927406077573277,0.6478516812836436,0.6023850286968285,0.6868639173393755,0.5284932123218085,0.557733844396588,0.5098920491139315,0.6126710648016104,0.5573556559083952
2019-03-20,0.6143928278577372,0.6047404832732507,0.6567897146591077,0.6001433474329911,0.6722708852559908,0.5451198586464144,0.5441010022031624,0.5056360254433365,0.6185606395132967,0.5685329889940575
2019-03-21,0.6040402825772637,0.6069077710686447,0.6264091614675593,0.6175404755278942,0.6663104681459775,0.5900812984508644,0.5632017769162643,0.5256709412339734,0.6239748227408698,0.5571435828318818
2019-03-22,0.6109114213664076,0.6122402400001944,0.6344464146883447,0.5731954631237736,0.6846217195958063,0.5827569927000987,0.538821750239726,0.5238895549789782,0.6103438128102788,0.5871262684859345
2019-03-25,0.6653586032357244,0.6228265585232103,0.6394376133721141,0.5481600054565624,0.6638932344976392,0.5194031438259938,0.5058329785348821,0.5398298750810552,0.5862280528424372,0.6030817725444667
2019-03-26,0.6944010715571446,0.5955425738703751,0.6234108558428026,0.5589397402997914,0.6809352385506985,0.5181654286564003,0.5041152332220791,0.5415493813163555,0.5697606301787251,0.5762197063590728
2019-03-27,0.7173457503237118,0.5554812288840253,0.6280460717265952,0.568072800362217,0.6679089618541467,0.5039447808909637,0.5256331563048288,0.5101016396487941,0.5832721563349386,0.5621428348360316
2019-03-28,0.7379508059490116,0.5241845328568332,0.6032195871219542,0.5549890769276441,0.6706810515380616,0.5003725043312294,0.5106200147404648,0.5029376646179547,0.5683709802323876,0.5793686716834451
2019-03-29,0.7274019318577185,0.5054457604267353,0.5871349617318483,0.5641776118431597,0.6688373237945949,0.5330639784533767,0.553515353142303,0.5101909692399879,0.5951861061030254,0.5776603922577191
2019-04-01,0.7230820304731894,0.5191268181167242,0.5984722213164889,0.5263832072056845,0.6784400812903685,0.5075308908038584,0.5493366359904983,0.519055728039169,0.6069776391827167,0.5666919409828205
2019-04-02,0.6937503975335777,0.5188018086496619,0.6239760405064338,0.5056598222786034,0.6813575704207083,0.5156636215730074,0.5423864529121943,0.5072831350154391,0.6373888916151053,0.5628889018450188
2019-04-03,0.6945103439640435,0.534642230650339,0.6651809294118172,0.5011735512362242,0.6574492653705759,0.5216625747210063,0.5113364192596391,0.5275135775007546,0.6282093819144182,0.5469887340235814
2019-04-04,0.7034858071875213,0.5116458988831587,0.6808702717281084,0.527210237034921,0.6201046992372546,0.5087611216198024,0.5083560898579341,0.5218433130947046,0.6361519340890727,0.5502827850987816
2019-04-05,0.6830472256406499,0.5076962973472579,0.659720154053957,0.5060014949393411,0.627512741199716,0.5201734881261141,0.546564657702727,0.5349601852713305,0.6652448108587677,0.5680899959070347
2019-04-08,0.6555245311507982,0.5285118148862302,0.6615985863602104,0.5431347816396506,0.6175407788993643,0.5382485575812778,0.5657655033717484,0.5366499921764948,0.6779059260999364,0.5744175145348187
2019-04-09,0.6910902861295384,0.5468900264254016,0.6287387603851594,0.599869756651169,0.5985375153159481,0.5428885506343611,0.5409982885759691,0.5235660830134116,0.668757024478361,0.5598755326915399
2019-04-10,0.7096314662668157,0.5360077205180821,0.6171979452389059,0.5854516350100006,0.5998320112310616,0.5575063875549273,0.5129564948566361,0.5195897231615719,0.6637988751597286,0.5646277698730043
2019-04-11,0.702530580715225,0.5637287084964112,0.6333827857246294,0.5863045573061528,0.6051085896868706,0.5329681553235092,0.5059036346072258,0.5293549642537753,0.6538939509367924,0.5638518026834092
2019-04-12,0.7223066018648061,0.5346735702216145,0.6541649975569589,0.5797050181786357,0.5773496256573111,0.5148081193837334,0.5003535473012864,0.5378104542162127,0.6360034275340631,0.565114977372137
2019-04-15,0.7353394332177278,0.5404141709251288,0.6495377942617357,0.5652802795549199,0.5368688493423096,0.5586359171545471,0.5561819770770065,0.5248954086041441,0.6239116773403083,0.559517289331357
2019-04-16,0.7443609868569548,0.5579446568863471,0.5994521504326115,0.5607898861668508,0.5051020252091186,0.5756468192047861,0.5566507440073647,0.5056966314044402,0.6477248733500519,0.5603508652515382
2019-04-17,0.717212829417898,0.5486744133635554,0.6307778630483382,0.5543825877281003,0.5033204701169668,0.557517975607825,0.5009128077581618,0.5153600867997801,0.6699098352001598,0.5952613426187977
2019-04-18,0.6960490988381544,0.5326489257386008,0.6705957994564856,0.5137707175859528,0.5077086609854645,0.552496109373494,0.5194627882335139,0.5371144042739651,0.6629616974975061,0.6057794460833446
2019-04-19,0.665933866593447,0.5858563914899024,0.6813932913220307,0.5189928195108503,0.5021978936024218,0.5684533284519292,0.5457159869985403,0.5391308376337551,0.6348499328272602,0.6282385375854667
2019-04-22,0.6720445685981247,0.6120629917050394,0.6613244902111369,0.5050417621989437,0.5362254445958704,0.5667449915004408,0.550066240897068,0.5406157380185926,0.6278655513383425,0.6289558463629304
2019-04-24,0.670734383133941,0.6183981800165824,0.6103007643709285,0.5069342249328103,0.5146683333055969,0.5425856188751504,0.5263586938331998,0.5415559493893929,0.6656235140529307,0.6544243807987703
2019-04-25,0.7172181276763133,0.588165141147308,0.5084077388816151,0.523532915936819,0.5173255560867324,0.567197299550222,0.5237584048365501,0.5419274668823675,0.6251821369961786,0.6808900830276666
2019-04-26,0.7513390323207455,0.54968214021579,0.5192041830162201,0.5122662814095877,0.5165342847272423,0.5293143567213097,0.532138156868666,0.5286629841777215,0.6149198904678392,0.6695833172407241
2019-04-29,0.7222540332402727,0.5707210751461045,0.5353587297452432,0.530494201037382,0.5224061060611558,0.588755552521869,0.5640997742601074,0.5349685366621582,0.5762409559323084,0.6871063991780316
2019-04-30,0.7415003265645955,0.5341030522697426,0.5839724991264444,0.5192523568834527,0.5339910165952119,0.5465987728568861,0.5893456228591968,0.5720138035776988,0.5079268910501112,0.6662689167541376
2019-05-02,0.7410820856045438,0.5478558619930313,0.5885484028545118,0.5255329544023429,0.5046650830348341,0.5414768939300183,0.5941365743434917,0.5272352791899991,0.5306048982997282,0.6729895765199624
2019-05-03,0.7096579788972953,0.5402150287007339,0.571958337848025,0.5818486146184687,0.5238094024484832,0.5326174521605893,0.5799004086002674,0.535328939761741,0.5717600816822495,0.6981103024301732
2019-05-06,0.6695887987157699,0.5283197027103829,0.6432248015512878,0.5875110060986356,0.5103090946948415,0.542622052516557,0.5784579017369801,0.5281789109657294,0.5696698703590172,0.6991248953136441
2019-05-07,0.7037007063638937,0.5369211160549537,0.5730087174208822,0.5661765214521347,0.5246890493529336,0.5637921919104566,0.5944116336634732,0.5273915619826094,0.578746792484066,0.6949370545694117
2019-05-08,0.729465334246136,0.5294582033541221,0.5694838590313986,0.5656705613222311,0.5477403471619978,0.5522270706329344,0.5683798722293194,0.5364997666106498,0.5920568730084749,0.6701735615318111
2019-05-09,0.6868256928401809,0.5314867020529439,0.6004942378159644,0.5912883007232577,0.5599963134154348,0.5474834338551458,0.5779207310882388,0.5359255834387059,0.561008903512357,0.6996111349998765
2019-05-10,0.7246852977836885,0.5109128658053047,0.5912304572588319,0.5789545624470144,0.5834817514246541,0.5507526992835001,0.5700003218490387,0.5243471527036419,0.560988917377947,0.6649066460633412
2019-05-13,0.7202500007307663,0.5182777126328598,0.6083580871426215,0.5887991481334914,0.5430104229934783,0.568277251694423,0.5658441360267933,0.521744152227169,0.5779012589790693,0.6589077267188059
2019-05-14,0.7320902320952323,0.5022456100519356,0.6153175060516202,0.551111651943449,0.5099563079012671,0.5399034472789105,0.5414429123991111,0.5535501548444487,0.5841962153635626,0.667224742251066
2019-05-15,0.706573213084975,0.545188236958834,0.597942538908646,0.6253116100877288,0.5123907656949377,0.5418532622225266,0.518907221079442,0.5384792788395617,0.6297704365052741,0.6432381607807739
2019-05-16,0.7057840058511665,0.569736919101327,0.5984053687284545,0.6363407248481352,0.5170492021597316,0.525890730923498,0.5200170791989799,0.5648916898284325,0.6049680509082186,0.6379764273075683
2019-05-17,0.6905500819159626,0.5898944648779078,0.5821075148544643,0.6462794848159582,0.5093715390030414,0.5072382737338627,0.5100870606260784,0.5556744438053443,0.62975556511149,0.6356588124347434
2019-05-20,0.684171716657072,0.5723004470576689,0.5233000396377995,0.6716965948225387,0.5474450059177239,0.5043414831695526,0.5149013401002728,0.5757550466697482,0.6229858021408193,0.6363292378970723
2019-05-21,0.6554347558656598,0.5677605780418923,0.5391739242939567,0.6981331421778137,0.5363598114309315,0.5241496762828742,0.5059864993850083,0.58093925596882,0.595471152569843,0.6547944715199238
2019-05-22,0.6833708783442279,0.5905196382868622,0.5076415173198173,0.6862709596617815,0.5173328934851736,0.5104845114386968,0.5163190292550125,0.5749824390145385,0.5644917146909606,0.6551739399953204
2019-05-23,0.6988910596259835,0.5920949126490783,0.5059233462196354,0.659814378955168,0.5466056332480578,0.5089720842669044,0.5053731987758062,0.6127467384848585,0.5341235319344928,0.646077259498434
2019-05-24,0.6280456657076089,0.6363321653038716,0.5089769858131247,0.694097767698445,0.5050706610392972,0.5352271474089055,0.5293437157625598,0.6410542082699306,0.5044168939771979,0.6277924638333371
2019-05-27,0.6563579882865426,0.622540684686499,0.5381483710882534,0.690700117931122,0.5341839546798955,0.5251238642853308,0.5020231937657944,0.6243084405374724,0.5090556969324032,0.628400932037275
2019-05-28,0.6099465598074084,0.6064217029760121,0.5176212793587603,0.6939000181923776,0.5163023732613196,0.5374987819553504,0.507442133306884,0.656825418308982,0.5576925957536547,0.6419140616332404
2019-05-29,0.5881917123410675,0.5949504477025498,0.5074950393916927,0.6916557582687436,0.5451478748381607,0.5316931962273757,0.5137576760412341,0.6985432163565749,0.5442205789274325,0.6136780931931967
2019-05-30,0.5865845058757719,0.6010480219276472,0.5341468325157434,0.7073233430512603,0.5169132944803347,0.5281593212830965,0.5094449378555598,0.6798037489806322,0.5811942253384335,0.5957311487493147
2019-05-31,0.5998394179945329,0.6037408718903466,0.5261649513926062,0.7181528298807122,0.5077961859604839,0.5236766738314976,0.5089725764751111,0.6830486241066533,0.5358362683675572,0.5813195051202887
2019-06-03,0.5955826917375916,0.60324029111636,0.5602818538676447,0.7221967769431098,0.5212238477755339,0.5040482692599878,0.5090005854989924,0.6690051424307087,0.5710322722421094,0.5644594465246511
2019-06-07,0.5826081478503526,0.5832855193795637,0.5433430576072001,0.724834244203505,0.5096666220950875,0.5263687372395871,0.5165650114295784,0.6721183857992048,0.5607290305036534,0.6026915863456205
2019-06-10,0.6015467147434318,0.6041858617826349,0.546118786294932,0.7027280465011255,0.5200240149975892,0.5322165862404914,0.5441929165000611,0.6517447403257658,0.5385168429556119,0.637175733534978
2019-06-11,0.6083204172635239,0.5925934443370445,0.5140629736673274,0.702175635091066,0.5197811339360615,0.5183026250590272,0.571206554713526,0.636153402733578,0.5187145416589571,0.6582620036662974
2019-06-12,0.6036748092772477,0.6012290746473873,0.5039818935493553,0.7067570628893983,0.5525018219770074,0.5092530622051211,0.5572586435124508,0.6479513536685951,0.5445359007535773,0.6317471772423103
2019-06-13,0.5724584104629176,0.6238889818232484,0.5073398138007619,0.726824969195805,0.5467831062398244,0.5075500511965826,0.5420673015119046,0.66003874094128,0.5072676163906839,0.5965838160392624
2019-06-14,0.5563754555174837,0.6186172704589957,0.5079528957292264,0.7365227436925069,0.5574499570898828,0.5212315905402666,0.5236451191700422,0.659987489837808,0.5205578036043995,0.5867618325080182
2019-06-17,0.532488013206317,0.6001958821121477,0.5194561691060832,0.7434511985858321,0.570824304530783,0.5318800383359376,0.5051119415519761,0.670772420633682,0.5031926056187626,0.5716758915179866
2019-06-18,0.5094971625288519,0.5960238960975662,0.5280400589366155,0.741468392025975,0.5544759490813626,0.5262265517746282,0.5211878398215837,0.6860146718999894,0.5150377243592141,0.5614420069814191
2019-06-19,0.5035348463695403,0.5963449237657295,0.5394837011903433,0.7424853576307462,0.5433254097192218,0.5077978757697476,0.5298005487561485,0.6857150504197124,0.5026041937400237,0.5643065147117541
2019-06-20,0.5132122071781514,0.5919707455320246,0.5299621932155402,0.7486396421435426,0.5114574638107131,0.5090099041891017,0.5351579933043654,0.6868330729976996,0.507268284149201,0.5578840610826878
2019-06-21,0.5053007385061355,0.5829361941178166,0.5227837280741026,0.7526344199130773,0.5122650278241576,0.5153092174758779,0.5538012268085858,0.6818549526873693,0.5151320543928651,0.557286775589545
2019-06-24,0.5202400827107999,0.6079432608355495,0.5254157304066148,0.7451101774012369,0.528412832604036,0.5038345529324849,0.5673734837492681,0.6712827795207928,0.5056167176458493,0.5599518718858755
2019-06-25,0.5367841105602903,0.5881344086718204,0.5526405905761499,0.7544847581434909,0.5417953234670576,0.5238579045446917,0.5327622206232272,0.6679203018801135,0.5014079714768512,0.5535557698626237
2019-06-26,0.5393466654656941,0.5843199218112244,0.5717351697136851,0.7343225096832017,0.5462833321680708,0.5134963913733407,0.5468340178568399,0.6896757130510447,0.519317711460689,0.5391452928550514
2019-06-27,0.5066799345322083,0.5922203901001607,0.5600342103045562,0.7240315231467874,0.570344826354219,0.5308776243435529,0.5811550381687091,0.6866650329403897,0.5278142202607703,0.525733860840274
2019-06-28,0.5028634383236329,0.5869706460628338,0.5556283833722365,0.7287768620621667,0.5463196349608684,0.5359856556693817,0.5775256096142956,0.686860550541443,0.5158534981883172,0.559048742640985
2019-07-01,0.5218381363269134,0.5938803343388014,0.5364040723462044,0.6873033228933685,0.5636001506147594,0.5812618372257243,0.6217949872588465,0.6959457839746533,0.5155139774889458,0.5359858369800702
2019-07-02,0.563361916537818,0.6115971882005357,0.5350800902764004,0.6974586549127757,0.5219820001474956,0.5947974498022709,0.584251382569789,0.6911963816873619,0.5108895853597589,0.5343396763477836
2019-07-03,0.5578906129277806,0.6113836764791133,0.5621437500180615,0.7093978801653495,0.5441976262582243,0.575667890089855,0.545089689924968,0.687725884447484,0.5408595046382603,0.531960914723892
2019-07-04,0.5567991793536485,0.6295485460910051,0.5472365743733107,0.6686529483449396,0.5399402954552829,0.613858965478547,0.5643293886026609,0.6952182908949386,0.5539840915701558,0.5265556565747391
2019-07-05,0.5651825003272269,0.6218508337393561,0.5361160835485004,0.6294518671855674,0.5428331783698094,0.6338989089971159,0.6179153313314557,0.696544561081255,0.5329258866132356,0.5238970041582278
2019-07-08,0.5651220123610926,0.6308448964564559,0.538343257150124,0.6416226039177797,0.576450261972484,0.6211394124032522,0.6415892991847263,0.6578248661900575,0.5303081661398102,0.5427607018156023
2019-07-09,0.5601212090334265,0.6039493767970732,0.5181017625987049,0.6661702380415496,0.6114301400696674,0.5789911772009267,0.6303264276843965,0.6592310896124721,0.5793448917271167,0.5382026817400555
2019-07-10,0.5666917862854904,0.6197375140679406,0.5018537672321811,0.6625392187883623,0.613558497372476,0.577526439810236,0.6262604965084844,0.649429510625448,0.593065037776137,0.5081201172996833
2019-07-11,0.5508752508387419,0.632178736473747,0.5104276655950742,0.65849874200973,0.6177492276992637,0.5640781476778289,0.6176394190991424,0.6470889266740582,0.611021553321153,0.5070819451730307
2019-07-12,0.5688934394080912,0.6174726528594598,0.5127182533306172,0.6550099833536257,0.6145455411403498,0.5610368708502479,0.6305752826248747,0.6434163079016594,0.6177183220525521,0.507294264241123
2019-07-16,0.5641663991353257,0.6209294201656894,0.5060328447141867,0.6722624830243333,0.600516511771478,0.52949712821991,0.6219395502654758,0.6472039850395244,0.6228338051360068,0.5076838058195218
2019-07-17,0.5652413269871609,0.643819372121301,0.5035178318727138,0.6684689839546728,0.5937075498766006,0.5463526129824648,0.619858191279975,0.6477409447390254,0.6027739575305396,0.5095376161037218
2019-07-18,0.5832503728999446,0.638922437453156,0.5016678293222958,0.6531656176603301,0.5853630769385679,0.5750215538393483,0.6314234811461729,0.6501330013301617,0.5929836357726891,0.5067424295255859
2019-07-19,0.5578942073637878,0.6382672669861292,0.5109423341006035,0.6486327145471072,0.6130954966839169,0.5582609293656254,0.629871293793267,0.6544748473459944,0.5953305654314199,0.5206939811418051
2019-07-22,0.5559003648378277,0.646031470232059,0.5412234748648598,0.6514629181950626,0.6323138293376331,0.5462045608672141,0.6125964172835116,0.6399594818179903,0.5972923871199903,0.5254253878948717
2019-07-23,0.558926750230832,0.6543985803272406,0.5521594666731391,0.6281208203174456,0.6220191501021912,0.5672740391092751,0.6065135277748651,0.6522193801580661,0.5969418810747348,0.5365541258688703
2019-07-24,0.5670724356919742,0.6439008016496329,0.5213317360263302,0.610612417238224,0.6382708820145152,0.5808734391905964,0.6191715184121592,0.6383098861773401,0.6103689885425164,0.5451959061236362
2019-07-25,0.5644332834797502,0.6514946234347813,0.5332746888006518,0.6183338376856277,0.6341432652093576,0.5742026905399913,0.6177099995177339,0.6424169502416378,0.5835521905097721,0.5654147153117504
2019-07-26,0.5701496364325715,0.651808766386491,0.523004752564999,0.5947423176342085,0.6251229403543309,0.585412224192691,0.6276041563708535,0.6447723543717426,0.565198701751156,0.5958915450312279
2019-07-29,0.560021571410509,0.653678363292615,0.5213630549778563,0.58152195325458,0.6298864619323926,0.5686414405685313,0.6096632150436786,0.6444187210550086,0.58175097629477,0.6250644775511089
2019-07-30,0.5623915251097443,0.648569122080202,0.5459523707989656,0.5772110846077834,0.6232135574767539,0.5744049684105318,0.5991157348781032,0.6606885001145169,0.5759302402751506,0.6222483058106825
2019-07-31,0.5577847680634646,0.6405611825789367,0.5688859083772858,0.5557003730251294,0.6325516578727581,0.5884879250223924,0.5994042052749003,0.6642901508789807,0.5668299081434348,0.6158794395509973
2019-08-01,0.5730852618061505,0.6484485822504747,0.5552746317891447,0.5363429964216092,0.6320524387095557,0.6030963703769993,0.6142737832412409,0.6398320552514587,0.5633098171643974,0.6211207390242481
2019-08-02,0.5735027594053276,0.6493817026382177,0.5082514034795856,0.5560854187001685,0.6218809708489733,0.5933806734932187,0.6079351840385412,0.6378261713590182,0.5736292890118375,0.6433096355281854
2019-08-05,0.5757482792636469,0.6611353765514733,0.5276832916882684,0.5479275442673996,0.6040234593230626,0.6089696105668613,0.6177761372055582,0.6229168988658078,0.5843156354095543,0.6325183782428855
2019-08-06,0.5730743495416147,0.667672668386505,0.5195751304192702,0.521893404795521,0.5997359926239564,0.6023649237549624,0.6312076186800651,0.6172427097269827,0.5908909730155241,0.6309439304522564
2019-08-07,0.5824455581652477,0.6648288868808099,0.5166200669018721,0.5062969321515691,0.5970948315041535,0.6046584060179668,0.6163249627513671,0.6083856088756509,0.5905123819845444,0.6515822694222869
2019-08-08,0.5894124925884089,0.6600207211913313,0.5068933578965985,0.5035899924572299,0.5924671473592392,0.5865293082944472,0.6090759340933526,0.6095255486419365,0.585143846110044,0.6739801867224405
2019-08-09,0.5944142097618531,0.6685289715116426,0.5072402647235225,0.5040771952412635,0.576230579136224,0.5905848628109612,0.6159652632256553,0.6109695991111749,0.5815286615317179,0.6652276414348194
2019-08-15,0.6124892026882586,0.6697168283207161,0.5048141158996664,0.5249059228700138,0.5725689966310142,0.5715722470625424,0.5928149777408204,0.6022552786912233,0.6015747633545746,0.6709765112029275
2019-08-16,0.62648233521205,0.6642595429782477,0.508412137515111,0.5405210713109369,0.5702667467285613,0.5450612758284071,0.5695598358300354,0.5936958022545765,0.6040430744317483,0.6871070322571967
2019-08-19,0.6265019053047824,0.6450898470523793,0.5078874458894445,0.5271136284596679,0.5920416966668807,0.5411452630159577,0.5555003576651126,0.5717081573358679,0.6159027157531197,0.7035670873554968
2019-08-20,0.628635322039291,0.6440349249011369,0.5033005787329033,0.5231639029346823,0.5928248449608244,0.5257215422663948,0.546244561889882,0.5584796898799989,0.6105966715196747,0.7149475244377138
2019-08-21,0.6368820280972668,0.6406469280192869,0.5166285009280067,0.5168895282119416,0.5839673583147369,0.5332841018775546,0.545301583188625,0.5504275128556758,0.622907138239799,0.7101699766970531
2019-08-22,0.6349252675071927,0.6384832863158648,0.5105308380911301,0.5175027042344256,0.5838311832241837,0.5272496025065257,0.5357208021405836,0.5516277912137818,0.6238301743881609,0.7150950830824573
2019-08-23,0.6284124794292129,0.641431930196875,0.5190703193646605,0.5243607721157888,0.5941170514022631,0.5249804069640048,0.5359682955501617,0.5437302004573333,0.6341322970222462,0.7073202091981431
2019-08-26,0.6353395038431401,0.6436217504260312,0.5210149263901961,0.5117594092463885,0.585592550757786,0.5411311000653469,0.5412022446208865,0.5389750787773184,0.6164724378670056,0.7139786183948443
2019-08-27,0.636457061118744,0.6461450254916887,0.519002834634669,0.517668330006062,0.5782870967177666,0.543627664002408,0.5430512203461291,0.5419952680479917,0.5939864180981239,0.7235536535581369
2019-08-28,0.6389048696975447,0.6399323266693784,0.5120120801294133,0.508057586126981,0.5820625957585045,0.5431690571363333,0.5438701843897277,0.5348423864877667,0.5807889221372483,0.731868508952317
2019-08-29,0.6398647241409515,0.6317560574882147,0.5037128687200276,0.5189720302319473,0.601897369577641,0.5422888248371908,0.5414462464566555,0.5222280073983386,0.5606222136408263,0.7361297121585538
2019-09-02,0.6421903547457732,0.6346136212844612,0.5075237928872364,0.5015189936553132,0.5999727182917788,0.5381627914083859,0.5504777593763802,0.5060475105698075,0.5675678705569469,0.7326205827820309
2019-09-03,0.6320120854397772,0.636961831842231,0.5103045392506159,0.5034318238361465,0.598652523751421,0.5491279425598675,0.5649237312641598,0.5170205719813671,0.5479997965096709,0.7363319057678605
2019-09-04,0.6213256598441771,0.6352337208880706,0.5095051251722115,0.5161176160275177,0.5999584121205762,0.5390905024243667,0.55103357447003,0.5038891360441998,0.5389329515887223,0.7491943695252344
2019-09-05,0.6198077354049318,0.6314894635145833,0.5055470954906175,0.5283488476744863,0.5931322691910242,0.5369603440309525,0.5429347868240973,0.5031672520173494,0.5344723822743235,0.7560309591823845
2019-09-06,0.6143137145645424,0.6334750389973799,0.5134133909489299,0.5269602426202512,0.5935804684582825,0.5176744555443422,0.5384766203912503,0.5038351386657296,0.5441253145205601,0.7584748219011033
2019-09-09,0.6074582408121342,0.6419808300381888,0.5016011037446649,0.535911610904208,0.6037416671902919,0.5343202899953169,0.5524764949351043,0.5002126426918398,0.5551999733257759,0.745707129635801
2019-09-10,0.6227503019977241,0.6545756411024511,0.5137772511529769,0.5320162825983387,0.6021432266170107,0.5338820163565626,0.5567396292420594,0.5232951363611165,0.554365922784876,0.7294254964179333
2019-09-11,0.6084835919594714,0.6425575517412511,0.5037636642829457,0.5290280394992352,0.6017874367276576,0.5196882283337869,0.5302118979803504,0.5224234183247337,0.5547734672339044,0.7509959437718939
2019-09-12,0.6035727186546945,0.6425363319195427,0.5023178865310767,0.5322181516587797,0.6134501541758098,0.5322331935200003,0.5424225003462212,0.5056762410940568,0.5665237358465274,0.7426037990709444
2019-09-13,0.6144451307841772,0.6408090165965323,0.5192122603302937,0.5227009068413461,0.5931671264262598,0.5307035867192996,0.5421024989897176,0.5031205269403013,0.575210496146276,0.7454383860636171
2019-09-16,0.6123758750303828,0.6375656883083394,0.5119009986104112,0.5146932272169674,0.612173169688907,0.5259986968166104,0.5440395484166387,0.501734027938351,0.5806093735705194,0.73979536798959
2019-09-17,0.61165680620882,0.6359627296674536,0.5072375291820569,0.5328178080555065,0.6113162694096648,0.5309858827389383,0.5472320213321021,0.5088458183344234,0.5701770336190339,0.7417503864990039
2019-09-18,0.5929958122847795,0.6295365863215857,0.519577821934375,0.5529502652017387,0.613683562203314,0.5306426961638582,0.5556737480495327,0.520107559659048,0.5525937263998842,0.74972631767347
2019-09-19,0.5856926525773537,0.6297529930280422,0.5159748272269299,0.5552647571784414,0.6189294824597603,0.5181941171196197,0.5446010611627189,0.5247351479143763,0.5697183877320173,0.7483659985417953
2019-09-20,0.5940053725535434,0.6149654310222982,0.5400428009767227,0.552881784975602,0.6211608144598575,0.5209696195519368,0.5409272844006989,0.5385657215159229,0.5766155995550969,0.7459779789643682
2019-09-23,0.6008736521235839,0.6078113068934877,0.5395989789827763,0.5629164219975159,0.6032481427624163,0.5147702807300375,0.5283443760093914,0.5289595542969606,0.5916405972215684,0.7507336945018223
2019-09-24,0.6085622435625542,0.6021848796087512,0.5450275715260782,0.5525042781105455,0.6057237057579516,0.5145547111091994,0.5245860175735242,0.5384458632647232,0.5844237087326306,0.7519923778858034
2019-09-25,0.6172270323240125,0.6023923613377545,0.5461834204098547,0.5621620127258834,0.6015703276674547,0.5234676140519746,0.5210687175449061,0.5532879467788905,0.5893018455886667,0.7424090305005219
2019-09-26,0.6216814743532211,0.6027333910006963,0.5259223433898373,0.5520785872627189,0.6057369873311589,0.5068226816426663,0.5127181396618954,0.5632322347840333,0.6005542206322801,0.7384708699020902
2019-09-27,0.6263471222964911,0.6191727909261396,0.5561344626346999,0.5656862440099838,0.5916024463115813,0.5210747197946424,0.5513945674535463,0.5637695726198074,0.6071880614485993,0.7155161448623004
2019-09-30,0.6260047679622812,0.6149115979794179,0.5505288845586985,0.5796053015178476,0.5716775089985845,0.5134750431977972,0.5473270408679632,0.5535839434261158,0.5978216134429322,0.7305204200820213
2019-10-01,0.6228308942873902,0.626126731648674,0.5308378267399753,0.5709798547853383,0.5888830505588823,0.5126927094619819,0.550025822878475,0.5517311161840791,0.5993340082674353,0.7258747012282888
2019-10-02,0.6285095995262039,0.6223360998248965,0.5211321381969267,0.5745833948369169,0.5934965048947446,0.5008415232386113,0.5355124701404609,0.5502080572548724,0.5785502170707472,0.734364239658366
2019-10-03,0.6284921456002984,0.6166329185983015,0.5337455364384713,0.5420889793091923,0.5933562711153527,0.525197004225458,0.5122841733922926,0.5320708515513327,0.5805419514054441,0.7471248060610621
2019-10-04,0.6146087842273575,0.6171673530044425,0.5468133577785641,0.5437627913063546,0.5967828931639839,0.5191373937063606,0.5185734084805939,0.5135858289900632,0.553641121211026,0.7588454989482519
2019-10-07,0.6191873166789686,0.6148729966995664,0.5499399552025479,0.5431264811500254,0.5842460795870811,0.5294790554377097,0.518413455356002,0.5194996220900274,0.540291545627943,0.7627673512768309
2019-10-08,0.6226146145486369,0.6290211396575981,0.5650356045428169,0.5208091475246103,0.5986574125785301,0.5422660265573342,0.5311402738318621,0.5289767325155801,0.5443470530164479,0.7438686769600027
2019-10-09,0.6016134871699385,0.6268063373695872,0.5857424770614562,0.5099603699509377,0.596413612738283,0.5621155004171549,0.5182228406954487,0.5246499812466153,0.5609143125311418,0.7438253775021365
2019-10-10,0.5912251001901383,0.6183952692415954,0.5680592628051061,0.5254160397452449,0.5829527636702909,0.5567034991506621,0.5319170940229472,0.5014848939711148,0.5803011549365878,0.7567644543080698
2019-10-11,0.5731548928367919,0.6103985466490537,0.5511868376660859,0.5454156090164827,0.5700244586036299,0.5527203533788804,0.5466208902309394,0.5377455677468771,0.5327524900482179,0.7766498552545972
2019-10-14,0.544550838349194,0.6168936655779388,0.5869648514246785,0.5079189199778916,0.5791963584419036,0.601457456852281,0.582094044566113,0.5255851669703938,0.579726908979475,0.7398343563907748
2019-10-15,0.5774040085268718,0.5923677511531292,0.5922684330444195,0.5059937575376093,0.5772320461132205,0.5811461921371018,0.5741842748985838,0.5080916115971174,0.5479223931321905,0.7600455925927894
2019-10-16,0.5605133991008161,0.5931537938797179,0.6029955736752511,0.5111580850052295,0.5811740587627793,0.56644651354606,0.5678522561633358,0.5198154253568337,0.5304519682341686,0.7666659899053525
2019-10-17,0.5873638379009565,0.6052363625547784,0.5868941795871924,0.5072984154591691,0.5822371164730186,0.5402529645121139,0.5381173270254443,0.5315289046273199,0.5354925619900008,0.7696481869756076
2019-10-18,0.59113708528369,0.5960927487166882,0.5538488347048091,0.5296080960617441,0.5798050987333273,0.5329597887067211,0.526764861721816,0.5082985171615547,0.5264690646180299,0.7843482970627024
2019-10-21,0.593915997930874,0.5747833704566505,0.5550011222424632,0.528822524778139,0.5871947203653157,0.5436035993205774,0.5460369985122426,0.5032845299282027,0.5405734430397747,0.7820671760097643
2019-10-22,0.6241359390238161,0.5923363871822666,0.5561858525211055,0.5185135394544789,0.5770975987726091,0.5152616219239663,0.539245465266087,0.5032200328493405,0.5411231228550093,0.7725016090964495
2019-10-23,0.6192621881581105,0.5940828184221904,0.5668989669576879,0.5219360224916579,0.5610602565986961,0.5009999815277876,0.5414901158024991,0.526125982253484,0.521501460896547,0.7765569374001906
2019-10-24,0.6172193690601356,0.5885761265750388,0.5581392676121275,0.5202269158480987,0.5786510444758727,0.5149790307421381,0.5560047233169806,0.5232363871094118,0.5265406083230446,0.7737598894963068
2019-10-25,0.6173995743860707,0.5981099123283848,0.5770249219895884,0.5212039082309005,0.5627422070872824,0.5253952225783506,0.549581872384969,0.5289321797057255,0.513251681275872,0.7706804569744223
2019-10-28,0.6309490586090296,0.5933091922859932,0.5844090226044604,0.5093936011892075,0.5573457921877307,0.5205114109872883,0.5480380955281359,0.5292567137679284,0.5195459736277556,0.7660616659446826
2019-10-30,0.6198792060960928,0.6103025179966287,0.607181552674592,0.5535529050545424,0.5667049730696305,0.5380057525876506,0.5610365086591576,0.5351801837788822,0.5283947480881662,0.7419799363707419
2019-10-31,0.6164013185291181,0.6097529050155818,0.6379350390176012,0.5636716805563856,0.5675415115145673,0.5441470219317414,0.5780571961123414,0.541770711168909,0.5405588887291958,0.7155050559690763
2019-11-01,0.6141887391857989,0.6033848233503264,0.6134235934027324,0.5578167005900462,0.572738772136341,0.5359117046264964,0.565771206811731,0.5338745499894334,0.5117640459664186,0.7428654561409295
2019-11-04,0.6041841044090472,0.6039895799192593,0.6278860486329879,0.5666431692093704,0.5659646913313428,0.5532977673542095,0.574796802376845,0.5205026720340012,0.5071420129219432,0.73534841250429
2019-11-05,0.5834706051246611,0.613067849955549,0.652537615118739,0.5679933221138678,0.5676947570724943,0.5501071344733165,0.5768550350029139,0.5366189946803855,0.5139262402228039,0.7212096792995172
2019-11-06,0.5857635381068574,0.5993531938580847,0.6939943838506579,0.5940622792075393,0.5772000307916129,0.5585430013549499,0.5670318260215409,0.5364483643936265,0.5388809959870918,0.6751642874555669
2019-11-07,0.5695919087423958,0.5935891961020653,0.6914254806016672,0.5912819856386006,0.5759385027812955,0.5743021143184552,0.5775773438250567,0.5430247271380072,0.5290506639468604,0.6803669906138684
2019-11-08,0.5538952242821259,0.6045812189997911,0.6865635813645983,0.5816962959023123,0.5433865335791918,0.5712589957758677,0.5870960802396897,0.5603074285696373,0.5379144992168299,0.6901801033962229
2019-11-11,0.5105640726474566,0.5739318533073291,0.6979078992531597,0.5787634257603526,0.5082942830787059,0.6019886749388683,0.6038200138041309,0.5231320217612376,0.6141505315136104,0.6592101260378267
2019-11-12,0.5036156501918544,0.5694682376890177,0.7082226383232846,0.5657961077046967,0.5258037244636067,0.5785492757891945,0.6050113028257768,0.5018388287565919,0.6648915779087158,0.6163211022858542
2019-11-13,0.515579104621996,0.5489925980909266,0.6928593213852646,0.5519589224729639,0.5335161363076407,0.5919178874737502,0.6041013652637689,0.5094293443782516,0.6591423334888132,0.6508282531516372
2019-11-14,0.5205340111189533,0.5526907726229932,0.6633956573434259,0.539015847309786,0.5473223674014772,0.5629438120178868,0.5636448189012284,0.5255648384890371,0.7152591986966871,0.6498355575541903
2019-11-15,0.54480047815207,0.567105814479691,0.6615191933523618,0.5227986288145048,0.5618036731933492,0.5270531180239101,0.5386743694968232,0.5112264659966965,0.7332413595285067,0.631976411642351
2019-11-18,0.539371833137965,0.5674089886406108,0.6581697553437823,0.5437559077158607,0.584469858534234,0.5209551478061716,0.538796860119168,0.5078136372798366,0.7353441764405849,0.6164359964265783
2019-11-19,0.5280009172996745,0.5671950764464204,0.6478366454006383,0.5406334366729407,0.5685938158120003,0.5313550682008338,0.5488484258902523,0.5503628295986136,0.7350335331155614,0.628271332215082
2019-11-20,0.5249565517364898,0.5788649885970807,0.6607814823443489,0.5500559160152563,0.5541005426474405,0.5359091713895651,0.5479696235851671,0.5599717810347881,0.7195917446444166,0.6325810864684186
2019-11-21,0.5007720734954971,0.5546301401265044,0.6589876359875647,0.5447801122412683,0.5185078583237931,0.5305172634476236,0.5433692278444479,0.5945163531142864,0.7283588338037698,0.6288716565424727
2019-11-22,0.5251448941786244,0.5510860595306019,0.6891803515305912,0.5434780731546199,0.5522172476274279,0.5384578705216113,0.5421568254233343,0.5804282088095273,0.7324935907621216,0.5607017172461181
2019-11-25,0.536368275282093,0.5659005333179875,0.7199470298840311,0.5294781734243424,0.5048292152018163,0.5478247643602727,0.5400379039910692,0.5748019691058573,0.7086998219647135,0.5559947075845875
2019-11-26,0.5632959870894487,0.5524633624135757,0.6892747609400246,0.5817429276402637,0.5130118688892483,0.5460507792277222,0.5378793909693588,0.5881077919992591,0.7112521161096558,0.5756981674425955
2019-11-27,0.5618013381553312,0.5385593007884807,0.7070257583601708,0.5746498207263169,0.52636534506688,0.5415735632577275,0.551094341586614,0.5898667745657015,0.7083541691488825,0.529171979359938
2019-11-28,0.5540630446178388,0.5291583304564275,0.7189743013032567,0.5910247958571387,0.546492823988864,0.5548352779496653,0.5501468024671651,0.5827698504418988,0.6907447540120176,0.513609940390556
2019-11-29,0.5944812670972797,0.5262440416595469,0.722945667727852,0.5721666111256057,0.5266639390663281,0.5737270059710026,0.5837144055336778,0.5506910615546968,0.672440136512821,0.5335102653564971
2019-12-02,0.6150347179840091,0.5149723905797686,0.7096654483897797,0.5927015309483025,0.5459379654228304,0.5823011299011278,0.6030720193705462,0.5636358191356335,0.6466763451539946,0.505449465021487
2019-12-03,0.6156594940604307,0.5039145869749351,0.7128230463749962,0.5704289649127683,0.5571715960824587,0.5921713243508905,0.5944571666200295,0.5436786627038647,0.6564660419435802,0.5197238883694167
2019-12-04,0.6259924351202008,0.5131285753841677,0.6763254278175573,0.5602638839145914,0.5350747438741715,0.5545291420808661,0.5858796405303986,0.5948632611402233,0.6924355676706563,0.5522762091398082
2019-12-05,0.5865003377111878,0.5027326495323783,0.6956378859161186,0.51115255599858,0.5271903275921477,0.5371583850160623,0.5781620252542559,0.5743214141271688,0.7240112605571022,0.5358983880530005
2019-12-06,0.5777184184545731,0.5090668972754248,0.7063192227202103,0.5133441476240732,0.5333258669446628,0.5438498432899118,0.5847209801718901,0.5327720769921315,0.7243303850879959,0.5251766683377181
2019-12-09,0.5974813813308775,0.5127510913140064,0.6832613238811529,0.5297811447582339,0.5060854915798892,0.5445957229621992,0.5930231662101187,0.5394629275584452,0.7214940174452278,0.5753540183394215
2019-12-10,0.6074600182024323,0.5224547457053004,0.6991319722937028,0.5455752245499975,0.5117254733272619,0.5365382727611548,0.5806465832945135,0.56539791959451,0.7118870166557052,0.5133864595487642
2019-12-11,0.5810900225947838,0.5074502725936939,0.7009064629564699,0.5244427434521969,0.5324550653210571,0.5458409592136505,0.6150877653291233,0.5576429392908655,0.7073801046938897,0.5281073551193781
2019-12-12,0.6039326937461751,0.5095557275885407,0.7098720043826444,0.5384142512605691,0.5105715421669558,0.5360358928449387,0.6109472710265365,0.5375417517042554,0.6966818677366223,0.5297170184571767
2019-12-13,0.6051831727649045,0.543425302645906,0.665651167417989,0.5403171417818603,0.5266822422580976,0.5154039483207546,0.5842215848124378,0.5128735746969301,0.7345310378502344,0.5767009616317628
2019-12-16,0.5772606142543545,0.5306946267630556,0.6827569818030814,0.5024395243834775,0.5205679967934796,0.5056056329071249,0.5726743981920269,0.509599410475437,0.7458878020966212,0.5671169810159538
2019-12-17,0.5708979881806172,0.5235059991014713,0.7141026028143908,0.5162649483802871,0.531818442393447,0.50262428183903,0.5733225835447816,0.5003060184412031,0.7286675759727906,0.5272603370087025
2019-12-18,0.5694495273749794,0.5094438041439294,0.7279047729838996,0.5036441107410241,0.5328363193000595,0.5108965540536345,0.5661978825108467,0.5428554416992915,0.715611659958386,0.5184588334481738
2019-12-19,0.5803602756411045,0.523891392121126,0.7370268359942167,0.5017906298643078,0.5308233954970584,0.5134709450794376,0.5620611443973513,0.5731655593846211,0.6928698862850603,0.5190390499995244
2019-12-20,0.6304732252480362,0.5083868251558271,0.7097919600454516,0.5038358777838065,0.5218563809468215,0.5179897633104474,0.5646382824942996,0.5768383311051246,0.6977534743294932,0.5003507676289237
2019-12-23,0.6330798774935108,0.5084081142992631,0.7194996338409334,0.5073533742195241,0.5181843032198047,0.5314823599430257,0.5723958758064137,0.587118532222418,0.6758846050846695,0.5028277014179827
2019-12-24,0.6327336066402103,0.5205925320138657,0.7091763096510363,0.5016074384454724,0.5251822611677167,0.5293938256345446,0.5806824030543127,0.5977721665036174,0.6747909327686569,0.5345322440705619
2019-12-25,0.6464917975812626,0.5001017251530662,0.6766788488837575,0.5051421724123649,0.5364634708364676,0.523406259852064,0.5922839839489453,0.611987033490326,0.6805492805383665,0.553632887787513
2019-12-26,0.6289559824945539,0.5055087186713084,0.6963006059657171,0.5239209264348683,0.5105842548974926,0.5626195862923474,0.6198342927183425,0.6025668773525426,0.6478548763843627,0.5676051442836548
2019-12-27,0.6588933188211671,0.5015232850733323,0.6812026626843055,0.5525131434154887,0.5082011414601558,0.550073397320523,0.6171728655412722,0.6013542369023064,0.6497770390678871,0.5354928404445155
2019-12-30,0.6674066645909558,0.5100718978309173,0.6337176790577296,0.5455498048556591,0.5532178311344501,0.5394872245784118,0.6214075571236044,0.5856850006727458,0.6894166970785433,0.5260326019835934
2019-12-31,0.6938651830448905,0.5139629091828746,0.5756959390410059,0.5602838259546007,0.5621308509902755,0.5373611484815048,0.6280605488543907,0.569506759282944,0.6924148525003826,0.5214046009055749
2020-01-02,0.6952899743479454,0.5132508666826421,0.5729476477165948,0.5166634498025581,0.5869093364170818,0.5275898338641021,0.6199107222497445,0.5439668188830814,0.7059595087693261,0.512365608799432
2020-01-03,0.7186847201521669,0.5494277162040285,0.5643516738018212,0.5283013125722661,0.5659359163812318,0.5476975264851607,0.6405110870837548,0.5372258617531138,0.6634705158147537,0.5377963479747313
2020-01-06,0.7504600616276847,0.5441415990065974,0.5443447218708984,0.5491846721898118,0.5124876502403323,0.5440679198565208,0.6423589587997315,0.5687616464189663,0.6195107777474899,0.5259194021126165
2020-01-07,0.7345889326469219,0.547092641027032,0.5576397328838072,0.5532141874412089,0.5006377858726435,0.5449773711716118,0.6515802766539197,0.5716009647700234,0.6323870723609464,0.5073724050848876
2020-01-08,0.7231846610520268,0.5453088216714838,0.5602155307347234,0.5427330450807978,0.5180458070466262,0.5131193049271365,0.6269918921833038,0.5936679589835406,0.6671601922604906,0.5213044870077931
2020-01-09,0.6813949782655011,0.5306792161276103,0.5504593876209366,0.5334783354753793,0.5038030531296777,0.5640100432683991,0.5750151741225183,0.5797395261026089,0.7371276301446262,0.5356634227416052
2020-01-10,0.6583885829361461,0.5244847361567647,0.546134187312553,0.5256443064928412,0.5101564412736724,0.5803311893886657,0.5418133819768506,0.5560988941803696,0.7661378581740451,0.5189106907706224
2020-01-13,0.6043928407032978,0.5278012282156016,0.5125269739656961,0.5477266005431136,0.5379477470350902,0.6312687473071333,0.501282049997239,0.5226687728998564,0.7732683380213987,0.5560621721661813
2020-01-14,0.6255702295540974,0.5173297749983807,0.521359662806038,0.5553535697961332,0.5368960409819921,0.6117552028647362,0.5077063693494288,0.5093995678913127,0.7690297062278418,0.5717453031868264
2020-01-15,0.5665391531527356,0.5333594740573417,0.5553138882624593,0.5408767613647575,0.5444935264272109,0.601230306718774,0.5115179599537916,0.6218937826106218,0.7623463859315507,0.5692577006605583
2020-01-16,0.5915933957166398,0.539446084684549,0.5249664296952581,0.5668747559797284,0.5369640802682639,0.5901228830293489,0.5400052933160333,0.6395949717848958,0.7484321420133117,0.5614493748897312
2020-01-17,0.6681476020544276,0.5631358803554568,0.564101445443955,0.5238931199633693,0.522389571086375,0.5366669880604861,0.5766469170427854,0.5829083100484144,0.7420426372961098,0.5315046379640633
2020-01-20,0.682129530681563,0.601908488072357,0.5438548428403925,0.5091104474555743,0.5106207578544387,0.5366307783543495,0.5431000122112458,0.5797032026994428,0.7337953545909195,0.5349751898999103
2020-01-21,0.6924857123088972,0.593095223247949,0.5524411175649403,0.5019481909430336,0.5268462620743714,0.5245281902125817,0.5508620781797325,0.6065721251045403,0.7174120265052784,0.5102402538733387
2020-01-22,0.7069854290867889,0.5802263937874045,0.56121821080583,0.5008181267420517,0.5282389177065312,0.5046661055126146,0.5608444658954209,0.604852935574404,0.7063165049371117,0.5012782719111178
2020-01-23,0.7433797021395518,0.5789888249267128,0.5418772595514268,0.5612900472522515,0.5435909867798859,0.5009970799916058,0.5256393363278878,0.5987436423804274,0.6665511820688326,0.5089373067074415
2020-01-24,0.7302588886105706,0.5816641377402626,0.5293199120254105,0.583564755054102,0.5202004068554429,0.5170483877778794,0.5171436379706268,0.6101538044528786,0.6742241398843133,0.5099839153619915
2020-01-27,0.7240187630236022,0.6015540037957516,0.5353519869691675,0.5546989988048228,0.53938466326312,0.5146987169034184,0.5269662951056252,0.6286901819080125,0.6645364293350863,0.5156192584997953
2020-01-28,0.6860174845087212,0.5915200347907026,0.5045565424720792,0.5761198089828158,0.526410777182689,0.5345607086861198,0.5255859007149973,0.6519932000418066,0.6888987522394703,0.5314073382019481
2020-01-29,0.7031015888749413,0.585627647679536,0.5258351469425665,0.5537947239492754,0.5259658407242308,0.5488336928787155,0.5442398875617541,0.6566109599389339,0.6715281378336416,0.5015548570015866
2020-01-30,0.7098623511454604,0.585821504809974,0.5103692215075474,0.5551128271520309,0.5414972662924241,0.5709013478623186,0.5180558566066189,0.6483814672641652,0.6518150727369106,0.5664734171664383
2020-01-31,0.6929245392315962,0.5510995523151002,0.5640799201170054,0.5790532928981345,0.5527926807994091,0.5587923810026966,0.5326810689948444,0.6498156057965058,0.6671233749006319,0.5569017406358738
2020-02-03,0.6494727267664523,0.5616855601420963,0.6091325553752628,0.5810000141147118,0.5323335929388278,0.5603592531027332,0.5163304562412515,0.6815412943569005,0.6601698448322104,0.5540923708659177
2020-02-04,0.6426901020971535,0.5157903308132445,0.599404275261486,0.6183379492416324,0.5219083493810229,0.5773977531365749,0.5159110199747076,0.6786697542802074,0.667047363197857,0.5080610167295255
2020-02-05,0.6281900890751247,0.5095820510445048,0.5902784770476827,0.6134462228736476,0.5364042025560755,0.5917019591692634,0.509708449320107,0.6715113547472119,0.6825753573955349,0.5314272551569426
2020-02-06,0.6085840789077519,0.557332517909836,0.5929565943491754,0.5985676727236647,0.5560896037785755,0.5584231211334507,0.5295091817364385,0.6819462694655871,0.6845835577895697,0.5554206229607979
2020-02-07,0.607326014303669,0.5687413014677757,0.6086885659755836,0.568036893494785,0.5954829834651149,0.5459381220719077,0.5575366491805612,0.6818232214891898,0.6555386178671837,0.5814550506506865
2020-02-10,0.6109059553864018,0.5943153849948003,0.5777946134609646,0.5533092729544508,0.6597303193416323,0.5511141128601903,0.5781934568467645,0.6690745452760254,0.6193102602256768,0.5629279243120711
2020-02-11,0.6595054312087535,0.5661326021652483,0.553787054159707,0.5404716303519792,0.6650044506344394,0.5735491800148677,0.587466916979049,0.646253916061684,0.6208259831336322,0.5221149058082534
2020-02-12,0.6382899680082395,0.5846449404506603,0.5451688131107296,0.510857064356836,0.6206452172629416,0.5456724040758001,0.6368479643509154,0.6765130574760058,0.6269529985230202,0.5046483124062626
2020-02-13,0.6175891776309299,0.5952478917698734,0.5252379553574053,0.5932979149045465,0.5861481477839634,0.5271441159934442,0.6391568561679511,0.6503303660288153,0.6447123760735275,0.5883541309447623
2020-02-14,0.6241233068220459,0.5860115458379267,0.5087202288342673,0.6094993973208079,0.6187682545660184,0.5190682852520613,0.6270405017534983,0.6416882420774579,0.6178932539215379,0.6079685382349777
2020-02-17,0.6288349132338164,0.5528393179971268,0.5109468098832595,0.6590604133891658,0.5618046997757853,0.5539305073901087,0.635433872804663,0.5777242407437505,0.6201219510535906,0.6440820592366697
2020-02-18,0.6394781003363108,0.585715959481636,0.5157968779979643,0.6518154167009794,0.5673445254337418,0.5481825754417624,0.6295707689162887,0.522058485969497,0.6059817192381207,0.6601504023399986
2020-02-19,0.6031773507965237,0.5460490238335897,0.5455318042535326,0.6990427245713818,0.5328235440340322,0.5223645985431485,0.6318050352800786,0.5082513112131725,0.5582325335113748,0.6850530779595188
2020-02-20,0.6222259627924189,0.5181777740287715,0.5098833626252232,0.7298722882108287,0.5551938803776018,0.5062464558303115,0.6789743115049959,0.5673560124414828,0.508802997600002,0.5563119163130251
2020-02-21,0.6130876789316041,0.5057759564193971,0.5276460395657688,0.7341429778027093,0.5414576811938362,0.5236436796621501,0.6822354499792235,0.5817962757429325,0.5185035019506169,0.5134594315446891
2020-02-24,0.5411880000773942,0.513725136291617,0.5009188433962721,0.753505612001044,0.5940944960219525,0.5061077919003282,0.6694523498940915,0.5649275774697656,0.5543005203417819,0.5138212080393938
2020-02-25,0.5619288750041795,0.512216495391465,0.5551856310283375,0.7335050525094234,0.6202274822422827,0.50247085501921,0.663249065131579,0.5688174920509171,0.5341032866145969,0.5504651179081101
2020-02-26,0.5805570593652728,0.5345970512031935,0.571980065549856,0.735143037111481,0.6410885242214661,0.5161262471412348,0.6278399795968431,0.5648128755896664,0.5350470244116122,0.5318315401374063
2020-02-27,0.5455871692484479,0.5218965965167861,0.5474486176645065,0.742791190406658,0.6717339396265273,0.5155108152385431,0.624110084356987,0.5312056760113069,0.53474110149095,0.506110967060412
2020-02-28,0.5301000291248266,0.5404487113257462,0.5932823559883397,0.7291380298820687,0.6522310644460647,0.548269077692119,0.6296003300432312,0.5490831408999358,0.5477256605763938,0.5193862488354682
2020-03-02,0.5198900062691943,0.5308543275658724,0.5703521008865823,0.7593905047617757,0.6394947829013321,0.5455129434505536,0.614106363619313,0.5430564722517249,0.5323445449400027,0.5089522670687592
2020-03-03,0.5072525744756413,0.5479065510202009,0.6104671402356364,0.7301650946141159,0.6625782069173863,0.5489015584842404,0.6076291409798812,0.5281556055394411,0.548809701911018,0.5015234482952617
2020-03-04,0.5183265743692876,0.5608968029255672,0.6000207260045654,0.6864065590795917,0.7149092041769616,0.5125788987271181,0.5737357849271586,0.5255356010320054,0.5982211113695288,0.5153186790341625
2020-03-05,0.5436406026427866,0.5661645759501125,0.5746422659014215,0.6800169108599993,0.6985482149673524,0.5350888970375128,0.5753332741234315,0.5174475062004016,0.6359516676307204,0.5416689787561171
2020-03-06,0.5534590902383063,0.5581995998841488,0.5368087021671699,0.6766879419607202,0.6886370298704806,0.540450039394237,0.5553652531289076,0.559540069896499,0.6658974384003823,0.5306611805923059
2020-03-09,0.5580363580548982,0.5637690648464578,0.5130325136303443,0.6777704533276906,0.672030473647966,0.55836577770422,0.5495065410120171,0.5496009271234147,0.683882791658596,0.5133843050767647
2020-03-10,0.5771410023579655,0.5698180225256243,0.5179197170695277,0.6490773932426587,0.6823888376445075,0.5364738579663396,0.5409598530401104,0.568535754513325,0.6886118034166454,0.5345735903968905
2020-03-11,0.5649529590341269,0.5705382720765976,0.5296982664542877,0.639961890000666,0.6899847403811022,0.5342149059323769,0.5450758011721778,0.5598422949882015,0.6942082660347522,0.5291653669733769
2020-03-12,0.5673607085668183,0.5610457140506796,0.5164562972744625,0.6084456923680923,0.6730010805609509,0.536999312289102,0.5434319211395888,0.559768566356578,0.7279221920434366,0.5459382958559105
2020-03-13,0.5790108513819373,0.5493079803639708,0.5042692256782729,0.5607205286249078,0.6761254378586455,0.5205770930909207,0.5552282986440534,0.5542953220664032,0.7452604201757609,0.5337268938368853
2020-03-16,0.5803410170155395,0.5483200166179446,0.5301266437440396,0.5626190422302341,0.6810362707540422,0.5270199140879485,0.5395240947578778,0.5306028505366894,0.745871868501307,0.5322021372485384
2020-03-17,0.5984135319123575,0.5423648314075378,0.5795109691829888,0.5003044768911751,0.6948290512035027,0.50363226296526,0.522316436950065,0.5004843953629946,0.7341585580782523,0.5029968542600441
2020-03-18,0.5992266870523696,0.5227787746352108,0.5868755640532797,0.5542542827843493,0.6539953646760189,0.5101681582189505,0.5279808224915362,0.5011453858196976,0.7562282392277715,0.5005473452404932
2020-03-19,0.5780606393756419,0.5168291709751872,0.5900461853484407,0.577396706763683,0.6275559011410959,0.5412984668723994,0.5425823755743145,0.516968156541778,0.7629330296287217,0.5377469811289796
2020-03-20,0.5864898141689766,0.517124861520546,0.5881148785754866,0.553997860228363,0.6375249680178289,0.5562247611037947,0.5596740368990258,0.5122524642069172,0.7507660216241047,0.5631530663450469
2020-03-23,0.5708559615373497,0.5291318178515544,0.5817180765051119,0.5324567602310395,0.6283187306352199,0.5800565746497883,0.5605430241419825,0.5089963857869858,0.7441446194982203,0.6062207887661124
2020-03-24,0.5808998773798386,0.543963961969847,0.5789349332760584,0.5231287796922126,0.6376331911343441,0.5732477361711593,0.5675891374232972,0.5028245161855494,0.7322840220740842,0.6141383563985452
2020-03-25,0.5673831266533337,0.5284047682215822,0.5758418120464811,0.5265056977909989,0.6229418177566383,0.5827600496245212,0.5862446874952252,0.5019571487272187,0.7378030630510078,0.6155554945038867
2020-03-26,0.5404182986426954,0.5318610960492429,0.566772234324939,0.5405726250897539,0.6162860773379826,0.5713165398621652,0.5905971418299597,0.5092288617095347,0.7464611510922495,0.6212974030495638
2020-03-27,0.5318951753950666,0.5250877225728433,0.5562723784198692,0.5308745081922511,0.6318298290350097,0.5635100186992594,0.5899281794345246,0.5029023490745054,0.7472498723318729,0.6212599377013233
2020-03-30,0.5369876144720961,0.5257604345743979,0.5633150914698125,0.548944505310467,0.641454644837919,0.5441020718685701,0.5796277548441856,0.5056609627413258,0.7369362728824048,0.6349415782921768
2020-03-31,0.5364870071940825,0.5070244663441843,0.5641944673772681,0.5440737127324053,0.643873403541238,0.5490756950235552,0.580751565532838,0.5055547620094296,0.7493993127725044,0.6086617525943318
2020-04-01,0.5430612405969981,0.5016767894365114,0.579007150243372,0.508045548436476,0.6412197364787559,0.570553661402473,0.5946017332506729,0.5033290472516466,0.73209661757779,0.6232758083251194
2020-04-02,0.5338358821786898,0.5032752285367206,0.5839683300877634,0.5082764610071081,0.6331583590989336,0.5883322758967791,0.5949797795792918,0.5070522973986669,0.712131361097767,0.6524204364580316
2020-04-03,0.5332300461460103,0.5020089858458497,0.5742795993939126,0.5078340771116027,0.6348914675581979,0.5891077476367718,0.6055101063687127,0.5037042748324054,0.7014584818853934,0.6629616048011441
2020-04-06,0.5414147622745337,0.5060111292869741,0.5380653971898935,0.5210222424218673,0.6400159131347216,0.6217637445058865,0.6215014930540644,0.5132909890646582,0.6845032982645262,0.6551041265720066
2020-04-07,0.5239372152007471,0.5056610373972604,0.5190180758770401,0.5530612179647496,0.6227693185035267,0.6346992466204673,0.6329733968464509,0.502752531287655,0.6973386264659349,0.6322144721064479
2020-04-08,0.5110649010896161,0.5020731865995277,0.5114708701358759,0.5546148814083797,0.6205575652789876,0.6255543487845776,0.6325294831903123,0.5191934764114697,0.6963731780620371,0.6451795966416629
2020-04-09,0.5024060766431875,0.5136832075227554,0.5098801053727755,0.5165701390140721,0.638458909094872,0.6056137489547498,0.6120653259281249,0.520804610177655,0.7168884076743152,0.642087021960222
2020-04-10,0.5104765666549395,0.5393420544031422,0.5072345968776977,0.5072735512747495,0.6376774070625718,0.5945567624794269,0.6104378235379538,0.5280602213902353,0.7417844014449182,0.6000433708800151
2020-04-13,0.5077480053898733,0.5462902761541816,0.521079294494054,0.5212946415370715,0.6055157816728218,0.5996123826700157,0.6158073272444967,0.557118269034803,0.7229429718330328,0.6434464432761755
2020-04-14,0.5182602937916391,0.5462927032706815,0.5220220734892789,0.5173399839973184,0.5861347021495625,0.6083048025606098,0.6228748357783421,0.5731778590871012,0.7102564705131876,0.655044789486705
2020-04-15,0.5161393132075455,0.5295299998388523,0.5346075773285685,0.5338309874627748,0.5861192287062937,0.5957789538036232,0.6165298446074777,0.5622996985657798,0.6967903212178476,0.6867066562102725
2020-04-16,0.5036299908081264,0.5422710304497139,0.5275808083453207,0.5219488413833907,0.5935414941082584,0.5928953178229083,0.6175508764461372,0.5712882844575855,0.6909546226198935,0.6879499786858668
2020-04-17,0.5071372473438457,0.5492198789411405,0.5208666902922525,0.5217811557779936,0.5799596051215121,0.603212697078561,0.6182118287822939,0.5850710906977226,0.6859027833832029,0.6868431580821461
2020-04-20,0.5025799412839351,0.5478368249473123,0.5282753463627373,0.5064032302193264,0.5825559959469729,0.6042105932952354,0.6169493614698982,0.5845569402143805,0.6798573862235168,0.6926773150537867
2020-04-21,0.5031724205610396,0.5767913333845458,0.5243480566200259,0.5002483177032848,0.5762093308254883,0.6144682801776667,0.6342553694903381,0.5752736852835207,0.6592361581099638,0.6914513337602851
2020-04-22,0.5087809574629203,0.5969540573509314,0.5164118405695335,0.5027734865551968,0.5890476690461848,0.613968858436204,0.6301139781319153,0.5788547153754734,0.655414286320919,0.6820361887951837
2020-04-24,0.51338643391581,0.5940458154758752,0.5198249645070057,0.5143865908504178,0.5856883062770596,0.6095645811249437,0.6211531819921375,0.5792638182385144,0.664572551681628,0.6846495097483856
2020-04-27,0.5148445794210098,0.5898911577646412,0.5049215863634656,0.5084271478705974,0.5835237031578511,0.620168761430535,0.6172945190932296,0.586948119636974,0.6686324991931049,0.6776047600159161
2020-04-28,0.525798979008472,0.5836508901998502,0.5127876107315886,0.5070624126291653,0.5870428342660191,0.6233065486293827,0.6153280774857575,0.5835617245404717,0.6581778941021265,0.6874841815257032
2020-04-29,0.5189489845094903,0.5512695106276378,0.5359397332898336,0.5072001222716258,0.5809598459615729,0.6281234348390575,0.6177464366101929,0.5846144036508262,0.6487195700942321,0.701664413831062
2020-04-30,0.5071672903691588,0.5064429739045341,0.557627100909175,0.5115484088517592,0.5721335398061279,0.6279978161067874,0.6210398742440916,0.5895276240592393,0.6663528510761421,0.6887807576528626
2020-05-04,0.5116837446996659,0.5042129134404097,0.5447024552203167,0.5059106918997033,0.5701945975768484,0.6189437375248736,0.6194912705227602,0.5900291521993103,0.6570882781554654,0.7068539906883826
2020-05-05,0.5064267287739062,0.5092938171781943,0.5294229355688909,0.5269292539449199,0.5745340763297136,0.6262679728398926,0.626346751188868,0.5885926708651065,0.6620221027026051,0.6945000906028768
2020-05-06,0.5076888836865676,0.5255745272150755,0.5209134847004824,0.5121459645820845,0.5790513443880568,0.6279744309789549,0.6239172057179587,0.5897302234766045,0.6548436110440706,0.6995067333332944
2020-05-07,0.5163782657684041,0.5238446206707786,0.5193734178564661,0.5071695952449244,0.5787979169760007,0.6281508693177575,0.6255764205083988,0.5788327137878144,0.6592670082297342,0.699664203309513
2020-05-08,0.5262396619219732,0.5252266489500682,0.5195425223166815,0.5270122446837153,0.5729510599755082,0.6270093324218681,0.6231809450102823,0.5809658428503042,0.6619918500186989,0.6981187417342566
2020-05-11,0.5119096742825191,0.517840475028397,0.5067575865427153,0.5243916251017581,0.5630895768046936,0.624318892952286,0.6169984480271499,0.5639829702102669,0.637881185483942,0.7319077648440118
2020-05-12,0.5049501926653037,0.5164162228147551,0.5188643480814635,0.5139675501620534,0.573503869826462,0.624266849557427,0.6190104189566459,0.5407005654624357,0.6318425170027407,0.7371046695636879
2020-05-13,0.5134751826411154,0.5123686617090492,0.5082345258583206,0.5290967416436728,0.5879563001757203,0.6156549185891896,0.6071568215495643,0.5539688172352081,0.6457908944244715,0.7304333862770399
2020-05-14,0.5137297543162805,0.5129179330835832,0.5202778883070216,0.5508558868039076,0.5822830349876992,0.6061033886853776,0.6012538129757082,0.5515830427941225,0.6579921811776793,0.7277171859762938
2020-05-15,0.5060231671894457,0.5050260441796204,0.5127422732388514,0.5448645750112092,0.5817415696695186,0.604079606562673,0.6030529166133964,0.5567906580303539,0.6788507778262485,0.7133716099306882
2020-05-18,0.502523606368456,0.5049159786502303,0.502572646807712,0.5417419170098264,0.5870290238739213,0.6096812301445631,0.6022346680007996,0.5505861725474039,0.7027558852493744,0.6886974008530777
2020-05-20,0.5083870930521469,0.5098815373288195,0.5059099304351261,0.5379509489131021,0.5881046600320768,0.615131757052911,0.6076251605790265,0.5341323481026254,0.6752688843261409,0.7120914765120546
2020-05-21,0.5044784380129225,0.5073093348134076,0.5097181314421259,0.5568732636384482,0.5801523275942388,0.6148694722263025,0.6023469266486845,0.53611070227689,0.6725952171819637,0.7156878338183962
2020-05-22,0.5140270232155089,0.5114083592576214,0.502578342680441,0.5577670015943511,0.575543259360356,0.6201479281700483,0.6029966789341408,0.5257910796765929,0.6717134904769857,0.7157294638968317
2020-05-27,0.5258761971689254,0.5067790038207627,0.5026021271618012,0.5553134745462036,0.5533530021000457,0.6296834242472714,0.6114883544661813,0.5131844737521521,0.669384052791573,0.7153379968302452
2020-05-28,0.5237021021620079,0.5024701487060852,0.5141108849289519,0.5483667878030448,0.5383402483151007,0.6379124524213728,0.6237496482744193,0.5203038848852799,0.6636265372276248,0.7121675529985637
2020-05-29,0.5270932465504125,0.5032742171599641,0.5078043861406548,0.5633884338430087,0.531090022296656,0.6320144204331931,0.6181007702089766,0.5017389403553046,0.6954382080052769,0.6890662289828936
2020-06-01,0.5452352631786603,0.5108556552193863,0.5193528427152457,0.5711397676121135,0.5184146646317518,0.6261933005121854,0.6196314002376576,0.5329588111123743,0.6737794668010372,0.704084616193589
2020-06-02,0.5452028099583721,0.5164143455306494,0.5181787118515211,0.5678322783729436,0.5126308479257898,0.6304932572777967,0.6244210210230328,0.5561940429886416,0.6370203907571196,0.7219588381943441
2020-06-03,0.5431518271377379,0.5095794060188674,0.528235137975718,0.5788689441600634,0.518976297925933,0.6220788653376402,0.6184465911618616,0.552149170836842,0.646757990294354,0.7204299085866256
2020-06-04,0.5312009466610313,0.5151000861456333,0.5301555951780138,0.5956557694030261,0.5127729534208121,0.6129178888060968,0.6146654362834654,0.5318173428454088,0.6775117857009846,0.7031395473516854
2020-06-05,0.5214421279811101,0.5084916769765871,0.5387947549213482,0.5736569541010617,0.507986333060282,0.6240180836089875,0.6245467665153571,0.519511417262,0.6768629855086855,0.702562294394048
2020-06-08,0.5117803532012292,0.5117134097182864,0.5436461794177099,0.557408658738361,0.5046823484847067,0.6395079991558578,0.6432358628799314,0.5536000907978439,0.6440378113895914,0.7049722124392336
2020-06-09,0.5343265169416412,0.5143397070869027,0.5473023087841689,0.5592729556481226,0.5110066416319213,0.6360767985993484,0.6396479188182282,0.597573432722086,0.6145571553565906,0.7078289761678142
2020-06-10,0.5576218332817257,0.506681702080625,0.5301393425298505,0.5713752623130549,0.5255723382845051,0.6293740294369065,0.6392950588293033,0.6316118755355661,0.570907437040624,0.7063955776107708
2020-06-11,0.5647511223371796,0.5052207274414411,0.5159429848921121,0.5744853624533357,0.5285764433732035,0.6208595846128052,0.642316849490086,0.6298620357536505,0.5375936573359407,0.7171030398812829
2020-06-12,0.5766489187491207,0.5020334989015371,0.5312115334587671,0.5488777997190311,0.5362617856290802,0.6238952206336714,0.6339701460447675,0.6231443395294416,0.5264689489913253,0.7266950455539737
2020-06-15,0.5781151972092896,0.5034971916913217,0.5373226847110749,0.549059254836736,0.5330494228502093,0.6222455026618563,0.6313543629185209,0.6210406335971124,0.5319609136029498,0.7285488405958844
2020-06-16,0.5876131078435999,0.525263757299327,0.5281923164778295,0.5614303356457667,0.5690574995994289,0.6227866466628033,0.6270902856117786,0.6366031705101137,0.5121907731628823,0.7083790379957905
2020-06-17,0.5930387756753143,0.5163739810193808,0.5191570347519797,0.5283357804226212,0.5380949857667351,0.6384594445243573,0.636066538245538,0.6237208565200593,0.5222036377342308,0.7146641125794044
2020-06-18,0.5946284369156893,0.5238167571454898,0.5063682227261979,0.5240839262307896,0.5475695995686793,0.6372564244829718,0.6505380272327896,0.6038281077352663,0.523480137441887,0.7141804356971159
2020-06-19,0.6105311532216018,0.509956159473338,0.5211124483059265,0.5196457513743723,0.5624588118285464,0.6521035298023427,0.6598558522545591,0.5912185011012889,0.527599119484622,0.6904997437104093
2020-06-22,0.6229540045589284,0.5008874799028867,0.5403849854603159,0.5636704162232423,0.5442081132918416,0.6458453124388557,0.6501633383583746,0.6061005474354436,0.517832798465077,0.6815439115075056
2020-06-23,0.6376969288824832,0.5045026010401661,0.5836302437909328,0.6012579395539773,0.5385096754774149,0.6344807744123666,0.6487446140155091,0.5941404153894637,0.5491467626592582,0.6480282047176623
2020-06-24,0.6429926052450573,0.50080427015285,0.576806582205151,0.5668420685431433,0.5391327045651039,0.6408525831166544,0.6511591378218007,0.605656693377666,0.5116469324729943,0.6574089398125921
2020-06-25,0.6486597643576445,0.5115141916681217,0.6175178697378664,0.5525809602929153,0.5646349273555179,0.6181524589099511,0.660432000183622,0.6376776177107074,0.5436634026881267,0.5869820593742155
2020-06-26,0.6485893586023892,0.5234940583646028,0.6099350581221218,0.5477953936131901,0.5611445310235684,0.6352364376219378,0.661220061795045,0.6283518101403102,0.5213801291517745,0.5957051359073533
2020-06-29,0.6448536175271916,0.514770213671094,0.5938087154811623,0.5331498100352278,0.5203878635374211,0.6271483010370401,0.6471919554684297,0.6548435428782295,0.5281333055222169,0.6303670339517438
2020-06-30,0.616077109796841,0.5141834289390552,0.5750295657879451,0.5390454337614684,0.5090698640883938,0.6435976894504559,0.6428887894973196,0.6770991732125728,0.5248072601811651,0.6310831113131338
2020-07-01,0.6126688175325561,0.5206531197849201,0.5858680693217997,0.5315741093621452,0.5060784807312951,0.6513536556238483,0.6422540562338585,0.6684544021663931,0.5260425373787855,0.6318478468650855
2020-07-02,0.6071071498297739,0.5406872884139942,0.5735477105890772,0.5549285683426791,0.5076605228111615,0.6613002820147661,0.6422823422764248,0.6722212154463222,0.5343683892154637,0.6113339033555174
2020-07-03,0.6069216690782563,0.5143158435138968,0.5833209907350697,0.5562932366310934,0.5295293986853687,0.6571177515334125,0.6391892282214381,0.6515900585381216,0.5181022260681711,0.6453401441684651
2020-07-06,0.6122155259172234,0.5123837006764098,0.5717450845386759,0.5075242317886423,0.5426911591489323,0.6364452955775778,0.6192389056805799,0.6564665914064826,0.5208021895914826,0.6832734675055852
2020-07-07,0.6184998745083681,0.5514863995059228,0.552920503131422,0.5025006396596416,0.5564889586100226,0.6276385616340118,0.6258939728983715,0.6790538357605308,0.5078645468254804,0.65542581573802
2020-07-08,0.6059747373873884,0.5578124633071145,0.548496821265939,0.5333984812247212,0.5567245544423812,0.6252571937951747,0.6205135186993301,0.7062168651166458,0.5014730750828823,0.6308154109421787
2020-07-09,0.5978373593692501,0.5717861760889243,0.5046482871504424,0.5348120563076253,0.5405539548286155,0.6309578641642067,0.6238155943386019,0.7015819152893424,0.5073488806515013,0.6426115698280893
2020-07-10,0.587343991640645,0.5530624743009036,0.5051633037126536,0.5450604576854515,0.5399653284421043,0.6342797789817501,0.6234193186560285,0.6868320786302667,0.5159286570397797,0.6690823617223755
2020-07-13,0.5767676371378444,0.5467248367005177,0.5238460523010913,0.5464776192261884,0.5478200103885372,0.6364421414966756,0.6274013840592952,0.702481061364228,0.5135707768156487,0.6482860651270551
2020-07-14,0.569658532225374,0.538623210204658,0.525774291346999,0.5180241042295874,0.5501697040210647,0.6496961615671144,0.6385237424094514,0.6992936947695615,0.5230470857710193,0.6393339623603542
2020-07-16,0.5621315023349767,0.5162644543629167,0.529975362618856,0.509568740905565,0.54620803057668,0.6567437990594486,0.6444544739753166,0.691688433126688,0.5156284815313209,0.6464123334010751
2020-07-17,0.563661299057042,0.5139736065143313,0.5484682868758135,0.5358191339496085,0.5659127148611537,0.6559086578512261,0.64413500060901,0.7027057802132016,0.517214640501673,0.6114362243238036
2020-07-20,0.5709023962273571,0.5321699305627591,0.5393820031300058,0.5386643826550482,0.5883017009796824,0.6498143403438296,0.6344285703337301,0.7086696244855907,0.5277126955448016,0.5968483715063938
2020-07-21,0.5899751572994191,0.5378281449736632,0.5351554455614578,0.5468597820760973,0.5741450080129858,0.639101534600584,0.6167314931964712,0.7358450641268072,0.5005726354349854,0.5636921209364494
2020-07-22,0.5885890149756591,0.5172402697847897,0.5172749994756932,0.531661478966347,0.5579871413444772,0.6277291858697434,0.6054146239430777,0.7614174444122833,0.5017948936515693,0.5503308798422749
2020-07-23,0.5945310894586713,0.5168787720233561,0.5044215468611036,0.5276057269879159,0.5608152596363037,0.6289550051111488,0.6082100834314762,0.7523681613699575,0.5209270298877734,0.5703102005074934
2020-07-24,0.5910973200828921,0.528461417668723,0.5016762292101893,0.5109334786422057,0.5629080529122703,0.6254809391739481,0.6041046477181632,0.7574827836976555,0.5203663792679337,0.5680231298209452
2020-07-27,0.5850742990733382,0.506543178534143,0.5064388143949107,0.511181197170612,0.5662568191417972,0.6276884521841307,0.6065458896141535,0.7533753230378021,0.5258719950283238,0.5821549518476278
2020-07-28,0.5869308408696052,0.5197379357979469,0.501886020939976,0.5424152860885778,0.5703513084855606,0.6310735550912804,0.6103274495472093,0.7375490677110316,0.5427425396557207,0.5938281753962961
2020-07-29,0.5817752768279202,0.5283177419137746,0.5075955990673344,0.5669064242660681,0.5680093982107443,0.6364751204695769,0.6161396270803208,0.7258214625919325,0.5274336325499285,0.6029600460270734
2020-07-30,0.5842791969723745,0.5178068609836417,0.5054594466544987,0.5592527773628899,0.5773911564400405,0.6317568459837511,0.6215501981694423,0.7177197944051321,0.5344217864127995,0.6159304537139301
2020-08-04,0.5715966006428684,0.5020794352352024,0.5054483585293809,0.5697378806859281,0.5581314273134048,0.6479292012095351,0.6304230749269756,0.7070167746114988,0.5132169218137904,0.6256365207461497
2020-08-05,0.5632445602800731,0.5677038911529589,0.531375744754388,0.5453706136460351,0.5559057320534876,0.6450743396665645,0.6323601135340339,0.716748363734291,0.5056939764102663,0.6038315981655282
2020-08-06,0.5430672173554524,0.5569559938975762,0.5473322719218955,0.5488652994409607,0.5648216330167878,0.6509135612158975,0.6391974738400811,0.7046930375401669,0.5224404096425225,0.6123774168288879
2020-08-07,0.5327663156363301,0.563779626870525,0.5293349283933452,0.5563196949836412,0.5613231848363496,0.6592299350151777,0.6473218121442487,0.7108714237317915,0.5199140663126786,0.5790913641268151
2020-08-10,0.5292341780945923,0.5425755944307465,0.5217631400608638,0.570408559522033,0.5773940784902576,0.6613535007483872,0.6504802606660015,0.687494557789711,0.5284911925618591,0.6112552537557528
2020-08-11,0.5626028112279389,0.5454951339865766,0.5294967705695688,0.6088386438468926,0.5595130178558264,0.6536144121520051,0.6459531135259857,0.6903794547146923,0.521195598597204,0.5852712941859596
2020-08-12,0.5587865582040475,0.5384449482491785,0.5357072696900963,0.6434348022588715,0.5658250365737754,0.6505292469075387,0.6459560341745316,0.6752826001210774,0.5366812826865752,0.5629605122342869
2020-08-13,0.5530740748879407,0.5226778771113166,0.5423757701721957,0.6755787430695839,0.5708016382335933,0.6431250822221103,0.6341235185326677,0.6693431293117033,0.5454355350339156,0.5304647995219884
2020-08-14,0.54044332574725,0.5396362973291775,0.5451841029155696,0.6697712371970422,0.5675928029225619,0.6462043407932326,0.6399982722304498,0.6678363566824023,0.5574937383194554,0.5046852150809867
2020-08-17,0.5420064268950494,0.5417653829728213,0.543956295045512,0.6734641974676231,0.5711603352018958,0.6476762640072399,0.6400950726404434,0.657215135239125,0.5657245170688555,0.5067251610417157
2020-08-18,0.5459560866645105,0.5398412325010834,0.5614905854019875,0.6645392355668135,0.5661541773936843,0.6351454668493124,0.6347365408095534,0.6818596622936757,0.5515523881011076,0.5056903386563679
2020-08-19,0.5450647509701815,0.5571873510569344,0.5524575783472118,0.6640824162186078,0.5731824824196563,0.6296531390488918,0.6279672092920744,0.6899643541680266,0.5346350082389483,0.5175439696045013
2020-08-20,0.522693023328528,0.5610989186258167,0.5585358523546536,0.6658248253538532,0.5702785391049181,0.6293239629759567,0.6258501165371521,0.6956001520974097,0.5028310833515027,0.5130113184243682
2020-08-21,0.5085845512282808,0.5772882977179433,0.562611547404116,0.6730635182780769,0.5734799387336708,0.6318101932611725,0.625364084908519,0.6780590592565524,0.5312469980018651,0.5046864382850518
2020-08-24,0.5031296329241159,0.5654604820498358,0.5618998203324915,0.6789446446272941,0.5732505615092331,0.6415367496517252,0.6388449718505841,0.6620784491987632,0.5025686927960802,0.5033502017479446
2020-08-25,0.5087176426785451,0.5623106919539321,0.5692832501137349,0.6978157876018104,0.5661535853227432,0.6341575680843327,0.6352348754918241,0.6498333660335541,0.5053389336645727,0.5089260097664561
2020-08-26,0.5051306775266945,0.59111465974427,0.566633849047603,0.681092476752276,0.5865646144075686,0.6299949239281575,0.6374599544340056,0.6491195912607718,0.5049131433441253,0.5004558517574139
2020-08-27,0.5087232704822793,0.6011282970350941,0.5677037062115572,0.6675950678901753,0.6292172706114977,0.6222627927208009,0.6305156395347835,0.6372313203352643,0.5151791459907946,0.5198423073450316
2020-08-28,0.519198541597358,0.5997044035714637,0.5740859465328607,0.6629249002763827,0.6386482320490897,0.6267624624220277,0.6290474728302319,0.6207689325619228,0.5273459055087185,0.5386014303183643
2020-08-31,0.5297722262445951,0.6005615934880714,0.5490493017860253,0.6755448337150889,0.642457847912769,0.6324836919744112,0.6339483041159291,0.5811317373267845,0.5038088035220377,0.5671199514925572
2020-09-01,0.5247895810487094,0.6380011104253772,0.545849306769972,0.6670818845421196,0.6440861502982055,0.6282250374386814,0.6321427698170435,0.5421573883425032,0.5080804465277267,0.5701928534374665
2020-09-02,0.5369594523590152,0.6461727214317762,0.545498185844503,0.658782422638753,0.6436446369737813,0.6317185455129241,0.6304005392522282,0.5076871961212677,0.5298257392886586,0.5718343757439658
2020-09-03,0.5382458531771891,0.6504514915011553,0.5519032470985675,0.6418618704318128,0.6381897011376575,0.6406334669791869,0.631909433759665,0.5218213551250129,0.5289988415143818,0.5812564372255248
2020-09-04,0.5285694441904184,0.6436056679561061,0.5372601616525761,0.6781221549343085,0.632578371316052,0.6302116409455035,0.6244060508250501,0.5255726994082198,0.5242519618471672,0.572838220097296
2020-09-07,0.5155585986314749,0.6333768059120247,0.5304850409374632,0.6757004610431948,0.6259359780936301,0.640296244416593,0.6332278679639184,0.5570653756805634,0.518109049972859,0.5663529401172059
2020-09-08,0.5152283518838592,0.6368514091054013,0.5265515014747993,0.6789778586983032,0.6217707100206711,0.6444566660032975,0.6351791689157558,0.5172020243954926,0.5084503563605178,0.5712480459709496
2020-09-09,0.5327909384017696,0.6522536562731417,0.5186184465959144,0.6731488595115884,0.6175772692165128,0.6380152671920625,0.6318316943943014,0.53641906566985,0.5156920278816332,0.5685762610005081
2020-09-10,0.538741259606618,0.6537964458723208,0.5187194100255226,0.6784198306506953,0.6173907328915113,0.6291739058633852,0.6221871818934979,0.5648280532345271,0.519865575583426,0.5614761721953839
2020-09-11,0.5447069551105589,0.6558151968397797,0.5050713838460059,0.665792157881918,0.6105228986586385,0.6383988428194672,0.6284183454103945,0.5736861352753281,0.544520008014239,0.5452632881633385
2020-09-14,0.5565757474472223,0.6787383374694375,0.5081075277600021,0.6404280612570709,0.6191811003723235,0.6370974134301678,0.6292152486950913,0.5564519691152706,0.5534776075704017,0.5208335056287231
2020-09-15,0.5495002585083735,0.6454715961594043,0.5003670391776451,0.6850316961088564,0.6217863619168931,0.6317221886047789,0.6254116496233795,0.5598180475470688,0.5331940636819411,0.5259076724111901
2020-09-16,0.5521029188815163,0.6463923300064511,0.5085618658492028,0.6777060960069017,0.6207186971319975,0.6368514154291983,0.6256947827475559,0.5585308794165983,0.5327777714806317,0.5413785241990517
2020-09-17,0.5850712926685248,0.6462424580535554,0.5063168097305132,0.6627759513716752,0.6168977632801117,0.640766129094356,0.63179430784134,0.5562443603868993,0.5175644775207605,0.5403651907187043
2020-09-18,0.5725830978574266,0.6272222599748395,0.5003312420606018,0.6831001033914665,0.619013414095456,0.6413136853064669,0.6305627417849887,0.5509150836324911,0.5113439318387029,0.5472242896963655
2020-09-21,0.574944668096049,0.6526120531647235,0.5248067841774039,0.6614029725988296,0.6126971120005524,0.641973503793864,0.6333649390322867,0.5429075986824466,0.5131118676974199,0.5536783761295315
2020-09-22,0.5797813401411879,0.6465686165364453,0.5158691168046737,0.6479458892794345,0.598636718712752,0.6455679029820102,0.6417397601138631,0.559515809507824,0.5062008169400692,0.5808326452239861
2020-09-23,0.5773115004975103,0.6486421415435276,0.5310167026771564,0.6587255945398632,0.5981740453324413,0.6389710193919195,0.6368962967656348,0.5554060644533513,0.5024220437292091,0.578206935768811
2020-09-24,0.5866466304202866,0.6633751991344604,0.5452660420947189,0.6674203001970943,0.6154370202097837,0.6057430307555404,0.618285364867565,0.5658113289386252,0.5250174827466628,0.5581181398610545
2020-09-25,0.5592496816177487,0.6907174406151126,0.5543598584938475,0.6586498850995318,0.6199048681441757,0.6018271074209824,0.6055738807453044,0.5572444343534109,0.5265374784088385,0.5568306202341663
2020-09-28,0.5538219247628198,0.7365453972530273,0.5412822124941278,0.6123520137706474,0.6124008917566736,0.6001070842663868,0.6011428184721253,0.5557695596187823,0.5268792625639779,0.5348624933855793
2020-09-29,0.5711106695294191,0.7072381280126496,0.5308484043301501,0.6320317081556441,0.6075117448398765,0.6184931767497429,0.6156219916603742,0.5687679483931088,0.5011458210344077,0.5320085813099474
2020-09-30,0.5722433230173489,0.7046399844940372,0.5339097547026294,0.6348711582693537,0.6071963909599042,0.606250473721523,0.6027977099811078,0.6007966523730605,0.5054801454909158,0.5337163704665693
2020-10-01,0.6052149011151847,0.6635867972177164,0.5369186927170527,0.6449955233339854,0.6126892369508451,0.6140525522788414,0.6067828817360542,0.6074463193994776,0.5224145689539561,0.5416778924614284
2020-10-02,0.6027903409946677,0.6570931959826302,0.5304994481075572,0.6267835921801376,0.6052206367355927,0.6188937590262873,0.6103282321905558,0.6244792451876608,0.5325493575055916,0.5702048345846267
2020-10-05,0.6214458985098442,0.6675737572933308,0.5405475285673781,0.6205788507442127,0.5979530115774051,0.6168791399258597,0.6123267551303929,0.6146936649618647,0.5219063004514279,0.5508952931640848
2020-10-06,0.6421399984443551,0.6387522034411811,0.5223886396704025,0.6552701394572366,0.5745673745163936,0.6128101929180957,0.6177800217925739,0.6210196745066962,0.5152527010018598,0.5028491389404707
2020-10-07,0.6785943585634427,0.5683386089766697,0.5039793969277523,0.6478569137304474,0.544168625401979,0.6133969541787448,0.6116542913615739,0.6575152754882505,0.5042624965165777,0.5237033717156587
2020-10-08,0.6549101203278679,0.5873547135206783,0.5019443169805767,0.6513502360084433,0.5234785224458078,0.6101983629234243,0.6086692181031806,0.6779004506382851,0.5118725608158854,0.5167032404183995
2020-10-09,0.6375557135788796,0.5773729758399558,0.5072314944569938,0.6801003282697202,0.5594284792503138,0.6003276675583699,0.6073988179655381,0.6673969889617558,0.5205912235836875,0.5117002180067406
2020-10-12,0.6306754435601315,0.5972429154822436,0.5301580835566774,0.6828065297125779,0.596921794866237,0.5951308828544756,0.6065123230232233,0.6426084034975567,0.5080611672209961,0.5077707352911338
2020-10-13,0.6161078447448043,0.5827363127083007,0.5268385648246529,0.7078235429085257,0.5964535878037501,0.5947049012910931,0.6006289444095528,0.6357507929957914,0.506809237424742,0.5008411987386459
2020-10-14,0.6144618013512347,0.5640779796531458,0.5280521114366034,0.715080422979575,0.5834224184843912,0.5807927855914267,0.5925267869758771,0.6572305280217746,0.5092372708914051,0.5015374745443159
2020-10-15,0.6169546828201881,0.5911451427897304,0.5251228890430462,0.6766099280414708,0.6081824610331765,0.6104146284898305,0.6156415682146344,0.6289136160946598,0.5049236506822159,0.5582432818200819
2020-10-16,0.6283597465843545,0.6060558548294431,0.5112102399678512,0.6626546926551722,0.6122318612982102,0.5962491680267478,0.6051325883162306,0.6464345922863218,0.5023356576820283,0.5494320182086612
2020-10-19,0.6404108651925712,0.5758095970324112,0.5089508019475742,0.682566446385021,0.612220137561424,0.5558842520049067,0.5734147042099006,0.6720048111807754,0.524762445289816,0.5305486396892451
2020-10-20,0.6409434389511622,0.5878966960018083,0.5498644975576485,0.6761636415171542,0.6083053272757415,0.5683378748499376,0.5836004622204856,0.6613739401268196,0.5195092424276514,0.5137414271271373
2020-10-21,0.6402902004651344,0.5777672584382471,0.5290837661053973,0.682039099184081,0.6053424714389021,0.5612230582867568,0.5719444365170171,0.6763104296680135,0.5168792609324158,0.5025193326502454
2020-10-22,0.6433238561165938,0.5707377411113709,0.5403995812413092,0.6830983587625444,0.6020706829986194,0.5897251214841778,0.5967762341987085,0.6502307478508997,0.500740087936928,0.5019833372375153
2020-10-23,0.6489238091026108,0.5375968305148154,0.568142859830198,0.6878195828620703,0.586383883695354,0.579378199808909,0.5903012180988328,0.6582779320648016,0.5248962168775225,0.5032456317642746
2020-10-26,0.6440045621909626,0.5120750064639229,0.5738676919436928,0.6908183047847354,0.5878197282668884,0.5697302332260674,0.5827548417183134,0.6694711309317901,0.5143295737106103,0.5033399424703561
2020-10-27,0.6441463327150366,0.5496357157489306,0.5422146671930121,0.7006700502274209,0.6065693672367963,0.5502365375998636,0.5707428586617752,0.6604656609573342,0.5248958675127563,0.5237564739158748
2020-10-28,0.6479180141685996,0.5749669247754939,0.520085697101712,0.6888831019623822,0.6093530383539778,0.5243124068888997,0.5521759253043106,0.6690188030316713,0.5194153333326124,0.5575782310967161
2020-10-30,0.66546543106196,0.5519789424232919,0.5265901747779268,0.6892447140771786,0.5916565379448377,0.5278936517873213,0.5470465074878386,0.655698101244411,0.5186352949289567,0.5923491689469921
2020-11-02,0.6477356958694737,0.5476983993835797,0.5308328631080185,0.7054443290891194,0.6117446165899233,0.5363845475061381,0.5537641315620662,0.6346333374348826,0.5001864787370726,0.5949981756201086
2020-11-03,0.6368718728255923,0.5154492394395299,0.5435690563970096,0.7132298924270469,0.6134368540003438,0.5178409071998407,0.530568380475029,0.6476851411747372,0.5225870450972064,0.5912773444573748
2020-11-04,0.6102048438110531,0.5063821571684833,0.5756240904420238,0.7329807851682806,0.6093123578795677,0.5364733345292477,0.5426885036299041,0.6299077083593873,0.5114833252879939,0.5825623325667736
2020-11-05,0.5895324504098768,0.5038066568757166,0.5696577598682099,0.7404021145317969,0.6308706127264205,0.531367235336011,0.5349226015530861,0.629861734685249,0.5037525619915995,0.565010921641801
2020-11-06,0.5995826974381209,0.5062586905501618,0.5761849155024629,0.7298312173263354,0.6176568084952004,0.5244102630996432,0.5295037155847667,0.6217493639927171,0.5074479357450185,0.611089433899735
2020-11-09,0.653520276946291,0.5071514205733617,0.5722142935927941,0.6882066828573207,0.6177157749420848,0.5167450987795975,0.5160279025691089,0.6399839300873957,0.5029308532801378,0.6133862731647192
2020-11-10,0.6978145516934912,0.5214210501368711,0.5774344154342005,0.6452554873825584,0.5876601841707957,0.5101830317860366,0.50435887564662,0.6484275076229437,0.5451400637422379,0.6120314926979851
2020-11-11,0.6735989221978537,0.5043201438981131,0.5738936373014616,0.5751859271951282,0.5838482213613048,0.5702561137347563,0.5787651331416436,0.6687569398194553,0.5993453191930925,0.6154291092988776
2020-11-12,0.6374335065185834,0.52184731424498,0.5792866224846629,0.5711315919014658,0.5875370568744325,0.6066845644701125,0.5995261938127763,0.6633315411737096,0.5989339089217848,0.6224126579726943
2020-11-13,0.6048330371763925,0.5163360472216446,0.5911358738281102,0.6307980126241327,0.5944244350074429,0.59047076637728,0.5804245828062666,0.6444026033852083,0.6036950413595991,0.638804145838287
2020-11-16,0.584951914465441,0.5200579585800662,0.6018211162082833,0.667721044657032,0.5834884665672965,0.5660062914044813,0.5636286665269223,0.6540343423600594,0.602557921621537,0.6239903441332008
2020-11-17,0.6166478910870167,0.5601923372917489,0.6052825885170406,0.6675627978800399,0.5900933056829366,0.5458913245174887,0.5476320411550841,0.6691383777620108,0.592724619465351,0.5708680029546228
2020-11-18,0.6572419977179011,0.5681197132395209,0.5774653993691843,0.6129219478074374,0.5869704669100453,0.5820564544473239,0.5759352957645626,0.652509735341457,0.5933180771382774,0.6047031024771085
2020-11-19,0.5937169036430779,0.5683507575573999,0.5881600732024387,0.6061322288733956,0.5880814314682689,0.6389037598215136,0.5884889654951981,0.6424772568743066,0.6070170866976269,0.6094753984380216
2020-11-20,0.5617017570937809,0.5334550027106056,0.6072027540129766,0.6111687709481478,0.5834694534919701,0.631271752877986,0.5912793074600945,0.6370893316502148,0.6315653553413048,0.6170451991988907
2020-11-23,0.5667787174487181,0.5218365857217702,0.6257463427729696,0.6327008660154342,0.6213094384349214,0.6042825701193567,0.5619404562666491,0.5723970763180224,0.6412998857485839,0.63460596639983
2020-11-24,0.5749019697069734,0.5569145437495077,0.6105328486693657,0.6718463692095668,0.5965832586568988,0.5775014396874069,0.5427921540723346,0.5404229100947239,0.6690580921168173,0.6145959767276996
2020-11-25,0.5862571086140861,0.5563217979971443,0.609617243418274,0.6756912274317063,0.5901268052316553,0.5761352618689484,0.5389021622409432,0.5733148924819115,0.6579737521581271,0.6088657557051195
2020-11-26,0.59762869805497,0.560509206423668,0.5825491943467304,0.6493114032576833,0.5871794684482109,0.6095984627328194,0.5572663233514816,0.5600165239067764,0.6624563640538986,0.6261925189111305
2020-11-27,0.5896009991330717,0.5809348738328398,0.5597567769973854,0.6655496469582958,0.5875737996182353,0.5985575241446415,0.555114415983415,0.5009109161457542,0.6634595593440294,0.6357002142759504
2020-11-30,0.6135081316113133,0.6263904595522146,0.5845672356778683,0.6262349447946671,0.6191890302518931,0.5907285087225442,0.541989413386733,0.542878442059496,0.6469760959064959,0.6073510905420187
2020-12-01,0.5687549255037861,0.5983155353587967,0.5773559773608335,0.655030187496202,0.5409923264551756,0.6087670514835055,0.5465254201048523,0.5013857920629123,0.671455290871335,0.6470562013267848
2020-12-02,0.574551090579396,0.5964299279391431,0.5706628485683338,0.6784703438247298,0.553001501154155,0.5958739061640511,0.5227239104125114,0.5106930215381659,0.6705939727768472,0.6329497192170429
2020-12-03,0.5961493344123563,0.6077994690918226,0.5592345263434632,0.6360082036981433,0.5633400140502003,0.6224757808487845,0.5430487550550327,0.5200632146401333,0.6629594392985425,0.6428808925573479
2020-12-04,0.5895185803694872,0.5911702885988419,0.5505529321574776,0.677495004050726,0.574166211014025,0.6184478585996162,0.5390206537878554,0.5318434660377537,0.6442463672796633,0.6336086960348785
2020-12-07,0.6237457154444717,0.5870979108840296,0.5569732828639397,0.690805620074419,0.5586027041013611,0.5820284148255325,0.5171917647806809,0.5645926270347531,0.6278683626636257,0.6325831933052745
2020-12-08,0.6770235257290379,0.5579994094428696,0.5826819324981063,0.6386050220288233,0.5706074402284983,0.5628340525067743,0.5041123373665503,0.5632665036365125,0.6411545296767666,0.6322289871446453
2020-12-09,0.6826750038872116,0.5723615885306653,0.5677443423363409,0.625225868196522,0.5652035833774223,0.581391206922459,0.5139550321641229,0.5593507059258179,0.6434387616201247,0.6306368140526258
2020-12-10,0.659229553258709,0.560275974718366,0.5581334144956422,0.6319089997429954,0.5812400848488128,0.6093531166343736,0.5247506598917092,0.5704235754212565,0.6494198421684555,0.6220162668665389
2020-12-11,0.6848333082241306,0.5714719720993279,0.5567562170492454,0.6137973996145948,0.5691351546772448,0.5994480888970658,0.5268296945254697,0.5868258921396351,0.6416651428871711,0.6125665465071274
2020-12-14,0.6887000139748337,0.5589493468084622,0.5713719575062695,0.5596084847496573,0.5487977176154127,0.6159378287299292,0.5343163117778656,0.5790166774284714,0.6462946792939587,0.6368761755922503
2020-12-15,0.6826328282734163,0.5737790487220489,0.583549639211635,0.579464741886805,0.5471564955511724,0.6045985101348602,0.5223285743435829,0.564996302877398,0.6482309871967834,0.6384114595028968
2020-12-16,0.674617675064539,0.5868950690169227,0.5717909407253514,0.5786409988070099,0.539629686132096,0.6202671909368102,0.5279696616795807,0.5591586469205512,0.6491006610088416,0.63850240413488
2020-12-17,0.680157373951519,0.5914603946989144,0.54824341245702,0.5699127904464986,0.5255350837592785,0.6266120866814057,0.5331064372638844,0.5479335750069471,0.6511980187851123,0.6419050285500757
2020-12-18,0.6459733849250059,0.6250844037988428,0.5600420908389039,0.5755303517792633,0.5256613585070983,0.6343798593706677,0.5420949501436957,0.5097447344161404,0.6496012559602798,0.6479288843751755
2020-12-21,0.6261872655137902,0.625670850971322,0.5386477810138305,0.5951849089946232,0.5618112658025672,0.6591041966093742,0.5538967497327636,0.5198673786622386,0.6092146739232486,0.6564567325050057
2020-12-22,0.6601622616726871,0.6288009664787135,0.5345605384267597,0.5813077923046124,0.5542736771224338,0.6442660692537229,0.545816954958725,0.5202244555322291,0.6199661891711064,0.6428483283120241
2020-12-23,0.6694152269623244,0.6360972566240736,0.5893189822862471,0.5919725091184566,0.5504924961727714,0.5940902806997065,0.5128298181485623,0.5066906160689085,0.6109724972167354,0.6533739511328076
2020-12-24,0.6871641347915891,0.6476726561289977,0.5793093771529682,0.5884955592309781,0.5237155525256493,0.5798804861647638,0.514774010477875,0.5251793636241211,0.613532163749015,0.6395238317903912
2020-12-25,0.6704410028693877,0.6885501992671261,0.5463287769737528,0.5955088576646231,0.5113855674709425,0.5924642364948626,0.5284589122438841,0.5083770334558381,0.5983977502845147,0.6264912357680888
2020-12-28,0.6600376983353224,0.6704973025872943,0.5591374489022983,0.5995394936045798,0.5261932477858379,0.6001887944475608,0.5295028186569363,0.5038630714318546,0.6052222608746239,0.6426303712670866
2020-12-29,0.678632679635886,0.6710214373362878,0.5636862658896297,0.6020511899699746,0.5213784236809507,0.5812553760798556,0.5107742711503177,0.5097645649924066,0.5973850524027665,0.636850304313252
2020-12-30,0.6884434600426398,0.6378424111486406,0.5342950144577187,0.5947388783583205,0.5365921146963527,0.6026061110589689,0.5313203163007683,0.5244357456565852,0.602640616271948,0.6498928924448896
2020-12-31,0.6655184677767264,0.6392189074869634,0.5328138449860328,0.603756926398414,0.5331301879261773,0.6138938026049913,0.5471916912829563,0.5328598152495884,0.5986416689007009,0.6593241534856907
2021-01-04,0.6452479509432583,0.6511761263885621,0.5469892943095745,0.6160161566713015,0.56370468054363,0.5942145299723792,0.5505579097268771,0.5237832504460983,0.6071675274390133,0.6547607576982836
2021-01-05,0.6174988638753613,0.6418462146788647,0.5551036156861935,0.6594209756644948,0.5671449424645817,0.5752101882447994,0.5417998456157932,0.5256519436568351,0.6120344677130646,0.653659807886966
2021-01-06,0.610870585121854,0.6316089354629721,0.5352010838025072,0.6651852210214891,0.5744793690989115,0.5852284621130229,0.5656659425862379,0.508585775938478,0.6128775888119448,0.6517711772097606
2021-01-07,0.595758479836494,0.6382850378779691,0.5223807424497011,0.6473565612694271,0.5853676242053903,0.5843964800164516,0.5732685718189342,0.5675586946155274,0.6162330689289466,0.6508337989942293
2021-01-08,0.6169056935041346,0.645576264953675,0.5394553128319034,0.6308741636784032,0.5813434274836246,0.5985446167482381,0.5658511169043333,0.5388926048908712,0.6138204223579483,0.6497833937626362
2021-01-11,0.6028790909868948,0.6381336413589936,0.5482486772120265,0.6866688233125452,0.5780126579630996,0.5677074147377074,0.5420813780197139,0.5163728877581519,0.6031894847938545,0.6446224879110923
2021-01-12,0.610842738167786,0.6094223104748444,0.5400528546628937,0.7080790073312356,0.568697045860923,0.5649786428100871,0.5301469188786209,0.5303265293155314,0.6003816810853732,0.6452725951139514
2021-01-13,0.6168539295514653,0.5905803116695795,0.5243366974265318,0.7057679525582902,0.5560645161485346,0.5672895400093958,0.5316200502891594,0.5312662514153635,0.6143605327816267,0.6535965578197384
2021-01-14,0.6194073149813366,0.5984180148478201,0.5235851083818266,0.6940585173708191,0.538207549628869,0.573247543520435,0.5335729001103984,0.5311291843940394,0.6071507970574018,0.668965838436686
2021-01-15,0.6414232878463725,0.5862349768826903,0.5264891854921585,0.6934427703805861,0.5293861366606323,0.5492678467359496,0.5116708469094161,0.522952885521352,0.6158801683257661,0.6678397699740422
2021-01-18,0.6481697596544949,0.5928073340892382,0.5394358263168492,0.716761547726886,0.5407719966583622,0.5079230215586501,0.5190463498835748,0.519931832728416,0.6000946489583343,0.6396379929389543
2021-01-19,0.6350811326089095,0.5951516859428095,0.5107378965135575,0.7354281572680433,0.5279717942462278,0.5093573132750938,0.5164716572684916,0.5197678191238858,0.6152690933237662,0.6159724497604229
2021-01-20,0.6463266125210949,0.5978594167285399,0.5392096023786327,0.7248176019871716,0.5361258135405478,0.5037440150407562,0.5295269430687585,0.5337340763028855,0.6329369759480773,0.5839146063388462
2021-01-21,0.6203841601365053,0.6024263888607595,0.5398352495611459,0.7081345181817774,0.5448613975120634,0.5430976211360672,0.5063791807102705,0.504875044415551,0.6644302229523583,0.6012376759850345
2021-01-22,0.6058918390953917,0.6065671245204438,0.5238551369103533,0.7075586720824809,0.5409619731825551,0.5470293784904033,0.5105770569484661,0.5336726553232739,0.6519362239042058,0.6291194172431646
2021-01-25,0.5839467092296974,0.5713873787718894,0.5226056966436875,0.693671014192927,0.5278351041257098,0.5398805175652351,0.5030233283170152,0.5794034245037978,0.6632403631023497,0.6600678444524113
2021-01-26,0.6346394922123086,0.6057688809192394,0.5525668467202742,0.648868258341998,0.5074223173363401,0.5224912513238674,0.5099675505542753,0.5797281378262232,0.6675487550604725,0.6475864825543439
2021-01-27,0.675688454084369,0.6120154774814635,0.5688228669531827,0.6239882411227046,0.5089927616845487,0.5191689578063178,0.514803173197134,0.5470586756328221,0.645569078443602,0.6533467047926479
2021-01-28,0.6674743763581391,0.6246124334882098,0.5350013006137962,0.5983023387416502,0.5127390670524928,0.557365883337292,0.5085459474187682,0.556189563584439,0.6837955711010889,0.6272104725172786
2021-01-29,0.653531136564738,0.6379906019160232,0.5576669957606675,0.5097478113528154,0.5048762188921331,0.6058645722655912,0.5325691410171342,0.5936877263742023,0.6749623294441286,0.6157426103772327
2021-02-01,0.6011695689680484,0.6189182021664922,0.5837364562483288,0.6317617283957867,0.5281668481659504,0.5552849759308031,0.5076913914883275,0.5935475908344637,0.6820693346836025,0.6286545438730579
2021-02-02,0.6008302140423544,0.6008385450414079,0.570255872946368,0.6108232651143366,0.5509901354766646,0.5877728491229116,0.5119837922860501,0.5939820183926309,0.6923111903223425,0.6315081410642364
2021-02-03,0.6070377987463408,0.627422327258817,0.5608080188594197,0.5650722906230875,0.5452802334522925,0.6198253455287982,0.5356444759777907,0.587781505275561,0.6967609115106946,0.6067059627891939
2021-02-04,0.6067222605144301,0.615911332365962,0.5486027645943966,0.5556699529184039,0.5321801104407892,0.6260756868711721,0.5407750033818278,0.5757194065237431,0.7228828179904947,0.582590814006728
2021-02-05,0.6011684071412066,0.605826729435421,0.6107956886569473,0.5827129126289833,0.5968123904962178,0.579435925733894,0.5023338485544769,0.5980748624390436,0.7027122054241327,0.5645026226898265
2021-02-08,0.5503863191785554,0.5794781027589478,0.5794143050301493,0.6235179887292287,0.6422177143001165,0.5384786506425553,0.5366057909997324,0.6781707147633559,0.6476640185349177,0.5640023517501301
2021-02-09,0.5652002091890566,0.5589592565302496,0.5932607087324268,0.6865097540542954,0.6358109277545946,0.5081650595670977,0.5844570049377786,0.623645689847394,0.6262967421883816,0.5549273708450705
2021-02-10,0.5740184788291169,0.5644988400099079,0.6044695529539222,0.6782555644233715,0.6320650276172689,0.5370195285888851,0.5992769430268301,0.6229832840289036,0.6192919380668284,0.5275746029255933
2021-02-11,0.6246842741555679,0.5496826012881588,0.6290496901168354,0.6552947898179963,0.6103497081363654,0.5606492519960228,0.6059522103433281,0.5914966666589107,0.6165619874916748,0.5573296614937605
2021-02-12,0.6554051529140311,0.5404431252308833,0.6114324717904149,0.6182757542797,0.6272811711834919,0.5565634219079241,0.601228273082632,0.6120006371843852,0.6174548891862988,0.5541431355773013
2021-02-15,0.6452695011258834,0.5289725657884584,0.6143820551106486,0.6259616415861949,0.6001349467534532,0.5154212950808447,0.5736517251090808,0.5938880148230775,0.6586806467482956,0.6026400331656717
2021-02-16,0.5684619249707953,0.5191095869216553,0.6425265349672801,0.6711351060346682,0.6035035842126393,0.5526104255394113,0.605136281928973,0.5919028906877198,0.6454329922049264,0.5482335858528581
2021-02-17,0.5852330526331216,0.5312273030265758,0.619236859380956,0.6898984642571176,0.5828913760197644,0.60947987215718,0.6203657720969019,0.5850873186516774,0.6053547846272497,0.5301365869952009
2021-02-18,0.5829930861152353,0.5540341786613239,0.5769572239266909,0.7352044534721051,0.5726144855407893,0.5982643892930187,0.6083600884669749,0.5660637798317102,0.584465610412566,0.5434797909710687
2021-02-19,0.581698266403476,0.5661407431278487,0.5724520419365865,0.7616863054321635,0.5702506423798163,0.570394448477454,0.5798628272876835,0.5037175966909638,0.5911359703282959,0.5417695788620915
2021-02-22,0.5529097019004113,0.5540152321528001,0.5738756728683422,0.7747639575203896,0.5494165902464102,0.5765114924837876,0.5843227265047167,0.511642628373931,0.58525370977533,0.5403869527521675
2021-02-23,0.5641142865185234,0.5497470076339583,0.5760818977165907,0.7661515780636879,0.5299989682846409,0.5775659895583672,0.5903016003150924,0.5035100867557304,0.5972360740107556,0.557988035740257
2021-02-24,0.5716168904025154,0.5409287210640735,0.5939205865663285,0.7535274631802688,0.529779539997821,0.5901592279881885,0.6052242859295881,0.5092075578731878,0.590631256367493,0.5531343509287608
2021-02-25,0.5946885739882872,0.5406786477984032,0.5809307694650657,0.7472443971925703,0.5033612116250956,0.5826689497308738,0.5952450021717333,0.5325815633382628,0.6035072622220453,0.5715435270097006
2021-02-26,0.5929985839862554,0.5289191946269356,0.5466554285744926,0.7571872795129391,0.5246757905937306,0.5617418825557451,0.572614327596861,0.5586326536757672,0.5886115615289981,0.6109974626831105
2021-03-01,0.5924393998348003,0.5283126852732052,0.5556844173900896,0.7649715777200582,0.5230628646724114,0.5725416564060685,0.5765792237434099,0.5369151596764722,0.58764810092647,0.5880357042469108
2021-03-02,0.5686573324179663,0.5231364588531723,0.5705513256324818,0.7556252863205218,0.521672287683827,0.5878788794142722,0.5816485198985758,0.5258235867758742,0.5847131427864807,0.6133056443264217
2021-03-03,0.5915025700309815,0.5366887587368772,0.5712529644072938,0.7414805041202611,0.5339794783811608,0.5862597402456017,0.586535055354446,0.521661564912632,0.6012389816897122,0.605831416000428
2021-03-04,0.6340535112865958,0.536180793104931,0.5802486319050821,0.7017628349719952,0.5379971739890477,0.5804238147542681,0.5825504449997618,0.5106296551779121,0.6242072158386189,0.6200702282772287
2021-03-05,0.6051288069194408,0.5335311096509422,0.6196042098200679,0.6806874135565798,0.534190221639236,0.5917292706649385,0.5859256626322055,0.5322105189325274,0.6278377460321919,0.6327973818875738
2021-03-08,0.5483809427894212,0.5469708568811984,0.5799992062622359,0.7386501039194675,0.5547718801590532,0.5935933542458166,0.5902644064611263,0.5225379598894223,0.6058849934803344,0.6076264819511245
2021-03-09,0.5562007127622132,0.5343299231965951,0.5705827431329078,0.7281892305165192,0.5699093699134061,0.6203861738452009,0.6100800327924537,0.5264845049736363,0.5855929341758749,0.6009774972885581
2021-03-10,0.587503267596246,0.5437863062489733,0.5634389978476101,0.7163553987059895,0.56669699297318,0.6239733429478486,0.6063507212011462,0.5308896932167378,0.5808439458045002,0.6099300341372953
2021-03-11,0.5339020259886399,0.5378107751515325,0.5830480165795674,0.7339937079059596,0.5567018625314807,0.6302509670593294,0.6112751933507842,0.5324378953159276,0.5671909314918051,0.5935556412681242
2021-03-12,0.5547569355129499,0.5439347308002089,0.5616470580936562,0.7483459138988674,0.5369008572072185,0.6336648411072997,0.6031956362043359,0.5176659809762729,0.5477784688734567,0.5907430687036639
2021-03-15,0.552817947715094,0.5227756452505156,0.5358266335990123,0.7633523637521399,0.5434301353041552,0.6272143493651418,0.5966554182727898,0.5190149702547424,0.5428444493899337,0.5869222478372783
2021-03-16,0.5195226965100442,0.5185314780794659,0.5412684338996722,0.7825577505960483,0.5145684798787404,0.6115299379945227,0.5867250469870132,0.5212699272798309,0.5371658602190931,0.5826951103245795
2021-03-17,0.5208999377226875,0.5098960517035885,0.5369570231681159,0.7908626908018376,0.5061216300282728,0.5962064765684456,0.579767586653691,0.5440944393807976,0.5380691519796871,0.5745643153781583
2021-03-18,0.5496279025642848,0.5038398152338369,0.5328364452441133,0.7854284798416983,0.515091239977378,0.5909043161057445,0.5790030373089164,0.5618944232913426,0.5404303845542399,0.5767296111786382
2021-03-19,0.5346051563637537,0.5130896194465474,0.5341320196048875,0.7892034178126588,0.500524498484709,0.5896093350640801,0.5783193167708031,0.5547027217083809,0.5502101419726374,0.5725339573035603
2021-03-22,0.51566772388476,0.5124350563233134,0.537928986997089,0.7918440305185129,0.5005468904151867,0.5927789836112299,0.580180480927266,0.5560216312369564,0.5348558987376492,0.5686218001487604
2021-03-23,0.5370374055633901,0.5020551999342768,0.5373797350997159,0.7807080392906108,0.5044576207344105,0.6101295798498977,0.6017187196542689,0.5583950014061608,0.5223775898192614,0.5559914685554405
2021-03-24,0.5420967803598832,0.5004454496304765,0.5498056152067069,0.7728902039925951,0.5039401152539149,0.6182722267414711,0.6086179822328674,0.5526721201271777,0.5254942203785876,0.556241384455643
2021-03-25,0.5385449762544151,0.5003703874677655,0.5428535968980771,0.7732851222997859,0.5044494528360571,0.6222944857434785,0.6077972818355956,0.5516987752293673,0.5064837456101637,0.5615895667298503
2021-03-26,0.5508577211094569,0.5134564014125363,0.5244832175627605,0.7653460994807793,0.5058846676967563,0.630937388556812,0.6118913585136331,0.5575638101249115,0.5058533009651951,0.565488851032128
2021-03-29,0.5652827046504375,0.5219342495116431,0.5227824496698602,0.7567911376356603,0.5055251975125145,0.6403930055129906,0.6173191243868005,0.5171505677809428,0.5087333051088879,0.577669341165465
2021-03-30,0.5497293130577375,0.5092279427643244,0.5491720309903312,0.7609354983430462,0.5018678804416966,0.6362483616124082,0.6172492108387938,0.5369241525989007,0.5117170155416196,0.5650581641220201
2021-03-31,0.5734945512131125,0.5052352797911313,0.5408628867433415,0.7534545074111835,0.5000678344612886,0.6399039710286467,0.6205275056490265,0.5338867739326453,0.5127478536019088,0.5660489554078301
2021-04-01,0.5710555510252731,0.5068987048666158,0.5303843483840974,0.7627312903292206,0.5140371262234887,0.6200606335069714,0.6093603890227801,0.566513141917105,0.5212144408692395,0.5679584155125997
2021-04-02,0.5863587645463029,0.5099376449843508,0.5315125388318261,0.7510319160332072,0.5140848434937967,0.6264186380851539,0.6184859938509971,0.5795163603865593,0.51613924193594,0.5523654736308333
2021-04-05,0.5911240323626732,0.5167696818396726,0.5333009085892443,0.7413408611088853,0.5184535773940175,0.6348090485452939,0.6328675366262958,0.5604124784217468,0.517778240825563,0.5551217568755937
2021-04-06,0.6017110583120219,0.5181866880593701,0.5359497437691627,0.7349856412775542,0.5197056328322543,0.6268748665539124,0.6281281593012036,0.5934581990464068,0.5176043721667075,0.5444731671821327
2021-04-07,0.6008504759573445,0.5189333266459696,0.5321010187810062,0.7362598213083348,0.5216514631082283,0.6341316430715381,0.6280609852636205,0.5776771170386255,0.5209210782738287,0.5490052821532706
2021-04-08,0.6385879383114722,0.5398284546800753,0.5086156723645393,0.7042749760101842,0.5231757993375467,0.6430899356675474,0.6370220832806436,0.5865743349216611,0.5171370743456586,0.5306594124883072
2021-04-09,0.6792066642219962,0.5279304073049622,0.5010579008676997,0.674920689685304,0.5123356252087725,0.6478277625638144,0.6343104046345098,0.5811733531882555,0.5007807906068599,0.5313589762952952
2021-04-12,0.6876148553360223,0.5083780662743532,0.5037118202510623,0.6699912370579059,0.5050005750382133,0.6454426273098,0.6334045504304678,0.5879871468173031,0.5056293217999717,0.5134915511999577
2021-04-13,0.695709081566554,0.510954536198306,0.5062664555162774,0.678005605090399,0.504336512755635,0.6290790455430264,0.6179864998234155,0.5973458164701807,0.5001202446509269,0.5297751373976508
2021-04-14,0.7007592648578639,0.5026155263509707,0.5064337474489632,0.6842529639434206,0.5197354040193777,0.6199913795570747,0.6091827513109204,0.5940593835146656,0.5029353538912222,0.5352897354100317
2021-04-15,0.7401514572948414,0.5258811569212904,0.5294126235331803,0.6231722777557825,0.5067243073964324,0.6089446242466422,0.6075401567210125,0.608750736671443,0.5088759261433996,0.5367083695466036
2021-04-16,0.7456515816059043,0.509841693784103,0.5159864265030404,0.6302491344997269,0.5266610368382537,0.6036060446229708,0.6075578132690364,0.5845225193736432,0.5092168384706037,0.5566254077533935
2021-04-19,0.7503782147345054,0.5112078013042853,0.5183704047765634,0.6169089762021488,0.5037631435609828,0.5975677469321105,0.5977119214512295,0.5701991809231951,0.5100207226428385,0.6009033172396969
2021-04-20,0.7536886880231419,0.5130018696700268,0.5149943913866365,0.6200963904437764,0.5173214267057867,0.590477314880356,0.5891544195131401,0.5853807559598386,0.5011517920024846,0.5906104316936718
2021-04-21,0.7622151589794078,0.5146838509019145,0.5290215469284127,0.6113659135532726,0.5234985290679367,0.585604455313751,0.5771831009798057,0.586885080015109,0.500571947241735,0.5866441583713149
2021-04-22,0.7677441076339289,0.5206750130084852,0.5435906628247521,0.5962538332428909,0.5075721635043032,0.5809040620629135,0.5781163594754456,0.5963119355165324,0.5017060006861163,0.5764717698152421
2021-04-26,0.7679353312833884,0.516444332024561,0.533388488924617,0.5979527911314877,0.5024946124812614,0.5781398209007925,0.5811236650131282,0.6027694846442735,0.5213526345482548,0.5680529728896327
2021-04-27,0.7579870297051166,0.5123728686209321,0.5267231215536673,0.6168310551178816,0.5096514338374478,0.5846905631796976,0.5912831875940513,0.5980062188108509,0.5377683857602765,0.5583709103828345
2021-04-28,0.7554204484346422,0.5219552015771126,0.5257956746824963,0.6155164010985552,0.5103616442574677,0.5891131158111899,0.5944232448550321,0.5903436530317032,0.530698942539772,0.5728790644475842
2021-04-29,0.7479380948153524,0.5200172053763735,0.5322482219354822,0.6314643065883445,0.503115052456757,0.5863493967502087,0.5904515960426812,0.6018793456439381,0.5272065554941052,0.5643995433704124
2021-04-30,0.7632518488162878,0.5272987920023154,0.5420816593478387,0.5892146874688432,0.5282883674856921,0.5865360424320253,0.5893410523748089,0.6013137517897268,0.5236763908764868,0.565104798952252
2021-05-03,0.75743566411225,0.5311559446522516,0.5539418243350723,0.578205538825449,0.5556287627499203,0.5918984576682936,0.5897769820457633,0.6044102074634652,0.5194571484893495,0.5629412903379271
2021-05-04,0.7641181769591906,0.5282125391214785,0.5484657894563661,0.5740233575175023,0.5433680102315986,0.5941952753469631,0.5883326441579637,0.598343314177704,0.5149944602433808,0.5653906004473922
2021-05-05,0.759264949252,0.5210290485517027,0.5536752186904478,0.5914510027145591,0.5414631891900495,0.5940129630690331,0.5884616485662174,0.5958796955165122,0.5147507849271774,0.5664278789389235
2021-05-06,0.7610874782670759,0.5148775350148462,0.559907069254222,0.5895269647670697,0.5457583219691643,0.5847940317671965,0.5838157797849889,0.5964493888968404,0.5132649668419301,0.5730190634729783
2021-05-07,0.7505300074280346,0.516521340258807,0.5463954932469153,0.601993171863303,0.5499528353081194,0.5747386698715166,0.579265275969462,0.6256414351041821,0.5235941788824664,0.5693623017837217
2021-05-10,0.762967148202241,0.5081432716654031,0.533829839551683,0.5757100662576234,0.556181970339828,0.5875905001706331,0.5919314991904404,0.6044615290572659,0.518141594321738,0.5670474941733351
2021-05-11,0.755044254585315,0.5160153996833452,0.5334025851367551,0.5846602061257303,0.5610535819105397,0.5863899112192762,0.5922790008738986,0.6097605668094447,0.5223362726350061,0.5726051056305497
2021-05-12,0.7583005629559624,0.5134366872816806,0.5455947421774575,0.5710863812111417,0.5694874159591197,0.5847473578322002,0.5943412279683259,0.6113930582434614,0.5174524633544934,0.5587821978319661
2021-05-17,0.7559897795335377,0.5220967192796221,0.5570945298297132,0.5697288696580157,0.5722919075082471,0.5826266813607226,0.5963119211646494,0.606199514632222,0.513146444681756,0.5647281843103596
2021-05-18,0.7514964638204421,0.5352686213572558,0.5567354827287129,0.5894802682495092,0.5520038318484919,0.5848486062384272,0.5984949818928734,0.6065165837352994,0.5173028134455202,0.564350717234866
2021-05-20,0.7464809501754258,0.539488634487727,0.562000245990359,0.5852399204609182,0.5683695984542173,0.57225288152273,0.5880889663226527,0.6112427177310893,0.5210429488764737,0.5849513431349834
2021-05-21,0.760127981395076,0.5483371243660026,0.5767860351751647,0.5473749897353004,0.5695599555294312,0.561387270814402,0.580850555228702,0.6006676628686339,0.5204300397254535,0.585278487213454
2021-05-24,0.7744934874386815,0.5567966920113127,0.5809497942474413,0.5110473967145974,0.5653210229900311,0.5495661285459388,0.5707887650670384,0.5874035595750866,0.5184353645778937,0.5784201937120291
2021-05-25,0.7726058861125847,0.5648309358416755,0.5732758861818233,0.52606936344979,0.562790606372335,0.5519737190709714,0.5699274109163422,0.5950417459351989,0.5069302645918321,0.5770090381806373
2021-05-26,0.7805232430587195,0.560132572417379,0.5841271551859103,0.5661876294095111,0.5427540467978579,0.5255374931284953,0.5519326212303163,0.5833036683450232,0.5000223078119165,0.5722989871627838
2021-05-27,0.7892309221788794,0.5572528381543677,0.5730722697671169,0.5235183323340142,0.5216279546989671,0.5430297277930737,0.564035085932141,0.5810139853798837,0.5115414045858756,0.571900909240109
2021-05-28,0.7881539684517412,0.5533082763821443,0.5692965905837727,0.5168494028479896,0.5094254766923171,0.5465162177965109,0.5605643131713932,0.586869652789903,0.5103099019510232,0.5811014462876564
2021-05-31,0.7827834481477111,0.5597392038782089,0.5632653089308594,0.5095086273160601,0.501787366917573,0.5547816704730565,0.576095588452192,0.5811476086943224,0.5108351035682653,0.5893635732773882
2021-06-01,0.7900503456202649,0.5621583007721341,0.5603648310347022,0.5000886415180285,0.5085614558755628,0.5507458434708904,0.5677334523499962,0.5809650896965467,0.5088916989303681,0.5748576335163041
2021-06-02,0.7921259449850009,0.5488013962509285,0.5516463805891746,0.5223033056410514,0.5110980581556896,0.5507754600272001,0.5694398036122329,0.5857956428693191,0.501024444592815,0.5730892512454558
2021-06-03,0.7924967726741773,0.5622609184598132,0.5601973873141379,0.5149718276670289,0.5091651534494298,0.5410932270136989,0.5636273211407267,0.5912730027315553,0.5158759517509749,0.5585538200664383
2021-06-04,0.7803210630938114,0.5758740616063452,0.561235368350499,0.5169427204211575,0.5180883748279864,0.5452822438188661,0.5662651639306336,0.6044331518425851,0.5070305896935724,0.5708029526571715
2021-06-07,0.7745223340934903,0.5760075765066733,0.5607318045588437,0.5347578152562776,0.5054498723573485,0.5529065824409976,0.5749587613097306,0.6024441828795432,0.5113063857338583,0.5774901365761193
2021-06-08,0.7697030478688839,0.5805542931702625,0.5844671062626839,0.5388698073451473,0.5036338803172175,0.5396406119577662,0.5674309592591268,0.6069245460010431,0.522385876459298,0.5719119287615932
2021-06-09,0.7706745754938001,0.5759797728184688,0.5820962800874709,0.5441029431569545,0.5009298476044838,0.5350859529952748,0.5622652893868698,0.5942802849396639,0.5216396498809894,0.5944599865744707
2021-06-10,0.7726306957393079,0.5809615189657856,0.5607738361504399,0.5468139911782943,0.5286553406792381,0.5289022588670765,0.5598639120612167,0.5704149953328954,0.5396735077600417,0.6121223550324794
2021-06-11,0.7651978388357229,0.5716449663246711,0.5659272859856085,0.574048202454205,0.5150682496741675,0.5472495554927481,0.5745593383175462,0.5459512154578889,0.545398695007109,0.6167366676795305
2021-06-14,0.7753657980828553,0.5653525189125153,0.5825827166117464,0.5291259057588636,0.5001768277850364,0.5307749192029284,0.5564872084472433,0.5325797062251864,0.5380080483868939,0.6292347960951995
2021-06-15,0.7652633630602729,0.5809866314151771,0.5916877003857286,0.5177589220433928,0.510620593710671,0.5200209131147081,0.5587725622745786,0.5169658454016973,0.5506303257530987,0.6365521632997023
2021-06-16,0.771789440499666,0.5713721178787866,0.5921072526513299,0.5217785926373328,0.5100537825411254,0.5058716127263401,0.5596110252695448,0.5196649064809349,0.5415394298437587,0.6318647691899557
2021-06-17,0.7675705545990562,0.587444585712713,0.5973844728239699,0.5905831968360898,0.5328774585677413,0.5106062712194906,0.5613509550319903,0.5026448391460273,0.5365440284299484,0.5887788353919939
2021-06-18,0.7373370522758699,0.5765164539710548,0.6087661962957323,0.6577552484470047,0.5576269872617928,0.5145017288473857,0.5338052385939308,0.5178273354217164,0.5212084007336556,0.5822744737074962
2021-06-21,0.7465829965710181,0.5702104323419382,0.5728183654803587,0.6132014983019419,0.5792742014699618,0.5308791636755359,0.5623115489965516,0.5308085212185114,0.5275242483679067,0.6201413267791348
2021-06-22,0.7349240368807859,0.5630023771851251,0.5483173157139102,0.6616934274376541,0.5750950071144375,0.5153183895869442,0.5390440321923669,0.5472062710416715,0.5487632229935155,0.6070913042976291
2021-06-23,0.7340006642024718,0.5781264139852721,0.5673210616856762,0.6594518817428785,0.572285835257613,0.5124160945529685,0.5357755005334769,0.5405930144135748,0.5559059638954891,0.5941354254484423
2021-06-24,0.6834995644595628,0.5420112301464249,0.6031540764256728,0.6692349871577559,0.5784389482158346,0.5702231239287733,0.5464729024089721,0.5522869384656974,0.5878955094120352,0.6126481346298013
2021-06-25,0.6768213806809932,0.540059627440884,0.6103267852892137,0.6712117245153251,0.5499367827863905,0.6001225007722594,0.5633842621972464,0.5412191946638948,0.5796842803926853,0.6103209583444441
2021-06-28,0.7040654848663048,0.5372328766106086,0.5899710168340694,0.6497090570219708,0.5357400673138343,0.6099440792222424,0.5598634739458989,0.5045473816936147,0.5950636451712071,0.6075548812380269
2021-06-29,0.7111730937751548,0.5132466835558261,0.5814386309903989,0.6226544646457063,0.5041407157009982,0.6342666778255676,0.5581490756328845,0.5015900203048941,0.6131736414886789,0.6021194890607529
2021-06-30,0.6748974904226124,0.5177824721222459,0.5870648335617227,0.598488484868939,0.5340845321306171,0.6736810151826056,0.5673163092251367,0.5877673988515989,0.6123924419529584,0.5820486598479988
2021-07-01,0.6361079159869069,0.5322505588906626,0.619011559324315,0.6234444084027765,0.5363617922260505,0.6842842256417802,0.5811939981831119,0.5338168158430315,0.6096294718764126,0.5842962354819768
2021-07-02,0.62369539944743,0.5313995382472299,0.5858045088021393,0.623784642481784,0.5270579129402194,0.7023494542112355,0.5773340487527153,0.5381181356123411,0.6142397889085295,0.5998892777940363
2021-07-05,0.6335913913588483,0.5283068789780957,0.582200330967438,0.6486559417031635,0.54469250486014,0.6883560123075272,0.566553440205425,0.5256516135817993,0.5983739516728379,0.6066183897847974
2021-07-06,0.6345111064967595,0.5404136440811621,0.5747500924872038,0.651081943145103,0.5428199101452487,0.6840418608957961,0.5612891708483371,0.5247381846075144,0.593629316019239,0.6188761562082433
2021-07-07,0.6218343553115082,0.540968753303438,0.5778245815423955,0.6450195142671704,0.5328364278416488,0.7039183273115016,0.5660242573896457,0.5579232748013337,0.5874947550542283,0.5973199954926142
2021-07-08,0.6033040862109134,0.5327412470087839,0.5895866886420875,0.6318631778228518,0.5412425188945412,0.7122993477551427,0.5711110655469083,0.539864614047776,0.5815419775691225,0.6178418073344515
2021-07-09,0.6218975859518058,0.5400846133108428,0.5954098903312841,0.621775294823675,0.5302747398286781,0.7074428296928668,0.568181682966887,0.5677249260482705,0.5716199569784585,0.6113513835693923
2021-07-12,0.6097163517116372,0.5233651249042635,0.5793022305986132,0.5980308764211709,0.5345831202639856,0.7160300356602857,0.5717989191450689,0.5535714726759474,0.5847395540651595,0.6398494179243498
2021-07-13,0.5685260099908358,0.531573611877986,0.5808029713600501,0.6082483388493038,0.5671295458375427,0.7241691404148508,0.5704305917379325,0.5524589113148773,0.5954822145278892,0.6248364638070275
2021-07-14,0.5651425113677817,0.5294807923809811,0.5574380644997164,0.5774876080482535,0.5500710988306637,0.7159679060210226,0.580187068274585,0.5291596261645511,0.6070267525766792,0.6697373255858338
2021-07-16,0.5274998883917431,0.5411277012607186,0.5305462081436326,0.6250174348074548,0.5662689854759767,0.7220589696165023,0.5708891760127467,0.5155813037311614,0.6187648499826498,0.6379349240927888
2021-07-19,0.5277250050099356,0.5427225900197049,0.5294354764493163,0.617200752400179,0.5826496950089545,0.7267848324397255,0.5546780357094426,0.5394922303153521,0.6131718199132011,0.6352598791097145
2021-07-26,0.5040744982778983,0.5569469253467871,0.5468812927053156,0.581769577653331,0.5635559996015477,0.7047302837863624,0.5308977429785295,0.5047942648512104,0.6419794455809069,0.6785434546109922
2021-07-27,0.508372051937721,0.5561571426966507,0.544456839029368,0.6276990524671882,0.6097043613782184,0.6811992254765057,0.5470474082910491,0.5398269306398383,0.608876793035951,0.6705342526665352
2021-07-28,0.5020997810954647,0.5285693326904067,0.5719732868897964,0.6027486441842028,0.5788495146337237,0.7113249154765754,0.5485823818014439,0.567509798177339,0.6348246697739454,0.6363161004519237
2021-07-29,0.5563752454457717,0.5352638835608147,0.5483349518644591,0.6407629982668124,0.6296242944704401,0.6770820317807994,0.5114680965834699,0.5732924844917489,0.5987613068123955,0.645331714134798
2021-07-30,0.5507143237060043,0.5029342644772625,0.5824084259315784,0.5785667376436362,0.6161392801464034,0.6947494799019746,0.5096706021364714,0.5939122918254677,0.6229258045930302,0.6418703379646178
2021-08-02,0.5188671613908039,0.507946098597342,0.6394494251347981,0.5663171010473775,0.5841658844019316,0.6779243108618838,0.5094627502968092,0.5888995511503803,0.6317292453555811,0.6508697331302298
2021-08-03,0.5396301915028465,0.5141747375524436,0.6910234964665687,0.5746362996651994,0.5031992094166368,0.6861910947402688,0.5200421203198072,0.5813436855811962,0.5812413866932123,0.6377790950532705
2021-08-04,0.5441648834126215,0.5104837799053794,0.6758913868010109,0.588683410621133,0.5115865520978519,0.6955403911812429,0.5439680601313952,0.5556480901598869,0.5868717958057307,0.6389288859218042
2021-08-05,0.5115159773094101,0.5035978912272266,0.6645855984917303,0.5748584811171469,0.5245603132696084,0.7041350908060163,0.5481419256012495,0.5836352797426902,0.5887249975095016,0.6371654571778655
2021-08-06,0.5055259060387732,0.5144337821501044,0.6863725634714166,0.5814660185833705,0.5141409712667657,0.6825846611920028,0.5257958673472506,0.5758171495971754,0.5801807461114434,0.652056082563246
2021-08-09,0.5125441928471114,0.5197616506388324,0.7098294530526866,0.597893484743083,0.5425640651964173,0.6659777674910637,0.5164733905194593,0.5534162540237376,0.562031984795314,0.6435922800963786
2021-08-10,0.5412376071395917,0.5172962075795714,0.7470010918822972,0.5725208810168422,0.5941152997966433,0.6263728416398182,0.51048059804731,0.5647387292600531,0.5120540437622754,0.6164841781735912
2021-08-11,0.5915106339997335,0.5225904943711749,0.7556845945009578,0.5554764087167011,0.5938639771377631,0.614866882236014,0.500806448726696,0.55863259793387,0.5015911225387439,0.5912607820546392
2021-08-12,0.5668985935203076,0.5141840807437871,0.7503817115372217,0.5719265525234808,0.5894066247871333,0.628432061231584,0.5028110207445468,0.5713210929549432,0.5014668763514667,0.594789134119808
2021-08-13,0.5770667476354029,0.5355163911000562,0.768584322339235,0.5569248967786876,0.6013314994453128,0.5944782647614465,0.5110749224412275,0.5640024225572605,0.5192746409096287,0.5689038484332177
2021-08-16,0.580750314400038,0.5503958559123684,0.754209093483138,0.591529768511051,0.5954269298458328,0.5940552770683237,0.5000540297169874,0.5646310161066457,0.5153815619952049,0.5817577893124551
2021-08-17,0.5990499389182252,0.5637064371629715,0.7369450891456859,0.566075622128707,0.6150050792104172,0.6049541372259442,0.5183615375415515,0.58879005378017,0.5095936538186172,0.5646401608572508
2021-08-18,0.5998350178286157,0.5586259196450541,0.7270217175980078,0.5820394020431338,0.6243649161919015,0.6123022233450983,0.5279273749961364,0.5713109257038825,0.5223467365783132,0.5706737103950764
2021-08-19,0.6105814189701045,0.5612418731646299,0.7259732895923574,0.5823693235206011,0.6237840658015282,0.6009171560315802,0.5241183618107742,0.5645656823334325,0.5417416579153673,0.5726918478890427
2021-08-20,0.5851312636391868,0.5484877375682403,0.7494030721588549,0.5702864961342446,0.6169306775041591,0.581047804766561,0.5126921655158833,0.5857354729304798,0.5382481327197057,0.571795002521175
2021-08-23,0.5819947380671442,0.5560787412923786,0.7381856991298751,0.5952344515211138,0.6031943993468863,0.5851622531223359,0.5195782687273841,0.5929496291338024,0.5511684699581026,0.5768002141611297
2021-08-24,0.560066843574188,0.5420932006189005,0.7499366589238875,0.5855427816182192,0.6079533580216249,0.5655045215361488,0.5008378941334313,0.5993379234516669,0.569252223028967,0.5730478033087737
2021-08-25,0.5649195615335484,0.5483959584799636,0.742583524865842,0.5690549128788701,0.6155506554527894,0.571326517985407,0.5092824706233755,0.6061300223527316,0.5662726084715901,0.5822059282082385
2021-08-26,0.5859228338088829,0.5317320741215165,0.7468241422626654,0.563963974614833,0.5912449638353056,0.5678183878766758,0.5124322540363142,0.6132910428006354,0.5745670090054981,0.5789510522430131
2021-08-27,0.5729293689831523,0.5361896834364928,0.7594328377837126,0.5685829335758507,0.5934034063649721,0.5750357297914198,0.5041667365834769,0.5928218749809471,0.5411759935243657,0.5882633972145458
2021-08-31,0.5820611368980252,0.5239376898894063,0.7634903251401175,0.559292470849499,0.5904939029021362,0.5721655479098244,0.5127003679160568,0.5926482918111029,0.537651609055169,0.5854497374498109
2021-09-01,0.5862496072402831,0.5189316268570725,0.7573674946922861,0.5818224460276008,0.5809989667447536,0.5782645793698206,0.5166131027581007,0.59408785882774,0.5499190066273948,0.5779369314642973
2021-09-02,0.6010848711472204,0.5240855029067663,0.7603998298180022,0.5792892638256328,0.576736078287493,0.589162570572409,0.5226933543726612,0.5798069670820312,0.5134727343823564,0.5728968117098177
2021-09-03,0.6037666112408171,0.5271531270941916,0.7524771794831843,0.5785008246665992,0.5862639360722545,0.5956895017259922,0.5287984178516738,0.5953736988802302,0.5142970261832492,0.5545101814783903
2021-09-06,0.599380446428821,0.5131150599917065,0.7697848608921554,0.5694984963302749,0.5866738369938825,0.5829889534224677,0.511860549697209,0.5775799339290936,0.5084695297929834,0.5530862401144498
2021-09-07,0.5914669923672987,0.5161917703255248,0.7642388767575206,0.5786558995720877,0.5995911379800004,0.583894203662665,0.5178592730534305,0.5787802031173855,0.5179715872233038,0.5516614779856722
2021-09-08,0.5791430043692698,0.5054443572512686,0.7664205975352538,0.573317863956695,0.6138476516414914,0.5714356945951932,0.50708650662968,0.577448144764372,0.5432016831113893,0.5498321743909566
2021-09-09,0.5712573741774549,0.5020483131447234,0.778115211947121,0.5760737052833244,0.6045885010033925,0.5624494477035746,0.5070274922906831,0.5692367194459796,0.5259824623191607,0.5503700012056647
2021-09-10,0.5694492982175997,0.5086686292450499,0.7836735495689647,0.5519546723332441,0.6097077008964491,0.5506780255061567,0.5054156619438795,0.5715312265859201,0.5307945810407493,0.5484189668937282
2021-09-13,0.5602498750750013,0.5013723301308264,0.7847688787438899,0.5542458933844886,0.6129303318827756,0.5448773456141679,0.504291769334947,0.5746507237236914,0.5267630106394261,0.5486683114657535
2021-09-14,0.5615518036027932,0.5018798586035623,0.7861204055439449,0.5638596363101883,0.6049079047151614,0.552021989162186,0.5059660493175833,0.5764319845848789,0.5156994800646084,0.5392446376365722
2021-09-15,0.5640239325029094,0.5001497782237477,0.7816515283739381,0.5554223828266137,0.5993318748831444,0.5495336739639572,0.5099094423692793,0.6006915278716825,0.5312190375367373,0.5328753011972558
2021-09-16,0.5717499312129565,0.5051833456642548,0.7741383093879075,0.5625437656813537,0.5925661709263936,0.5606173980456592,0.5064765446846812,0.609910173389988,0.5370234527985325,0.5337159200009812
2021-09-17,0.5818158362070666,0.5004275024181053,0.7801874092920723,0.5533428437192359,0.5856248314691251,0.553059844097042,0.5074353500747592,0.6048958389162287,0.5302250283725224,0.5307850837933266
2021-09-20,0.5799255105570384,0.5016219498418498,0.7902556590302715,0.5384428125203141,0.5696631191762077,0.5334038994639229,0.5226346997242696,0.6074647414037021,0.5199189202581501,0.5238256455289626
2021-09-21,0.5849508966161147,0.5031492051425649,0.7875842021838131,0.5550512894578664,0.5523252898827475,0.5445150249145049,0.5111160886646343,0.6114413980950595,0.5128173063845468,0.5268823656238776
2021-09-22,0.5722053801722505,0.517791263439464,0.7877353432372445,0.5521294945514773,0.573987744002682,0.5560549027311646,0.5023039347395372,0.6019288961754462,0.5081012907083334,0.5315448235958852
2021-09-23,0.5522056830683898,0.5125376572079936,0.8028261825961461,0.5512849842540737,0.5687518811377373,0.5269458780329869,0.5270093498854299,0.5840502239319524,0.5109623099812292,0.5229699711623272
2021-09-24,0.5525404138170703,0.5044088016181343,0.8042272964546111,0.5505125088926344,0.5494499077544303,0.5173654557327103,0.5325394832625173,0.5928453856931539,0.5159479019194487,0.5233483492299322
2021-09-27,0.5514539375352292,0.5000553952227184,0.8009415853324486,0.5452530585706588,0.5556112702959904,0.5241728682319788,0.530044325177552,0.601167191002536,0.5116392719087678,0.5300007942964116
2021-09-28,0.5524669892069686,0.5142500519376209,0.8051790962973784,0.5487801103386092,0.5413024041355803,0.5191462402467694,0.5305761374926555,0.5920450179397782,0.5136882702114683,0.5312163552814667
2021-09-29,0.5643573694841725,0.500886774856549,0.8006041284409299,0.5485034254041358,0.5446408727305846,0.5272856675161949,0.5300782429521471,0.5966817714884264,0.5081374238079158,0.5346039152331937
2021-09-30,0.5676632596778658,0.5090904092707004,0.8027274308300806,0.5302675857678738,0.5403916565010436,0.5288795833326786,0.530580463033662,0.5883100409578598,0.5159408686961674,0.5493627302575864
2021-10-01,0.5720231509621113,0.5081298634206667,0.8049884962262529,0.544631612501239,0.5278789586048463,0.5275020937065433,0.5367466167027425,0.5743505966449178,0.5282862506007359,0.540443540495537
2021-10-04,0.5796994614047587,0.5062496976427968,0.8044615318275627,0.5592036680405725,0.5136159184126586,0.5244097928411708,0.5337930033569599,0.5617973906820307,0.5372774458523811,0.5372347392765753
2021-10-05,0.5818027741857579,0.5027726871798948,0.8022324325077791,0.574701122705639,0.5076687028928194,0.525284085615878,0.5328856991489126,0.5553040573949396,0.5323574904296026,0.5400239841860913
2021-10-06,0.5705824558262275,0.5104145382986899,0.804704543594193,0.5789146930398534,0.5212402877631391,0.5245344939682272,0.5343013677095502,0.5533073009461676,0.525329190900851,0.5351492030779416
2021-10-07,0.5619228383645761,0.5072268839604335,0.801552731214732,0.5884205888299754,0.5130379475576038,0.5337468566715765,0.5322482313587329,0.5575699571607239,0.5356880401719808,0.5391851004822823
2021-10-08,0.5539846628316366,0.5042644950518195,0.8067309782543138,0.5794146518594928,0.5230261190479054,0.5168253402925993,0.538742589648363,0.5540051264386149,0.528029007753764,0.542089665915317
2021-10-11,0.5469236492189123,0.5102503392988081,0.8087445983818323,0.5599875353123323,0.5221504695016532,0.5152498546470496,0.5386546085524719,0.5583179361716474,0.5294049578898454,0.5583049570832112
2021-10-12,0.5402889276448991,0.5108880331582979,0.8085238803206951,0.5638777380117659,0.5238983681130541,0.5145125021350894,0.5357344333606718,0.5475652278299152,0.5316542155404455,0.5691294387967349
2021-10-13,0.5443779117293012,0.5138966018780665,0.8110109042786836,0.5278037011616062,0.5203917181173899,0.5025742812457308,0.5456650915895376,0.5493610222046742,0.5455203017202563,0.5665688371235825
2021-10-14,0.5461410262203505,0.5131560051222791,0.8105688021299344,0.544373448389186,0.5117740519370558,0.5016297237685134,0.5400082481632404,0.5367390734568326,0.5531277240498991,0.5668789485596041
2021-10-15,0.5468799493862319,0.513483433867212,0.8107797538528705,0.5562266289521719,0.50531672913746,0.5246942143505903,0.5504409757165084,0.5225697748275179,0.5433988411630452,0.5584026647270529
2021-10-18,0.5378513885865778,0.5118041004910626,0.8104408133708517,0.5497791826188534,0.5007535718855123,0.5275414968947163,0.5563005901667953,0.5150691531025625,0.5473618321551822,0.5654866412406138
2021-10-19,0.54639412188732,0.5148114395091222,0.8116846420767708,0.5570091518249685,0.5055823161894021,0.5153027631515891,0.5492509843338361,0.5218547470703748,0.5472519825989534,0.5542271355112046
2021-10-20,0.5449789155817111,0.5126489560430073,0.8116853354092523,0.5357049492044897,0.5244460041790888,0.5088342413121149,0.5433663837266495,0.5194026257246908,0.5543098191318726,0.567993440505628
2021-10-21,0.5404486904636586,0.5107216760763824,0.8120411541557512,0.5158347556552089,0.5211906039949601,0.5255686675644056,0.5492882833747575,0.5269492470257122,0.5568689067514525,0.5651703232492133
2021-10-22,0.5399741692694089,0.5080754184909462,0.8106740315715047,0.5255691515014908,0.506356860784325,0.519460683195304,0.544500329433536,0.5354399139479878,0.5663258877947558,0.5649716171537503
2021-10-25,0.543815315220097,0.5075308836326043,0.8109095788206385,0.5212647370195517,0.5108757912106295,0.5241752075185399,0.5370235720780209,0.5350213832354573,0.5730384594122648,0.5581642294934731
2021-10-26,0.549069727185225,0.500808562846034,0.8080457766244408,0.5231273147225293,0.5003414032952836,0.52063803919926,0.5363952527275311,0.5391504889537965,0.5766406277237898,0.5641742922536271
2021-10-27,0.5784418979437332,0.5025142686601499,0.8037861661177295,0.5241713403130867,0.5050719863721053,0.5024811271253221,0.5202351434785393,0.5388917073736599,0.5748054291721433,0.5673172384232003
2021-10-28,0.5798958302612608,0.5058958456917619,0.8028264242928281,0.537534668220961,0.5106503289605969,0.5012586333371796,0.5186204369266497,0.5335887574351806,0.5818896360185835,0.5573102120362071
2021-11-01,0.5848451932720594,0.5288025617759461,0.8001998309999023,0.5283943166661912,0.5151755059273277,0.5138605255418444,0.5193380539405189,0.5199226382178187,0.5772267756073698,0.5707063229891703
2021-11-02,0.6234754219283415,0.5183803296616734,0.7738010704947977,0.5213508660964125,0.5629660029882525,0.508880273770263,0.5006385875976899,0.5039760119104048,0.5911976856197395,0.5879056196344313
2021-11-03,0.6388567308027939,0.5118205651428583,0.7635225085294364,0.516339293667959,0.571466713508925,0.5022360063332739,0.5046590701626005,0.5284720534437263,0.5890571231267663,0.5900171196860502
2021-11-04,0.6498461500218254,0.5144393115624759,0.7472898215157707,0.5224763618588298,0.6214030914426054,0.5143218843336186,0.5032592448967237,0.5115680311342222,0.580383338983545,0.5723985901671355
2021-11-05,0.6599490471743888,0.5322136279660785,0.72446409979237,0.5170736132981918,0.6453647305203403,0.5009840643015112,0.5095202268855706,0.5124014148746155,0.5871962690615774,0.5695310205219176
2021-11-08,0.6475793778536624,0.5521063498405768,0.7252013819213546,0.5176266009443918,0.6560453663662406,0.5026989139767267,0.5013878965219697,0.5306383067399251,0.5893663347371728,0.5480165886705626
2021-11-09,0.6111024474883476,0.5398421791094526,0.7118524408528875,0.5012347152899387,0.6717545212744743,0.505219537830534,0.5140655703958363,0.515086779189183,0.6346876520233736,0.5648375113805731
2021-11-10,0.6165415655490941,0.5295384572495545,0.6869211766369084,0.5043706815216715,0.6914861985604981,0.5041365051670994,0.500957247098785,0.5259198756706758,0.6415762062587632,0.5655543412135317
2021-11-11,0.611746345794511,0.5199541733009582,0.7041777396521723,0.5105559019692558,0.6753740443959105,0.5093667452321576,0.5051279229991325,0.5303460130569082,0.6370275024787013,0.5765389831549698
2021-11-12,0.6117668820278795,0.5397691676690157,0.7010690856027529,0.513735905053038,0.6818436410961208,0.5124864629281928,0.5021441968418697,0.5268895621718124,0.6313312776302847,0.5722610824828571
2021-11-15,0.6144747167355138,0.5366874306498329,0.7199146548409598,0.5222523435209286,0.6245089482688001,0.5201601456359131,0.519230781841758,0.5225495072151038,0.6610182923564709,0.571336927151438
2021-11-16,0.6264334672785726,0.5374185021091856,0.7014118872978106,0.5064290757680803,0.6432947307198466,0.5501142887286936,0.526747431474453,0.5446568179224378,0.6581555006529111,0.5484749744896165
2021-11-17,0.6147429039665083,0.524715289935103,0.7010457670969669,0.5273215445913878,0.6470427345614541,0.513965872566054,0.5151341044868636,0.535460448879271,0.6718450869941796,0.5577462935276646
2021-11-18,0.588001670326321,0.5053155269439773,0.6938054258119184,0.5316449555165276,0.6325440389709905,0.5303994499917056,0.5201707269368918,0.5653191454487977,0.6921890299440289,0.5683702784528637
2021-11-19,0.5817518448066111,0.5193025213450546,0.7196545436299554,0.5419426473624681,0.5856513270873327,0.5146423591099077,0.5194851629664442,0.5561668400924833,0.6963474111493717,0.5664124654526966
2021-11-22,0.5645541595072643,0.5184020858082014,0.7484529037990622,0.5629358722653967,0.5742184404759217,0.5135867984848642,0.5075203898594773,0.5532471918969362,0.6701438354020118,0.5581527555816254
2021-11-23,0.5287379518666543,0.5147440369648936,0.7577716042346734,0.5538552567171945,0.5701567942002558,0.5408917785064947,0.5422749120412133,0.5636003770073582,0.6544969339545299,0.5665257387407667
2021-11-24,0.5392988326787603,0.5083979317416977,0.7555909532401804,0.5350112864954875,0.589060644365226,0.5383218302575016,0.5460599129454365,0.5543779459343103,0.6616330402429144,0.5483692537836683
2021-11-25,0.5336064030558505,0.5047359001764024,0.7658384449156163,0.5564573423629404,0.5530305780693588,0.5398267133826069,0.5569918958430323,0.5519595608619998,0.654593959112676,0.5430837332681521
2021-11-26,0.546424957549742,0.5124946685796197,0.7740672482771398,0.5618290028240107,0.5164958338225615,0.5486269915260742,0.5682089722673792,0.5381131140748127,0.6440221635738442,0.5194905545114793
2021-11-29,0.539968116141701,0.5288312310482179,0.7721191138591611,0.5614012611612826,0.5225790200515095,0.5660078518013382,0.5799182816422309,0.5349250397111426,0.6316726498664252,0.5324386869573332
2021-11-30,0.5380414063308457,0.543019319025409,0.7735937174595238,0.5603703003177851,0.5073020525822599,0.560464351257964,0.5811723796237748,0.5360818328903543,0.6261833800598218,0.5423420392222175
2021-12-01,0.5365237755912903,0.5473588034787045,0.7696085628017642,0.5492289548445811,0.5332059900896667,0.5617611598438629,0.5778503629606133,0.5443241634761349,0.6311207988569565,0.5478220504858585
2021-12-02,0.5287753507442079,0.5517742492461197,0.7726926330344216,0.5499229269110374,0.5152369237125881,0.5660626243605656,0.5766962322303981,0.5369862251595979,0.625925975774163,0.5551803246352345
2021-12-03,0.5253292460503465,0.5521042609453988,0.7645807423031182,0.5659585870789029,0.5206202628244855,0.5715476589038673,0.5760638443761268,0.5410849611819729,0.6298163686935676,0.5594217739460243
2021-12-06,0.5356633295004961,0.563301897293825,0.7594006220259214,0.5619436006476871,0.5340926439325466,0.5745109545291237,0.5676680330769501,0.5454942093391977,0.6312609292920243,0.5641413081621882
2021-12-07,0.5165691899205108,0.6001614523276557,0.7457830359196581,0.5496659360447751,0.5347539816622245,0.5818842797944248,0.5733216081641618,0.5599471273607536,0.6249755132452589,0.5736666874692032
2021-12-08,0.5226472927931232,0.617316230962892,0.7207577283639245,0.5399212590072205,0.5702044974597086,0.5873808373086589,0.5708552787301044,0.541413832629387,0.642035678330873,0.5838667960015987
2021-12-09,0.5067823982828497,0.6258897541140287,0.6890182409810289,0.5284251026207026,0.6136546039895978,0.5960586197018746,0.5696487520885987,0.5517611110608532,0.6473764380654057,0.5853603825057762
2021-12-10,0.5070405360028495,0.6363591177579769,0.6846282295401401,0.5197386394683347,0.617525115588952,0.5996729543611753,0.5845804086870442,0.5534478224761067,0.6335878993143688,0.579921481513859
2021-12-13,0.532532311094775,0.6484548754907039,0.6537953021008133,0.5304697760946075,0.6163526641079379,0.6168511250370966,0.5833434169327307,0.5677318327440974,0.6374774162930276,0.5762011378818849
2021-12-14,0.5539565118413236,0.6539395648224388,0.6329934672858654,0.5502075796651361,0.597765195184722,0.6271169624075325,0.5728936531455782,0.5536396017946468,0.654514989489183,0.5806971119625456
2021-12-15,0.581704460023881,0.6377228919183496,0.6269597693540963,0.5421717020500431,0.6113248980589626,0.6390293544273777,0.5751225724393044,0.5728432550831001,0.6398954411544248,0.5729930983011254
2021-12-16,0.597805658604395,0.6529018807115562,0.5969981767361675,0.5483412105761536,0.5988817092335506,0.6344881383139732,0.5775188242262278,0.5629080622853656,0.656838533556939,0.5631750774793173
2021-12-17,0.6271469187027167,0.6560980782145304,0.5868254089279507,0.5384708587479566,0.5824819403300446,0.6179828056555096,0.5756799468242894,0.5668685408975881,0.660380055281257,0.5701118562645553
2021-12-20,0.6471337600429949,0.6654171609881404,0.5265379632183975,0.5829801457008887,0.5548176777768161,0.6012523302703693,0.5650192877026622,0.5795173044301368,0.6602666055673208,0.5708311797567488
2021-12-21,0.6230902116943999,0.6805787024920011,0.5231375081509045,0.5809702877306276,0.5523443963943591,0.5839590671405144,0.5301652550369933,0.5762984335543915,0.6759019265957008,0.5937964241346926
2021-12-22,0.6019583378193983,0.6704413541212105,0.512254564023562,0.5496956068151208,0.5496955962302733,0.5258794309068573,0.559415699847198,0.6024136891313988,0.690914882768022,0.6242531560504847
2021-12-23,0.6352185656739288,0.6409128233686483,0.527598734167248,0.5412821906440297,0.5399772242553255,0.5090315672002507,0.5844807618100455,0.5996315703250673,0.7031182562176498,0.6024914378417617
2021-12-24,0.6408002447097833,0.6439517178042484,0.5062809427276737,0.5571702303160891,0.5744441041278363,0.5574564341958127,0.524920111553855,0.593069673173939,0.6985882107111682,0.5984530331585659
2021-12-27,0.6523119599397458,0.6322023586112292,0.5259378715868525,0.5623744557003052,0.5399008602309887,0.5556054660342647,0.5432178792703203,0.5926924373738118,0.6950800273796918,0.6125674545516733
2021-12-28,0.6577465551965653,0.6332062622908051,0.5331969477295041,0.5624622612585203,0.5534829254019931,0.5727074126753384,0.5115391672767068,0.575103329084349,0.6931723223992998,0.6106510549951072
2021-12-29,0.6777480505165467,0.6448029604630039,0.5176953107360772,0.5407585246987526,0.5569245429845225,0.576383335377212,0.5075889112198625,0.5807998090248764,0.6790402978321429,0.5941170359448092
2021-12-30,0.6630260528440693,0.6342602722841465,0.5601956188082671,0.5587045010577351,0.5268483435841552,0.5741064511496656,0.5021629739330822,0.5728991639817033,0.690612461556657,0.6075796858234294
2021-12-31,0.6715441612499492,0.6313401786198257,0.551916940435358,0.5662511279972633,0.5315354023170814,0.578596470155839,0.508204232721297,0.591954170981588,0.6825338133490012,0.5912991234117523
2022-01-03,0.6553613364026986,0.6117797377502491,0.5903926951395811,0.5848304037588246,0.5435874247106628,0.5969753484935136,0.5285978034908654,0.5891304701714918,0.6692270437148956,0.6020209318912498
2022-01-04,0.6522598973988808,0.6229166602523686,0.576267689086591,0.5801680330643423,0.5629823218143443,0.6185522159774746,0.5529305907780058,0.5995143792320238,0.6610521007801472,0.5625453148488757
2022-01-05,0.6294478054579452,0.619670748435123,0.5936671759693276,0.5893241903970379,0.5750555486686291,0.6277254241620104,0.5545535917216856,0.5989593770835636,0.6519715116918,0.5739555642690034
2022-01-06,0.6061153929971361,0.6410781328353093,0.5727522593955242,0.5790560260331148,0.6040736788108765,0.6206966930896941,0.5540131525990878,0.6057444970190532,0.6567331404423913,0.5658880069217348
2022-01-07,0.6092394589024178,0.6503945859974111,0.5664487899286069,0.5494760992603459,0.6152482979255273,0.6287047927079003,0.5392419048802144,0.5988758157120134,0.653513252716313,0.5704714659978675
2022-01-10,0.5924396676292086,0.6385848429645983,0.5386954810557195,0.5313105018115579,0.670310210347704,0.6248207350191258,0.5405457142618743,0.5867443615027668,0.6489683240521931,0.5702615689728291
2022-01-11,0.6423510383297949,0.6371367760584947,0.5049910177824302,0.5200716448851411,0.6682292117291482,0.6082954590909941,0.5233642142234128,0.5879751620023619,0.63818443030137,0.5648350978317276
2022-01-12,0.6258447934827515,0.6589880050107922,0.5183074551444677,0.501889704662371,0.6620172469871733,0.6083070437388213,0.530080057061857,0.6020984942458767,0.6319438625986992,0.5542234280286243
2022-01-13,0.5963137980692489,0.6353891647885541,0.5227739616947776,0.563329708846398,0.6764515665949307,0.5882013968540253,0.5297027852309671,0.617231498256445,0.6430368266624048,0.5705377696005115
2022-01-14,0.5889193936313487,0.6402055388064262,0.5378383290476652,0.5609127903926466,0.6796269162972131,0.5782977063038338,0.5211116945936619,0.6142425065916874,0.6459063773591496,0.5722680252316368
2022-01-17,0.5756293192893963,0.6396580543250608,0.5412461595828754,0.5324433085294307,0.7041231152427475,0.5851780300962556,0.5163073483018096,0.5912854113310798,0.6396282431580315,0.5782086049165835
2022-01-18,0.5641819780104823,0.632342252237454,0.5362951916833194,0.5049617316959,0.7264119586442975,0.5795466161376441,0.5197375420975028,0.5907236983970263,0.6291232893754268,0.5724715828972148
2022-01-19,0.5449720885537089,0.613632049542568,0.524087753236677,0.5019524448820737,0.7373926979719992,0.5588055113774885,0.5091847564642462,0.5896794734049142,0.6382520920261382,0.5924043176052312
2022-01-20,0.5272358411789799,0.5886791960780978,0.5337576727412857,0.50397422813297,0.7599791496420806,0.5518238384189638,0.5076441874072762,0.5907822823508219,0.6211196717214892,0.5900291372068438
2022-01-21,0.5285983922806049,0.6060230722020161,0.5563671527084407,0.5082434002495303,0.7544203127836125,0.5448727042512727,0.5117319450078577,0.5792200177335002,0.6150767798380218,0.5969936674933254
2022-01-24,0.5178683003162561,0.5992540220428958,0.5547431691246608,0.5165320753936183,0.7573620951139554,0.5297563589109916,0.5237826949427826,0.5845454230488066,0.6167752783006607,0.5959148076371515
2022-01-25,0.5259222579071078,0.6088513002140791,0.5112974681141628,0.5021976974434744,0.7476492906997549,0.5567745961015138,0.5019730083147721,0.5953255647559067,0.6293535649330132,0.589896344045048
2022-01-26,0.5243864421603676,0.6097750423450633,0.518167422646228,0.5021774156264474,0.7556479191644535,0.5716410462653293,0.5113005722972018,0.5888376600311559,0.6052920262069565,0.5923932605965653
2022-01-27,0.5279337457661418,0.626769675659308,0.5098992007176938,0.5146901105255387,0.748208974281212,0.5835714113213815,0.5229363005930675,0.599667547309737,0.5922975099235193,0.5798503153157241
2022-01-28,0.5402000016647833,0.6130843077605334,0.5482031397276624,0.5205144251743964,0.7369621907122087,0.5951833328978909,0.538491592581606,0.5946044311933923,0.6077779476559683,0.5818779103619337
2022-01-31,0.5458519197767545,0.6131437655232029,0.5288211451108845,0.5477067361847949,0.7433816309142266,0.5970715783743986,0.5240024783405216,0.5659330892727986,0.6086517578560035,0.5878328212965512
2022-02-01,0.5725579995800969,0.6461603057460193,0.5633041422605235,0.5320657480490615,0.6897997958309036,0.6060985945195262,0.5368032243857754,0.5683286177389317,0.6182476789825939,0.6102783797416546
2022-02-02,0.5831348769297051,0.6609395213879102,0.5785191614206454,0.5411886300042076,0.657927120196619,0.5955896824091597,0.519887448679899,0.5826498346725953,0.6251630834462029,0.6160420007228155
2022-02-03,0.5774320255507429,0.6651983062014368,0.5753087630542887,0.5226752508292097,0.6562610584029539,0.5988874254780063,0.5253771936168165,0.5820279393270293,0.6218888388978611,0.6233435050604993
2022-02-04,0.5877659860840487,0.6471041053863904,0.5695255229038508,0.5462289842968454,0.6663998188910695,0.579399761384208,0.5015196260399711,0.5966007455323971,0.6150658899245696,0.6350196781673108
2022-02-07,0.6312781857687597,0.6068895572229991,0.5635274348138043,0.5296169244199389,0.6747962306651015,0.5893603805721003,0.5228839020581239,0.5972036613048927,0.5981953652903546,0.6392311748252545
2022-02-08,0.6026524588856578,0.6179328027899048,0.5572179858063989,0.5534240294476058,0.6938585181982498,0.5845727785652357,0.5138062204531296,0.58441571886869,0.5980949928188509,0.6373480255266992
2022-02-09,0.6105052150667022,0.5996978338313991,0.5678997276655081,0.5602444006417968,0.6943289397219129,0.5837685367812059,0.5085963474313553,0.58435248224751,0.5950733533446649,0.6403965958389894
2022-02-10,0.6065294229517842,0.5764652276286352,0.5685821123961755,0.5568533979747561,0.7205087675649536,0.6067460521798452,0.545400331889942,0.5872127007868647,0.5675882915031616,0.608284756206979
2022-02-11,0.614729034985532,0.5663809806746708,0.5763397710031969,0.527133971805643,0.7058078058726931,0.631171199020767,0.5499541263323032,0.5719955600452801,0.552827089390635,0.6301756459414645
2022-02-14,0.6084461990398946,0.5483749464427654,0.5775808410105258,0.5492180067305268,0.7220604663069733,0.6131073889754511,0.5402053117141185,0.5882726752990456,0.5419940705439749,0.6236649995370424
2022-02-15,0.5857100113671848,0.5078171441462754,0.5724773142200096,0.5286547446319184,0.7485081134733887,0.6200828260945668,0.5443327042036251,0.5656658262491784,0.5388816473847516,0.6168948346428185
2022-02-16,0.5630402455224492,0.5020555988310133,0.5532176432576175,0.5072558023527206,0.7668991082590008,0.6100858367442136,0.5519212836036214,0.5597851264144328,0.5368869767348489,0.6151663723582169
2022-02-17,0.5804351726164639,0.5039636901983328,0.5214552001861017,0.518838596717498,0.7689070805677858,0.5981233401670724,0.5397276413181895,0.5626991645569005,0.5313645268406196,0.6240078739684041
2022-02-18,0.5547238587959626,0.523389787532199,0.5218352931869652,0.521207365868294,0.7858956566357428,0.5833047223589638,0.5036267029117155,0.5493004711641417,0.5227026981826212,0.6225058800502361
2022-02-21,0.5740633877581565,0.5262202531583379,0.5020512682691459,0.5082768960248417,0.7677295675542023,0.5936475030194056,0.5042212947001524,0.5685077137479713,0.5159556011111696,0.6394662173310178
2022-02-22,0.5716073761212519,0.5169843556026137,0.5492544581084401,0.5102415770226082,0.7713766756754531,0.5761970551031551,0.5249641210939477,0.5676634503269605,0.5120892166822748,0.6355180600446002
2022-02-23,0.6089630863669817,0.531689396405337,0.5500597308452831,0.516545922981403,0.7619895019071962,0.5629967156812197,0.5174008332799463,0.5737829281792795,0.5249034191444736,0.6283753083171285
2022-02-24,0.6384134984733635,0.5423802558379668,0.5768964636638628,0.5358491636031569,0.7443910394429726,0.5363863514084247,0.5166658666249945,0.5848653400503081,0.5030154247591371,0.620077405218474
2022-02-25,0.6452542563134296,0.5516446778859828,0.5760186032414032,0.5140459668397841,0.744564412258011,0.5436103198975386,0.5068906759826055,0.5855900683283892,0.5161586203056546,0.6096410880552934
2022-02-28,0.6807283655620032,0.5540270762251545,0.5762188206359643,0.5289053010670969,0.7023061763941615,0.5555636284958672,0.5012115872932185,0.6019385967140093,0.5026916353963596,0.6202884982626885
2022-03-01,0.7040753584415921,0.5672723491260069,0.5926260236816093,0.5000440175911881,0.685757887894262,0.523557446972503,0.5038814021972605,0.6024420625737744,0.5037051617924195,0.6038031411683075
2022-03-02,0.7082685187045462,0.5659645698057342,0.6069556144836151,0.5267661951848501,0.684427592585827,0.5226261327450695,0.5067724489950188,0.6027486142287096,0.5156519793991209,0.5765145152464964
2022-03-03,0.7260311619890811,0.5645458383608052,0.5886942355738123,0.5106495367489958,0.6726929065272621,0.525512086192696,0.5264635879477115,0.5992473726752601,0.5008467222972194,0.5827646887198431
2022-03-04,0.7028652799335703,0.6006344529992776,0.6014137774644895,0.5144073353298688,0.691790820899118,0.5053352186161624,0.5112105701280703,0.5841647081881164,0.5173456404650627,0.5708148348739651
2022-03-07,0.7231298840089319,0.6012722975286885,0.6075243693696791,0.5187318587128548,0.6672177681734164,0.5037353718908956,0.5305987507191061,0.5945183102391455,0.5021623776493359,0.5361290713713146
2022-03-08,0.7340494389274781,0.5970607505786908,0.6364193498264379,0.5414370980470027,0.6242942000869551,0.5021983918385888,0.5320029411488846,0.5945143851792939,0.5334226383070133,0.5074698556202747
2022-03-09,0.7165081579443385,0.6216193132900892,0.6340730060052086,0.5372071554602126,0.6455284776663124,0.5172697282831908,0.5080459263199789,0.5915703572563348,0.5125307117665805,0.5006786826714017
2022-03-10,0.712235398799216,0.6149960905384043,0.626476582136097,0.5533379299870583,0.6536072003322412,0.5252159803171464,0.5174942488087072,0.5961355279123208,0.5146790363340369,0.5027027635999471
2022-03-11,0.6677094025935775,0.5963627492142104,0.6095315216702406,0.555359035086877,0.7038303155254154,0.5326665147822566,0.5279578144840522,0.62275272157088,0.5123420173947142,0.5045844082697032
2022-03-14,0.6713046915213697,0.6050088258346104,0.6046047341130918,0.5015864667688738,0.6954953137296567,0.5408812155267381,0.5440050919386225,0.6319116634183144,0.5238214062935193,0.5000840340515199
2022-03-15,0.6248660091685653,0.6508602308740674,0.5598245117310622,0.5081736490993475,0.7156389926194193,0.5568202803939286,0.5356678113650372,0.6332569979257683,0.5096635912188803,0.5162257881664455
2022-03-16,0.6085201796509133,0.6588905073920605,0.5730701676649425,0.5613900495222252,0.7247767352167185,0.5180853626305392,0.5236941167645267,0.6108685595275437,0.5129778818769561,0.5332710937943665
2022-03-17,0.5924091337444922,0.7098392988230956,0.5025699502015676,0.5376845287371087,0.7110545716224214,0.5228631882596334,0.5374765937590523,0.5854349376091504,0.5463908816757529,0.5344950475304112
2022-03-18,0.6146456049576737,0.6672576473826756,0.5100393294569651,0.5279951954424407,0.7034337161973196,0.5767783064304629,0.5918155487558742,0.5863653596329677,0.5764447019466448,0.5097369731148668
2022-03-21,0.64974825108031,0.587814309932089,0.5041341304871393,0.5820662688449906,0.6841176494297639,0.6308182163338036,0.6349464288181129,0.5637912738754557,0.5241771139871924,0.5186049238956564
2022-03-22,0.6404038164135173,0.5746868505115449,0.5230341874105547,0.6060476330446098,0.6554239118559063,0.6348404234391075,0.6464944134759841,0.5805684715489644,0.5487613795476973,0.537080769296685
2022-03-23,0.6444282582567242,0.6139634855577425,0.5095046899004461,0.6076485486632688,0.6323644241764314,0.6034415616502294,0.6386758247071159,0.5908010041025406,0.5963920118231655,0.5244466770015154
2022-03-24,0.6294318094649549,0.5782737176595136,0.5169783199580719,0.5861711659057869,0.6467945137004542,0.5960940106543023,0.6604210812043666,0.6071106928504205,0.6109835744286188,0.51450324117314
2022-03-25,0.6334859397945738,0.5947786475357338,0.515720153805281,0.5746813652882804,0.6447885002775443,0.5842744435052476,0.6514920223710491,0.6143127578910187,0.6194266233269126,0.5118044035789807
2022-03-28,0.5917237879874889,0.6136838038259517,0.5435844090112399,0.572221991839189,0.6793213512539813,0.5867943260223768,0.6493116762989375,0.5818645409766202,0.6172927178052697,0.514678907249197
2022-03-29,0.5617535125745623,0.556212547573324,0.575478976376528,0.5536768165855445,0.7292024999869479,0.5969897905927936,0.6329647166670899,0.5808333795018006,0.5969756289982675,0.5008709525662138
2022-03-30,0.5534781769301462,0.5663209984685617,0.563519664983241,0.5542058504305762,0.7349214190815277,0.5973929916692801,0.618295030541875,0.5810578738827638,0.6056919065651754,0.5217107934617041
2022-03-31,0.5686487466237274,0.5551822485189081,0.6128008649424185,0.548356352568988,0.7261299780851801,0.5795052887164415,0.6103631098856349,0.5874776717094725,0.6048603003861466,0.5026661938911664
2022-04-01,0.5841065533642925,0.5618045047246555,0.6364051982873701,0.5653968689242294,0.7317337983834539,0.5525069834523549,0.5939194472228538,0.5783769121851442,0.5710891280372816,0.5293133028368789
2022-04-04,0.6053472977798755,0.5296951967541846,0.6586638775507971,0.5759454630317297,0.7302634081984373,0.5546625131788716,0.570786223753413,0.5613666985112681,0.5188342472079213,0.5552159064694292
2022-04-05,0.6310138788332949,0.5518115433393169,0.6376258202514422,0.5920576471288796,0.7089759609053722,0.5763948403428735,0.5805849890423861,0.5211482966530822,0.5193307139983635,0.5838127112368093
2022-04-06,0.6007972968441924,0.5391425466523786,0.6108069527565385,0.6266040587924911,0.7245138265902566,0.5760203248829443,0.5886026738346811,0.5456255405661522,0.5260038554193435,0.565713288114902
2022-04-07,0.6260828803645142,0.5305044803928596,0.6255223780288571,0.6407637310715156,0.6886002532041428,0.5768100441162712,0.5550091578115554,0.5934040727774054,0.5000804270586604,0.5741163044545635
2022-04-08,0.5779875886813418,0.5269799024508165,0.6434168082905953,0.6355509280557167,0.7053140278089889,0.5490364364535233,0.5151128481578923,0.5815903256557152,0.5143670134320973,0.6170832369696022
2022-04-11,0.5721629183268714,0.5750603475320514,0.6434692933810565,0.5932517582508856,0.7043664828001853,0.5144265079529674,0.5701335343811209,0.5290743910317067,0.5279870212833572,0.6498971325779243
2022-04-12,0.6058925091336661,0.544905375187623,0.6818140742552323,0.5310901406384229,0.6919722391453648,0.5316169988218541,0.612032356101711,0.5446290059314894,0.5276021456942782,0.6034436552403982
2022-04-13,0.6351559126895047,0.5358267955073751,0.6574247304581807,0.5309915191160778,0.6879233734534703,0.5384716987035508,0.5832895102588027,0.5876920728153,0.5521103062750092,0.6080722860763023
2022-04-14,0.6675787627032355,0.5431128568294036,0.6068629550421482,0.5123613372186728,0.6883188754806592,0.5727350802886383,0.5570587652650958,0.5074452405857317,0.5110338311100331,0.6594051023743628
2022-04-15,0.6696626207001567,0.5440523724458886,0.5706368114429663,0.5010961015647847,0.6864195003724302,0.5727993116463294,0.5631618225132697,0.5351194611719218,0.5261660356623657,0.6715660527811697
2022-04-18,0.6771064075739855,0.5499052125585959,0.5792805653161485,0.5389439611234395,0.6864462162038784,0.5456621257174388,0.5228633923222656,0.5782548377118161,0.537486178031985,0.656693560757898
2022-04-19,0.7147659586763188,0.5623763293257216,0.5706803593210447,0.5305346660384654,0.6562047640414532,0.5797834009816055,0.5206515695259251,0.5542734253276106,0.53727824259955,0.6401453882492923
2022-04-20,0.6875905977659702,0.5537810238231141,0.5697003956586452,0.5013476086401333,0.6852294334952025,0.5857435117025406,0.530653695471334,0.5877830628020725,0.5190990612779037,0.6322737195316579
2022-04-21,0.6783697418445302,0.5418943774591637,0.546025370006558,0.5046566148561286,0.6793884119039154,0.6116598513760158,0.5561638114944855,0.5088546473814081,0.5165430101222396,0.6650624556830307
2022-04-22,0.6573333152646231,0.5467840777916282,0.6101460635179637,0.5116032409949544,0.7105888816221232,0.5725255523496514,0.5484630817763535,0.5188230600930478,0.5138651818427951,0.6392800941036083
2022-04-25,0.6648838128409725,0.5574162709492586,0.6354991572416441,0.5226797865557262,0.6743236192603089,0.5209410047101274,0.532409764335226,0.5443725980363302,0.5202607331858339,0.6658202320971045
2022-04-26,0.6536034285893834,0.5627052315015496,0.6409167520752814,0.5336524657109459,0.6636171711710371,0.5420303172776417,0.5194861952238782,0.5644423610989425,0.5773052516361682,0.6534580542162874
2022-04-27,0.6621220588857735,0.5586297762463185,0.6688982298475316,0.5271008763407468,0.6650616280438463,0.5195792734161694,0.520004791444478,0.5777732664243168,0.5365202232889004,0.6292971019276278
2022-04-28,0.6560101061348819,0.5573611516119668,0.6545332931257707,0.524167532159542,0.679849899140419,0.5326703404534022,0.5692328240524432,0.5812437263673879,0.5295690907329947,0.6154800952216154
2022-04-29,0.6419146966086592,0.5536681620689833,0.6543667543184896,0.5133298810246801,0.7024026477702772,0.530002945586049,0.5578111112415328,0.5916713506281973,0.5461222931024511,0.5913468237679784
2022-05-05,0.6163029220553732,0.5805136956681755,0.6407756103700996,0.5233305604913745,0.7195019281119084,0.519531809503775,0.5967078488605292,0.5670190678295962,0.5290823112569923,0.5865324585058393
2022-05-06,0.5930135485597815,0.6177548428124249,0.6417295024554964,0.513526873125206,0.7142040519573597,0.5059993604867168,0.5730354750921414,0.5642359923258244,0.5526416226771412,0.6008573634174517
2022-05-09,0.6052855137357973,0.6096061429193537,0.6477456091549268,0.5216227538013815,0.7102027231997675,0.5138095296276235,0.5893342578696996,0.5608295917674048,0.5509571529170552,0.5840409923195905
2022-05-10,0.5767042198084361,0.6267515505226257,0.6647163746296606,0.5149763647806431,0.6975046045340937,0.5021238383148722,0.5855098623389479,0.5049142067183842,0.5591416185840705,0.6093592524966313
2022-05-11,0.5994772058171426,0.6338387310971969,0.6661151105134652,0.513173086038898,0.6721619218401806,0.5105836912466017,0.596037323684446,0.5000212757004945,0.5474386067272564,0.6196223194143576
2022-05-12,0.5458454943518626,0.6474987682016767,0.6769803539039714,0.5102801073713392,0.6689102908538184,0.5498473348159915,0.5972114103595482,0.5026647212558947,0.5308490156083224,0.6200059369787411
2022-05-13,0.5502435423713621,0.6596478509432804,0.6666702907398899,0.505980765504857,0.6664754888626846,0.542113840397035,0.59486690338518,0.5030137226659687,0.5441082480770788,0.6218297685430391
2022-05-16,0.5459319484980178,0.6479858374182368,0.6608558944479973,0.5076791784528725,0.6825830338866471,0.5541460382293003,0.6094241612978613,0.5025058987339691,0.546434179374481,0.603747545725021
2022-05-17,0.5507152956562643,0.6768366037160662,0.6531546651966971,0.5081507545906355,0.6633822359196888,0.5339159449644965,0.625954578564783,0.5050210679855386,0.5415457300691133,0.5910232838497486
2022-05-18,0.5517446578826753,0.6840575973616239,0.6480705249310384,0.5305020628461913,0.6434732361964636,0.5788686102878082,0.6008899402927369,0.5111273996198794,0.5670959709435798,0.6004582030951452
2022-05-20,0.54358796781204,0.6556628001713299,0.6468516008189696,0.5625268860199365,0.6594081520636954,0.614165854787888,0.5815713120478322,0.5160307452219176,0.5688247900934527,0.5970194406328447
2022-05-23,0.5488333579603761,0.6721573203466061,0.6413819129820982,0.541512108244008,0.6816037569769525,0.5534765039658074,0.5755491917700063,0.5245096756458584,0.5755323408945029,0.5975857097132682
2022-05-24,0.556985212344411,0.6904279532997896,0.6320557106420867,0.5422017088801393,0.6557194130008986,0.5606827803331628,0.5785259378195126,0.5229325137805529,0.5882433180582968,0.5998561697976739
2022-05-25,0.5439780830725582,0.7170201137849833,0.6317477080742896,0.5539684017844153,0.6384397135058464,0.5447365801268746,0.5696376259048709,0.511929846574745,0.5867977575425131,0.5900931506094285
2022-05-26,0.5385538576449594,0.7042008038868088,0.633062431770643,0.5668333550295345,0.6657946809600234,0.5274911989253652,0.5837537795605199,0.5083870303703145,0.5773492429498225,0.5666547017363227
2022-05-27,0.5029607690457798,0.6904379024778834,0.6253185375889222,0.5547523671698423,0.7000982891648496,0.5116794865644477,0.5816008204406269,0.5086404910144543,0.5754920336927288,0.5593721973463861
2022-05-30,0.5136263095372292,0.6643616770062596,0.6060497846968449,0.5318877584582357,0.7323067503022412,0.5255854461869656,0.5736077029451767,0.502664102190326,0.5910763251168117,0.5574992025575632
2022-05-31,0.5377346159868795,0.6710855915960622,0.6327653808437282,0.5416457520005175,0.7089017473889828,0.5144630437676132,0.5577494273639138,0.5509110671035607,0.5897450637579177,0.5567951223680362
2022-06-01,0.5448635094240218,0.6472195892284401,0.6332396958239662,0.5742303275803542,0.7272693539813987,0.5078957396869008,0.550096044634432,0.5400068061035304,0.5838820102216414,0.536079901315854
2022-06-02,0.5747352287549309,0.6517093076256938,0.6234735681524849,0.5565892731970256,0.7351968599867158,0.5214260265869701,0.5329765317085184,0.5287380255467625,0.572021985070348,0.5344215796888941
2022-06-03,0.5950498739441936,0.6750008448791324,0.6074576749281942,0.5417265919236393,0.7140952414738683,0.5152506637616604,0.5343614728844145,0.5394255106614679,0.5793775676714185,0.5552977519009478
2022-06-06,0.6029856625388242,0.6856615915559386,0.6127429480936754,0.5450814180563784,0.6948624714265286,0.5093345553710384,0.525026952346893,0.5400478558027975,0.5897099555835099,0.5543595375370222
2022-06-07,0.5814267398022157,0.7040762867755209,0.6184262967251997,0.5338802258922442,0.6909787172889823,0.5143658843799147,0.5301122480707968,0.5199143392555202,0.581166920783051,0.5555910276666013
2022-06-08,0.5715311922021916,0.7019693557446188,0.6287988274995754,0.5210205660913522,0.6895250211184552,0.5055343976037306,0.5300817899042699,0.5046599937296378,0.5769019315278118,0.5733544609712417
2022-06-09,0.5674848413989634,0.6764749621675726,0.6229598919876003,0.5093814228261188,0.7107433681357621,0.5116307457673409,0.5215120948729499,0.5033538018149677,0.5839999684150384,0.5901570547550371
2022-06-10,0.5636757655520271,0.6812733102832637,0.6211018548892255,0.5002723848112087,0.7040674258895208,0.5174098423549346,0.5153861180520194,0.518516207372371,0.5895842330862998,0.5947587843869847
2022-06-13,0.5943190029968527,0.6695534227520895,0.6215487817088187,0.5046867099420763,0.7110407165949173,0.5157033797617686,0.5081657921186554,0.5023511892289928,0.5735634104364136,0.591662632676966
2022-06-14,0.6008576600079664,0.6644156713639414,0.6302373735044443,0.5113561237482818,0.7146998857412292,0.5171480793847403,0.5138947329238729,0.5026531757146796,0.5657104666714688,0.576860455348556
2022-06-15,0.6007706559435955,0.6459055455021728,0.6204741816858569,0.5402500145834034,0.7317051198709374,0.5165262615727485,0.5023335803555447,0.5017662629752121,0.5579848042897932,0.5787571137739665
2022-06-16,0.6020006170139673,0.6606293787548024,0.6351999947181951,0.5509936770398337,0.7173342726018239,0.5148359348062604,0.5049379245704351,0.5041016078136453,0.5507923531575555,0.5628524766174157
2022-06-17,0.6093560185165522,0.6702517065056343,0.6292364417142228,0.5684117885544276,0.7022577774069655,0.5268101851071029,0.5260772617226818,0.505963289424345,0.5484129343621191,0.5640164581707178
2022-06-20,0.6194489568651954,0.6569521483027848,0.6200089046013507,0.5773417958302531,0.7135952316444354,0.535756396149991,0.5134267263339313,0.5065228616540879,0.5533843972145792,0.5430235862656759
2022-06-21,0.6190427630991174,0.6548546308958811,0.6108960174059844,0.5607267550372382,0.7190131547739095,0.5358881242747426,0.5100729408552025,0.5066677318143421,0.5672094738059129,0.5552861096371405
2022-06-22,0.6238677617942863,0.6359208222897283,0.6204799137592097,0.5545120500526078,0.7293048841675306,0.5423551869029148,0.5075791112958307,0.5215143249810378,0.561871515193418,0.5329144388754449
2022-06-23,0.6378875529485608,0.6316709911969579,0.6220391825191761,0.5649317821622665,0.7221250942675478,0.5504283263497803,0.5061219349671663,0.5131664948854593,0.5578699917809227,0.5144513424850669
2022-06-24,0.6295645710732038,0.6422545209259611,0.6181432709434582,0.5723052362475199,0.7234662194802913,0.5335170872179437,0.5045016116409795,0.5114279240656072,0.5593544368459976,0.5129440000893887
2022-06-27,0.6353795467738094,0.6397767255373698,0.625312981322978,0.5626144452945528,0.720220974854516,0.534324389098013,0.5073947948964285,0.5073275929783115,0.5611524684860779,0.5099298495305976
2022-06-28,0.6315950534668945,0.6459426352488774,0.6328065494917355,0.5713351150097131,0.713779839309867,0.5239406547710628,0.5065823548442175,0.510775319470704,0.5571665870430098,0.5081174986333759
2022-06-29,0.6302015692433235,0.658697750887924,0.6340574776882155,0.5787292070985807,0.7033141335049015,0.5240502405233833,0.5137561353280213,0.5024014145505555,0.5512924416893771,0.5079389790752887
2022-06-30,0.6210290532560047,0.6669706199056343,0.650581818779039,0.5911175244303718,0.6796421574280854,0.5363436474006834,0.5160651846129442,0.528291225770151,0.5531534292650836,0.5114310093869993
2022-07-01,0.6224288448331446,0.6491455793839811,0.646779384076546,0.5910457931437041,0.690944078761071,0.5317394770129106,0.505483077231813,0.5557820382794342,0.5562036450492284,0.5166365835665867
2022-07-04,0.6362151373885302,0.6539737491447936,0.6392110141848074,0.5946618656113091,0.6804319855632525,0.5197172172322118,0.501514993909014,0.5731235809181626,0.5450361661554352,0.5136373434273528
2022-07-05,0.6346520698396408,0.6592897786544621,0.6330284125609115,0.6019715856483753,0.6787898752741478,0.5203415538815171,0.502222402650901,0.5710828588255746,0.5396397855610731,0.5224346156766022
2022-07-06,0.6413107933273767,0.6408670864622581,0.6403506121192092,0.6026761378488689,0.6951222784218406,0.5310978517961114,0.5165049832986959,0.5412078444566052,0.5068964541166637,0.5005560804260006
2022-07-07,0.6533650823333997,0.6315674897491937,0.6466341806215884,0.601392418265335,0.6849546130646148,0.5527251102127541,0.5057037420654454,0.5384213133220761,0.5010651751529984,0.5004920720901284
2022-07-08,0.6459871415286874,0.6401739224575492,0.6478042287650193,0.6048235271467528,0.6836138117202378,0.5437207412666977,0.5108926054185622,0.5396080962686247,0.5015358388276681,0.5008550923182443
2022-07-13,0.6490693789836848,0.6250390536147041,0.6479906029570132,0.6067008591236651,0.6832798658698277,0.5501841785574048,0.5269370988250063,0.5524658024931206,0.5002331049747504,0.5194959343795618
2022-07-14,0.6412435041377351,0.6162941444285804,0.6454025125493045,0.6000209893153304,0.6883951688688178,0.5367656742789351,0.5483206029212754,0.5829065371859483,0.5085014574926492,0.519127541654013
2022-07-18,0.6298741389482937,0.6199421827260806,0.6413835212994595,0.596471155081436,0.7035711877312583,0.5364559225517518,0.5681271774916413,0.5520720209134512,0.5031019949142793,0.5207126839840094
2022-07-19,0.632462025968272,0.6219906527835249,0.6443880070371238,0.6034245826488212,0.6913537272229343,0.5516383586526672,0.559256830102011,0.5650792769814371,0.5009386561944517,0.5104080863101159
2022-07-20,0.6369587498240546,0.6141727276177819,0.6437404148229949,0.6008690341985597,0.6964285196201554,0.5510425167593493,0.5521124714816985,0.5613121063219196,0.5141341989552507,0.5248589989633522
2022-07-21,0.6330007300724437,0.6229972567648039,0.6501271071538838,0.5840513991070017,0.7020165441930118,0.556217847109234,0.5559446932247588,0.5135497023003158,0.5082409978167678,0.5365835770074902
2022-07-22,0.636767265002475,0.6159277420135448,0.6588712468267497,0.594255340033154,0.6750913769810554,0.547158906541028,0.5648575670304539,0.5500981397114859,0.5057218568549517,0.5721971105006701
2022-07-25,0.6384499527551167,0.6044643501968456,0.6671283156143101,0.592190222697459,0.677603962782961,0.5481029939705125,0.55768953548437,0.5636538763905551,0.5037725461441772,0.5578602970662042
2022-07-26,0.669466640771743,0.6108442090338001,0.6596518302963147,0.5674393577563497,0.6571217285217774,0.5400370317490607,0.564079944152689,0.5754290089747477,0.5162130255443106,0.5609927691533999
2022-07-27,0.6754706148277171,0.6014671079791877,0.6419135945776581,0.5830227322319128,0.6614310501427448,0.5339115103912987,0.5647978474214749,0.575295418623513,0.5184300606355959,0.5746696412864226
2022-07-28,0.6807111459645778,0.6241241637251771,0.6256929512362893,0.5648347969548188,0.660165679584364,0.5204141324466148,0.5780123204286726,0.5330100344330283,0.5134609450076956,0.5980762593874784
2022-07-29,0.6920967093486755,0.6332988762632931,0.6131821448449712,0.5396020181778837,0.6477115855954976,0.5110935126401001,0.5825535104883536,0.5286560745570535,0.5187021270683286,0.6101592320158112
2022-08-01,0.6713703915836892,0.650527328861464,0.6059268574228499,0.5548666199010942,0.6419858910441535,0.5489626895226504,0.5860792073987103,0.5373795818662563,0.5235879131268918,0.6137250509302284
2022-08-02,0.6834405598501118,0.6429887647148224,0.5669829699941215,0.5521278739451708,0.6531214565510742,0.5739124646910073,0.5921325708472022,0.5495985432133362,0.5267847660330063,0.5961029088153745
2022-08-03,0.6918608310492611,0.6396548322679966,0.5541783219319095,0.5624035337132637,0.655901418480105,0.5617824626338589,0.5873150120894685,0.5574015262438907,0.5107119920851712,0.5938703923405982
2022-08-04,0.694591424587503,0.6494813678086857,0.5567717476922808,0.5570583093446688,0.64772877114287,0.566710452857294,0.5799945287077856,0.5523206091607314,0.5113487644630321,0.594246950614213
2022-08-05,0.7098954622208148,0.6021467355389385,0.5531141349379408,0.5651166665248459,0.6611771375664195,0.5542709075176194,0.5657935997779441,0.6014418788607799,0.5060948288875563,0.5773301901254707
2022-08-08,0.7010602014180377,0.5963439614884308,0.5935603405765945,0.5480804798759907,0.6510945801168047,0.5537324337239575,0.5654090947778064,0.5785031608788972,0.5182205788957318,0.6176802689925224
2022-08-09,0.7101225145574755,0.5556908891366413,0.5889597065518941,0.5520240402421259,0.6563115930709771,0.5484055650842635,0.5522371025644117,0.5882359071508035,0.5284826041694606,0.6230279354722886
2022-08-10,0.7137579489765168,0.5393088573381145,0.5927592619345684,0.5555580367705601,0.6302126477831455,0.5407634615069278,0.5442813288608299,0.5896410827768281,0.5396412003193184,0.6483162498319966
2022-08-11,0.7126656694108773,0.5200923002961575,0.6059582271909244,0.5631187576962032,0.6185592667950541,0.5044231149052826,0.5374510167227555,0.5369034833159505,0.5705299490988937,0.6686855566094221
2022-08-12,0.710235004733574,0.5005771478849267,0.5903147673241123,0.5440865468602541,0.6222059606350823,0.5146149415648668,0.529465641250465,0.5248015235770213,0.5475599381903024,0.6947266272157931
2022-08-15,0.696974623819458,0.5158454080635452,0.5999710047856812,0.5506758951447804,0.6248747645631513,0.5088503331818149,0.5145104777512856,0.5260725303341578,0.5310016688541074,0.7048787789951486
2022-08-16,0.7042025110256013,0.5274343936081968,0.6006363361503959,0.5440043505274238,0.6377160549669524,0.5087033865925322,0.5064256533830361,0.5089413826947768,0.5375438219666776,0.6897985984737144
2022-08-17,0.7067234201618636,0.5326319125231173,0.6124545930145454,0.5652390805646209,0.6094291534967434,0.5394030901103644,0.5271153960458074,0.5340997099007091,0.5211621897156503,0.6858394669948722
2022-08-18,0.7034516715210687,0.5217345898459903,0.5966411630248675,0.5573421566476301,0.64667845399261,0.5384972839035709,0.526650321030573,0.5158738080271413,0.527192628310439,0.6786623423961003
2022-08-19,0.6939611671947423,0.5053551767107752,0.5981611857212912,0.5621050143762275,0.6404857983946711,0.501921339552827,0.5103969964342402,0.5335752447061282,0.5034405900583828,0.6974377478420329
2022-08-22,0.6844651085722511,0.515510629334676,0.5844457676829949,0.5673574077632872,0.5937049072872029,0.521346785263197,0.5130511418102724,0.5472702683387377,0.5142679807916588,0.7309336840090794
2022-08-23,0.6891729537210116,0.5225991156790658,0.6007051863262488,0.5857759788647577,0.5694711276605612,0.5594534854051477,0.5002831640439624,0.5559584484810427,0.5009728017351907,0.7140598107355606
2022-08-24,0.6867441244579583,0.5513028175822478,0.5935710919803227,0.5839499466382448,0.5895711856599943,0.5716362527214597,0.5080570578530598,0.5344330231277988,0.5206948119499114,0.7072897650526692
2022-08-25,0.6804017414686379,0.5743173300333083,0.5943917558628348,0.5816999658024381,0.5810899744383572,0.615577656192515,0.5175329609333528,0.521237333870044,0.5036622803247905,0.6917105874081592
2022-08-26,0.688206470020737,0.5788350123376261,0.59109286862026,0.5780248420704606,0.5637947246223551,0.6165188087408093,0.5235899428676665,0.5444628266149224,0.5009562034164438,0.6868366867868865
2022-08-29,0.700786005642153,0.5652959878164584,0.5793947190798145,0.5855459536887792,0.5592525414331138,0.6124200731228969,0.5247973918783243,0.5581597344470576,0.5045587514554147,0.6809516768012275
2022-08-31,0.6987101233080429,0.5557771538981054,0.5774023430519505,0.5931913020137952,0.5505365011498565,0.598399943906272,0.5304835477442186,0.5561296157428783,0.5041313573233563,0.6936626710520252
2022-09-01,0.6946989689880986,0.5693785215303132,0.5558298708096773,0.6005330199640122,0.5413241939486859,0.5942836630862972,0.5384622645247988,0.5292640920980548,0.5119461334019474,0.7051600342323169
2022-09-02,0.6990614740191052,0.5609783160252215,0.5583216187149718,0.5976561729937117,0.5391540950465054,0.6009143064544222,0.5701687774468582,0.5330383613711495,0.5189316592533628,0.6916737006874377
2022-09-05,0.681507974099027,0.5619936897963506,0.5733135773991406,0.6163760788529017,0.5428482965257386,0.6019170669044769,0.5760068942198852,0.5585788596379694,0.5282927226457806,0.6821329255051302
2022-09-06,0.6665808861586849,0.5671095087357654,0.5851984684325693,0.6142602065092951,0.5330865846136221,0.5927034827728157,0.611857392414196,0.561453767390882,0.541563250750175,0.6756110933949738
2022-09-07,0.6745515948371427,0.5663719256307778,0.5856762951514122,0.6109983315769135,0.5541716420787978,0.531511825238411,0.6089209713248552,0.6009360545065956,0.5302306086091971,0.6722882626567838
2022-09-08,0.6759483443490272,0.6000789065128666,0.5586153784335579,0.5970190606537525,0.5257338632954014,0.5304393233075227,0.5917512818529412,0.5962789083283587,0.5073698626082913,0.6948281757732713
2022-09-09,0.6741529699243681,0.6015678955864745,0.5476109331869382,0.60577445392865,0.5078217742720853,0.5505937403447595,0.6117622301234101,0.6063845260006943,0.5210588297843214,0.6736028116698032
2022-09-12,0.6713158792013635,0.6060321543288612,0.5301146478366071,0.6126161705295595,0.5140277290980358,0.5778673243332816,0.6365091070361538,0.609898039730212,0.5285282678346205,0.6383603777294002
2022-09-13,0.6772193062145414,0.6009727093695382,0.5535503401615537,0.6083097808084178,0.5008748654389058,0.6177794662104298,0.5945340664843144,0.5978104214765835,0.5182024175117809,0.64900546533341
2022-09-14,0.6803086515707085,0.6120397506824414,0.5266864420691616,0.5972934611149254,0.5211813300138212,0.5852893734969767,0.5533387655100045,0.5648861400545359,0.5107883083154084,0.7024210046773073
2022-09-15,0.6912873088924352,0.5988679284154071,0.502558716041625,0.5943850175761246,0.5537653798809126,0.5595408778800959,0.5261851763514628,0.5372496955047431,0.5119648782960472,0.7172052875211749
2022-09-16,0.6620347567396075,0.5809057620439093,0.5128799962930685,0.5957360730848537,0.5308003225124969,0.5046320664465206,0.5157889909031453,0.5911417763129679,0.5030386586354277,0.7438100724280267
2022-09-19,0.6582932336294679,0.5738158092024047,0.5035061013913357,0.5869284985194814,0.5285814410472308,0.5117808122315192,0.5335417399955016,0.5679559238905935,0.5141565474063569,0.7571722826255294
2022-09-20,0.6559335538675541,0.56070865253638,0.5105898951100404,0.5983688376822497,0.5525534400263775,0.5271126381125654,0.5403684669666993,0.5651148248447048,0.5013438855444627,0.7528901036398631
2022-09-21,0.6209957693262221,0.5694428488143973,0.5168109896300813,0.5861360241111706,0.5023671968738344,0.5482657452791797,0.5387250190418394,0.5509974759963333,0.5154080196230971,0.7779817244494635
2022-09-22,0.6228456175559122,0.5633972498106963,0.5146250078936818,0.5918424003366757,0.5036930680078728,0.5591244018680058,0.539448548910905,0.5664232341448924,0.5209252020186699,0.770991706417078
2022-09-23,0.6148997533185093,0.5527887955965095,0.5161992608162521,0.5994589305030701,0.5025493774387849,0.5650297448228659,0.5457591735406521,0.5598271578782962,0.5266944007775448,0.7726662008707286
2022-09-26,0.6276877662829761,0.5582501653319797,0.5263095946934832,0.6098045760998577,0.5033706481026787,0.5487224497831171,0.5339930828221936,0.566103744426859,0.5172365818465142,0.7654374712505891
2022-09-27,0.6359758144718577,0.568926838824621,0.517955801522017,0.6093757627558533,0.5093833301741567,0.540366613419914,0.5175305574730364,0.5580547895404373,0.5228332526252645,0.7639484130834071
2022-09-28,0.6315289354968855,0.5769228327749506,0.5464170575770407,0.6170446860146567,0.5007738784345315,0.5402955521095218,0.5228462367009469,0.5598014897136866,0.5271015319326242,0.7560920423081412
2022-09-29,0.6412342526960627,0.5754594614289389,0.5406806671950055,0.6090433771360392,0.522857224953094,0.5337744661847592,0.5085913874746967,0.5358009603513176,0.5063415541976908,0.7624225382233889
2022-09-30,0.6451506390133871,0.5876200171359761,0.5258708631749197,0.5972635597798257,0.5379412165722476,0.5160999904682223,0.5127996938403759,0.5382949714861933,0.5056136926856579,0.7624405416900842
2022-10-03,0.6393925261486939,0.6003306610325011,0.5182252665372741,0.5917058212284328,0.5390059777293638,0.5040023144810339,0.5002488198536906,0.5203530217087804,0.5080905722678172,0.7661864490367513
2022-10-04,0.6307074410916471,0.5867586670961729,0.5312492571665842,0.5887752032048329,0.5361215593503,0.5064474182929545,0.5058163661710815,0.5123370614354628,0.5121412104910515,0.775612551266319
2022-10-05,0.6392325883246216,0.579135172411049,0.5147680013983074,0.5983995907109954,0.5866671597624108,0.5076894086958297,0.502955469684503,0.5214224261486171,0.517758626025358,0.7592471814712497
2022-10-06,0.6672048561232534,0.5755450175772352,0.5298233123656407,0.5919414498710243,0.5767647632197298,0.510309496424413,0.5201997296931644,0.5227642735070611,0.5062858699227945,0.7472631581472462
2022-10-07,0.6687368000952709,0.564690483830549,0.502279782058242,0.5909701458155772,0.5737946294503965,0.5102152686444177,0.5284621944038416,0.5012937508382665,0.5185832301093593,0.7519251358609117
2022-10-10,0.6444863977810206,0.5538194742672476,0.513463814397683,0.5849860041403334,0.5795901937742928,0.5286972346081199,0.5167609110608054,0.5083917478634711,0.5299530539761631,0.7674466221989401
2022-10-11,0.6558936036070356,0.563176462724858,0.5182635210012492,0.6019619664438599,0.5747654587981114,0.5077487576558647,0.5375480356025031,0.5003238824828742,0.5338398948769182,0.7527493141145678
2022-10-12,0.6610588026330244,0.5608233267562515,0.5042210864213102,0.6008454524442114,0.5890668440638217,0.5018564901680354,0.5449675936855887,0.5182950176892113,0.5351031674349697,0.744455925461533
2022-10-13,0.6549442381175908,0.5564979060100458,0.5018108673401521,0.5825227352984603,0.601880446420203,0.5201606727595222,0.532766258842354,0.5509473022590318,0.5174400002353718,0.7496770167576176
2022-10-14,0.670513149073189,0.5444869000993241,0.5103799845226313,0.5793268305562537,0.5979641468604412,0.5206003467154702,0.5355994847150877,0.5427780619435348,0.5112653796212587,0.7457870209561324
2022-10-17,0.6740163541054418,0.5485426240441676,0.5240334774170412,0.5817242572305186,0.602377161856713,0.5101734157871225,0.5426265555219777,0.5439946914794752,0.5010108498399034,0.7384919525249797
2022-10-18,0.69088079997195,0.5475747177177427,0.5293674245644083,0.5693630160927595,0.6033879601872257,0.500908430215947,0.5569050302608288,0.551085267167123,0.5030349629787029,0.7240348418712793
2022-10-19,0.68470798689022,0.5588478248299814,0.5347457022776382,0.5831128991223249,0.5851004484364756,0.5225539959294617,0.5664290804819051,0.5515129988355042,0.5143609985457712,0.7244828885620551
2022-10-20,0.6913131363719306,0.540442495520195,0.5460090289166298,0.5832080480568119,0.6256838504458577,0.5209425221757642,0.5718147504655301,0.5658274340594523,0.5136200819605103,0.6947389378773572
2022-10-21,0.6786134919779343,0.5314037786999043,0.5446119889953179,0.591660118964351,0.6166507480231812,0.5036247907040731,0.5412202155634088,0.5448907560643496,0.5125739832601404,0.7243599785591996
2022-10-24,0.6616325312833813,0.5312038057188097,0.5204000810095495,0.5994955682719897,0.6141892692748504,0.5075126788373733,0.5379989583482857,0.5584338610317592,0.5094207238707085,0.7359110224004352
2022-10-25,0.6663069327969959,0.5062733543628882,0.5292568245648159,0.6012389748819079,0.631770037663444,0.50004749065524,0.5453173032655521,0.5693517078497538,0.5227086475167612,0.7180965916993668
2022-10-26,0.6613135553949914,0.5085650158785029,0.5499068046227965,0.6127781415331788,0.6179201890344196,0.5217894945256042,0.5742620156801984,0.5575550194575075,0.5365958548708505,0.7127426925176055
2022-10-27,0.655935092587098,0.5133174892227322,0.5693384463915803,0.6229656435724731,0.6327346154884235,0.5263827579586446,0.5648164303133604,0.5340548309185527,0.533067810304296,0.7047455092363036
2022-10-28,0.6589827620872507,0.5317332133162079,0.5615062806232775,0.6153940134230812,0.6397678186850064,0.5346629472884198,0.5587823375039801,0.532100474557147,0.5364262831504731,0.7029299236800313
2022-10-31,0.6467406835090296,0.5209805779300783,0.5887322308077652,0.6136400764392348,0.6380746929900647,0.5277481220878649,0.5483574902872407,0.5280362529496205,0.5273417385631463,0.7112912548337044
2022-11-01,0.6500725314801895,0.5310717718232938,0.5869552790266114,0.6079925684244776,0.6230832796463217,0.524388766075058,0.5451150444523155,0.527418871527629,0.5120632568927596,0.7229871890012659
2022-11-02,0.6366897448672596,0.5373944699121459,0.5961972114235015,0.6042085947470869,0.6183526406594905,0.5202598708742497,0.5348768428739488,0.5288358388303754,0.5034819677201683,0.7333184730928485
2022-11-03,0.6160489254314044,0.5168452722335559,0.5831250142500589,0.6067458999405289,0.5924945827950812,0.5053617321504217,0.5173274756612651,0.5531606664574988,0.5012353022204191,0.75950668548586
2022-11-04,0.6059825943246374,0.5247752775070417,0.5771620019382303,0.6221310939208412,0.5954612129685147,0.5047613332905494,0.5285998047539466,0.5478718072360429,0.5079720974049986,0.7570725213187816
2022-11-07,0.5823051799563261,0.5175266515009557,0.5932391401796686,0.6277165765586403,0.5992449842477781,0.5004720608179175,0.5249274672736365,0.5498745640538579,0.5107890952536551,0.7568066951637719
2022-11-08,0.5886556657694593,0.5184140289752164,0.5953469754815369,0.6434168290876329,0.6459412447468468,0.5039058940720708,0.5231004240321215,0.5218592689223533,0.5220352230865835,0.7245922166158848
2022-11-09,0.5910361400109843,0.5053364489635467,0.557106927153246,0.6331306350409863,0.6622833562579981,0.5352139805582032,0.5240755680331732,0.510526409270262,0.5734401179638857,0.7194317346699431
2022-11-10,0.5622938839576954,0.5050289906898034,0.5667347940200679,0.6625714460110984,0.6370627475687866,0.5318672051106271,0.5243466463735467,0.5148028062062764,0.5723730240144701,0.7246571436551528
2022-11-11,0.5624422545011452,0.5101030951879335,0.5570348711483516,0.6387002654903001,0.6164932899028084,0.5525435836236432,0.5001695855215662,0.5163310268516313,0.5804623526288497,0.7480863299283503
2022-11-14,0.5505819438381164,0.5240583711108318,0.5290149949556666,0.6351530866533164,0.575242956491376,0.5832256398087916,0.506861753274023,0.5669386802315005,0.6069752926859876,0.7455727033821936
2022-11-15,0.5381463298377848,0.5344327417974293,0.5199953741066413,0.6227630476084358,0.5930629590630158,0.6032636524453386,0.5085570416316246,0.5342940675047239,0.6246776031734587,0.7384991971748657
2022-11-16,0.5926839518591581,0.5153837935801387,0.5067047317104828,0.615954282749372,0.5622907034827879,0.5920883448255905,0.567450694316881,0.5733041225330612,0.6212533978230488,0.7276135187940951
2022-11-17,0.5886843623029847,0.541081806036952,0.5391995462793027,0.6169048560144407,0.6091569811175935,0.6015773742243132,0.5669785199818111,0.5619398527544655,0.6277318690450361,0.6987053674905542
2022-11-18,0.5935749889304488,0.5190982368080582,0.5446201053453283,0.5754121375877083,0.6187733621980313,0.6233173199795123,0.5768334403036818,0.5136170570438544,0.6404136781981717,0.6979723966130033
2022-11-21,0.5696008398877129,0.5111092602495529,0.5767511295750006,0.5671337819791136,0.6373407207377811,0.6706071462666411,0.5422979328810267,0.5534306131206178,0.6534912603638697,0.6399033719333581
2022-11-22,0.5195802320313395,0.5464334772286,0.5408546473603165,0.5703724153846416,0.607206341252215,0.694655566358518,0.5520774514012449,0.5963004409640128,0.6685650283321777,0.6103008839002878
2022-11-23,0.5022218666825544,0.5732039937196912,0.5890655883175273,0.5595883846948021,0.6036224022010943,0.7148483867415768,0.5259137043015155,0.5933847062858888,0.6593483912685258,0.5508166345617425
2022-11-24,0.5105370942668043,0.5829214675304679,0.5767852640679367,0.57309759593851,0.6085410769257448,0.7071840316431447,0.5075491753047429,0.6069151975808033,0.6519383187003208,0.5600448591390842
2022-11-25,0.5021083629745184,0.5970380423669555,0.5293448228126447,0.5657008705019765,0.600049614230678,0.6967756106102936,0.5131727700392438,0.6560750472257644,0.6466160849579886,0.5418661724479782
2022-11-28,0.510963720496658,0.5960334689431127,0.558156070802481,0.5811896120467849,0.5631912810164249,0.6865923617669232,0.5118098830075296,0.6576195939454539,0.6592994918859333,0.5512348884812971
2022-11-29,0.501119671761483,0.5735983405709676,0.5350554809871996,0.5828621647631548,0.599692556810827,0.6812753939292878,0.5065848384846806,0.6657427358388436,0.6567085594331478,0.5522221706409499
2022-11-30,0.5309154082322741,0.5605336771037782,0.5573636943774333,0.5627133326694941,0.6194712437481401,0.7054593880447753,0.5733290389625715,0.6363003326636444,0.6232906666386704,0.5602080701902414
2022-12-01,0.5144857108577451,0.574144697674486,0.5680288127342963,0.5296916511568581,0.6411500232361564,0.685765025737955,0.5927434840300034,0.6273369488391051,0.6355747862300946,0.5476001755286125
2022-12-02,0.5231758295454249,0.5750955457726508,0.5771851790711043,0.5122682346364688,0.6772753566972308,0.6621330026755942,0.6239222016552077,0.6046802344375426,0.6213432975393796,0.5086062500735468
2022-12-05,0.5085193801968275,0.5473361859752681,0.5598185895877686,0.5362907960191289,0.7139709978108147,0.6274451363710958,0.6399010807889384,0.5557456398323147,0.6299132632636856,0.548159483039855
2022-12-06,0.5055938074102969,0.5838932118160356,0.5543089582351571,0.5542678959705777,0.7138365815421475,0.6220597704163521,0.6275949355678753,0.5501391404631008,0.6335820416381313,0.5297329441261986
2022-12-07,0.5129370269555841,0.580271278244305,0.5712945489604441,0.5328163391815685,0.7232988535645711,0.6344174650840535,0.6204399440579155,0.5278471869487704,0.6214651970309831,0.519364104592014
2022-12-08,0.5200805945075614,0.5547245743504264,0.5534906700274328,0.5265274101402565,0.7264456561153687,0.6446384785568167,0.6331985776992696,0.5384349160596535,0.6003111330348762,0.5516603773858986
2022-12-09,0.5137940897479631,0.5478104165540574,0.5664902730721059,0.5357951261829251,0.7166289728725684,0.6609727589027982,0.608785754872074,0.5708125464346254,0.6113728318826571,0.5289783526550602
2022-12-12,0.5318145186378352,0.535431177359181,0.5398542665022111,0.5597523584976206,0.703804017201694,0.636414423687322,0.5658115147807915,0.6416952505719299,0.637885898690297,0.5108940026588504
2022-12-13,0.5232687362482568,0.5218908764723401,0.5025668046694188,0.5846791530732415,0.6709569968258912,0.6295169894557026,0.5471050052478775,0.6881606538366372,0.6343202375951179,0.5353147898159092
2022-12-14,0.5466867123890081,0.5114969110132238,0.50800668661452,0.5993935898459212,0.6903618206448714,0.5800154554288502,0.5043940887910597,0.6753898296378936,0.659416015101545,0.5046506136458756
2022-12-15,0.5613879194487154,0.5016933149021839,0.5082499935953454,0.6050351845872605,0.6870566951652145,0.5363829604168803,0.5467392709050232,0.6725231170605867,0.6647627412605625,0.5288069689198767
2022-12-16,0.5633607724635047,0.533775132415173,0.5055859086625025,0.5977499085948473,0.6626416955594902,0.5322265025522719,0.5264295829497956,0.7079663834511621,0.657755377411576,0.5065840598605724
2022-12-19,0.581599390099978,0.5309932180486603,0.5040302686957353,0.5747583688669189,0.6621110072866125,0.5127509983325271,0.5624005998508564,0.6869858777998114,0.6687467105234517,0.5641205270350633
2022-12-20,0.589914038366001,0.5266240064558411,0.5104987865716137,0.5672805618825828,0.6824463198917843,0.5031395430831741,0.5540936706443071,0.6769092195066095,0.6664555069240287,0.5495367667594596
2022-12-21,0.5814365895454742,0.5340876396607183,0.508333692960245,0.5687103727375673,0.6703016779409405,0.5013890477783293,0.5693883104285934,0.6736550025801907,0.6743284926125424,0.5645046371319967
2022-12-22,0.5806290855690129,0.5294029584766007,0.5160470818352615,0.5603607443551933,0.6661870070303714,0.5258431178728341,0.5522118380209261,0.6917385150691846,0.6680341992439746,0.5619143364381276
2022-12-23,0.573994408553645,0.5173448739218026,0.5223539927346992,0.5534073869521142,0.6535897225729734,0.5262127260807383,0.5299844689113695,0.7065946471402738,0.6705274249196623,0.5710360109313534
2022-12-26,0.5646153770202957,0.5104166478521032,0.5156079884153256,0.5370357883834168,0.6637540793853755,0.5210758859673483,0.5394028847481741,0.7006190936743345,0.6701342711411608,0.5848900990282339
2022-12-27,0.586972426325024,0.5177941074598923,0.5021877203407857,0.5416486047498431,0.6649296062642857,0.5144705935474739,0.5373231080710504,0.6982166361946008,0.6697785565898197,0.5676173415170981
2022-12-28,0.5851200124134924,0.5115798135051107,0.5180583616584183,0.5365623196018848,0.6504518826282006,0.5422891047552006,0.5336394590126329,0.7004425852910953,0.6752776574409456,0.5749230078839337
2022-12-29,0.5930096538623384,0.5143883462174269,0.5760206379485436,0.5024985769755862,0.6160601648269405,0.5545567936905634,0.5160348466899153,0.6986553571553649,0.6777038383503428,0.5933904899593602
2022-12-30,0.5869270096870182,0.5158221294509509,0.555161977537859,0.5011907420981537,0.5883758056997208,0.5487066044438937,0.5201506837981593,0.7250408239001639,0.6707533771719754,0.59935517118212
2023-01-02,0.5722083254649427,0.5062398360125578,0.5611470488379963,0.5030135960423107,0.5524411345433369,0.5420858211103501,0.5101504819419741,0.7475901354202544,0.6714886103014625,0.5823198038965592
2023-01-03,0.5587735838489177,0.5072341210132668,0.5491614115438156,0.5059404704658541,0.5746767079378327,0.5535974849554754,0.5108366074171244,0.7478477438119125,0.6694060724631109,0.5803657651563452
2023-01-04,0.5434193651102707,0.5092963878231268,0.5669494677834827,0.522047448775222,0.5681482732446561,0.544860012739789,0.5027957223075138,0.7470730807403219,0.6667952715984011,0.5929566134141374
2023-01-05,0.5480511901496757,0.5154316748727176,0.588609248093283,0.5258542047553021,0.5612994452676853,0.5415823568278624,0.5008103957306743,0.7410658204875881,0.665207141942658,0.5956583410310149
2023-01-06,0.5430443778948911,0.5046320114748702,0.589824063205677,0.5138147094217264,0.571548594867697,0.5718080555237023,0.5230013535860422,0.7397522671907195,0.6593061157747151,0.5855183015881464
2023-01-09,0.5475453769844659,0.5033540202585657,0.5913961990428701,0.5056390431183236,0.5592558803157409,0.586316987044143,0.538183088328814,0.7480908958537767,0.6461865068667576,0.5715179526113182
2023-01-10,0.5467723641000123,0.5108074135336501,0.5860652791613298,0.5034562490213591,0.5331958633097612,0.577953121871369,0.5409853335948869,0.7564377785541213,0.640623826881913,0.5836279371320406
2023-01-11,0.5258391397496143,0.5027492759206912,0.5705895909361688,0.5138031753448218,0.5346061792342351,0.5964871345961519,0.5521040567399761,0.7615438374269154,0.640131661960183,0.563231513975525
2023-01-12,0.5074425098586018,0.5013993267111062,0.5878719272364235,0.5226578182689948,0.5374821437156809,0.6058308294418328,0.5649771463435561,0.7422443246172609,0.6434564683759711,0.5820349528244956
2023-01-13,0.5300958781921049,0.5030294668524458,0.5991009653968669,0.5119169399660998,0.54817261265879,0.6182978561881262,0.5746352810755155,0.7227557309298436,0.6560963621005904,0.5660420946319186
2023-01-16,0.5259948690111174,0.5168970270826635,0.60330682241515,0.5228615138585326,0.5662188187844452,0.6284391954002939,0.5830726714471038,0.7047627763297962,0.6538347058460775,0.5746952547882297
2023-01-17,0.5076207373106049,0.516735550829858,0.6234756831187739,0.5245583645530162,0.5508652645511176,0.627342968541775,0.5874349549864606,0.7057264681658536,0.6471653569454765,0.567038788055512
2023-01-18,0.5114446419944418,0.5042412222754075,0.6292869510233667,0.5367966876792665,0.5705165120825745,0.6295956967083834,0.5909367015142881,0.6868698900534459,0.6542419767409274,0.5643815301449037
2023-01-19,0.5010667293052861,0.5166007254311576,0.5964367929662621,0.5190250399723954,0.5944824473081257,0.6162313015231882,0.578618960487778,0.7055708003467549,0.6527440223034652,0.5834547924049786
2023-01-20,0.5001080628803165,0.5188606090024669,0.6018195458481622,0.5219638895477746,0.5675257287451939,0.6041629872448558,0.562197628489138,0.7251086086266049,0.655872383459269,0.5752161016916891
2023-01-23,0.5233848833597582,0.5377276299697047,0.6102031700104431,0.5368112407363966,0.5808121955445653,0.6090655474403573,0.5722060204578799,0.7187227413289591,0.6428263357816206,0.5613389306110432
2023-01-24,0.5250925568696508,0.5349545773376875,0.6345160306054616,0.538846364732662,0.5686789233021784,0.6120504409196581,0.568352092666644,0.7056623164308803,0.6479995732476957,0.5592543940298461
2023-01-25,0.5261921069649366,0.5328984061351053,0.612368806484119,0.5310591154715772,0.5866049617465349,0.6197044173103213,0.5679548970077896,0.7147462485013815,0.6413240675428535,0.5567052372426059
2023-01-26,0.5106140222526513,0.5392468476453464,0.6333373998701242,0.5383178404430021,0.5597153089577013,0.6228401642116153,0.5720644021946892,0.7099388732376429,0.6368272625756722,0.5597167236284962
2023-01-27,0.501377078432773,0.5220198381339002,0.6280719238956594,0.5485384130081993,0.5602512634874169,0.6282026638427839,0.5746742429278521,0.7013426688329264,0.6461363487817265,0.5657940971051665
2023-01-30,0.5093578907945817,0.5282625729217326,0.6403821804008866,0.5587014776966018,0.5570016990137945,0.6196167220704217,0.5516126498901075,0.6885335211609821,0.6597898852885531,0.5759791573068682
2023-01-31,0.5071078845101612,0.5321505681511415,0.6250627240163878,0.5796792538593344,0.5333007962650776,0.6023871883384827,0.5337713737201781,0.6982087586570276,0.6620466887916887,0.5987878292861748
2023-02-01,0.5341614156247584,0.5111439000513597,0.6218758497971503,0.5989313891386979,0.5450361239606437,0.6030833006557802,0.5454352017859556,0.6878986019124443,0.6561830774014177,0.6037350692896647
2023-02-02,0.5524998702157661,0.5020119383076199,0.6464091728950229,0.6189008071785925,0.5544680410727175,0.6146758076517618,0.569056255641184,0.6514535542376676,0.6393178121397098,0.5976937680431988
2023-02-03,0.5440414504846823,0.5277917549962177,0.6545027164343397,0.6461659736850501,0.5371270445550084,0.6154615812866856,0.5504713646742673,0.6039241885471595,0.6564735911101608,0.6030636906619793
2023-02-06,0.5236207036857513,0.5210030289686236,0.6416013765187962,0.6547858025141108,0.5253806779179023,0.6458389104054901,0.56434988037456,0.6150422854932225,0.6413687156676117,0.5826349612792421
2023-02-07,0.5364473607539809,0.5176034007079319,0.6359244545237182,0.6777889432933613,0.5375091511878461,0.6328974380300273,0.5661067015487317,0.5962312286591588,0.6276453676479111,0.6019603103913651
2023-02-08,0.5194090509375733,0.5228178903844994,0.6285056692416778,0.6860940851367325,0.520920698863275,0.6453555564296561,0.5648275346460557,0.5920451146033855,0.5953324624596872,0.625458853756598
2023-02-15,0.5320663363912087,0.5220254996784587,0.6319984212214843,0.6601156373090799,0.5826892676504237,0.6443844341476099,0.562585505303722,0.5805048365586547,0.6135826438316572,0.6247147427439035
2023-02-16,0.5092989612320367,0.5545518489697999,0.6328037184305829,0.631269889629962,0.567896618831493,0.6651374782333291,0.600510621461188,0.5855204203128833,0.5902136489260236,0.625479708786217
2023-02-17,0.5269040773509919,0.5622868422095585,0.5989080949474155,0.5920667137107672,0.6070732082221305,0.690801601242338,0.6304731729201876,0.5982705483523035,0.5718278598945432,0.5924068507360983
2023-02-20,0.5575324990479185,0.5939246186013921,0.5407647289809837,0.5943981496841849,0.5503681867234413,0.6805675247130093,0.6245647097904672,0.64715398770363,0.5835054673368516,0.5955044689012224
2023-02-21,0.5695855791933334,0.5676643347381835,0.536111725578391,0.5342713924923589,0.5389305790241546,0.6590640772028308,0.6166699098551929,0.707181671179987,0.5862837881025859,0.5917275070457988
2023-02-22,0.5300679611417113,0.5777295586687944,0.5613554018906642,0.5591729783681113,0.5773991544814951,0.7002762015487759,0.631213204949339,0.6562440129627066,0.5833570059575383,0.5471226550578298
2023-02-23,0.5272033380060405,0.5700944802755432,0.5989303361658647,0.577671922604834,0.5721991851433573,0.7014536678946808,0.628835631557708,0.6442228592269267,0.5735990934169568,0.5320270525411398
2023-02-24,0.5280920564998128,0.5285166378711463,0.5492321239859803,0.5673690496252192,0.5568323590470831,0.696704579608554,0.6321648136696968,0.7006954097592301,0.5531244357273413,0.5074403052167461
2023-02-27,0.5628733794785199,0.5435451021799055,0.5646519389649337,0.593751092358461,0.6020484357614788,0.7038863631049751,0.6033150972622896,0.6494682716476956,0.5853841342951694,0.5019941332284794
2023-02-28,0.5728300247009356,0.5387515627654962,0.6231688400767493,0.5962702307288658,0.6089895314919913,0.721278899867797,0.5837820400520727,0.5674809060476974,0.5824179117325369,0.5256478052425422
2023-03-01,0.5482765233350501,0.5486765700224212,0.6014213311154596,0.6408007740911826,0.6051186456671231,0.7129950689583658,0.608201130065408,0.555961491789835,0.5698913577705916,0.5126147325566061
2023-03-02,0.5715115165216406,0.5745429187424456,0.6414639434717238,0.6650121221213423,0.5470098889576778,0.6962050684546028,0.5998649456018572,0.5032964435094528,0.5495059840527027,0.5076449151529333
2023-03-03,0.5708071348932785,0.5589556572523297,0.6786744081463437,0.6516704469222742,0.5244783927780917,0.6739718973622087,0.5900069939387443,0.5384649105426008,0.5719356241548071,0.5455221652926013
2023-03-06,0.5905957487580804,0.5878628015067097,0.6663789284990997,0.6774387212623717,0.5119282070715568,0.6582174482687414,0.566454019562818,0.5076589525403289,0.5623658920989311,0.5497780880483822
2023-03-07,0.5888102084541048,0.57453074480626,0.6594036182549683,0.6959658353392287,0.5637556399616812,0.6560454253897933,0.5590837501307742,0.5330844947945236,0.5292652234038202,0.5001445437342401
2023-03-08,0.6264073839902168,0.551071035151577,0.6673113897438255,0.6948780416657131,0.6284154201188269,0.5668195028064689,0.5222550770281743,0.5544703767694276,0.5160732398670262,0.5433296200373237
2023-03-09,0.6234438977296397,0.5080405517245002,0.7134049332224609,0.6700175558248752,0.6044741182927945,0.5685187833452938,0.5263648856247981,0.5321282047942845,0.5490756424605409,0.5401872797740812
2023-03-10,0.6576833156136822,0.5011417652291924,0.6623066650901573,0.6829091079062323,0.6373007195977206,0.5587903097464807,0.5141305241966979,0.5366355842889791,0.5161336511295581,0.5483390484125255
2023-03-13,0.6241443889506244,0.5018885869355795,0.6751783803958622,0.6855367302951804,0.6186226950715197,0.5955449335892918,0.5250326516845522,0.5569017845185662,0.5021307502115362,0.5592891798475549
2023-03-14,0.604996436790296,0.5327694848959361,0.6563024085816097,0.6779022024918572,0.6328709417651893,0.60472002687221,0.5126874885616631,0.5903697973868914,0.5013207707303541,0.5773498246764931
2023-03-15,0.6033344489806828,0.5405639929908534,0.6510937620222171,0.6786264614053175,0.6258254024639494,0.5917774530174301,0.5179880369380122,0.6185908191492421,0.5152986900983307,0.5719332540325978
2023-03-16,0.6153365106720781,0.5374577646169433,0.6678971018439382,0.6715751039742587,0.6168291440203556,0.5820972723122163,0.5080852831437727,0.6211923140274748,0.5066817868256681,0.5599287669150893
2023-03-17,0.6062636360962675,0.5368670706412205,0.6424312715404785,0.6662290009629048,0.6080504321563872,0.5987857506696845,0.5312172886283052,0.62745302290824,0.5188478760278752,0.6073949112864055
2023-03-20,0.602299956570567,0.5360024859066103,0.6497901186250304,0.666229720584438,0.602703801517807,0.5985392751811274,0.5530277277169476,0.6246924494978034,0.5306319029343144,0.5986089824338593
2023-03-21,0.587006002422382,0.5344222265669474,0.6505020779559568,0.6656790161750139,0.5895601915325949,0.6013876331325463,0.5631423528348208,0.6365666735327536,0.5232444739702558,0.6038150587869237
2023-03-22,0.5769896980558213,0.5468509341907292,0.6587581018213263,0.6560351078573047,0.5778415502411092,0.617090423487516,0.5884098270873404,0.6256313775802327,0.5279467276787904,0.5963720049038689
2023-03-23,0.5976742620052687,0.5393312690741024,0.668324114131894,0.6557818411343096,0.5961714570272184,0.5833561154077715,0.5775851929777244,0.6186963079654754,0.5047121650212224,0.60533394602193
2023-03-24,0.5980879857190144,0.5426209414989325,0.6767411686758696,0.6648562856682481,0.5862542048101795,0.5830305697975767,0.5837655652087763,0.6131913242654706,0.5040270351898134,0.5841382891477808
2023-03-27,0.5811890481819778,0.5361214392706714,0.6756867545820189,0.6683728629905668,0.5954258385969443,0.5821486122185434,0.5672581753061426,0.6309855594816781,0.5034971706123013,0.5803233475543307
2023-03-28,0.5785650430142882,0.5172060701991076,0.6650985688322095,0.6641820963890622,0.5962323677523057,0.5737649317245138,0.5588558792548098,0.6548764426784346,0.5298780917661432,0.5859298372378298
2023-03-29,0.5877622330009565,0.5118557223770098,0.6596009680577076,0.6523175311086328,0.5981936628178005,0.567437841637792,0.5489347880526593,0.6631271360879964,0.544730425232611,0.5969510148212439
2023-03-30,0.5876435325507342,0.5149808734635685,0.67294341824647,0.6471981685275179,0.6073820036347869,0.551301484052302,0.552946500498306,0.6591702367617442,0.5323070740999715,0.5910142231603456
2023-03-31,0.5952795856638037,0.5018815969664349,0.667629861989821,0.6323385774627622,0.612938574714528,0.5432841693992799,0.5276225205100554,0.6700920602720406,0.5572211083378306,0.5939089597357289
2023-04-03,0.5971114568479857,0.5070082837450166,0.6361260990947656,0.6171840713382851,0.5998718272111815,0.5410689154414641,0.5247586485303587,0.692843525214993,0.5773182129844224,0.6180177060834934
2023-04-04,0.6072102532806304,0.5219150824256414,0.6395155233843032,0.618082620828239,0.5798325541427588,0.5534439979121432,0.5291553341914677,0.6954813412390882,0.5825424241773219,0.6030678299505826
2023-04-05,0.5963098131214152,0.5010822237561201,0.6381932497168981,0.6032094472586194,0.5796591789908552,0.5476820689909497,0.5310302520057838,0.6980792731521451,0.5810605791952003,0.6292150863343112
2023-04-06,0.5989866847154125,0.531303603671618,0.6494264053669166,0.6185855895107797,0.5759025911788723,0.5433003996415638,0.530914204842173,0.6863330968158614,0.5783443659521601,0.6203842200356446
2023-04-07,0.6118038999245871,0.530011060570707,0.6395504683066938,0.6170448292457752,0.5711545018565791,0.5549582550516431,0.5346325920932726,0.6715134072474523,0.5756602100810108,0.6418182091107616
2023-04-10,0.6235833052335606,0.5250482729582482,0.6404824871192516,0.6105919651305597,0.5733601241702416,0.5607845399012001,0.5385491814387465,0.6594796524680361,0.5941216017298371,0.6356090221903848
2023-04-11,0.6236434208434408,0.5392091665853069,0.6431579135923059,0.5949811740233985,0.5853865148284483,0.5328071218074241,0.5143400885823454,0.671343535756114,0.5954251961670344,0.6331655646203406
2023-04-12,0.6303381458924336,0.5385637376534115,0.6418017724470335,0.5990279285351335,0.5976500167046112,0.5067239566872006,0.5054788275297654,0.6803732335926744,0.5671201129238016,0.6267725357201961
2023-04-13,0.6213955685763268,0.5422214412093808,0.6704156769117819,0.5762144264660182,0.5692427953244926,0.5100680633882323,0.5024588078599522,0.6863413495044948,0.5539112861418974,0.6311866363431818
2023-04-14,0.6309541416894117,0.5371952160044922,0.6781445272306758,0.5676985046801818,0.5771866979421721,0.5057059021976299,0.5095635271596014,0.6776491792090976,0.557044157791992,0.6239556701042953
2023-04-17,0.6418371118095824,0.5409583312026894,0.6668124773287337,0.5575932164458117,0.5848345099392187,0.5156660988646539,0.5094913513043745,0.6733655192654551,0.5620917618930463,0.6293405663803253
2023-04-18,0.6600435360280353,0.5585867193398106,0.669913913534118,0.5530533275519521,0.5844200202417382,0.530062578445082,0.5083440181300839,0.6497197783201527,0.5678863163291955,0.6235098999393052
2023-04-19,0.650118211161789,0.5613101182524106,0.673766363292843,0.5364682627408571,0.6075616464019751,0.5592223077297452,0.5181691332593444,0.6449331489569431,0.5622721967935894,0.6140248609567388
2023-04-20,0.6347603356634971,0.5723882525472219,0.6761157392834262,0.5383673787663187,0.5993557963785566,0.55139782446073,0.5094298521886306,0.6526802105280752,0.5572697119271752,0.6266040884910703
2023-04-24,0.637163662774073,0.567716467787733,0.7001706761707723,0.5383655985048083,0.5964401814556884,0.5579855721522184,0.5192797923363276,0.649926314378146,0.5404627763306975,0.5949822109008164
2023-04-25,0.6220463323875447,0.5779592417740667,0.6778034376477553,0.5563292969891888,0.6108335532274544,0.5546428990977007,0.5206601727553248,0.6579217006592045,0.5478596187900479,0.6114654027682528
2023-04-26,0.6275757778887877,0.5747242532369629,0.6654652313051684,0.5663004527615619,0.5979470076268601,0.5472025054091306,0.5092714452817587,0.662316106427272,0.5787635946651175,0.6141028063206629
2023-04-27,0.6262850671683663,0.5746302615281883,0.6698651526018243,0.5728569705475034,0.59877823721747,0.5546975343597065,0.5084224192419288,0.6648125903353105,0.582936206069389,0.5925727119128404
2023-04-28,0.6058790925278686,0.5920216082802056,0.6428713710877767,0.5525301490969059,0.601567332592025,0.5817381266689604,0.522535643361931,0.66764412338157,0.6002625029455667,0.6122456503443905
2023-05-02,0.6050811644029991,0.5785869350951803,0.6360000992539341,0.5429459366892343,0.6060407755265321,0.6084093694033736,0.5148339767910871,0.6766526424397261,0.5838367970600497,0.6100032918489332
2023-05-03,0.6249435711302845,0.5638069977385275,0.6223108466539773,0.5284201081436002,0.5898620266757623,0.6155762176923352,0.5033285516278219,0.6847090528377727,0.5962337034985229,0.6041093240217333
2023-05-04,0.6274444142781593,0.5682244587389734,0.6095426448954546,0.5167103504176159,0.5913439961296479,0.6126910905714934,0.5118426178390661,0.680874878335464,0.5932172180181963,0.6238838257404181
2023-05-05,0.6351545850010557,0.5506837191390864,0.5864971388779264,0.5019598206067921,0.5757608740586259,0.5893973090802938,0.5058312376334734,0.6804429564873228,0.6328297624033182,0.6371893413512334
2023-05-08,0.6454310035308668,0.5523792114631024,0.5798364750813234,0.5009965206305006,0.5557415125019448,0.6005731047608976,0.502770249567543,0.6858028561890878,0.6318661203883699,0.6253051545173685
2023-05-09,0.6475447226371366,0.5748994449839812,0.5782826387939617,0.510528870939888,0.5722051787452721,0.6118572101108662,0.5239510222372062,0.6635192140629604,0.6226852700683888,0.6319212901588153
2023-05-10,0.6515643733545491,0.5867914529399113,0.5513933360824476,0.5248209222531564,0.5769442454867645,0.6381518244908017,0.5596209814598674,0.6429555986891752,0.5946518092328054,0.6392586414576346
2023-05-11,0.6574349003675813,0.5909855273734644,0.5714094013827372,0.5173441531602393,0.5835069425083126,0.6292217148390257,0.5431648179501336,0.6342066739638267,0.6061154752154158,0.6335667879861121
2023-05-12,0.6524858254215314,0.5849371066152244,0.550015871296748,0.5306994228867995,0.5796388736420384,0.6779254532119062,0.5687913218030725,0.6325732892237615,0.5961750903773899,0.5874267811002388
2023-05-15,0.6645839120350501,0.600394318652213,0.5659257250720657,0.5341029386225801,0.5838573417038014,0.6723907684384499,0.5686852044982252,0.6035623209401576,0.5816377187146197,0.5978614152304417
2023-05-16,0.6856842349045419,0.6156930896525247,0.665555655382347,0.5199420163256468,0.5389649208806849,0.6230643685137659,0.5092693245800887,0.5739136981568221,0.5237755484486761,0.612533062995343
2023-05-17,0.6725365001263932,0.5977221962995859,0.673649031912735,0.5138163349915494,0.5553827053838577,0.5943519448750642,0.5046807933919452,0.5921464935862462,0.5258085755930065,0.6424754713987718
2023-05-18,0.6789879489026848,0.6078392209983626,0.6516460754109906,0.5104050445631215,0.5399228683258305,0.5854467222676499,0.5040064515044257,0.5895446554391089,0.5214304854047734,0.6641700036412687
2023-05-22,0.7018764740232144,0.6163663357503725,0.6280247316705133,0.5021318301649694,0.5238921552217951,0.5987290158645835,0.5002934352970113,0.5604734507352515,0.5111940327957009,0.6622353699378553
2023-05-23,0.6914126648661837,0.6148559938355169,0.6359901297553713,0.5009182647489762,0.5110323730978795,0.5954769082222088,0.5121561926664913,0.5957469178778112,0.5154395756190958,0.6549034081632004
2023-05-24,0.6825452262239132,0.6056918088143548,0.645735240490897,0.5170210970355251,0.5046833201259644,0.5884870108147698,0.5053608154949306,0.6319753496237284,0.5196191669940114,0.639305733705898
2023-05-25,0.6923382138227466,0.6277792323844422,0.644362784562663,0.5016117891425647,0.5064719417839497,0.6086266651616797,0.5053579918831146,0.5941961787063119,0.522616268715267,0.625266183664262
2023-05-26,0.6972456441685188,0.6301182957447956,0.638273387579743,0.5014921349546267,0.5249265238595404,0.6090125156292494,0.508894169471266,0.5731625085396509,0.5007521529319529,0.6349639029691189
2023-05-29,0.68829027330069,0.5995255250288277,0.642971661871787,0.5119067205672309,0.5223716339134689,0.6104657073517065,0.5122450728357528,0.6174995859898874,0.5060734199187155,0.6359181533696805
2023-05-30,0.6827993429781917,0.5914349122413676,0.6581018876827279,0.5006213054505099,0.5188791081262543,0.6361569386300449,0.5078959923953218,0.603923684419505,0.5091118627402024,0.6204073820385797
2023-05-31,0.6798848770409512,0.6039050391293069,0.664928740621101,0.5198890039335974,0.5202349111112807,0.6296584833095604,0.5241739310984791,0.5994880209569581,0.5007130162391994,0.6124975352335179
2023-06-01,0.689084912825871,0.6113977666807802,0.6186111296508082,0.5012552838641876,0.5185900475991786,0.6391191103396296,0.5016426704771824,0.5890019733853186,0.5050290293074767,0.6457028178062284
2023-06-02,0.690468921488757,0.6170834896959144,0.5845888645919092,0.5065438378586596,0.5033625619652898,0.6744240369656644,0.5269343429195686,0.5833851745143185,0.5164900819626533,0.6246616990778707
2023-06-05,0.7099221395437948,0.6123611228349928,0.5252471851757033,0.5022797216711065,0.5569429031761923,0.6551399265928256,0.5324176194541611,0.5907519101156408,0.515409632369323,0.6301576273973294
2023-06-06,0.6963113170157452,0.6400628693087496,0.5665751870639544,0.5253357853212985,0.5690538406627882,0.6081902123102972,0.503199809300236,0.6019179905879609,0.5306701541466685,0.6416668067076846
2023-06-07,0.7231697759911865,0.62452029372112,0.5779940226946162,0.5198712369253018,0.5844251538059849,0.6107556090821595,0.5194880361137234,0.5744468351784269,0.5357618643000699,0.6128170541963244
2023-06-08,0.7002122443260484,0.6305303494421998,0.616763570349033,0.5269049500397859,0.5998656132914043,0.5453369036920029,0.554308374724435,0.5777333721651988,0.5452013064009037,0.6287119968847522
2023-06-09,0.6952352163325703,0.6280891810334016,0.5618972153950818,0.5437498923028655,0.62486824558976,0.5377471825271294,0.5631194300142065,0.5789540414301334,0.5528715870148571,0.6442637459806182
2023-06-12,0.6498403030543561,0.6313803241108723,0.5961594050938523,0.5340834083311833,0.6887445527754531,0.5034169918501755,0.5717514979515328,0.6003452685721009,0.5508576537417166,0.5868893655968327
2023-06-13,0.646715160100834,0.6426358425510241,0.5761957816007036,0.5002376999324325,0.692495487519083,0.551136262645998,0.5320555189256371,0.6211619957728202,0.5446054329147397,0.5778978527373586
2023-06-14,0.6495974796561155,0.6531413621560483,0.5458999076730046,0.5002615604494064,0.698182864799933,0.56149571640896,0.5185929575320085,0.6083976242656677,0.55038656233344,0.5740259328439088
2023-06-15,0.6580430432815024,0.6687570984843951,0.5559411789976348,0.5106627002188451,0.6766677393933942,0.5650248693808279,0.5158399630451085,0.5988011263063561,0.55966626814733,0.5734784749793302
2023-06-16,0.659452128589341,0.676601036954307,0.5615300419117314,0.5158030927369689,0.6794651414193765,0.5606064563281449,0.5239706806772773,0.5781505180764475,0.5778045061392562,0.542965125761895
2023-06-19,0.6398684844040643,0.6751054966135968,0.5448987771632924,0.5187253125436934,0.6885979934442769,0.5853182577122186,0.5042664438602791,0.6027605807733867,0.569855466186845,0.5146051986010005
2023-06-20,0.6547113357636682,0.6759999349044096,0.5521583322040097,0.5426660234969564,0.6679556783558582,0.6016154625496981,0.5097090398250262,0.6046377647143729,0.5204962501211646,0.5407482488297376
2023-06-21,0.6686173511553409,0.6707169703237305,0.5385786851709158,0.54100843619616,0.6645636270210399,0.6082166721221081,0.547153205562091,0.5913975868236562,0.5003467576147238,0.5315580398451367
2023-06-22,0.6721080734285866,0.6585930336358368,0.5289468779664532,0.5514128829533521,0.6880023628744256,0.5621512447881625,0.505534553920386,0.5930175147539752,0.5201358264138697,0.5675348729017494
2023-06-23,0.6685298591235237,0.6649711602792446,0.5617637828729257,0.5498712856949616,0.6948737509994786,0.5469739284274993,0.5063079881224256,0.5839399352681041,0.5173883728045474,0.5402618457490344
2023-06-26,0.6726077831368324,0.659650199100675,0.5536777373274465,0.5367679809756541,0.6998827612427571,0.5582162621246408,0.5212984716656122,0.5796877326366782,0.5042587976210845,0.5378437039169903
2023-06-27,0.6684023388079453,0.6379370789085145,0.5602131104686471,0.5251572958707105,0.7227846477280494,0.5416025617487145,0.5080337863665696,0.5783378613576359,0.5006477342693955,0.5436011838939394
2023-07-03,0.6408132085384979,0.6169588516723065,0.528716842273789,0.5007797965431589,0.7699359137011768,0.5189446348150152,0.5189925774153232,0.5401136631809615,0.52811205961921,0.5281727661794771
2023-07-04,0.6471899626947432,0.6307413516677266,0.5260647143237975,0.5110843639813104,0.7527460560154388,0.5325962462271377,0.5204052018542469,0.5240682672511959,0.5407669667382724,0.5628490976211216
2023-07-05,0.6316880079865476,0.6211971950955091,0.5201159837270183,0.5196634356586713,0.7667139962210805,0.5188795558548419,0.5337728329297181,0.5247264468427942,0.5369101799054324,0.5606808030080731
2023-07-06,0.6320849230715461,0.612592330397077,0.5357459731758092,0.5509654998982799,0.7593943156688775,0.5298598868919967,0.5672619416326006,0.5048538742893341,0.5465638592400075,0.5471110267795952
2023-07-07,0.6255349818514082,0.6246921779051989,0.5219929384104025,0.5559537948748586,0.7442927134070331,0.5403293101616233,0.5787773061804681,0.5371028719775351,0.5552190491246565,0.5652105065535259
2023-07-10,0.6210414484662248,0.6443480359089251,0.5098993542310976,0.5413248186770626,0.7299965874673587,0.5239367893831406,0.5694306695823346,0.5165381799807336,0.5513303268329617,0.6123283298173342
2023-07-11,0.6373695487953035,0.6433813774126111,0.5223200266883028,0.542550854347592,0.7474573545626778,0.5241804716432444,0.5191336458577617,0.5221866086621878,0.564509887942157,0.5503391974804339
2023-07-12,0.6395328889690999,0.6480273348497881,0.5627359288156754,0.5099340011591377,0.7139351060613427,0.5946788983576344,0.5385753403640573,0.5175468300328446,0.5787820301247751,0.5544080067843219
2023-07-13,0.6435889724808354,0.6277873375009766,0.5553752223743055,0.503130179766525,0.6897569592622016,0.635908568872526,0.5692846541780511,0.5349262147328137,0.5862546122790436,0.5561123568217211
2023-07-14,0.6476647058814983,0.6158253833484394,0.5372924670807491,0.5348364047781943,0.6851795513006538,0.6153497422873672,0.5797975404065117,0.5888999366196753,0.5872182671766714,0.5617375213343065
2023-07-17,0.659385774714223,0.583056707553694,0.5661401168759387,0.521339631266904,0.704150533805339,0.5727308910464909,0.5604420812861047,0.5960461399869815,0.5578788924911319,0.6038444942171305
2023-07-18,0.6625457059526664,0.6007966246182023,0.5609460692109135,0.5357932455237305,0.7305813220529971,0.5021105661585248,0.5123531091116574,0.5583382942258087,0.5108547194863162,0.612643170646997
2023-07-19,0.6684272926009293,0.6042293083825224,0.5731798339333476,0.550423435499007,0.7018776835509742,0.5376042804027918,0.5587010903615507,0.5726129432886005,0.5380704918580651,0.6079133802491413
2023-07-20,0.6692976892363384,0.6072271259620954,0.5560917199390875,0.5749233548206862,0.7142950359170058,0.5330519187399272,0.5474123537636785,0.5559413289845295,0.5599225643221558,0.5787977652029087
2023-07-21,0.6610447099277597,0.6143517947818308,0.5492799539156815,0.6176513598951299,0.6778343393023464,0.5058432552437392,0.5008347926522778,0.5695708212364635,0.5408183015000628,0.6329018342683052
2023-07-24,0.6468859820891921,0.6108708835426319,0.5679156364934705,0.6142716607003565,0.6839416953623007,0.5169591546352589,0.5302004537948236,0.5611428245311628,0.5570836669961463,0.6324443384303813
2023-07-25,0.6427796993521472,0.6057895309389586,0.590777596333801,0.6236446042153054,0.6919342921842276,0.5064941889125251,0.5300199881777685,0.5570800792614939,0.5529534877115035,0.6102756979331279
2023-07-26,0.6480098589863721,0.5988881447931726,0.6072106840395683,0.638047404020881,0.687502765934967,0.5009384169868899,0.5366996360467385,0.5644324066153571,0.5287433432398386,0.5859730486586123
2023-07-27,0.6495685881018295,0.6072269704422538,0.6162735079991626,0.6528875391336193,0.6614290095671488,0.5180313564715037,0.5618276624279116,0.5612902834140187,0.5327172712782854,0.5729010536353668
2023-07-28,0.6757403258878272,0.6147955641300371,0.6010419006767599,0.6112105126651759,0.6461884176382765,0.5551613299031316,0.594206686418302,0.5747934323878292,0.5138559976444137,0.5734602741019809
2023-07-31,0.6685136296621589,0.5991278980921576,0.5641963907475528,0.6002183173964629,0.6638110198817192,0.5504856458888281,0.5736317586356215,0.5893602977504298,0.5711871195045718,0.6042385939542395
2023-08-01,0.6692308775946766,0.5859705882964125,0.5401834182276325,0.5956088924592066,0.6708046312612961,0.5125819008267058,0.5560645923981868,0.5833245582987744,0.5876146054103071,0.6312640308824073
2023-08-02,0.7012923413501664,0.5651306405636941,0.5155249922627874,0.6116369774571486,0.6436527791289883,0.5394548662763674,0.5856143445714723,0.589758890654115,0.5938524514642354,0.5852003488610218
2023-08-03,0.7114216892744061,0.5940767284266746,0.5283201311429747,0.6013915760034809,0.6359608552231832,0.5163448498410623,0.5674944014305149,0.5468823112999729,0.568231745308199,0.6277409229539858
2023-08-04,0.6948435744192302,0.5942259309962846,0.5552365410627361,0.5836452878840205,0.650618121687781,0.5331544511352961,0.5928396698068675,0.5322095412484283,0.5934758424197661,0.6097338996324796
2023-08-07,0.6732201234404039,0.6151709529454648,0.5419358628563217,0.5550486899666128,0.685551548561366,0.531039697283537,0.553935678431741,0.5133735575276365,0.6014083050236364,0.6195331875502061
2023-08-08,0.6640363350018389,0.6400980178130217,0.5353793323352901,0.5479243011503584,0.6675464856516959,0.5774869184797886,0.557537736737069,0.5129554792325692,0.6073433533180563,0.6093170756818643
2023-08-09,0.6731482995720465,0.6667242952546829,0.5361842491511583,0.5547930294993745,0.6283541978402756,0.601017420357424,0.5877600840609752,0.5360837629990263,0.5590449616888212,0.5992608369076854
2023-08-10,0.6699627577398952,0.6564115871145578,0.5438492189907439,0.5402401363215042,0.6636232213525274,0.6204151389710064,0.5790679819541321,0.5616756732804323,0.5209481591849942,0.5495009177114528
2023-08-11,0.6734643146248175,0.6554361806504029,0.5239311623392865,0.5307648946980975,0.6690266721819849,0.600659523376162,0.5426691234683982,0.5785967878872841,0.5045389047210513,0.5928471364981992
2023-08-14,0.6255699777384851,0.6714915665639752,0.5530544148370408,0.5041772111761864,0.6703909377381954,0.6015568846857057,0.5171073423067262,0.5687994807466414,0.5107475157164978,0.6364305796958264
2023-08-15,0.6215977860297532,0.647995836086453,0.5572909324987,0.5240973516338595,0.7085157492799562,0.5558149621295722,0.5000718211121687,0.548913333424084,0.5505907745893684,0.6378887784728022
2023-08-16,0.6443300230347485,0.6314653700517723,0.5442392091193787,0.5264464272402789,0.6674559343295946,0.5549324303467716,0.5134596632433134,0.5881601425285431,0.5287464838233741,0.6746467733978582
2023-08-17,0.6468822350399045,0.6205059110088749,0.5732549480198608,0.5043117557962222,0.5974547598372556,0.6302550706102807,0.5910989616028274,0.6186060116421122,0.5005311822268864,0.6442208872297246
2023-08-18,0.6338762042633425,0.630351082726303,0.5977253218332252,0.506565061108685,0.597513970950358,0.6362304346211712,0.5999674762713562,0.6124763286206675,0.5083689949049189,0.6257829995870492
2023-08-21,0.6137468330681555,0.642221141844541,0.6194409923049274,0.5121920722928773,0.6020203122041535,0.617514666931411,0.5758592766814016,0.5964023765965484,0.5373900748324948,0.6512190854575891
2023-08-22,0.6163609772005937,0.6346338868583767,0.5828757031421324,0.5056031305546133,0.5636028899076638,0.6281755211086051,0.5728724056474994,0.6371129923258781,0.5535174164257082,0.6584184569921175
2023-08-23,0.6160276274381691,0.6280151104976411,0.6038057358319354,0.5007065915226727,0.5302726528613027,0.6443164123715203,0.588556096311813,0.6197505327816357,0.5500765652541934,0.6550838712732242
2023-08-24,0.6076567824039317,0.6060768433308711,0.606191894433621,0.5188833861120824,0.5069819489475257,0.6889913885581387,0.648686307016138,0.6116947832661671,0.5344258754647903,0.5714181695600805
2023-08-25,0.6145561712317074,0.5963205513726106,0.6018830659154266,0.5226090542713163,0.5081898431795165,0.6543861511471744,0.6160074033242057,0.639663801739763,0.5694408430060856,0.6270084038738415
2023-08-28,0.6116415156063414,0.5851694645720794,0.5983893954213161,0.52198819805523,0.5308838588073738,0.6462993690263115,0.6156036013068208,0.6639869353851425,0.5733242855411309,0.6150643943584725
2023-08-29,0.6134066656470539,0.5964352512624164,0.5980893550630763,0.530194988958922,0.5219854037205737,0.6361302214797203,0.6307478674901397,0.6493474506756411,0.587482417411012,0.6111278015056643
2023-08-31,0.6099282781409056,0.6183035832894955,0.5929654108958081,0.5156399475189442,0.5430862013011676,0.5991647435462013,0.577371735502518,0.6466110059768032,0.5989675718688184,0.6648579736032512
2023-09-01,0.6047368476587476,0.6244187935114848,0.6141906385160556,0.504910832504,0.553591383274497,0.602048628875096,0.5876678385608354,0.6377393804027752,0.5881402912421226,0.6545483506405121
2023-09-04,0.6005147570833326,0.6200896234385059,0.600186457936992,0.525507142524112,0.5397403135874669,0.5997791738871113,0.5859821362504632,0.6388339211808814,0.585141130238192,0.6744891482005909
2023-09-05,0.5967497113737492,0.6184470963207453,0.6072942512408852,0.54181636886897,0.5324128732114155,0.583726177521962,0.5788299992946839,0.6175282644818486,0.5923145346349582,0.6945521076231786
2023-09-06,0.576524083603292,0.6065993116679841,0.6109199432072173,0.5486164114589863,0.507225356434528,0.5997825231710832,0.5926199813639398,0.6216278112510704,0.580847801743658,0.6982626113443974
2023-09-07,0.5639478249506801,0.6042135587461771,0.6126018265316632,0.582430383889956,0.5249989403231924,0.5983872757620476,0.5998260668396284,0.5971007338857036,0.5897759396976047,0.6973039860280913
2023-09-08,0.5723490146325073,0.6173880052901813,0.5763347207219681,0.5654247489258264,0.5314069037392842,0.5923802924369438,0.5967872871346122,0.6132894314464891,0.5761521441986325,0.7108731009860683
2023-09-11,0.5742264530825626,0.5967161074866923,0.5771404682884791,0.5679863958117343,0.5348612797769442,0.5825256630203219,0.5762686360427582,0.6227465390011274,0.5974844393855663,0.7173985049988936
2023-09-12,0.5821336357209873,0.589969280748552,0.553875728472636,0.5680431022048784,0.5406611222172856,0.5833708834475607,0.5648587012559407,0.6301911948139424,0.5918167698630316,0.7248277096117487
2023-09-13,0.6031489227493964,0.5699412741485093,0.5468978695179308,0.5605714487581265,0.563184249753481,0.5969518538524105,0.5673686380960006,0.6263872647468027,0.5856479626287471,0.7201625750970884
2023-09-14,0.6197911037447082,0.5622361733618063,0.5499679445056836,0.5452338781431533,0.5544528807131612,0.6107116035717776,0.5472741805919922,0.6257776878770723,0.5782330675986539,0.721240816583161
2023-09-15,0.602806103261368,0.5602503718772339,0.5469635515409679,0.5460613272958469,0.5901304089311498,0.6088203533123796,0.5413914699966319,0.6182810981398379,0.5957834871976603,0.7184975505397326
2023-09-18,0.600305434341347,0.5659170710365092,0.5536474197089472,0.562623800256504,0.5830624835508733,0.6117257784486035,0.550627030256719,0.6108222263673182,0.6005666006572702,0.7134590258989061
2023-09-19,0.6033413038422648,0.5669064101740698,0.5414344409215787,0.5590019581305737,0.5768008743553249,0.6228777715374119,0.5658300939175942,0.6268820915763299,0.5775356800188257,0.7081235335263102
2023-09-20,0.6180545315728149,0.5669489819538778,0.5465287542075968,0.5695971175170688,0.5583346631625764,0.6456092317612723,0.579527545695605,0.6163476445396768,0.5553444369447401,0.6953304785519943
2023-09-21,0.6194121423958499,0.562034768983033,0.5618898866940975,0.5823441283975049,0.5452259986113991,0.6076497407880904,0.5817771835909095,0.6126707713247436,0.5917842529594394,0.7023665190681885
2023-09-22,0.5882329194488379,0.538311537774329,0.5755899141341613,0.60498527287311,0.5586967646910338,0.6004754028704682,0.5586848363484972,0.6134924912114914,0.615297709421967,0.7048509514920317
2023-09-25,0.5608597387777285,0.5735877107133203,0.5576416669718355,0.6269320579262929,0.568500448446607,0.6178902814252333,0.6092386981090825,0.6128106539556105,0.6050742357957529,0.6681290614613262
2023-09-26,0.5628037977447722,0.5706826964642545,0.5532561892629425,0.6182111057756259,0.5656261520735065,0.6030833623699762,0.5914415680135406,0.6209830303180751,0.6078162019214626,0.6892218393341972
2023-09-27,0.5626449415260775,0.5589664737570541,0.5692012854896633,0.6199601088009322,0.5621393899059819,0.6062808106389707,0.5980044626415629,0.6221297311402014,0.6094391128990092,0.681317544440368
2023-09-28,0.5614989103720401,0.5669749510519441,0.5887134889189672,0.6169467828419203,0.5427666198863224,0.6145389132749758,0.610486018871569,0.6223930519690756,0.6092988059869898,0.6649700669067355
2023-09-29,0.5750785144741192,0.5618380875268626,0.5755334267097525,0.601687328425508,0.5743574747729273,0.6357639144244799,0.6308935003517008,0.619130143749875,0.5951252454276831,0.6458423154551808
2023-10-02,0.5794446838053252,0.5567369009296471,0.5848684094113573,0.6051365340376247,0.5600648989722893,0.6052710422920854,0.6225101616711677,0.6205634286322489,0.630564569267302,0.6484690825579376
2023-10-03,0.5792591364053264,0.5480041042467289,0.5896763303669889,0.5845378857397668,0.5845258394734082,0.618969120224123,0.6368291819703966,0.6226332153296723,0.613904546661015,0.6389336627063569
2023-10-04,0.5680324292206957,0.5570332425903455,0.5862256299939455,0.5936892368722967,0.5823251283791451,0.6067813685748522,0.6365225118551746,0.6207153088708729,0.6151897278874386,0.6495273676098358
2023-10-05,0.5699730073457334,0.5542400204670536,0.579829463645433,0.5954886847876314,0.5747036113717584,0.603422625039902,0.6367342134266915,0.6305411595134334,0.6128630554235387,0.651756053240911
2023-10-06,0.5763088752337782,0.5711251564139934,0.562540142428339,0.5882523408275223,0.5883913719272662,0.5930703491016992,0.6276117910608588,0.6208815583414699,0.639858609139447,0.6469586958703637
2023-10-09,0.5680474936853471,0.5652815518860504,0.5597638079666047,0.589401302363564,0.586333488223718,0.5639839839214855,0.5865903440014325,0.6199298510181003,0.6736881893225535,0.6644949778979132
2023-10-10,0.5558841067732571,0.5651084280883657,0.5507867064461772,0.5899373943833917,0.571104315717567,0.5330358884677652,0.5653897973576293,0.6286969636214191,0.690954480937532,0.6721377482672511
2023-10-11,0.5542011447163465,0.5692127752519249,0.5379010920461151,0.5769870813877148,0.5725147292172212,0.5159952007391209,0.5507571028805552,0.6260808039886628,0.7270772457269626,0.6430680772613466
2023-10-12,0.5462234301215799,0.5753066989415193,0.5474583273464807,0.5820117735082216,0.5771696482562841,0.5317381682831824,0.5454926635660298,0.6181507712699086,0.724668985303257,0.644420832291525
2023-10-13,0.5456598298664925,0.5878812597027486,0.5409130252267036,0.5542148323993524,0.5825895822714416,0.5394753006482502,0.5323964888208341,0.6268451597832224,0.7284402471133166,0.6377916526675602
2023-10-16,0.5555288506166264,0.5718195906840348,0.5553030584166662,0.5519092687268411,0.5798354825020043,0.5754417819888057,0.5725289858018425,0.6562029011574295,0.702223236234059,0.6204051480788951
2023-10-17,0.5342195076324452,0.567122259377905,0.5602697904654174,0.56743436710645,0.593838184417017,0.5750366349388293,0.5576738559560381,0.6433465651345452,0.7075426126702835,0.6259775705686288
2023-10-18,0.528094347553591,0.5563453797173167,0.5641571932782166,0.5898151168934115,0.5903765570155036,0.5662696207381765,0.5736533487345198,0.6440244523172741,0.6868015012629201,0.6460885760396969
2023-10-19,0.5329832574553774,0.5431557351946619,0.5658867743989078,0.6025169215906644,0.5931951913292367,0.5790672415070687,0.5971912966002128,0.6425627076830076,0.6865317624971502,0.6175102870474242
2023-10-20,0.5495717193442101,0.5306619167558956,0.5542599704982216,0.5925871068961684,0.590365442370422,0.5858995904218095,0.5723285686319625,0.6482091399381693,0.7093882476975603,0.5980388890517547
2023-10-23,0.5485526392816474,0.5376259348704138,0.5479829032692636,0.5853694548677246,0.5833659404650773,0.5481548336089096,0.5560877027772821,0.6485451129174594,0.7122892628177779,0.6349101864676164
2023-10-24,0.5162712020244028,0.5526848562469003,0.5666452748355907,0.6069692766646972,0.5905491459346378,0.5940208458897076,0.5698461594620382,0.641336969558597,0.6873882152283107,0.6232015046847693
2023-10-25,0.5185247772388984,0.5401248633343264,0.568260787126706,0.5923363989544275,0.5871935003785119,0.5615113560938517,0.5492142542939804,0.64536333027167,0.7083965349741009,0.6326815119426074
2023-10-26,0.5004234880294842,0.5264900798529119,0.5806588795766708,0.5942404413759136,0.5790697672315267,0.5712639012613413,0.5433697616468861,0.6625644828922065,0.6901382531432984,0.638675222907188
2023-10-27,0.5505926665320192,0.5469659963223967,0.6067968599094758,0.5695134328062083,0.5474341246397917,0.5811250292192169,0.5729183552243136,0.6519587015070681,0.6905769976326411,0.6286413996407881
2023-10-30,0.5407903457780939,0.5472836513778364,0.6209644037446415,0.5748964810823997,0.5370806844301136,0.588131680212161,0.5766254951959146,0.6469753867147995,0.6984083531405263,0.6048254245792829
2023-10-31,0.524273593504644,0.5549818792052957,0.61631830971236,0.5828680808500226,0.5286715100697873,0.5543358502714756,0.5687355897004389,0.645267712217111,0.7051373978929788,0.6241722476943274
2023-11-01,0.5305438350074301,0.5442036537951267,0.6042144114799406,0.5713134614353063,0.525374415068646,0.5473297603301119,0.5956540104126008,0.6749568367858547,0.6878592597377167,0.6197635830918752
2023-11-02,0.5374758337982358,0.5658637578248761,0.5816095150265571,0.5711102404983173,0.5461951050694746,0.5363472903579626,0.5703748733710171,0.6510850679163421,0.7075550610206988,0.6390622953841247
2023-11-03,0.531039478174954,0.5280043410538974,0.5844783053509747,0.557213755707665,0.5785911883285351,0.5518832136206391,0.5784029572911608,0.6672532537951938,0.7126599566989936,0.6036341948004263
2023-11-06,0.5428990861404522,0.5168516170549373,0.5823362538283381,0.5329982122055121,0.5898026130914267,0.5448440225903161,0.5794242934447097,0.6721128666710888,0.712094762537634,0.6006375704190954
2023-11-07,0.5375697954390752,0.5019455487481285,0.5495720704480157,0.531716176508715,0.5754694335358365,0.5084584793687825,0.5274319376193608,0.6827190353094936,0.7075764485694123,0.6524421531692738
2023-11-08,0.5258180100661359,0.5074430646992014,0.5508335147573709,0.5321528786807981,0.57822748504953,0.5689010185264648,0.5036583767137178,0.6416500072037357,0.6693417201723366,0.7171397526987793
2023-11-09,0.5206462159612654,0.5127933125174623,0.5574697339446865,0.5218508258112333,0.5741046021529965,0.5689639424868104,0.520193736120356,0.6609387915334358,0.7116531144918578,0.6593339487607516
2023-11-10,0.5336340183999008,0.5329794790583369,0.5478848831985876,0.50469101759878,0.5631574873646207,0.5901116251652961,0.5458189204443528,0.6801023031036816,0.7009329102777638,0.6398500250504133
2023-11-13,0.5345858630904493,0.5125600702275874,0.5599294877761614,0.5166536396477235,0.5358229116042926,0.6198012451586288,0.5003824624936811,0.6268268496552278,0.7173512814888713,0.6640911077097059
2023-11-14,0.5397533729130368,0.5203791459571031,0.5697184184445105,0.5159308913646513,0.518185761988463,0.6124497276134498,0.5195918629144997,0.6384183957209467,0.7430145718536681,0.6114709873197873
2023-11-15,0.5430654717946835,0.5069831509539375,0.5864756419735154,0.5087504378167355,0.5386289715746678,0.5949223952898268,0.5211602407955341,0.6114523386039167,0.7647964668699712,0.5903553984339027
2023-11-16,0.5751264163684292,0.5032830225437479,0.6003785597147736,0.5279097341074207,0.5213252757630442,0.5563085300682721,0.5479806031647589,0.6051716372928347,0.7689806392870073,0.5725419334067562
2023-11-17,0.6178110538998506,0.5098668808495489,0.6054085493661469,0.5069033726580642,0.5074544023155964,0.519610757326907,0.5837047508933716,0.633856867000055,0.7375183045975637,0.5647800232940406
2023-11-20,0.6071080011914635,0.5024312487184198,0.6094095924650924,0.539260540222776,0.507232400322537,0.5047003862859233,0.6178444930066712,0.6366807434440999,0.7261359756903804,0.5483776433081863
2023-11-21,0.5870465302689934,0.5194268333183821,0.6002275139397731,0.5458006341853273,0.5841028195219256,0.5274342582131494,0.5827521740231993,0.6499244111293786,0.7296767240599262,0.5333284634499528
2023-11-22,0.5697710880466554,0.5019556570437651,0.5827290182822474,0.5256033399047549,0.5909064733228938,0.6123473873161306,0.5171224121514761,0.6203994795800208,0.7263556838820312,0.6087549110325953
2023-11-23,0.6009096699563877,0.5401918542631399,0.5842900879669622,0.5181979522541832,0.5950341980663122,0.5536891758483783,0.5506402280080885,0.6578490146712616,0.7026929451279332,0.6067603837579788
2023-11-24,0.5721774067366817,0.5707235808110724,0.6004852013440112,0.5229782591534454,0.5179366961441382,0.5172563013257977,0.5719424920350378,0.6382000764853762,0.7376901272065962,0.5942515104706126
2023-11-27,0.5761838479080437,0.5784315000050144,0.6117098144361239,0.538515918499818,0.5184075564705921,0.5327867597482646,0.6035270686321216,0.6438833422463861,0.7146036659177394,0.5793993723266685
2023-11-28,0.5786615104926868,0.558731758701053,0.6264588123198787,0.5227196812593083,0.525709756248037,0.5448685908382389,0.6284374586039825,0.655228347226925,0.6995833648739397,0.5432009394356537
2023-11-29,0.56912775655325,0.5250451380804387,0.6106667377304859,0.5573023881029314,0.502270848974974,0.5592407450279256,0.6449332688091739,0.6653529294105193,0.693004439088608,0.5325873459268918
2023-11-30,0.5614686099781926,0.5396416741829996,0.6224033709977155,0.5189721940568072,0.5077371288709251,0.5736014294806818,0.636432846838592,0.6594664256227968,0.7014909303283637,0.517310060680051
2023-12-01,0.5856220517865189,0.5607559249193461,0.5919440300357813,0.506927097252193,0.5561230269777706,0.6054603289232542,0.621203032346315,0.6825395160569738,0.6694331923537858,0.5244309605503124
2023-12-04,0.616648427551261,0.583174389540351,0.5753233569571818,0.5053065060069412,0.5598813819542136,0.6073885654414967,0.631269776836013,0.6597453021359403,0.6615165844400903,0.5304713384940204
2023-12-05,0.6180901172269421,0.567137133745806,0.5910637907673747,0.5066656664642539,0.5754762041872984,0.6229514676571484,0.6274206477670691,0.667932185126363,0.6359513031706637,0.5242420623799477
2023-12-06,0.600665186942225,0.5615428193379607,0.6249841176632712,0.5364474440598059,0.5577934483951896,0.6418940280066755,0.6292688474224756,0.6288286500006495,0.6507273440445639,0.5272154498649925
2023-12-07,0.5920889892463974,0.5798289783046148,0.6460510890410164,0.5342487180362188,0.5818806820505471,0.6344464119275566,0.6271659727472314,0.6013537080979041,0.6457902320125698,0.5357118160117534
2023-12-08,0.5886135047033502,0.5802138162643793,0.6709701297915222,0.5199678425798319,0.5640402089278012,0.6269269151360964,0.6383915861767439,0.5686530850140079,0.6449539538639801,0.5458942857515302
2023-12-11,0.5699304903515227,0.5925753809687403,0.6617077156219489,0.5232068523951026,0.5617051680968684,0.621922961467878,0.6567882718481307,0.5628233465939982,0.6381674815246631,0.5683400970062276
2023-12-12,0.5596839608645091,0.5860756491131366,0.6468137565576896,0.5379271549405215,0.5456900140156676,0.6254060575232542,0.6985274318772797,0.567579537721831,0.600680261111748,0.5722237053302618
2023-12-13,0.5700189317437753,0.5797222540443682,0.6399651012143208,0.54955243983375,0.5566631634786,0.6282492403725598,0.6996966209763147,0.5852997803653482,0.5913742978558003,0.5514248154817123
2023-12-14,0.566220236753917,0.576688223826783,0.6431564469408525,0.5565400528995599,0.5742587191021066,0.6377447954131061,0.6888377472584001,0.5860727410729613,0.5817810614576964,0.5539446217372356
2023-12-15,0.5399002766633609,0.5787109412190042,0.6599277561460407,0.5429762598988567,0.571531911141198,0.6252864437615236,0.697693945371299,0.5735827844519493,0.573055554254093,0.5724698361489019
2023-12-18,0.510012115548603,0.5720502969092677,0.6599015291627625,0.544256524477825,0.5440617501668316,0.6146725391741586,0.6984964856448986,0.5651109623158092,0.5959026457075425,0.6018019922791639
2023-12-19,0.5288956757119948,0.5768436206070132,0.66535275494768,0.5448933692661059,0.5425466276558341,0.6257126880360333,0.686346257735242,0.5853847428876802,0.5820197231755458,0.5930464846061706
2023-12-20,0.5214579087109833,0.5956450636687137,0.6515667162584439,0.5412602500017019,0.5423932895939655,0.6473442904837465,0.6908059799576379,0.5686541700083189,0.5771165150621164,0.5790759664493046
2023-12-21,0.5392404287375664,0.5871210928374929,0.671063021096498,0.5333799011965531,0.5478884473695553,0.6569712343243439,0.6612028232432948,0.5752130485048583,0.5981747278811784,0.5582197404454039
2023-12-22,0.5288669201046076,0.5813430553203011,0.6779521486230662,0.5383689536162661,0.5302381577360303,0.6340648317279091,0.6790826263402168,0.5690565807843909,0.6080532185490372,0.5558511759045617
2023-12-25,0.5317076209154006,0.5856853656593222,0.6767200292103368,0.5352600187056427,0.5167231448753585,0.6282385489359981,0.6785444443433689,0.5718184229242101,0.6210382205089687,0.5433529012487818
2023-12-26,0.5334721091531899,0.5760022321951679,0.6777873545233164,0.5288843829356344,0.5121742030062698,0.6156099394932726,0.6751706460410846,0.5773396527543585,0.6440221780814445,0.5291428290478647
2023-12-27,0.5051274220666336,0.565803970972863,0.6937780091165157,0.5281763029055078,0.5118218384898574,0.6073254099232829,0.630466305365795,0.5844584162386585,0.6784990278274566,0.5271247833264986
2023-12-28,0.5109693092150652,0.5800252473615729,0.6861865526470469,0.5030185907493251,0.5122282426596894,0.6303469265368069,0.6330685037640927,0.5918080262130058,0.6537184558663812,0.5548365357517063
2023-12-29,0.5016002312821238,0.590655164719354,0.6695915891639452,0.570425631575746,0.5068952404783488,0.6566903874033573,0.641471121525316,0.5758856867307377,0.6330374376739617,0.5331363461733246
2024-01-02,0.5175170382375832,0.5942371466056323,0.6729807557923856,0.5645228753854852,0.5385757959497562,0.677036225046205,0.6341206140322247,0.5531441577212353,0.5926031385251215,0.5749678762861524
2024-01-03,0.5289019364204361,0.5940326273037295,0.6580038423546204,0.5511211966894869,0.5484620710665044,0.6698808249028194,0.6304229664247659,0.5693958338568855,0.5994428170682511,0.6045571156780547
2024-01-04,0.5209722177962025,0.569559665091791,0.6668995552355783,0.5649899604232798,0.554685940522785,0.6804450101447275,0.6458721188733456,0.571674190512721,0.5609747672006384,0.5898266832743287
2024-01-05,0.518523486124656,0.5793966940881011,0.6711612260611429,0.5713044398248627,0.5791867998595688,0.6681266198426004,0.6569872231468364,0.527736628566925,0.5244254881255471,0.597650628558177
2024-01-08,0.513707525064704,0.5606110047032068,0.6727772695742255,0.5588411516935854,0.529749399099345,0.6799630272978495,0.6819513004614034,0.5259240457483467,0.520581413569439,0.5803841436439686
2024-01-09,0.5120589922986544,0.5731097757703875,0.6912343628372422,0.5714486144863115,0.5507555973987946,0.6821737873953846,0.6563900265559535,0.5041872132968777,0.5136704357791495,0.5593253150335645
2024-01-10,0.5062575269620434,0.5731215310523473,0.6910539591517191,0.5798820422316885,0.5596312224423686,0.6819047110011169,0.6535501621608996,0.5081489491547045,0.5183595296046676,0.5470755096807106
2024-01-11,0.5108263024640832,0.5884724445816992,0.6594450413546318,0.5916595090351949,0.5373178901058178,0.6965226672162292,0.6642684784841516,0.5101409870224027,0.5120641824926916,0.5457825429003007
2024-01-12,0.5084177754712269,0.6034852601289007,0.6408276861304668,0.5990170550844421,0.5232653977528878,0.6954274472719901,0.6734825865235582,0.5143785765321774,0.5185639962701455,0.5362422349954313
2024-01-15,0.5223801089379679,0.6137498762789255,0.6428681694479441,0.5859923568579589,0.53193494190794,0.6845393783043985,0.6807698828165716,0.5034445831330606,0.5092043878661439,0.544902662505318
2024-01-16,0.5091049975228489,0.6127679068771608,0.6590160464944013,0.5728011858444985,0.5363037027137794,0.675181843391489,0.6679072429622684,0.5296389154842922,0.5229069009340274,0.578248468746947
2024-01-17,0.5095294625070877,0.6085088727310953,0.6640926166356041,0.596068979918379,0.5428859852355512,0.6639688926005476,0.6557917881574876,0.5678881385544091,0.5191984854138797,0.5715333581697088
2024-01-18,0.5216482579105682,0.6183284561655478,0.6655117233456491,0.6038994455164471,0.5373127368485394,0.6641365413656652,0.6388946777408977,0.592420874771352,0.5200288728876238,0.5434058206758658
2024-01-19,0.5191877962769259,0.604753739338994,0.6641007692765063,0.607992042432568,0.5337911931997731,0.6713521201732894,0.6452875228956595,0.5732531426354893,0.5298679631883562,0.5575175947675731
2024-01-22,0.563650677430401,0.6102119188279412,0.660281980280394,0.6072725973181602,0.5406527650782407,0.6195785619426638,0.6267567565754447,0.6475866710995148,0.5475297236424521,0.5406873044814199
2024-01-23,0.542979167828124,0.6240709552919644,0.6570271698857529,0.6307686902362207,0.5369962447157955,0.6059407405741777,0.5814669020307783,0.6625359557099538,0.5795586633356083,0.5116525231242517
2024-01-24,0.5575232753114461,0.6308947815728833,0.6514563835772256,0.6081431467820081,0.5027134999305559,0.5917263711010214,0.5962064132628757,0.6589752638671298,0.6134007250060162,0.5150046859240359
2024-01-25,0.5352558223989263,0.6346243791223659,0.6525690564707277,0.5956352936152267,0.5027757291144541,0.5661393630719227,0.5941655376759359,0.68189613467744,0.6096569911308818,0.5309977458344796
2024-01-26,0.5509059019004131,0.6278206126256152,0.6442793585700027,0.5959970269275033,0.5121549049547058,0.5625203726058777,0.5821952073479446,0.7091264432171681,0.5866907111176927,0.5093749293104428
2024-01-29,0.5569476139201607,0.6233575671717698,0.6495891200699582,0.5949517538743195,0.5127605647365899,0.5705547219202328,0.5687790024834377,0.7057972041130771,0.5917565770500094,0.5248020152671388
2024-01-30,0.5448041512618025,0.6253261605025054,0.6385657230957206,0.5984231202238387,0.5083376739784913,0.582818775899138,0.5661788399291746,0.7134500846061238,0.5772446640427908,0.540910883371851
2024-01-31,0.5396706592962233,0.6207966087840678,0.6617248068681069,0.5694826599183372,0.5072714809683561,0.5827447128436472,0.5712394839327058,0.7064274620534329,0.5794051982351298,0.5554136031665363
2024-02-01,0.5344674190532303,0.621071089304177,0.6512964666204896,0.5812085441576821,0.5036419378950135,0.5797009785499986,0.5745330733529671,0.7182633433850653,0.5645293763890921,0.5453413146465308
2024-02-02,0.5311386640906004,0.6300722514944451,0.6543813910159492,0.6016624613480174,0.541746116843482,0.5637527762176419,0.5715381364020993,0.7064360044826298,0.566602775694764,0.5328210416916048
2024-02-05,0.5382811599969721,0.6271925767407468,0.6812144418263513,0.5870749271912951,0.5509125685842755,0.5678512996119792,0.5850707198962619,0.688909086955419,0.5528063063965706,0.5117868756891409
2024-02-06,0.5285941829393427,0.6311408044046737,0.6687014344199987,0.5655456272089626,0.537096985188379,0.5792146044366402,0.6082746112530186,0.6960946225781903,0.5194768630773426,0.5461756375605932
2024-02-07,0.5095637705848983,0.6256824876821759,0.674342587977942,0.5764509864091545,0.5192243451867667,0.5744627369634431,0.6106498242720458,0.6991509627205672,0.5137758172104738,0.5312238536991257
2024-02-08,0.5382245251245942,0.6188938519621957,0.676660519878665,0.5782020246760698,0.5074724563378242,0.5754079359907737,0.6104000289792789,0.6878292294766052,0.5628858981664159,0.5320146273093731
2024-02-09,0.5283138441282393,0.6443267304518397,0.6722604456496963,0.5630642480194216,0.5111066424131187,0.5886333144436193,0.6141572205256663,0.6577093745552698,0.5934334568350194,0.5348614556972592
2024-02-12,0.5407232343448863,0.6503909189982616,0.6693933829111045,0.5461232031072788,0.5341171446506889,0.6223415168978058,0.6399885487916489,0.6063101220816688,0.592551682792043,0.5204439865509466
2024-02-13,0.5323070284413393,0.647666211320889,0.6663255741097277,0.5584459379988503,0.5408897679726591,0.6188524887725283,0.6323975533998787,0.6425943101776209,0.55891542148692,0.507125253993482
2024-02-14,0.508955692130236,0.6386317387373882,0.6884532980296858,0.5527788115964587,0.5624431202713995,0.6123337621967052,0.6247675305191315,0.6351661476771201,0.5437950072698706,0.5352002131023409
2024-02-15,0.5009838503508093,0.6227083372737368,0.6641553850119662,0.5829623437476019,0.5937651665292892,0.6251889560833741,0.6319620944700232,0.6266222819026409,0.5632834770851847,0.5175182733721805
2024-02-16,0.5153957207316809,0.6297395400710515,0.6754234402172576,0.5646582312348317,0.5962913282441591,0.6126195622911451,0.6192699493396127,0.6365368290735955,0.5621093843393188,0.5201810939919466
2024-02-19,0.5200185209452294,0.6280032880976618,0.6439365028550322,0.5469312765667611,0.6315330024309219,0.6285690446639752,0.614458577031021,0.6450542290467451,0.5457986879671531,0.5365420521867117
2024-02-20,0.5134070143804608,0.6327679255984705,0.6400307816818914,0.5419829133071138,0.6290235023992189,0.612565550588705,0.6288251781441937,0.6540484493471067,0.5446703163776131,0.517102642909537
2024-02-21,0.5071776157081941,0.6330112759700789,0.6279612411947176,0.5303089988611708,0.6316246544866682,0.5866877856610957,0.6028700228345675,0.6952370932735672,0.5501194416044975,0.5048305571528985
2024-02-22,0.5391993776451536,0.641878990529625,0.6047341945762669,0.507474389313714,0.6135738426814816,0.5291844385097498,0.5705651245615119,0.7412326163040155,0.5154782112243864,0.5354516255191494
2024-02-23,0.5738890402975746,0.6403184773198822,0.5611147234096484,0.5140312851859703,0.5961667757784658,0.502472086373173,0.5300152928750532,0.7637283970704559,0.5249594178270454,0.5412267102202187
2024-02-26,0.5744089330987545,0.6350982040657734,0.5744063583164389,0.5075063206402547,0.5868510179773972,0.5110374375802236,0.5195699941516398,0.7637017793402506,0.5447917466945759,0.5462321102118667
2024-02-27,0.5448516958765275,0.6503707473597113,0.603902477944044,0.5210858134211527,0.5755561317013118,0.5209997154656979,0.521667320280317,0.751082690373206,0.5367832575432215,0.5650616867293953
2024-02-28,0.5481635973905739,0.6440917680520916,0.5823059413575028,0.5200249346339764,0.5848276831846492,0.5382810006479599,0.501572494050598,0.748803170635202,0.5353486992266309,0.5950656801875662
2024-02-29,0.5654235350654826,0.6216295097711265,0.5672105585199276,0.5081621697957907,0.5956430565812918,0.567935813046239,0.512198105665857,0.7238097356764382,0.5552439600655664,0.6428247131121292
2024-03-01,0.5255859134087923,0.6072380495608768,0.5757305008042372,0.5020341633384872,0.5855680059427607,0.5800306722808304,0.5496855905215962,0.7244842028031552,0.5443475804509553,0.6570411126034702
2024-03-04,0.5162039675128985,0.5843887670235256,0.5518672963966071,0.5071416091398641,0.5878923143720475,0.5970855039119736,0.5724293671685851,0.7510741075546409,0.53081521694493,0.6208362827462025
2024-03-05,0.5111366285720851,0.5988854160743179,0.5102285275696011,0.5468072695076575,0.5898822958950757,0.6305382845532504,0.5739223096229984,0.7243751380351298,0.5096488143641893,0.6337622403803521
2024-03-06,0.5333244261669311,0.6175131803143058,0.5037530170597001,0.6001226243707359,0.6126180624822081,0.621340893147852,0.556878641246401,0.6815876203132755,0.5062176833166321,0.6499942582973545
2024-03-07,0.5337167399480144,0.6516484522392008,0.5108081838793003,0.6002077158886875,0.6138643762679724,0.6116144786769528,0.5235874913433413,0.6860394736080707,0.5104103533589106,0.6269658117405126
2024-03-08,0.5433142832476423,0.6510653973039405,0.5173407036809416,0.613715873813447,0.5879009969151784,0.5946855399311742,0.5382425545502408,0.6951207747991499,0.5063464145205394,0.6300592415370598
2024-03-11,0.536031787246379,0.6373524962612688,0.5046378960855079,0.6143375351288428,0.580219934742566,0.6259291869216664,0.5653316357193802,0.6761144383671766,0.5177759448910388,0.6412750185897101
2024-03-12,0.5479720711735369,0.6443437778655777,0.5203109608829853,0.6293349468765697,0.5841339927521413,0.6161898244227969,0.5535340700909607,0.6713545346928562,0.5366174951406776,0.6291777204778953
2024-03-13,0.545736664142356,0.6304000570108671,0.5070325771061008,0.6230557866129868,0.5808809813876689,0.6221420804500076,0.573443593925557,0.6687214999249865,0.5230470008421363,0.6448116666424479
2024-03-14,0.573796876024311,0.6192232652249635,0.508424783197402,0.6264984507524883,0.5645353658625331,0.6142272890868713,0.5868571409878448,0.6842060572997735,0.5309300759610763,0.6254301363705876
2024-03-15,0.5731745450523478,0.6072063099622399,0.5067604700499534,0.6210145180845187,0.5515085859661961,0.6200042665068919,0.604238996850098,0.6637707603002648,0.5071670352006508,0.6574199207023862
2024-03-18,0.60155894482249,0.6188877262859616,0.5206566632615838,0.6096699189300984,0.5583704658586205,0.6053162026854517,0.5938763336161985,0.6643188360740327,0.5321626904242478,0.6512015645787596
2024-03-19,0.599919036386439,0.6260191053441447,0.5386171488940324,0.6360698636851941,0.5422579622673847,0.6180765515658696,0.5953609832557382,0.6600815848327122,0.5286671219766762,0.6181979194309611
2024-03-20,0.6147380562834129,0.6309210627092176,0.5285547471562654,0.6541184534209044,0.5438180669566625,0.605302822359368,0.570427261346108,0.6682908145172956,0.5157584296646702,0.5984848248956335
2024-03-21,0.6243406085777542,0.6410925078715335,0.5408928152243997,0.7099593210699259,0.5184553274905025,0.5758897671232611,0.5623049991429507,0.6327147245560535,0.5094782835954864,0.5479946329511094
2024-03-22,0.6418963195657126,0.6525187387483246,0.5463471275940722,0.707123029221056,0.5111208023285713,0.5546179018180325,0.5462302300651707,0.6243246649403891,0.5280174395859765,0.534365005699128
2024-03-25,0.6407549204022325,0.6638249994223699,0.523561109368687,0.7029511748956095,0.5104843903667112,0.5112026924306324,0.5158855320580844,0.6388122317134658,0.5535776483859595,0.5094368863548048
2024-03-26,0.6473417444236452,0.6834906056810838,0.5155775943267459,0.6925321530857422,0.5342457245310309,0.5017774813341094,0.5370746371142624,0.6007009124110138,0.5717249794799755,0.5242037894500187
2024-03-27,0.6544212576265499,0.6870272745398264,0.526680521984048,0.6844043726597405,0.5127894488362742,0.5021098278402244,0.5503154437561012,0.604377199632427,0.5596483006780928,0.5204200181356539
2024-03-28,0.6486314237666772,0.671428006337473,0.5295366134406544,0.702168749169346,0.5319542552542126,0.5186621093402364,0.5543765123698163,0.5995680806265792,0.5558187667214963,0.5230639046947255
2024-03-29,0.6722655047820717,0.6720363692838149,0.5195268477379883,0.6775234441543581,0.5164785214640503,0.5145647790675875,0.5723569949949993,0.615120468411754,0.5275319414607741,0.5146076821689014
2024-04-01,0.6938027540193891,0.664245988455469,0.5330918673360378,0.6851848799828565,0.5258141059804131,0.5064045664274328,0.5883849427870941,0.5425294408493028,0.5287895907896076,0.5054285299013289
2024-04-02,0.6974095064252966,0.6529944450663544,0.5114447411457405,0.6786550064773662,0.5291024406046875,0.5287729659475977,0.6213861963580077,0.5033328665031637,0.5139490559663352,0.5083412095785765
2024-04-03,0.6942641928267629,0.6479479223238597,0.5177372073119582,0.6913498524241368,0.5237613569337203,0.5321326675920867,0.6112288202398798,0.522886222140811,0.5053335878805875,0.5057779793297604
2024-04-04,0.6885041676541263,0.6502345180558288,0.5260709201185695,0.7027699865255678,0.5010412423158489,0.5139211345525369,0.6017479403779463,0.5184983745378161,0.5037699566755807,0.5175382776645803
2024-04-05,0.6811913570376632,0.6408776988996158,0.5374017779525196,0.7068794403924104,0.5021645985398789,0.5164018750506845,0.612678248002548,0.5317714902263301,0.5005661490609448,0.5160137024676391
2024-04-08,0.6937455063925234,0.6459533015502811,0.5400640192048973,0.69736973980128,0.5059801563408995,0.5213129066448108,0.603925614956684,0.5187350642344629,0.5082527866016581,0.5013553538704676
2024-04-15,0.6740793549735414,0.6402968921675639,0.5179953205573874,0.6780336520633031,0.5114974178323753,0.5241455476714809,0.6530793827334936,0.556962586940729,0.519649454923404,0.5364022747265472
2024-04-16,0.6625429714906305,0.6281875090034332,0.5316387822818389,0.7115593247368235,0.5040440808376455,0.5647112779068784,0.6012197283324608,0.5750728838188368,0.5124677962040075,0.5475370837273651
2024-04-17,0.6778933261428777,0.6442280827528389,0.5125791605165019,0.6895304584679344,0.5005726663236237,0.5045318478576988,0.6364768374724613,0.5449664657012887,0.5153540382835045,0.5409729607976428
2024-04-18,0.6561406313626529,0.6321358260537153,0.5204593842734467,0.6610175276059719,0.5127677678861176,0.5306848131867263,0.6905744084097298,0.5487362249214269,0.5441073515525748,0.5343838674716223
2024-04-19,0.633299626651325,0.6203244644235765,0.5173907649413421,0.6449271353916836,0.5017683251488098,0.5585954846895752,0.7035467069357159,0.5991870777951444,0.5455711393856251,0.5278461088514553
2024-04-22,0.6226542817049892,0.6132983777273786,0.5231713255456188,0.658588244680741,0.5080760903890956,0.5456241390076907,0.6974831537015554,0.6125504675343584,0.5512847641006977,0.5331550622572776
2024-04-24,0.6285390592365622,0.6188031798878771,0.5354560467057171,0.6389762516515185,0.5165031203027433,0.5616126281131987,0.7004096745704104,0.5964559542146736,0.5688790135352043,0.5402805144692707
2024-04-25,0.6199304911112348,0.6097079545586721,0.5387769917147497,0.6355318892571867,0.532720191492455,0.5777040424004191,0.68209755521009,0.6357645993456382,0.5727994218622317,0.5286282031971236
2024-04-26,0.6119960122640999,0.586913057661636,0.5146938112136353,0.6083732965844378,0.525969399905634,0.5969128287645352,0.713296645734259,0.6083988659195972,0.5859334841583653,0.566004562198803
2024-04-29,0.6061724087122146,0.5890046644031534,0.5193953260169034,0.6009427395569463,0.5476005329472374,0.5945813496875866,0.7070504052715493,0.6176384923021688,0.6023035897502674,0.5544511983124188
2024-04-30,0.6168413539745785,0.5958878827235478,0.5215825411781296,0.599731450293797,0.5488386723396865,0.60740009356376,0.6970192143450248,0.619494524042099,0.5899562792549841,0.5523919317251887
2024-05-02,0.5991343446593888,0.5919040075204706,0.5203856569188251,0.6082449355679002,0.5320848490206774,0.616207999337412,0.6924259835420568,0.6398454156739184,0.5692281251766341,0.5692375313564598
2024-05-03,0.6085386354955957,0.604034668109011,0.5150633591814243,0.5931174119282029,0.5114689132769951,0.6163204264622647,0.7227433442515748,0.6139940826983873,0.5498202745964677,0.5292612492841614
2024-05-06,0.6093732006465998,0.6038323966144777,0.5160675216693194,0.6059508355742866,0.5068868509293294,0.604905492469193,0.7238053811762116,0.6076867336471353,0.5487352460093727,0.5420797597034571
2024-05-07,0.5896831588155816,0.5948397865852505,0.5120495017543076,0.573941540327864,0.5064870013684778,0.6214336822475159,0.7350519753400859,0.6024111779168618,0.5704827193813484,0.554473852093638
2024-05-08,0.587867989076897,0.6058613380332867,0.5143077387057439,0.5738505990157906,0.5028016495393522,0.6229319043577765,0.7298504295579673,0.6078076322408451,0.5409844465238631,0.5726054378902508
2024-05-09,0.5907784880456485,0.6024767360729694,0.5281479826069609,0.5649960353734034,0.5329426036760795,0.6514738467344344,0.7230521411533165,0.5976867096963064,0.5337346727542539,0.5537548304089356
2024-05-10,0.5612419527718298,0.5817766123503882,0.5150308222334882,0.5834188929413686,0.5545532823128526,0.643005083938439,0.7151606445876859,0.640092872307072,0.534666555104785,0.5542225243870776
2024-05-13,0.5632942693914592,0.5743203825137595,0.5015595280603603,0.578844373442213,0.5500430117243114,0.6620696730293547,0.6886462846431668,0.6659099894917432,0.5184018759326764,0.5560312740004244
2024-05-14,0.5726954308394071,0.5695263416471312,0.5098444452213724,0.5870490608712875,0.5513612116522969,0.6605825378356875,0.6679014951196507,0.6833472778612067,0.5221771801521193,0.5509355667573309
2024-05-15,0.5862006251210942,0.5918445878956969,0.5084712778689237,0.5908394229233155,0.5503267262701476,0.6482724627153708,0.6753900314706828,0.6708631121964085,0.5314239872101358,0.538219574967234
2024-05-16,0.5872412265764435,0.580948343086134,0.5138471267794978,0.5734587403349957,0.5632875573637514,0.6449601738342852,0.6932006988486442,0.6665513414494539,0.5074759125886316,0.5349141839102717
2024-05-17,0.5863827899682412,0.5884300109720151,0.5100188553364272,0.5366495461164592,0.5405293545624543,0.6485164607618576,0.6980493753741754,0.6742730571632295,0.5214791249698306,0.5250981498928101
2024-05-20,0.584115335387564,0.5821496434078991,0.5063485572582528,0.5395562212790704,0.5387567296281007,0.6471609355047261,0.6986712747997368,0.6775820830923407,0.5226028178546029,0.5317360151804843
2024-05-21,0.5835145707369408,0.5804959939705686,0.5184241006250138,0.523470953119617,0.5418446791326286,0.6710531686406354,0.6961711179040625,0.6490741676138179,0.5152242782471704,0.5694142070825429
2024-05-22,0.5860550379396272,0.5835752898902614,0.5402372246214225,0.5405771824420812,0.5441706592186853,0.6685666048773206,0.6894432402971943,0.6501219303316327,0.5069622857262849,0.5679390491315267
2024-05-23,0.5924169708828181,0.581443273434858,0.5442271858314566,0.5173507138501366,0.5391829803863534,0.6594723078640643,0.6970384597685437,0.6548514093472112,0.5113073756767521,0.561501408939713
2024-05-24,0.5714921295801941,0.5786492789349925,0.5328191933282524,0.5069368676239553,0.5242110770325215,0.657608749379224,0.7080530844170555,0.6556301425725092,0.5004287740453358,0.5758640406736056
2024-05-27,0.5800809544193921,0.5764978206765958,0.5345221131349435,0.5002113454494647,0.5272797245477229,0.6519118472403321,0.7108150947662891,0.6570225688749788,0.5116529399344185,0.5678095811078289
2024-05-28,0.5749491176174446,0.5736595924022525,0.5487278801372594,0.5080362213788819,0.5352929606546967,0.6497983105524793,0.7135115297191024,0.6550867930659163,0.5005952736095097,0.5656083088991587
2024-05-29,0.5651102770411364,0.568223552946032,0.5478021279886525,0.5305474739724604,0.5424756678114901,0.6739294135603676,0.6935243420075853,0.6577777141735444,0.5150061883011768,0.566127385913119
2024-05-30,0.5450794547309473,0.5660249268975078,0.5293340344582216,0.5271356729411275,0.5439291774034865,0.6900556396896057,0.682043392294648,0.6649620095391718,0.5131312697435982,0.5674330946738326
2024-05-31,0.5431477533477232,0.5755390839696067,0.5175367928267476,0.5288886906798216,0.5447059447782453,0.7028712904967861,0.6768074848755612,0.6547552342633464,0.5121712956164396,0.5623501567767913
2024-06-03,0.5506081123107271,0.5831109006724176,0.5136847636694098,0.5448831372690219,0.5347145948557314,0.7083366679402415,0.6677797472367071,0.6513555967977017,0.5290118951519138,0.5541407320926727
2024-06-04,0.5484881823545646,0.5836014884953988,0.5106858389721598,0.5628222053147874,0.5306179537984541,0.7073678543855944,0.6677040593717951,0.6466789036448161,0.5381696523413793,0.5517186714629075
2024-06-05,0.539575487245922,0.587951886466239,0.5151774429582369,0.5454813435103907,0.5295143141442338,0.7148678460694637,0.6489669310823318,0.6542627353502605,0.5447259105736363,0.5669523639666231
2024-06-06,0.5449448061723644,0.5814148092802011,0.5190670494718634,0.5543314206168225,0.5332987976326912,0.710684710942273,0.6520815653467863,0.6568182111591468,0.548657734616923,0.5596830155166198
2024-06-07,0.5522328723511624,0.5875259422615798,0.5201008095288568,0.5420848925417996,0.5279297867762206,0.7067620646634593,0.6501162540188675,0.6650965849627742,0.5500446258209507,0.5521536751385975
2024-06-10,0.557068098637891,0.5785813875597872,0.5087162068121998,0.5453464329335833,0.5202777037155022,0.7096294209726247,0.6528292166174103,0.6624678934319365,0.5482984543186735,0.5557317824422081
2024-06-11,0.5538729645260596,0.57580169645304,0.5098058261828964,0.5731058859777254,0.5171273282204649,0.7200798622276278,0.6533139129262112,0.6417129133861615,0.5475146729613514,0.5494818333688424
2024-06-12,0.5459470232957191,0.5766047015524136,0.5062085082812664,0.5517965142972514,0.5231370276387223,0.7168598766252982,0.6585545662910196,0.6534657919277589,0.5355314313920301,0.5537863073152162
2024-06-13,0.5385868953557165,0.5779433246481535,0.5027602591668597,0.5807961675512355,0.5309935108810335,0.7108956618512189,0.644133133305593,0.6564379388849303,0.5700908062624698,0.5376015049313526
2024-06-14,0.5246299414519652,0.5812942882642896,0.5160397876100913,0.584430295885374,0.5369384867464038,0.717405338748604,0.6160239136313325,0.655828774154065,0.5860001542673982,0.5523474077553281
2024-06-20,0.5134382535605176,0.5779597543193282,0.5235935392696999,0.5855607614728705,0.5358527430821962,0.7229547048628372,0.6115314335894788,0.6527972311525058,0.5750620946369552,0.5675330287715528
2024-06-21,0.5241838515042907,0.5780485475246566,0.5015780961772303,0.5822882071315315,0.5367314678939362,0.7116742483209099,0.6390887317227429,0.6461471513373166,0.5806304085199349,0.5655722593490861
2024-06-24,0.5219990516242045,0.5831440990953101,0.5211623241641854,0.5871099786795609,0.5468464222314348,0.715606817700044,0.6469429888291995,0.6392207605284482,0.5521134611836025,0.5575052797180731
2024-06-25,0.5343259032311619,0.5932018614963406,0.5310369580677315,0.5754922118650001,0.5561530504110502,0.7137034109982213,0.6374706004035785,0.6388066620778274,0.5690063487271672,0.5532376291153182
2024-06-26,0.5311917795729482,0.5875162575771841,0.5227449235775855,0.5744233129064175,0.5567749181834222,0.7206234035854134,0.6374472812158724,0.6292304006136837,0.5659856343736055,0.567664573898821
2024-06-27,0.5242393292514481,0.5858549609868916,0.5195916568174777,0.5800489602290554,0.5648548551658713,0.7268436578654193,0.6321230169155255,0.6288917774730461,0.5601672134741094,0.5548356619662197
2024-06-28,0.5141179267566702,0.5739841927092729,0.527030886473702,0.595158289662891,0.562535453213366,0.7245691287972474,0.6197708937544545,0.6453732672499619,0.5629837147436662,0.5431854941769081
2024-07-01,0.5088173210204372,0.5763572713343778,0.534780412188982,0.6171841679353972,0.5777399224180649,0.7116502045892901,0.5953930139795529,0.6423887511271006,0.5986161790988281,0.5179523760212753
2024-07-02,0.5190961386786291,0.5948738861076093,0.5345925323959636,0.6079095358154784,0.597832336971637,0.7114309461174736,0.5826440347784082,0.6224023972122642,0.6132149942785919,0.5002317872151806
2024-07-03,0.5043836857223798,0.5993598703257856,0.5224128867535465,0.6130477294958576,0.6056715287626956,0.7170691098623813,0.586848608790628,0.6050111128848846,0.605192687274804,0.5040493654897565
2024-07-04,0.5097499565131131,0.5922301395409851,0.5358632170900889,0.6317318881407122,0.6157626669339548,0.7160667082140811,0.5814615159471606,0.5733547237544581,0.6070403379833943,0.5176024043515017
2024-07-05,0.5062101373451863,0.5817308057058225,0.5039755702088055,0.6260688226821339,0.6140650674161188,0.7307700367685261,0.5705057663252592,0.5768229631238517,0.6063045467410613,0.5066581237705391
2024-07-08,0.5025969869836205,0.5799916495606421,0.5143369987023834,0.635932458709827,0.6205768215316826,0.7155079026154727,0.5595409894824627,0.5778588279693793,0.6203851289836436,0.5306657484087145
2024-07-09,0.5106124947446279,0.5852645094893065,0.5209591861990811,0.6362834729002365,0.6062964769385681,0.7268893154617938,0.5440205158466743,0.578817643489355,0.6125196873697359,0.5335792755937153
2024-07-10,0.5370701903612479,0.5844066505853699,0.5365082610506536,0.6489882403436279,0.6191961969541436,0.7267463401380033,0.5329365927485481,0.5315008397367424,0.6050180483821141,0.518829017040624
2024-07-11,0.5464244681174225,0.578814376083253,0.5367547233438835,0.64162753593982,0.6185823561349975,0.7376979373813543,0.5117804096690538,0.5239693722109403,0.600232001729174,0.50361354681589
2024-07-12,0.5546784341006082,0.5768407652067958,0.5399536169737831,0.6430148737979089,0.622325667512336,0.734081150039405,0.5115637935635134,0.53081658844435,0.5949394838115892,0.5176886504200581
2024-07-16,0.5692147260249073,0.587236293574535,0.5359198125101381,0.6509987462616589,0.6003741762210906,0.7282365146487644,0.5024925343871127,0.5410949574040251,0.6029320219785504,0.5127481889321132
2024-07-17,0.5635765025812987,0.5792110347150488,0.5536024686802697,0.6470130802301269,0.5994960566774205,0.7334197800048253,0.5083309784672385,0.5320137490303859,0.6019928857800264,0.5206781994343397
2024-07-18,0.5507114830613309,0.5841610431879037,0.5542787858155896,0.642218550750024,0.5923629480487931,0.7268308035479709,0.5017527640539311,0.5462402331698324,0.6259005868687124,0.5175714515480597
2024-07-19,0.5662071676423296,0.5835031134597259,0.5574201889796961,0.6418721677377844,0.5830152086563394,0.7137247362908296,0.5321570782873356,0.5562456326740471,0.6339152403548373,0.5403662455069328
2024-07-22,0.5735292859042495,0.5884328469675472,0.5483188746694704,0.6426156376919475,0.5940104357530612,0.716046829708669,0.5156318776259071,0.5617829047664439,0.616934541467517,0.5442819203939419
2024-07-23,0.5811004414098034,0.5913217516864293,0.5464859523446987,0.6488937781384109,0.6023041579300749,0.6891110782650562,0.514551910622891,0.5560895737654145,0.6412688658942914,0.5481667389187678
2024-07-24,0.5578533025244337,0.5886237805714089,0.5654499740136705,0.6496671450370531,0.5997820127668525,0.6724656547760239,0.5506942412757352,0.505479878362579,0.6686730576266692,0.5497452603750145
2024-07-25,0.5557890650885651,0.585733989086172,0.569328341238691,0.6459954525916651,0.6039134323389433,0.644237015674653,0.5803879247900144,0.5485981395620722,0.6735002836907339,0.5632346360294618
2024-07-26,0.5458153813912451,0.5934024043069305,0.5704877628964401,0.644582734496892,0.6020016592889633,0.661613998563778,0.560159919334161,0.5536288410932543,0.673474246245572,0.5361020130295376
2024-07-29,0.5530221952557437,0.5961232032965131,0.5803424933971598,0.6322129491274118,0.6078424201546543,0.6577462922095005,0.5563452241072596,0.5465339369973473,0.6786231129377075,0.5369407526826996
2024-07-30,0.5663730370146591,0.594082647477758,0.5738070205024557,0.6253558930710749,0.6140871780085303,0.6354067525366232,0.545193221770996,0.5305457116073601,0.7052899049038587,0.5149105547683139
2024-07-31,0.5605007054316279,0.5985660466142322,0.559301657750236,0.6198958393289843,0.6128429404748916,0.6572522051521942,0.5535642357623,0.5119474402528682,0.6977100091574965,0.5167603599364571
2024-08-01,0.5595127178973389,0.5974298190537578,0.5685404195447993,0.619879764243129,0.6109159871165545,0.6744979973548052,0.5523931080127303,0.5063881270262843,0.6807988935420967,0.5279613621504456
2024-08-02,0.5650736334891486,0.58930161840386,0.5824712819928678,0.6267743693931137,0.6075741867518462,0.6674729573962539,0.5543597625646958,0.5013215707800537,0.6756588937372209,0.5509541637037062
2024-08-05,0.5340280572244949,0.5973667758581739,0.5925904016175513,0.62999374352024,0.5962382328598331,0.6836225302139449,0.535298899152545,0.5022202646374739,0.6602401250801255,0.5713770758523039
2024-08-06,0.5433985267420074,0.6004759850242839,0.5797522119957427,0.6247380648981175,0.592313954100779,0.681480079470017,0.5572348372919921,0.5004121178781832,0.6698795572451052,0.5601690077319689
2024-08-07,0.5574223511158407,0.5929017158419153,0.5900180207243527,0.6461189911429036,0.567288950622533,0.6806065469886639,0.5617233006429313,0.5080762440537262,0.6618612631058766,0.5500845737105285
2024-08-08,0.5664563154838648,0.6013386415732039,0.5792522631477973,0.6484057339332739,0.5703094318802563,0.6635532858830318,0.5752938405252197,0.5129967426569232,0.659219153719249,0.5723744133166825
2024-08-09,0.5526546685090649,0.5967940775505506,0.5865925331644668,0.6416401546295226,0.5596487128906449,0.6472718131187732,0.5812660155896515,0.5048993204822573,0.6827281275965688,0.5783875641181723
2024-08-12,0.5421119328779914,0.6035937218849453,0.5993448851908421,0.6488177308152377,0.5516155388419828,0.6469649728971646,0.5578388904113738,0.5200546495803723,0.6843815117484923,0.5676977000403611
2024-08-13,0.5108650236659095,0.6177135540953124,0.5823306445036648,0.6495544343063814,0.5548721821103858,0.6712442784920426,0.5391995933858589,0.5507162659481112,0.673685284613862,0.5371595556816778
2024-08-14,0.5149562524729765,0.6238945261829959,0.5876749608629824,0.6534511893942508,0.562040873268398,0.6567051311558617,0.519052447703927,0.5694226752830772,0.6721450352487488,0.53288490325189
2024-08-15,0.5136323932804453,0.6198070094082401,0.5849872745228585,0.6678507675038127,0.5665006160110827,0.6236767383946578,0.5185641107790105,0.6580784184733792,0.6195596782630599,0.5427625498134624
2024-08-16,0.530194621782055,0.6169395531750473,0.592230539045287,0.6770376051948563,0.5440130572429986,0.6268106162569349,0.5237843131915433,0.6667309314515458,0.5951992063228393,0.5350696920363575
2024-08-19,0.5207856223082724,0.6184001396881464,0.6005081104469331,0.66777380163197,0.546687114627442,0.6263241599297414,0.5162075235168926,0.6638628472005618,0.6114553682023876,0.5271486922704208
2024-08-20,0.5246000164695424,0.6094894120671374,0.6070683102508813,0.6486722439884273,0.5498277506766583,0.6145526198775214,0.5337520360203099,0.6971028296028884,0.5951544708212565,0.5173998162322052
2024-08-21,0.5209204336708518,0.6164593562635269,0.5974229035710901,0.641331402229889,0.5444192011009007,0.6210464481137231,0.546614907152951,0.6955058756017739,0.6029059091502772,0.5058691037817319
2024-08-22,0.5294772433285967,0.6183084470607793,0.5974984689399447,0.6340845897867474,0.544627315124022,0.5894523536421324,0.5629462525079568,0.7055041838867678,0.6096694549170695,0.523361837644884
2024-08-23,0.5310126954151099,0.6159934829836067,0.6201210110585139,0.6394733031545969,0.5224110786002806,0.5866245088592431,0.5492601518821937,0.6955189241605462,0.6178496194150094,0.5162532798292833
2024-08-26,0.5084136778229127,0.6097963649192798,0.6378628315972497,0.6240610105121487,0.5271710641529508,0.5881371737116479,0.5468101703791005,0.7020435610154236,0.6070820472337063,0.540024981777039
2024-08-27,0.5181819217934359,0.6048181752673766,0.6267697458408438,0.6116689867767692,0.5324185154672229,0.584227250029209,0.5607597455561578,0.7074439108789751,0.6208909001850462,0.5420550296085757
2024-08-28,0.5086088839757797,0.6083445618088371,0.6346583889747168,0.6016919115078865,0.5133777347155911,0.5905346471296121,0.5743097790348214,0.7065127366090027,0.6162408213917314,0.5277030548872864
2024-08-29,0.5036082843612288,0.6131641603308066,0.643558359949074,0.5764312103939131,0.5068951738638959,0.6034323536354406,0.5964194279210219,0.6999315392550979,0.6062298977223872,0.5232662574845569
2024-09-02,0.5003055862175039,0.6174526938783904,0.6575950359322515,0.5864552737574363,0.5045571942643939,0.5908851946855588,0.55384974497278,0.7049478339038876,0.6073873408815428,0.5169951595517669
2024-09-03,0.5086338526104909,0.6128188563411999,0.6595021219357576,0.5834309183699916,0.5091198113788047,0.5618997474298836,0.5459885247295666,0.716803665449294,0.6088810357423952,0.5319096367442385
2024-09-04,0.5079315106081691,0.5899514973914814,0.6470328245864945,0.5910103888723902,0.507896754017791,0.5291024591994107,0.5505517988350507,0.7460598905620907,0.5907455839058738,0.5284668406440018
2024-09-05,0.5137686819961594,0.5781160632040688,0.6498095711416209,0.5688299051164835,0.5242860028447809,0.5324435217796023,0.5508023497416039,0.7609642874322974,0.5691508347486628,0.5230539300841549
2024-09-06,0.5231530003264967,0.580041449288822,0.6554505339802666,0.5522253847929074,0.5232504976943385,0.5474194180280383,0.537131411008745,0.7600105134853224,0.5735405806525027,0.5097182350742873
2024-09-09,0.5091080246342382,0.577570258203588,0.6626286435516286,0.56222227403763,0.5307564848159037,0.5369580290578885,0.5272783999349272,0.7570287757128583,0.5746369805755613,0.5009402998316077
2024-09-10,0.5078488025873039,0.5905932134388364,0.6763678187129706,0.5627682272254827,0.5281068999373143,0.5482105534519632,0.5326737124656735,0.7274981376348024,0.6078984854972415,0.5147514977835743
2024-09-11,0.5150988757579319,0.6001118220424381,0.6855164294521902,0.5886802704877904,0.5285107073750674,0.5660871722201327,0.5237249010663745,0.6922225218819292,0.6221870120152752,0.5309485485485917
2024-09-12,0.507573593886414,0.5937712568693255,0.6791385973553626,0.5859876098157694,0.5280198954703703,0.579394550262997,0.5277081833001529,0.7094445135110599,0.6041935645975617,0.5140193205529483
2024-09-13,0.5177814268505484,0.5876902115408176,0.6769105241140343,0.5683014491140983,0.5263187167412122,0.5575964232439423,0.5498190016715649,0.7237704054819579,0.6025887668876134,0.5073028807176652
2024-09-16,0.5068447391526991,0.5844447514846532,0.6654791149707137,0.5985424927084685,0.532059767703751,0.5656708380553278,0.5556463247798452,0.705553745313904,0.6217817715200441,0.5363213576054565
2024-09-17,0.5025079171734734,0.590083024392753,0.6790604260337624,0.5893804842859599,0.5320075058216249,0.5887107893897118,0.53045373031532,0.695123434721529,0.6212657753861895,0.5183930885254632
2024-09-18,0.525120713483858,0.5848139700883598,0.6932179730987665,0.5863411311628017,0.5250058535712835,0.5850023048057602,0.5083762559096616,0.6952185079453095,0.605182576365749,0.5374725081979123
2024-09-19,0.5298626911329612,0.5777024186134483,0.6881198344443469,0.579860274804543,0.5055695019159786,0.5634848345649653,0.5007605601302574,0.7280173966795785,0.5791660095656237,0.5096859199708531
2024-09-20,0.5026514952277039,0.5596475493135183,0.6831168351718327,0.5739710224118553,0.5012373516175891,0.581703848796144,0.5267499534803582,0.7448023859492786,0.5328416724491175,0.5119736999716825
2024-09-23,0.5139590578180996,0.5538697823114002,0.7020880812431836,0.571474026008727,0.5048587884018553,0.5731215528264361,0.5229591505406092,0.7272919670344455,0.5667003708181324,0.50762258115885
2024-09-24,0.5085040660927657,0.5442717107376538,0.707727178015985,0.5873164345974712,0.5050486274883564,0.5986636976629885,0.5117349050897458,0.7134549722563723,0.5386473520460153,0.536738297285134
2024-09-25,0.5189913200489965,0.5541815152556094,0.7162503039819138,0.590224472086,0.5053209507711075,0.6120522977348432,0.5180291291073305,0.6964096594374878,0.5311541340415956,0.5213011998178378
2024-09-26,0.5229950542529206,0.5561128874667219,0.7121172524953043,0.5842883348931619,0.5130705537121566,0.5928847345302461,0.5066778701762048,0.7135302006741133,0.5227943790297837,0.5194343175202369
2024-09-27,0.5326346167940025,0.560960774469078,0.6975418625599378,0.5755601771624504,0.5045856131827433,0.6050874309007948,0.5356276780402295,0.716774242193301,0.5155935775213318,0.5450531893982732
2024-09-30,0.5528233896520053,0.5366165984722477,0.6998897582220026,0.573815263296003,0.5082330272964214,0.5985004662052221,0.5277422115922971,0.715439748393279,0.5329627602350556,0.559454462913916
2024-10-01,0.5868349579125519,0.5427745241606909,0.7155119175335648,0.5683927768454293,0.5184785396705912,0.6228007843840945,0.5088019983093696,0.6752605456403153,0.5234092171504017,0.562088390226836
2024-10-02,0.5758882096326651,0.5462292208310383,0.7342065008396338,0.5543867015871441,0.5426071407027285,0.6137205399821964,0.5466151583407131,0.6666820743773126,0.5078273218316381,0.5252877049280117
2024-10-03,0.5958734924066876,0.5514008801013102,0.7518237100242727,0.5497650953991587,0.550125322354496,0.6271169758452947,0.5474331708583867,0.581606533675276,0.5716381415765062,0.5259376094751322
2024-10-04,0.5853214489777252,0.56659882671394,0.7590063580978322,0.5496684821021589,0.5605675194864619,0.6195274307287507,0.5196174346257271,0.5936141207154452,0.5503188457146884,0.5144582640834131
2024-10-07,0.5977782761692801,0.5581231730052508,0.7662799856945325,0.5004168262236822,0.5688169138651381,0.611563157578532,0.5063677996139664,0.5871293283041823,0.512886657275449,0.5478202011025141
2024-10-08,0.5423124210691036,0.5532873229574452,0.7761432100894576,0.5442891451066415,0.54091755491633,0.6173651728801822,0.5368587181615562,0.5620605443581875,0.5540606605226789,0.5684336839677772
2024-10-09,0.5087365275344679,0.5648067685786985,0.7707091668072903,0.5771035948434691,0.533018523093363,0.6290393375425177,0.5406751037515656,0.5502371255364698,0.5516511595196244,0.5549454364354888
2024-10-10,0.557046500752469,0.5739151368761028,0.7757831591843045,0.5896730704695872,0.5548712722628012,0.5934314394861192,0.5226543828249489,0.5659014879769512,0.506780420890624,0.5406602786030936
2024-10-11,0.5880193302043946,0.573974740464913,0.764934101261808,0.5780696044711839,0.5583809127277931,0.6076116755185399,0.5223928658521034,0.5468620828670377,0.5001852441213722,0.5626128740357038
2024-10-14,0.5706968609917213,0.5586835650931407,0.7617843273236221,0.5837059154697745,0.5567215742208632,0.6088337239792408,0.5098595721783964,0.5728467451386501,0.5173097722864192,0.57978712749151
2024-10-15,0.5700134950364371,0.5621981533906241,0.7406027840275832,0.5860763258023267,0.5874844831156113,0.6161670249603548,0.5057296915874107,0.5706696317935871,0.519473121903265,0.6024072097994343
2024-10-16,0.6070921117238282,0.5215071468758928,0.7466275805972457,0.578766738395419,0.5571412649018782,0.6290039840058967,0.5192696468234964,0.5481917831686173,0.5472547093137151,0.5855367985852894
2024-10-17,0.5577020701610075,0.5246380141069299,0.7221066422169273,0.6597112324228015,0.5793917046132844,0.5910606960055415,0.5532621318009324,0.5250686933374328,0.5574362828640215,0.6047673537651163
2024-10-18,0.5262684837818751,0.5198222218066598,0.7004247546865477,0.6670102108914661,0.6031169660691825,0.5964664090849965,0.5907038097118654,0.5293003792551704,0.547478884798332,0.6033772216926049
2024-10-21,0.532449377850516,0.5072794431671944,0.6802965743163584,0.668633680829278,0.6137580804811439,0.5949025244868164,0.6086788424451428,0.5369945089158804,0.5699822111573049,0.5950599878120235
2024-10-22,0.5167906145089316,0.50528048611389,0.6614381604690686,0.703328388395517,0.604997779167059,0.5820573425307888,0.5812013997313186,0.5197566653194893,0.5762664397261826,0.6133052761091063
2024-10-23,0.511308691389389,0.5105964829888322,0.635383771585898,0.719501195057842,0.5968712110643071,0.5924526088460483,0.5629830895160076,0.5087134601841654,0.5704657305141545,0.6319911715685288
2024-10-24,0.5079399217373457,0.5116106399301673,0.6320216873595935,0.7247603973530176,0.6029563282957845,0.5902669284798391,0.5793725605314338,0.5349923745494295,0.5479486964196522,0.6199776170757111
2024-10-25,0.5181008065516041,0.5030399933554889,0.6636021427312615,0.7222767569744972,0.6167866953569792,0.5508479710539375,0.5727764543817454,0.5309094162756792,0.5419564818831336,0.6018077280206869
2024-10-28,0.5057557279648224,0.5053924909483867,0.6778702391319092,0.691561764920538,0.6160144305299965,0.5921478087661902,0.5669240850941593,0.5222062749963884,0.5932033501655948,0.584295841837886
2024-10-30,0.5026643744240799,0.5051954482412275,0.6984576961414799,0.6799763233231001,0.6423120347329984,0.5328618421131991,0.5364039246982268,0.5435071465254878,0.5887033894001582,0.5829521591202279
2024-10-31,0.5075822105915545,0.5084721925335228,0.682923604611365,0.7118167650601217,0.6151736424828126,0.5073514360145067,0.5316331083595334,0.554249435838305,0.5723901533440003,0.6007544311388794
2024-11-01,0.5230579980862046,0.5076511582021158,0.6772782663851049,0.7196319149217528,0.6055339617681653,0.5028097694731236,0.5291829490465123,0.546847186021994,0.5691370048038197,0.6090119128874402
2024-11-04,0.5648545544522661,0.5040714486627661,0.6423436362378483,0.7331365768927226,0.6010177962361586,0.5453810359918955,0.5597745832467379,0.5104017155121662,0.5472586189261109,0.6187242173534869
2024-11-05,0.5930131256599216,0.520849658021559,0.6033335701200886,0.7178491813437954,0.6010863823584823,0.5554232385495917,0.5549236417336864,0.5010503266496948,0.5691943589708636,0.6509738646592228
2024-11-06,0.575856561350013,0.5018059249566583,0.639072121535775,0.7680182865039753,0.5301193760654904,0.5349675969308613,0.5664385278754782,0.5339607056953147,0.5196857168362842,0.5780636300891069
2024-11-07,0.5498776929741471,0.5040154989529898,0.6801566055327529,0.752884625633092,0.5352195328659223,0.5183634633468142,0.5471113770595735,0.5363918826079375,0.5046644390439997,0.5840055116227223
2024-11-08,0.5507669619750367,0.5227262061585222,0.6590005370455857,0.7597007478509384,0.5002275242176007,0.5327439874444502,0.5055570987452326,0.5011770944380747,0.5844091830489792,0.5840374884182463
2024-11-11,0.5706594802413404,0.5266094537529437,0.6341301695788332,0.7526742199364717,0.5090780851565574,0.5254023939417015,0.5021041917621666,0.5280340436329828,0.5944100534643034,0.6146465675620251
2024-11-12,0.5611403250418115,0.5213562111395297,0.6484703934372102,0.7495544368855686,0.5080713189417677,0.5079932177764462,0.5028681419760223,0.5455771057725832,0.6148720250226567,0.5847696328427586
2024-11-13,0.5388411880526108,0.5166871819101578,0.6545379329472903,0.7471797086285247,0.5002937054325517,0.5281140639653495,0.5123404370249568,0.5613020947006645,0.6212101863433513,0.5703676116888415
2024-11-14,0.5469252685821917,0.5253778016927613,0.6558226591039301,0.753865559805378,0.5183349668491378,0.5229900374555775,0.5208839537279509,0.5315726144623838,0.6212634007282921,0.5503406319017343
2024-11-15,0.552927974764796,0.5259689491449537,0.6675134480784674,0.7318086826045477,0.5066839284628397,0.5550223699971081,0.5152052577373025,0.5474752089037955,0.6321559387595356,0.5530745710128279
2024-11-18,0.5641832148279698,0.5201602813833397,0.657759019719513,0.7271607072920204,0.51433502962633,0.558531643592986,0.5412016475613993,0.5471861902857681,0.6411642242843232,0.5511116126764991
2024-11-19,0.5748412572394167,0.5299857933215247,0.6730005064601672,0.7060941788056235,0.5121636625120969,0.5512755485405084,0.5520480645778202,0.5934474695935935,0.6313519129590989,0.5271085143484343
2024-11-20,0.5855415737157522,0.5169321089129905,0.6940687706052614,0.6844988193505942,0.5080781120926617,0.5709148947037889,0.5447404317023138,0.5522486069657305,0.6471803555584942,0.5177958841358559
2024-11-21,0.5723146627178233,0.5305742721568946,0.6859215477104753,0.6729314111383901,0.5040069243449442,0.5697477591839993,0.503318632234081,0.5660547844279703,0.6762561054770977,0.5123915999871479
2024-11-22,0.5531962704212273,0.5419391891771467,0.6662075572440955,0.6581708098254496,0.561692041732255,0.6260557410332696,0.558836142149587,0.5543236439068898,0.6659911641247277,0.5147526550581984
2024-11-25,0.5885895786010761,0.5523580489372172,0.6775092448815446,0.6586378013142608,0.5114403267140888,0.6186711002301871,0.5017957484451333,0.5388721752125619,0.6662498496792245,0.5218895870193216
2024-11-26,0.5857428681666894,0.5697122457502414,0.6704867199422854,0.661351529005849,0.5071843977896412,0.6110345105218992,0.5119023445036903,0.5288403777005397,0.673138635499047,0.5216503690825471
2024-11-27,0.5725647236979968,0.5811513823645535,0.6758984894269325,0.6215127187359167,0.5297218122469317,0.6377995358916619,0.5352073129882882,0.5474618979593743,0.6688321399960566,0.5410576347612365
2024-11-28,0.5872570732535816,0.5752012106028442,0.7248513474710544,0.5515713319039326,0.5375786055430377,0.6472153746055915,0.5595498772585875,0.5790269808487664,0.6066010262524988,0.5196115519989757
2024-11-29,0.6084950493318463,0.5439547424764818,0.7016442329914089,0.5798314807031799,0.5536620583529438,0.6063053336331347,0.5345962951238523,0.6056398018430275,0.6533684178283128,0.5177614910141067
2024-12-02,0.638402132196174,0.523788472099279,0.6926528161224642,0.6135849725658615,0.5521721548145347,0.6206646108024724,0.5314770659031668,0.5198444242075729,0.6506134097731984,0.5047463528657712
2024-12-03,0.6121495795863449,0.5440229020524551,0.7049861744679231,0.6051630393176697,0.5677472976283195,0.6145547604625902,0.5422973367134083,0.5867707359847252,0.6272821670516068,0.5168969108644336
2024-12-04,0.6224263417038619,0.5620933412927235,0.662945260762145,0.5881944205046309,0.5711317340740124,0.6295608078475295,0.5346450239212017,0.6116425909919727,0.6416306402975308,0.5486682085427853
2024-12-05,0.6143427356480009,0.5786601584101355,0.6794732832063571,0.5848816743442473,0.556731866679056,0.6372864702229365,0.55776148359947,0.553195548534084,0.6540791782105227,0.5214765741573326
2024-12-06,0.5671219550580794,0.5741904988100912,0.6636756322096568,0.558847840004051,0.5325969772730318,0.683063968541408,0.5889860322381267,0.529905700761346,0.6655174172872108,0.5080550289769792
2024-12-09,0.5758319395037453,0.5383917853741246,0.6560081341632925,0.5337609718216078,0.5422156449648955,0.6649005015638704,0.5925981398449495,0.5946864946247946,0.6697870192333988,0.5553754636232562
2024-12-10,0.5078442468176506,0.5311091660060528,0.6371803628669219,0.5674064569169264,0.5327500956709508,0.6351956602120868,0.5939287611895554,0.6468038942883466,0.6785038953097344,0.5716354995709058
2024-12-11,0.5472052439900531,0.5400939286112584,0.702545906533572,0.582417251222583,0.5359314527964654,0.594574199124483,0.5625709032811764,0.655814040825185,0.6435666329789259,0.5204437175232587
2024-12-12,0.5657012419689939,0.5509207800849649,0.6929114169188547,0.5439108571962367,0.5488092472434553,0.5964895275208262,0.5851002044445653,0.6626443882123908,0.6383832269543909,0.5228215481413471
2024-12-13,0.5471275407182162,0.5265719591752697,0.667287298244843,0.5591735929349958,0.5387670755926259,0.5834837940533635,0.5658612857391251,0.6840210040710412,0.6690591708843246,0.5379817136196786
2024-12-16,0.5437379169571641,0.5341704872462258,0.6450626678989956,0.5560256159176565,0.5238038523288457,0.6003720547080976,0.5489210997822144,0.6829103194943804,0.6891420786159813,0.5397879207694645
2024-12-17,0.551999518419849,0.5337993220844905,0.6554960162325787,0.5440437555457793,0.5120488794030286,0.6109945209520925,0.5381041275681215,0.6768307513472838,0.6865423311275928,0.5340861249854357
2024-12-18,0.5449858895423293,0.5082190642242217,0.6756540393165628,0.5497879331631971,0.5424099568681257,0.6107607433834971,0.5248237579645535,0.6729267366999876,0.6763513616256865,0.5006506387189681
2024-12-19,0.530469732253289,0.5065596884449609,0.7231658370106512,0.5860985590549143,0.5433195350560556,0.5706363656019823,0.5283440980156734,0.64912371102297,0.6459961255462202,0.5412493432191372
2024-12-20,0.5373572574791857,0.5640416446511883,0.6973734818717534,0.5937832743888355,0.519158862477053,0.5701582187109534,0.5013656698689447,0.618259896671484,0.6943354246852448,0.5286331470013489
2024-12-23,0.5101305337651566,0.6155166057936602,0.6699340176594627,0.5872606207650323,0.5077995143588966,0.5428994308788836,0.5700942508362358,0.6283518682100863,0.6877288072258955,0.5513975306676717
2024-12-24,0.5316202065827329,0.5687609299191922,0.6566352564905286,0.5749775198934655,0.5114965065853375,0.5142992309863831,0.5696145819373825,0.7012083400497269,0.657900331312279,0.5680208620594928
2024-12-25,0.5699983986305113,0.5268237802640526,0.6959213796102534,0.5037860787642666,0.5533629874434964,0.580783381030418,0.5101426118612796,0.7039759088623857,0.5925300764228193,0.5863010813246777
2024-12-26,0.6443609955746731,0.5218959207554024,0.6832783456279622,0.505888111203496,0.562193635079553,0.5571141609847804,0.5046345661465327,0.6182130162866754,0.5439126498511929,0.6819663925649134
2024-12-27,0.6635894586359345,0.5539435573597936,0.638759146827285,0.5021259623282067,0.54553821343157,0.5107950019231919,0.5287979513041686,0.6487300413667457,0.5199591173654202,0.6914223019668501
2024-12-30,0.6532578255525417,0.5416379910638187,0.6084321055086638,0.5187450409534785,0.5672921437434003,0.5456751798805749,0.5602451118757293,0.6939522635385703,0.5212584537288812,0.6595844575592971
2024-12-31,0.6580884601024336,0.5707393831192505,0.5883725515029692,0.532585703712192,0.5773760991413257,0.5363549826352539,0.6141645717603664,0.6658380648343708,0.5302747495362047,0.6532397940824833
2025-01-02,0.6505177086396354,0.5765728584839954,0.5664316938759257,0.5393046976311856,0.5728273503343828,0.5033891280024614,0.612747378874805,0.7122750490270743,0.528757979354156,0.6127789884198632
2025-01-03,0.6512308813787094,0.5647585929593392,0.5752522677252139,0.5411339940479466,0.5455620117877881,0.5155665899842002,0.5875725434970732,0.7435773406008365,0.520931415280668,0.5832858690659558
2025-01-06,0.6381057873976558,0.5627167519978964,0.5716964909530774,0.5847960693027724,0.5402517196018375,0.5029126901398155,0.5553423471449433,0.7569699410857805,0.5199795519458079,0.5681876692165233
2025-01-07,0.6167875121711315,0.55852275939683,0.5224670342453321,0.6005110313013352,0.544024820055332,0.5266593252229017,0.5268290620551895,0.7568510287467971,0.5296763101435541,0.61496870173443
2025-01-08,0.6152395241656035,0.5623576543351227,0.5066818367058766,0.6184262234486857,0.5217985095614092,0.5434819364783394,0.5069454883196428,0.7616053969167634,0.504562379021393,0.5948724204372378
2025-01-09,0.6201552500833659,0.5616290627810967,0.5260838383717454,0.6229968710009649,0.5293218033911012,0.5237294977007408,0.5388300478074083,0.7568524582678725,0.5020927781780329,0.5903265954317671
2025-01-10,0.6306179907501217,0.55540307905145,0.5026952807411998,0.6104065553824887,0.5214502787685463,0.550047021550507,0.5191478051744455,0.756356478762792,0.5034815216773357,0.5985974439844118
2025-01-13,0.6430066155597335,0.576348904351213,0.5052766846005435,0.5932045790051698,0.515111726481442,0.5385053096838098,0.5162202856739457,0.750117755315043,0.5123513781555441,0.6069137876473798
2025-01-14,0.6399991715055866,0.5812660699158549,0.5342487351215545,0.5849622892939415,0.5184086238301986,0.5277453802395065,0.5324719825929124,0.7480332762223849,0.5069405118665714,0.6130655229579166
2025-01-15,0.643797700921495,0.6000234060521771,0.5599603813724569,0.5745064572293864,0.506083593563227,0.5045729560708762,0.5452497225746818,0.7369364362852191,0.5071979958341392,0.6139563321838568
2025-01-16,0.6199573392000818,0.6094853486345344,0.5510125035044814,0.6001360925665845,0.5179293949808147,0.5105842769303721,0.5608489601859916,0.7295632294988427,0.5237428777050687,0.6212670899763592
2025-01-17,0.6220411472071155,0.5959729555958673,0.5671817521837202,0.6178094091595345,0.515744255915706,0.5242411138605955,0.5971706083923783,0.7109364424095198,0.5278957230740847,0.6142970784735349
2025-01-20,0.6302092552688958,0.5998566434628118,0.5422802632729379,0.6238731251176137,0.5331569952090931,0.5225196849896648,0.607562498147144,0.7096897796518119,0.5094779269970403,0.5990822465397715
2025-01-21,0.6228544952620979,0.6059940092851808,0.5337769038111951,0.6279520476539536,0.5407289813399402,0.5172663955949256,0.6178696107200694,0.6927082172730318,0.515095733004807,0.618557946769148
2025-01-22,0.6204689613151996,0.5998939086011602,0.5388411376085807,0.6416453072179246,0.5320962147200331,0.524842317568585,0.6200395985487691,0.6809731719595269,0.5189297309076691,0.6260201722936861
2025-01-23,0.6150644235706685,0.5992028719023452,0.556945950631137,0.6231798159885746,0.5196502293263882,0.5166407895406947,0.6245791608631529,0.6850757327080371,0.5436707800758048,0.6314183883830339
2025-01-24,0.6104585117622551,0.6022983163783154,0.5160135539157945,0.6418837368052476,0.5269536228941406,0.5159993621509997,0.6015487254190891,0.6931660450537489,0.5450818982693775,0.6319755074012929
2025-01-27,0.6104977054491495,0.6128729745877194,0.5449401498976407,0.6380933434400528,0.5226882371034719,0.5506193291237049,0.6180335207076261,0.6796516185600586,0.538740840497011,0.6195287825836555
2025-01-28,0.6179710282801337,0.6060786438054117,0.5373387907261216,0.6308496356548089,0.5227097308610592,0.5551160751711147,0.5965891448144632,0.6988601138479517,0.5481971289796147,0.6125796244736202
2025-01-29,0.6324968908700334,0.6148887136121215,0.5268062340222517,0.6371583410071678,0.5229076501542551,0.5434413453133148,0.5690416842022115,0.679583148883317,0.5040283333687255,0.6462199846357118
2025-01-30,0.6385644977541938,0.6252546760450958,0.5147534085812151,0.6248408375562801,0.5257400765532192,0.5333572308115088,0.5724150467258206,0.6949361338100942,0.5044270669004273,0.6240180182421532
2025-01-31,0.6382863735451797,0.6194584804400128,0.5065564197869032,0.6291446787094438,0.5227100596935333,0.5215778272152074,0.5804143166795731,0.7013401127724886,0.5135462006048278,0.6132571165388255
2025-02-03,0.6460090547559615,0.6218211504021441,0.5181196403994754,0.6406110973198438,0.5230493293865716,0.5384137218509358,0.5888522838639219,0.6692383584717091,0.5104148238592223,0.6272814511377013
2025-02-04,0.6355188979440588,0.6201812080141214,0.5173793938751386,0.626756641966017,0.5345596244783283,0.5367162441671781,0.6181568634039531,0.685684243743823,0.5383040987502152,0.5973837259626479
2025-02-05,0.6445951410095567,0.6221518749265397,0.5094430229599711,0.6214815717505245,0.535519593443881,0.5225788206769448,0.6114741946283297,0.6844322763850962,0.5138614359107119,0.609681302390872
2025-02-06,0.6462351700270191,0.6236481801349704,0.5018802329295551,0.641693482178194,0.517724745580823,0.5351088980146338,0.5973911888169631,0.6759154914089711,0.5080361748280351,0.6109695919228484
2025-02-07,0.6406840353267276,0.6270733417249196,0.5104181471779005,0.6531379903998565,0.5046328988764053,0.5274543106682849,0.5697587673686412,0.6488513051122345,0.5290611330327218,0.6515550995711165
2025-02-10,0.6403205594810196,0.6220290747421708,0.5129436477831013,0.6697581169058863,0.5148477527957691,0.5323238886800457,0.5633012072325062,0.6163934363459963,0.5594807439018975,0.6587043699559634
2025-02-11,0.6149582074875443,0.6274642249800252,0.5404488107716235,0.6809766135825136,0.5279536704656673,0.5398244797427255,0.562797559367283,0.5851715073180362,0.5858542974679676,0.662246342460027
2025-02-12,0.6134223824195827,0.6311422945299958,0.5341271663594808,0.691156594362406,0.534693944033524,0.5591752475962796,0.5564672008827947,0.5888250825730919,0.5935420053455845,0.6371449572401905
2025-02-13,0.6236627374670581,0.6348359278378287,0.525807600145484,0.6748296892603024,0.5125423595726332,0.5518652003536978,0.5639724220827665,0.5655835216774633,0.6306802769223449,0.6344921741017676
2025-02-14,0.6228198521935521,0.6272222128751948,0.5263647726031838,0.6848403862481519,0.5126475702326517,0.5413697479272778,0.5762561221097029,0.5892386466306873,0.6133860438124855,0.6283490932072773
2025-02-17,0.6245614298795735,0.6384389202921771,0.5199435407312484,0.687188002246394,0.5433397018518985,0.5519852894523791,0.5942530372949308,0.5641732741184899,0.607866675331915,0.6085139150997795
2025-02-18,0.6257533420596305,0.6508251710635257,0.5524682818364371,0.6480619342697774,0.5387329459979305,0.5357609011597901,0.575692666111086,0.6555765153161794,0.601189443440546,0.5701562572038383
2025-02-19,0.6442412320313188,0.6527407481660445,0.5593440073904715,0.6288149108815296,0.5598961404289585,0.5423733801575845,0.5529338340116651,0.5727652131461226,0.6410807163225501,0.6160916144024834
2025-02-20,0.6270504993001804,0.6471092058013639,0.582653726472457,0.6282492877866906,0.5716007914552143,0.5387292755997141,0.5274532872274157,0.5992425570751637,0.5919394569529687,0.6560973510502155
2025-02-21,0.6495864736435926,0.6550562133782755,0.5408517759664656,0.6204008703481951,0.5211250517222534,0.5424582473011058,0.5670955681433024,0.6421238612062313,0.5582384918033956,0.6348541131602402
2025-02-24,0.6530925511989111,0.6448768472968606,0.5347924336825636,0.6352590621241141,0.5341726846336153,0.5199505878420381,0.5803838904442248,0.6111800110316526,0.5789608899308569,0.6433728304200614
2025-02-25,0.6521949369666166,0.6505496168625047,0.5498739708517613,0.620153032025533,0.5264484010083158,0.5346999804805617,0.6071025275492973,0.617314671628391,0.5506022195299834,0.6366037565098661
2025-02-26,0.6691474852874139,0.6433267369848733,0.5258855665544265,0.614833704777607,0.5483021063091856,0.5091458570466885,0.6091821136772245,0.6149853576206445,0.5318343181763215,0.639743740774256
2025-02-27,0.6771441173719907,0.6417287801835492,0.5312367519434895,0.6206140388744502,0.5767967934680143,0.5215940444439283,0.5834692973102541,0.5796364006800662,0.5688405850345605,0.6403865674366563
2025-02-28,0.6596549602026561,0.6566375389205777,0.5346694450684294,0.6141320295904565,0.5556273864964268,0.5418061409065985,0.5784518156669094,0.6363858726300723,0.5235784124360287,0.629244345646084
2025-03-03,0.6584890070459113,0.6595949603772567,0.5228102585006124,0.629141887252946,0.5629226750051495,0.569482849440871,0.6163463891231594,0.5774593234865006,0.5236552961333989,0.6201695799876471
2025-03-04,0.654697699733427,0.6460564496523316,0.5750190800207186,0.6151251533413923,0.5672230248332971,0.5799500117749029,0.6128237815881623,0.5875838352247021,0.5197718531891545,0.6235458761376503
2025-03-05,0.6343928113068366,0.6647801511148778,0.5704261410174842,0.6145908512200261,0.5575395315090169,0.5671497674120415,0.5972658755420124,0.615962597037109,0.516653167312983,0.6296190158460621
2025-03-06,0.6462790669051779,0.6599609226183744,0.544503390568651,0.6146073738189527,0.5746725089055286,0.5229932272832062,0.5835545078013354,0.6623112166698318,0.5280484384636345,0.5937708547876195
2025-03-07,0.6696696244730175,0.6827011023131436,0.5234367476323546,0.5719441376988272,0.5967798076124861,0.5400753757719546,0.589039482369353,0.6442997328042102,0.5231576774417327,0.5543995361176064
2025-03-10,0.647561326558093,0.6577178220490618,0.5088712576254084,0.5371563497877682,0.5986704590512054,0.5629589001985484,0.6283558173690257,0.6639195211431181,0.5699387722319956,0.5326591695095708
2025-03-11,0.6264970247030358,0.6548635093192151,0.5421141408989739,0.5142726987558295,0.5823758641556507,0.5636534072589279,0.62294458813986,0.663473313392371,0.6047207152631003,0.5742073658046029
2025-03-12,0.6364532123225853,0.643265328963056,0.5076151465049983,0.5197796873076315,0.5810496015648641,0.6135803197299156,0.6341679044608235,0.6332508135750955,0.6151905824548252,0.554974974787599
2025-03-13,0.6364584033484957,0.670916619160546,0.508091565041964,0.5080432359633054,0.5887513107127188,0.580102138232412,0.6522427234104263,0.6313103905484593,0.5724157902039695,0.556480949185736
2025-03-14,0.6462664243369964,0.657805403456059,0.5152170184281831,0.5135942358947151,0.585865015515853,0.5590155918348764,0.6649729387602833,0.6297601588907472,0.5749798174497741,0.5621848422923982
2025-03-17,0.6400747645926489,0.6295833615048188,0.5367873361924996,0.5210328719127191,0.5585667413340022,0.5185036400190693,0.6634937207909789,0.6572454674641802,0.6067902596711613,0.5791813919448204
2025-03-18,0.6253436562651986,0.6535485905757463,0.5796033949206755,0.5569330326918208,0.5649329808870722,0.5042822084647812,0.6217405134074357,0.6499765090780918,0.6214265288527593,0.5771498637561728
2025-03-19,0.62180874565796,0.6545955966251896,0.5722514363242849,0.5898105312897232,0.5575632165619706,0.5072498054832427,0.6108754311790169,0.6443148545900214,0.629786993879933,0.5758739392651769
2025-03-20,0.5849695331009942,0.6600965501715212,0.5201105964476457,0.6961913818094468,0.6236347175001465,0.5787701802312853,0.5016459728093257,0.5849690859729259,0.6031422398545536,0.5037186944375153
2025-03-21,0.5845003434716066,0.6552441878117823,0.5084098227541586,0.7170422047344597,0.6220416747927149,0.5717244506119381,0.5024930539119791,0.549059958929322,0.5997323213117323,0.5171406959083833
2025-03-24,0.5623082144811804,0.6058864654150733,0.5549046582343576,0.7255578355344562,0.6594821887735106,0.5587752047000263,0.5357655596845149,0.5263393592121276,0.5927140054526066,0.5516534428719199
2025-03-25,0.5475918792313276,0.5840357582246624,0.5492438373620793,0.7127412495048423,0.6761942523950019,0.5651496415407387,0.604562395192668,0.5250253434587449,0.5665092434840547,0.5531825965944314
2025-03-26,0.5330376447634368,0.580659560888196,0.5970124996663608,0.7054223927973652,0.6777770566580155,0.5315473032891616,0.6239276544735161,0.508076816781739,0.554770609552269,0.5296790063958208
2025-03-27,0.5291536828014448,0.5834573132701244,0.5988132515756682,0.6972858807211234,0.6785627646457976,0.5344519553394097,0.6324344293102367,0.5410345551621751,0.5442726185095604,0.5188652499228791
2025-03-28,0.5310192918623707,0.5468284410984133,0.5568665211492289,0.7073219720058589,0.6788047295530677,0.5299299946782093,0.6456098629080035,0.5314390030501132,0.5770832718766373,0.5272103042923689
2025-04-02,0.5100535646123868,0.5409121426650106,0.5758339064901481,0.7024532609539934,0.6726315612293862,0.5452397389499805,0.6214344675977045,0.5011805602122881,0.6088918571095047,0.5643791828708935
2025-04-03,0.506860971290134,0.5395467906769192,0.5762442970947919,0.7459707722105219,0.6370804495633383,0.506584917603461,0.6160065466700912,0.5019803985005666,0.5935485221067945,0.546239574832235
2025-04-04,0.5372601643890627,0.5542610991564503,0.5771511216734287,0.7447796973139514,0.6333948338857257,0.5186929145994564,0.6139575494403162,0.5276015403963125,0.5944291933641187,0.5100240289731565
2025-04-07,0.5500439735972678,0.562736021681642,0.5850483568926146,0.7278398422582394,0.6512634257285203,0.53273442947961,0.6243027519276919,0.5394778387302059,0.5674598147179357,0.5037442415797962
2025-04-08,0.5345836172359676,0.5746863820906527,0.5868165927495127,0.7289564340672445,0.6537257817731282,0.5291484501777198,0.6289500551923931,0.530531001392044,0.5467650455226526,0.5122630742635184
2025-04-09,0.5208019213641668,0.5320101213972801,0.618048390052378,0.7109329390619572,0.6699217176359332,0.5540467947038231,0.6253528876055089,0.5306718109966334,0.5518496862469463,0.5094166663244205
2025-04-10,0.5059566277456783,0.5291965186949482,0.6134092171314471,0.7104874181016707,0.6585249262669194,0.5696295878987842,0.6488445743409078,0.5211356184155346,0.5217945316192351,0.501316905353124
2025-04-11,0.5160481781043612,0.5099590821909262,0.6249684910269324,0.711420607141069,0.6668235307151025,0.5473387407798667,0.6376133975520303,0.5064186895915816,0.5344010693839877,0.5143338684096487
2025-04-14,0.5192833369807464,0.5035202520063103,0.6223888900938102,0.7052680522201991,0.6748993962901402,0.5650168558336235,0.6258817873896806,0.519427809802142,0.542348384550968,0.5279073098271717
2025-04-15,0.5399802778350906,0.502109599245076,0.6152334525873798,0.6718992114171365,0.7026148373312378,0.5736088004611581,0.6266057612790376,0.5578401926765747,0.5254789921707897,0.5136175281634489
2025-04-16,0.5484034116718465,0.5004598935347365,0.6131562321463355,0.6403296540934278,0.726941580019327,0.566196661829181,0.6105860059207929,0.5857893971888322,0.5167340390898555,0.5227524160748674
2025-04-17,0.5316367462328441,0.5019763681141802,0.5333772926138903,0.6298095550681881,0.7239475621557409,0.584188647007377,0.6075083666088464,0.6520848013335369,0.50672217256299,0.5129805603419324
2025-04-18,0.5296127311605588,0.5055887092018473,0.5325698346988548,0.6412452070484794,0.6902983860133038,0.6029898658329059,0.6447566617081777,0.6448927924641334,0.5121196411984704,0.5166215114843381
2025-04-21,0.5338751139198646,0.5006309012681301,0.583355213594456,0.6488056236788623,0.6638143842713949,0.6133910621162594,0.6506184094683931,0.6302157720363062,0.5391041487489678,0.5028481556372184
2025-04-22,0.556143771145139,0.5050872932073379,0.550059831201493,0.6283144224596495,0.6963875900854992,0.6191140778963556,0.6572072492641318,0.5978169247129685,0.5332737601783873,0.5285808960472755
2025-04-24,0.5721242933488007,0.5052082484033317,0.6087033898072342,0.6173378861282862,0.6656300758272601,0.6354310314965974,0.6377727667941137,0.6106664884510865,0.5215021905806757,0.5532149193857762
2025-04-25,0.605012073792923,0.5112749910404719,0.6188344196311376,0.5924331168091092,0.6393461444867529,0.6366398738862954,0.666077031756876,0.6023441010116389,0.5059443573146795,0.5333453997099612
2025-04-28,0.6004544645008333,0.5112697462047395,0.5855814321203399,0.6257552700489857,0.6356099133716984,0.6339928281026144,0.6767675317464059,0.5952501624890852,0.5027906874995282,0.5329114989985403
2025-04-29,0.5883636830304687,0.5032843591944085,0.6398954575721988,0.627572584475484,0.5731220874024759,0.6357393079585233,0.6775060196367834,0.6089695742764302,0.5102301232327944,0.5136846746472765
2025-04-30,0.6181627729675891,0.5157391919048243,0.6461853304255515,0.6300493618964447,0.5478515678694665,0.6045847332398605,0.6615608395741452,0.637977135657093,0.5110612920139822,0.5113258407691466
2025-05-02,0.6645327706060818,0.5105347668831645,0.6221329102855833,0.6221856769832127,0.5560824984574874,0.6184726590294586,0.6531281097629432,0.5999406681420125,0.537351955476772,0.5455056970380147
2025-05-05,0.6851085579449738,0.5175265094965091,0.639534187670723,0.5724431888871485,0.5564003198087646,0.6083969179934835,0.6563019940612441,0.5992204442045831,0.5391937265462879,0.5328466620095021
2025-05-06,0.7090497686127409,0.5058688254309768,0.615701802763192,0.5851043682704479,0.5365567933228176,0.5774748017638426,0.6402943132981985,0.6167637352017833,0.5376591740200624,0.5683518832543347
2025-05-07,0.7091221363679487,0.5054824246813953,0.5260299438103432,0.6504960590029999,0.5147662016329095,0.5967096507537186,0.6521105320057868,0.5979052191584641,0.5185391001646437,0.5372132111136612
2025-05-08,0.6801798867314705,0.5112651122418513,0.557406365392466,0.6492390426039304,0.534278547404872,0.6025328012545977,0.6680090186321612,0.5997938616334654,0.514142055057362,0.553645103428025
2025-05-09,0.7042323357475069,0.5046348814298885,0.5839561312220026,0.6055945188705226,0.5407918057764897,0.6049069397496041,0.676292771024574,0.5491013802210363,0.5551333727541553,0.5445054464372635
2025-05-12,0.6386075154971145,0.5369555974891435,0.6215191755338223,0.6313011334183688,0.5166934857799016,0.6290199368501631,0.6783002358795388,0.5010784240289826,0.5786884893499721,0.560146669667659
2025-05-13,0.6276762795144408,0.5066012556328577,0.6587174317287144,0.6399008639908944,0.5243584398336075,0.5992256893379693,0.6530479577527198,0.5187297377085623,0.6029550158221876,0.5720384658289855
2025-05-14,0.6270358544517475,0.5329340799359347,0.6767916043907137,0.6154483813904076,0.5512102843353474,0.5640424785387242,0.6606179607613266,0.5066127291626482,0.5902000941736338,0.5927518315224196
2025-05-15,0.6028772917324978,0.5239434944250744,0.6999787735921895,0.5810599542542676,0.546686803525752,0.5891996079851953,0.6564527688159886,0.5591811403246624,0.5901301724471196,0.5845713015546359
2025-05-16,0.574491409105168,0.5207015035179697,0.6878801661546622,0.6104993472772763,0.5651541566068669,0.5827079808006186,0.6468360659248665,0.5866037316403078,0.6045028981008415,0.5809750562621904
2025-05-20,0.6316735706648408,0.5245289829681713,0.6335878556837021,0.5816565958546103,0.5576681300915944,0.5637387305602483,0.6247270338514116,0.6180655371522134,0.6545288573704169,0.5888497904498666
2025-05-21,0.629430314049596,0.5179264922435053,0.6411556196703264,0.5751230309260243,0.5696062701522806,0.5558997275781256,0.6407910982696364,0.6237667738958322,0.6319449337574957,0.5891602010277458
2025-05-22,0.6200101337026455,0.5443266646515669,0.6630006979790923,0.5802936285343612,0.5801172175797346,0.5467898512064188,0.6427715220676994,0.5854465436003005,0.6272088811681183,0.5961901964459951
2025-05-23,0.6431654179100386,0.5603951217199383,0.6760051392579545,0.5591898558961446,0.5844833707971778,0.5488200260184749,0.6621136150662337,0.5273650350424531,0.6114822099874709,0.5592213479571718
2025-05-26,0.6548480343291659,0.5525898693646659,0.6549291688219604,0.5399414881264369,0.5856599319579876,0.5479386878728695,0.6710068906091816,0.5717419904473205,0.5986385312933014,0.5708065093562097
2025-05-27,0.6684383635971264,0.5419523648908722,0.6407055631564093,0.5470565874098153,0.579915086149327,0.5734290396370937,0.6959038116683663,0.5556305992452181,0.5410406061904879,0.5634949346541662
2025-05-28,0.7082998417679708,0.5229376295182587,0.55080060864057,0.534552436233088,0.573083566817724,0.562005245084372,0.7027078886918372,0.5918668149859087,0.5020943471885274,0.5685662833633355
2025-05-29,0.7018351606825829,0.5049122709098549,0.5198096886621127,0.5263990584619345,0.5685291909020048,0.5575260232438785,0.6706273294574525,0.6502186051484034,0.5090584085987563,0.5974338316627964
2025-05-30,0.6912377227651759,0.5145501702947964,0.5392891816711483,0.5171850469878282,0.5447424929109308,0.5784437595795435,0.6915035086069121,0.6460342666448642,0.5182313573889672,0.5774678906797376
2025-06-02,0.6741210272029216,0.5020789894086406,0.5005729162791611,0.5001144475189475,0.5479983237566368,0.5613702998173081,0.6978101919822248,0.6713103084972989,0.5343080873315239,0.5711689818650425
2025-06-03,0.6317852523498043,0.5114028245764826,0.5570524457450775,0.5265729247333619,0.5778348388379905,0.5345584975595102,0.6617480409495055,0.6952759039870061,0.5091040494910158,0.634246374382777
2025-06-04,0.6304441219291069,0.5079942106323881,0.5559047922144996,0.5553271710902338,0.5672178577851376,0.5654773077317169,0.6825825225584071,0.6453421450471948,0.5635735313481481,0.6433082841863098
2025-06-05,0.634790837521257,0.5424534131159516,0.5524566814691854,0.570781286307715,0.5485978872392475,0.5965778815481012,0.7156884505186448,0.6026078153504153,0.5617970801492213,0.604022894607752
2025-06-10,0.6930165776303524,0.535579342376271,0.5334400337274344,0.5411212021097928,0.5732899630385443,0.5677729784967634,0.6752928843365785,0.5965194880851042,0.5486204073495641,0.6319412254066326
2025-06-11,0.6274763539117895,0.5285568529512215,0.6141834520185544,0.5110004838042517,0.5782666468616534,0.5624619839439701,0.6612257803495923,0.6442686937808538,0.528849249882742,0.6523806751941967
2025-06-12,0.6705970167053762,0.5549890974152552,0.5811637213248781,0.554474635069484,0.6221974518921082,0.5251401650666362,0.6314113698467724,0.6813090566296656,0.5144271725086383,0.5592842478783023
2025-06-13,0.6880567620038694,0.5503382999417322,0.5807807510114839,0.547774842279193,0.6628268444466334,0.5467885742085428,0.5986490735084767,0.6573839243622521,0.5124820723323943,0.5323258753254215
2025-06-16,0.6922694412027427,0.5812404202248692,0.5490699607171526,0.5785614327349194,0.6369002800480887,0.5562850500527511,0.6088145249695767,0.6453246796897392,0.5627820943753015,0.5123555320452694
2025-06-17,0.7065118304621293,0.5838075524205316,0.5151309531553818,0.5932380544761343,0.6332885100023776,0.543301297854317,0.5944850614372654,0.6298962305904972,0.5830233694700597,0.5135580925125581
2025-06-18,0.733169440557046,0.5753561800308554,0.5207344900664902,0.5764247035526641,0.6255762648389496,0.5637205893283835,0.5858143701422843,0.6037924697676671,0.581678620387453,0.5124829128855191
2025-06-19,0.7134955725910751,0.5557231196687967,0.5427138694545903,0.588272296825142,0.6430637361649835,0.5608257246753361,0.606266484876863,0.60404667102911,0.5794728197685933,0.5144224293677526
2025-06-20,0.7166760558012751,0.5663141693349044,0.5158192588390663,0.5736701395029405,0.6213789658926793,0.5405351234454071,0.609901886953427,0.6512289942212178,0.5484529356832188,0.5203769594154197
2025-06-23,0.7146788435537377,0.5690870615198399,0.5336896978043904,0.5755744336229446,0.6387763493554247,0.5377932109779578,0.6090522859841984,0.6380812892610629,0.5418899702514935,0.5019435405896808
2025-06-24,0.6431254486311799,0.6070102069920741,0.5029440575845308,0.6318956214335095,0.5900209484705033,0.5278381371603781,0.5878853950281958,0.6929741779695208,0.587095596994985,0.5185110279044443
2025-06-25,0.6302748569357665,0.5892590600489481,0.5229834600350315,0.649406258210178,0.601610444047399,0.5143751574071586,0.5655960494911264,0.712033369685016,0.559254700092705,0.5042994175437089
2025-06-26,0.5702036535355056,0.585845243473906,0.5527688823625335,0.6705972324652484,0.6215539417539712,0.5341553577272427,0.5254458299533938,0.7188484208171736,0.5212016359940925,0.5446273626968162
2025-06-27,0.5758339114554443,0.5803969853650888,0.5135735890575578,0.6822540819487796,0.6185059245465677,0.5504563286936571,0.5443228205010261,0.7114180881005909,0.5254860390494062,0.5399337849972462
2025-06-30,0.5375490633099368,0.5853306601535363,0.5382864572826669,0.6666214232741441,0.6225703184994158,0.5574618146977501,0.5739397443935768,0.7105287383638409,0.5238839551361392,0.5671273712568144
2025-07-01,0.5405831108201734,0.5995530890533871,0.5655977391129852,0.6557085034861102,0.6126218636749365,0.5522627467736866,0.5846660289256288,0.7076183009637651,0.5107243045676962,0.572120165814109
2025-07-02,0.5532517111578134,0.6069696357149794,0.5782152960111304,0.6406369520203835,0.6225039515830636,0.5401026062819714,0.5866333088231424,0.7029181127849787,0.5181328570743168,0.5728776386662933
2025-07-03,0.5505624376025795,0.5849999365584976,0.6068541958922703,0.640751669673509,0.6180068921525351,0.5047103863023823,0.593801592422979,0.7013747175335334,0.5257801881227239,0.5783438706417143
2025-07-04,0.5597143994827202,0.6023470715719367,0.5848697362499718,0.6547415771728096,0.6187270736496916,0.5164703622390264,0.6253031297456406,0.6750751456550939,0.5150791259272206,0.5705379250507946
2025-07-07,0.5476199735626752,0.6087300647453544,0.5751506817208023,0.6551048649629491,0.6202146559644431,0.5213816696133875,0.6030045284700754,0.6964112901799667,0.5028447690411224,0.5566737888330381
2025-07-08,0.5474397313032111,0.601940048992204,0.5697690597717583,0.6625516147332513,0.6182801247327928,0.5474698028781498,0.5990795732090809,0.6922723486815153,0.5095586072693304,0.5637001201161368
2025-07-09,0.5601762746705533,0.6051673405936264,0.5822375956704368,0.6539138398920924,0.6242822433257399,0.5618683413693839,0.6021819695377203,0.6716663405892427,0.5134526721862436,0.5813144258396346
2025-07-10,0.5653417210170572,0.5901202751483456,0.5781933311097701,0.6433227709953896,0.6311549726158835,0.5655959162264983,0.5990029710283015,0.6793496424806705,0.5386225220259261,0.5842630410767528
2025-07-11,0.5547524102512046,0.5868807710201375,0.5716593325198366,0.6391177915186607,0.6168931555248726,0.5652638794545759,0.5958676695503052,0.6965884772577118,0.5575663434184439,0.5836737075515196
2025-07-14,0.5643898711222347,0.6022764805126632,0.5824930182972928,0.6269441723425417,0.6262949559035232,0.5667417491317627,0.5921827162932021,0.6864284579668655,0.5513255929733243,0.5853946110793053
2025-07-16,0.5629570713608913,0.5933533583132299,0.5707859584793619,0.6255609356978706,0.6294391421264335,0.5629769700463103,0.5959054672696352,0.6943981661145259,0.5564381884865043,0.5822320086466863
2025-07-17,0.5535921674999799,0.5923654280186862,0.5635118878583639,0.6290699326499668,0.6317060237386328,0.5736017570965105,0.5973763728816255,0.6951807610789792,0.5548721179494878,0.5752494440586854
2025-07-18,0.5370242368709,0.5847078158768376,0.5644441918375597,0.6310514859746925,0.625244406968823,0.5667744152019343,0.5886698486344291,0.7121327943980358,0.5599984460254656,0.5680433320970399
2025-07-21,0.5217018543158174,0.5742051201035938,0.566209337711166,0.6156905495096934,0.6346668933582086,0.5644570933999667,0.5689763113815981,0.7289424269210681,0.5631669316001601,0.5625575291579604
2025-07-22,0.5144736470609653,0.574615204142581,0.572352568343446,0.5963749981329295,0.6369520345843424,0.5396692262950363,0.5471003372036125,0.7484901711230707,0.5579244182565838,0.5562192949096944
2025-07-23,0.5260420443042577,0.563074299701534,0.5295939829709017,0.5925541349802564,0.6362348537712229,0.5556961301644009,0.5450087074176754,0.7567705835775921,0.5559864488245521,0.5652617111572628
2025-07-24,0.5252826892757785,0.5652094165679555,0.5098578726809749,0.5949781131081224,0.6355383318079656,0.5534678215051286,0.5614634530153407,0.7562831603655334,0.5431913536423237,0.5674377817163888
2025-07-25,0.5381522056807647,0.5639620905225611,0.542244135367539,0.6046929343235802,0.6326369624830018,0.5736338792488812,0.5711349193932057,0.7463308525635584,0.5288574634758698,0.5568582707138581
2025-07-28,0.5314213942572085,0.5693495111645759,0.5288185216666458,0.5988107486388384,0.6494743032234686,0.5757527283607796,0.5643448924368234,0.744778331354031,0.5264506832550445,0.5433935784602693
2025-07-29,0.5210882344193312,0.5584485967522211,0.5604134618739948,0.5883010647285914,0.6343249933902423,0.5768196269898498,0.5411238070219782,0.7614280823923935,0.5229974008364529,0.5359742332420502
2025-07-30,0.5020048184339151,0.5604114105529101,0.5379825906352874,0.581924064034247,0.6383731525190284,0.5982472101891954,0.5566035112251774,0.7518654294376517,0.5339602482636984,0.552059866412938
2025-07-31,0.5160948635775174,0.5714138804094132,0.5151273113078182,0.5877278338587844,0.6376161012988664,0.5999868061101336,0.5789649126837313,0.7406691700471275,0.5294584646939039,0.5621824336946888
2025-08-01,0.5144344636199557,0.5629539056734612,0.5389064831912987,0.5770899387157837,0.6168750782658249,0.5946708346035999,0.5651954905564439,0.7575804761308303,0.5375005116743446,0.5696864201502055
2025-08-04,0.5201156520397702,0.5717821896772872,0.5535534952783524,0.5635425791442666,0.6059902777983598,0.6074291405349372,0.5577324352815386,0.7576230127115515,0.5404822959019847,0.5673180986880063
2025-08-05,0.5333898920135868,0.562617462354028,0.5368175998477727,0.5518434845081406,0.6121844847100312,0.6208163226180382,0.5645950754657787,0.7472343625720037,0.5549957687355255,0.5807970684867363
2025-08-06,0.55101049736539,0.5245908047930332,0.568314062603106,0.5471073308585197,0.6008835128504023,0.6257339313110645,0.5694563746007344,0.7432549591724075,0.5610649086881047,0.5854741479256504
2025-08-07,0.5560460061410262,0.534180648253681,0.5664860227010627,0.524454549294524,0.6035965928893948,0.6182049776977535,0.5786903539515359,0.7426030406952187,0.571947199530244,0.5827873535345754
2025-08-08,0.5332630935038972,0.5250579802296566,0.556376545701531,0.5383726208079496,0.5736563980941422,0.6168981849145366,0.5615343456681807,0.7485653043558292,0.6023816480173264,0.5978895485840439
2025-08-11,0.5385431171834265,0.5159028294999217,0.5542437794158132,0.5531188757204412,0.5795163669210509,0.6199355682398429,0.5638999779865844,0.746704056462908,0.5894084694946923,0.5998061644539898
2025-08-12,0.5494617783492092,0.5358129626989719,0.5450360339670948,0.5473249412628559,0.5868505248081434,0.6377125093453384,0.5872867575195261,0.7247346000901868,0.566899582870777,0.6183480429979991
2025-08-13,0.5114634624129814,0.5670586996422965,0.5403449061819924,0.56103603649834,0.5687347865895073,0.6527298146036175,0.6024845828482631,0.6979846609840531,0.5672434366334768,0.6373177304773394
2025-08-14,0.5256787525647579,0.5379886783668326,0.5504702686486117,0.5605181942030989,0.5503044264099727,0.6382572690067547,0.6054305540268509,0.6997010522906159,0.5530821270616125,0.6653464280693349
2025-08-15,0.5152278735863122,0.5505412345121491,0.5547512507559613,0.5492957529094107,0.5236876477236264,0.5851158135905902,0.6165562683167994,0.7245171551240457,0.571472664445343,0.6612128130986327
2025-08-18,0.5012667111467579,0.507406990969335,0.5580795061836183,0.5300200659200156,0.5232880616133266,0.5895701230742582,0.6167610016946172,0.6922758969123189,0.5988156014803497,0.6945440663064611
2025-08-19,0.5253662430636524,0.5189482923135079,0.5680671920331273,0.5147366515386648,0.5048048656319865,0.5816712288479677,0.5862285282513943,0.7046383514605882,0.6059519038771995,0.6950051774930897
2025-08-20,0.5154232214984399,0.5249998528317655,0.5243800895185153,0.5302046869990816,0.5088398251396616,0.586448195515215,0.5657284133076522,0.7036105098785675,0.5985908077807106,0.7137580089314234
2025-08-21,0.5086219271748698,0.5188743494342126,0.5227050766851784,0.5293118851950539,0.5181657832776093,0.5837158960913911,0.5545643380280139,0.7082578533663,0.58914253791346,0.7183402981954288
2025-08-22,0.5036469478636963,0.5218323578093443,0.5321367122063838,0.5355872035415044,0.5333828831446642,0.562297572850257,0.5406045244283632,0.7396820581896897,0.6048802184610943,0.682292239524631
2025-08-25,0.5026852769812856,0.5063007340846779,0.5228704269062808,0.543238819689639,0.5387842583516359,0.5472718018321369,0.5454618429690337,0.7156411741862141,0.624666719896302,0.702047076269403
2025-08-26,0.5022891108795507,0.5426522540219446,0.5169543022216885,0.5459771122101937,0.5243507084154942,0.5385895970015654,0.5572882810735714,0.7223933021405601,0.6146128825434455,0.697297638787144
2025-08-27,0.5115327075370618,0.5483129916983286,0.5223902819809628,0.5311160979456708,0.5160240751829707,0.5297357636574981,0.5573534455376093,0.7339903891304839,0.6082677468449124,0.6904484569889512
2025-08-28,0.5105060233719443,0.548093816026329,0.5837670584296949,0.525996437169423,0.5215295620709446,0.5269254548741746,0.5525096883516946,0.7067620333988938,0.6108838331678722,0.7049474375867909
2025-08-29,0.5021071064328159,0.5391244457313297,0.5928106184819044,0.5473300000213283,0.5342307235109532,0.5405682432021549,0.523296900710097,0.6951491076346198,0.6220181710852261,0.7058886361554105
2025-09-01,0.507646553324377,0.5470087663640543,0.5704376622388273,0.5615468331629881,0.5315350369353601,0.5588818884136247,0.5443343062613581,0.6849625205843642,0.6240550480690503,0.7099178059683212
2025-09-02,0.513095729353006,0.5351895515308233,0.5749576739181752,0.5446581205916207,0.5141080850419052,0.5549517227634223,0.527407741900575,0.6845054118878946,0.6382033534167633,0.7120754104252015
2025-09-03,0.58076855969414,0.5289706592990071,0.5873923306896137,0.5877305489463543,0.5361228006917181,0.5205902105252561,0.5686349924594039,0.6328852454019631,0.6303274324601462,0.7175566117304881
2025-09-04,0.5605894371789112,0.5259284332483487,0.5987298726391194,0.5509875406010395,0.5090383603909574,0.5583875468571102,0.549214508651575,0.652219650376021,0.64282247986658,0.7119869862766549
2025-09-05,0.5320919354119207,0.5349269011699971,0.593338161116637,0.5820303848317274,0.5011442840353334,0.5552939867541905,0.5303213937861028,0.6562658129983595,0.6455173383214401,0.7093989318706285
2025-09-08,0.5157204017645616,0.5212724640530803,0.6275968082581967,0.6204103866524413,0.5015027590297609,0.5280414276642368,0.5563062809081507,0.6275980718553147,0.6428072115157624,0.6974783806879968
2025-09-09,0.500918478711322,0.5340954733820024,0.6312064252412923,0.5839765582217421,0.5179689836629289,0.5397376099793798,0.5444995502123956,0.6459023804561647,0.6364180018044999,0.704697410873932
2025-09-10,0.5610310429918045,0.5279783023065748,0.6126808479639912,0.5798070935248404,0.5426793992127198,0.5491754111117336,0.5413776503635429,0.6648256581721269,0.6169216769630959,0.7018597373603938
2025-09-11,0.5660658661620795,0.5155927552447613,0.6348877425965161,0.5743066433475507,0.5790626746697535,0.5382791687772647,0.5828623586369895,0.6385649934671952,0.60652810758234,0.6940521352321097
2025-09-12,0.5962421418801516,0.5082747004627813,0.6539095322690684,0.5772771560173333,0.5644192394091763,0.5467519722605009,0.5686274903560399,0.6226371250710817,0.6044127450441973,0.6874379472839905
2025-09-15,0.6089791564374601,0.5068838823087731,0.6665514752838348,0.5422251373107667,0.5628299670004876,0.5559967817079328,0.5558242045288742,0.6277169840499072,0.6035423550358812,0.6800907470419405
2025-09-16,0.6193179773277201,0.5248471657784372,0.682748334740947,0.5514761726808947,0.5362890601440286,0.5524754698706273,0.5598006180290153,0.6348528047385256,0.5941378606652831,0.6597382203745673
2025-09-17,0.5995635731001592,0.5264685159205614,0.6771708509343637,0.5384263938534558,0.5411281581493088,0.5652058077673932,0.538473863392641,0.6263886768486383,0.597417125621487,0.686396809518311
2025-09-18,0.6199034196434771,0.5064739641354242,0.7135146577566763,0.5408205326687161,0.5455035775599878,0.5415994983827342,0.5447892423018668,0.5813555880984105,0.5740762433514802,0.6775509850342768
2025-09-19,0.5828724549641032,0.5153187541893419,0.7151919141520339,0.5136964042241711,0.540087867397877,0.5465450125770782,0.563124357739052,0.5896934352818203,0.5445964399448303,0.6993026267956527
2025-09-22,0.5326706444036208,0.5095046070975054,0.7368397481445851,0.5216462572364969,0.5098866898428763,0.5498524297307527,0.5677323554256205,0.5365200648553238,0.5609311062220985,0.7029156908562005
2025-09-23,0.555352582610216,0.5135013540398192,0.7219600612022307,0.5077527130648014,0.5268695313401327,0.5423554486099321,0.5913053795830244,0.5066763884000657,0.5396709588325446,0.714633537921895
2025-09-24,0.5531069551072149,0.5367042147874961,0.7128504864272394,0.5056755308763549,0.5438794472488163,0.5389305945910331,0.606894022875546,0.5319024508659971,0.5312131511556565,0.7115340762979571
2025-09-25,0.5792139535128583,0.519757427321591,0.7084768172130778,0.540928479722652,0.5528355712937688,0.516642880175339,0.621245582076441,0.5080218233442868,0.5304694665037145,0.7013612890095581
2025-09-26,0.5679458982515889,0.5155227259630634,0.7172620145257361,0.5495883000844556,0.5599987804942129,0.536642499307982,0.6569631588016491,0.5190786111716835,0.5033815627878957,0.6632064353237198
2025-09-29,0.5550051525136432,0.515097955138931,0.6900790197425924,0.547277505653058,0.5552884701882091,0.5543655802583938,0.6653306859623396,0.5395951615796217,0.5309128915521236,0.683363979869584
2025-09-30,0.5278860610771997,0.5176647321781824,0.7195683585579258,0.5097213174920555,0.5502907747320815,0.5408735890880088,0.6452257831728995,0.5571884684839389,0.5200853273483612,0.680976203252472
2025-10-01,0.5218175841847582,0.5684462353923251,0.7032174840020368,0.5028101744930028,0.5208445224141972,0.5014727446208812,0.6552445316053949,0.5879179415320894,0.5564611784988744,0.6708508627481201
2025-10-02,0.5190719603110975,0.5922402450670204,0.7005554539168267,0.5081768328231756,0.5268415646893171,0.5377688240268113,0.6645090165251134,0.6047350742477939,0.566731497476778,0.6315942978460437
2025-10-03,0.5282639915584558,0.5602677422364951,0.719199321390565,0.5106471340646155,0.5352323915670628,0.5620264363783618,0.6810585510412581,0.5433003267574156,0.5787971972436853,0.6120876329256847
2025-10-06,0.5256377738387467,0.5437705493671942,0.7222096295196919,0.5145551806125598,0.5430953285929883,0.5823714350206458,0.682726085909036,0.5154990923931039,0.5994123623084718,0.582430935743567
2025-10-07,0.5202446711692815,0.5483863134315411,0.7299371319192646,0.5250677530185985,0.5444784475353726,0.5812401107139599,0.679229855450079,0.5202808761819616,0.5918547758470821,0.5728718700387839
2025-10-08,0.5019002962371669,0.5417160024068735,0.74871391082684,0.5224462605526619,0.5442170104838734,0.5818097926500353,0.6605358235573625,0.5105239227856745,0.581413582067529,0.5764602507598168
2025-10-09,0.5150848421266018,0.5386150673092079,0.7399717987029844,0.523436743142622,0.5558543200179605,0.5870017655109031,0.6674511307793852,0.5044768299317887,0.5796379461597531,0.5785210301969702
2025-10-10,0.5073519995465635,0.5424047262251296,0.7444487267615493,0.5493304392414707,0.5565806388040507,0.5748539575060976,0.6544737629928323,0.5401069047521313,0.565087559990864,0.5925129438896286
2025-10-13,0.50368980636429,0.5470487798770055,0.727871036154791,0.5475780163352263,0.5735667468866558,0.5707269930175176,0.6591273043769325,0.5005909784796435,0.6068224317330381,0.5868779490524493
2025-10-14,0.5089793531134503,0.5356498321990865,0.7086295109618342,0.5095525997539289,0.577132729999215,0.6116683193736854,0.6612808181374835,0.523348910342059,0.6231203430643216,0.5775079506135351
2025-10-15,0.5355926716713314,0.5329394918159037,0.709896674538747,0.506967762175576,0.5535774380679362,0.6158999145813994,0.6660808540294704,0.5274012286279771,0.6165272058406647,0.580240263239505
2025-10-16,0.5348474737504908,0.56105025850399,0.7146303819665333,0.5200293782477554,0.5546470635498625,0.6054844259979087,0.6390073166489593,0.5449374745637878,0.6224788044487488,0.5961536262487449
2025-10-17,0.5243472959995479,0.5632495838653012,0.7378114801233934,0.5365470251782861,0.5388842532235996,0.5920397130421603,0.6243177278907125,0.5386798822704277,0.5940479799468292,0.6133511274030545
2025-10-20,0.5290772206308503,0.5933191597545198,0.7073747383774295,0.5584572399006267,0.5458162426357577,0.5942698645416679,0.6224119512580494,0.514822160456295,0.6120881541250744,0.6279904596592065
2025-10-21,0.5476314349528225,0.5844346534904893,0.6927174344063832,0.5795048173706803,0.5428893345156612,0.568903048710503,0.6298085011057916,0.5106915073363547,0.5785984129585485,0.6688867382336664
2025-10-22,0.517007605775904,0.5687651463300359,0.7166461370826284,0.5808272833542419,0.5136374415079764,0.5836136935031357,0.6343270587402948,0.515511071556977,0.5845489681185755,0.6414726088228369
2025-10-23,0.5083930475361318,0.550194522919622,0.7534106122754953,0.5443313978411122,0.505660665545642,0.570551745615936,0.6152117848840472,0.5042054744445259,0.5697462241917531,0.6384680373237712
2025-10-24,0.5002644988060091,0.5421693358029543,0.7371247393146536,0.5561481014792444,0.5191301909674307,0.5758691362280877,0.621276130510857,0.5182362194420205,0.5892118508602456,0.6443285594436642
2025-10-27,0.5462349015473543,0.5405698821347868,0.6977656649112439,0.5355260394517082,0.5436725876444842,0.6073247971098912,0.6407934533640002,0.5027751650987411,0.6098143421769733,0.6471005682218267
2025-10-28,0.5510195514718332,0.5056102253941304,0.683763968677019,0.5417585943133699,0.5413107076174041,0.6169712267346553,0.6527779364489631,0.5062278140651418,0.604107386832473,0.6528286343994926
2025-10-30,0.5540250825811731,0.5038881196998528,0.7193359529668202,0.5109713332759739,0.5468839201052463,0.6143842324697649,0.6135941919146102,0.5161022047242395,0.5477277647382592,0.6709559537071902
2025-10-31,0.5373963572751798,0.5009665620370365,0.7190757976258725,0.5088281146468427,0.5255666828294204,0.626789506248577,0.5961272582280216,0.5430640571186125,0.5627897939619733,0.6728374769442661
2025-11-03,0.5842783147372379,0.5037421357193818,0.7180678540028227,0.5142715718349999,0.5108607835504247,0.6259098774923367,0.6023529930348251,0.5542505563493855,0.5381619665947441,0.6593428971530714
2025-11-04,0.6480959207109328,0.5550115595289189,0.6609675347406612,0.5054039815441588,0.5291636929206189,0.605007550721506,0.5781559548833469,0.5817141685649615,0.5605315125124799,0.6785663969304858
2025-11-05,0.5765053626732227,0.535535695675026,0.6627868623765248,0.5374353241210169,0.5101104276758073,0.5850353860484621,0.6179912628962233,0.6153158814143435,0.605741485662502,0.6742414957100576
2025-11-06,0.5250320332406647,0.5289811092824215,0.6349631856495589,0.5558428767368029,0.5425250250097231,0.5574289885113076,0.581201548162726,0.6361953504544076,0.6546081171934605,0.6848191388351107
2025-11-07,0.5159043916077263,0.6068698195744143,0.5923191413307779,0.5642660857721588,0.5376899371424028,0.5710209199552686,0.6130034610354872,0.6288554367405429,0.7171940966613376,0.5614228428606529
2025-11-10,0.5225348387567091,0.555810686215955,0.6304277743183965,0.5453432619946006,0.6091942252547293,0.5873392536111944,0.6143300418684754,0.5718500756527827,0.7249030690522433,0.5073713886782413
2025-11-11,0.55871689022167,0.5252524973797096,0.5660941319390005,0.5263861014803318,0.60521040024136,0.5859291562987261,0.6013255843630678,0.5151820049891044,0.750421948757543,0.6014865542774263
2025-11-12,0.5747048699265279,0.5567871960051082,0.5762189915115398,0.5455051538813864,0.6524384148459468,0.5569736629054979,0.5729388895795361,0.5426691621843827,0.7079442673826636,0.6325157660654174
2025-11-13,0.5774699912471154,0.5662794261845218,0.607716492830085,0.5446808960435788,0.6516282211278249,0.5358377773421772,0.5837529237376613,0.5250187280180771,0.6931637799778434,0.6337502348568738
2025-11-14,0.6170746484570884,0.6050938629029201,0.5786282255800956,0.5451120480903248,0.6391475197149973,0.5039113204034992,0.5561221545011584,0.5698425008362972,0.6684383472735759,0.6495524803800194
2025-11-17,0.6194254568683423,0.5641366059300709,0.5847116675562848,0.5776818177100008,0.6386829704298148,0.5262987227455899,0.5370904316385071,0.5446492167795823,0.6822710643394047,0.6516840566470541
2025-11-18,0.6110912686488749,0.5677133901620653,0.5679285423122294,0.594406266538203,0.6283153194679135,0.523972181410998,0.5356203397723517,0.5500925355891769,0.6937111848900265,0.6493865032089736
2025-11-19,0.6175461763280707,0.5828017294861899,0.5283267005967142,0.5998144790453626,0.6002915911129414,0.5217384583336112,0.5173284820718346,0.5465056146602192,0.6728667285161354,0.6918218726049418
2025-11-20,0.5994772371078331,0.5906170584834284,0.5326815270028878,0.5966166160558127,0.6048016474513096,0.5081391225172646,0.5321389094211236,0.5253554857870318,0.6830182267811186,0.690735351465734
2025-11-21,0.6061597710148247,0.5870684189553094,0.5016468319242604,0.6065635648726913,0.6035401236460003,0.5033082638029143,0.5116311758661485,0.553833475051747,0.6750431066834768,0.6910415683469248
2025-11-24,0.6139488295433162,0.5453087852230308,0.5082791423335533,0.6267166360549372,0.6284730549639843,0.5113720189051291,0.5080847990042409,0.5676365368254604,0.6324148219433408,0.7028295847820257
2025-11-25,0.6427836885364648,0.5267576058845563,0.5011126312072774,0.6096535935315792,0.6328780704366198,0.5326349756139581,0.5016186459617648,0.5455075642854985,0.6313855812719201,0.6998135600488014
2025-11-26,0.6453228693822654,0.5224101556004064,0.5270840889777417,0.5904625449057801,0.6335010612372004,0.5258146151451207,0.5113952061316127,0.5787496836162987,0.6257829647580907,0.6998286627154964
2025-11-27,0.6572164709763627,0.5395621260208844,0.5128288535711202,0.5956257025165416,0.6311133763179644,0.5360409312046046,0.5015782485843784,0.5966499226031572,0.6189347764435981,0.683142650567135
2025-11-28,0.6587782721622605,0.5154525322991687,0.502230445709238,0.594087646924806,0.6386317574622157,0.5223942234781478,0.5036813775954597,0.5770632115236524,0.6066476021155095,0.6993942398449193
2025-12-01,0.6656982208066149,0.5254858498813586,0.5205413534479069,0.5744284564242867,0.6617757256749021,0.5324267188444172,0.5181263557962182,0.5683449631265064,0.6029598592956967,0.6849890022764168
2025-12-02,0.6724299752308941,0.5380972199188433,0.5140113977112332,0.5809190363316575,0.6645753432234783,0.5433078491433574,0.5676655372255218,0.6233107406018291,0.5660240643930182,0.6417019856299134
2025-12-03,0.668798295232556,0.5214167442990657,0.5150748167824538,0.5903180855194012,0.6619901958311232,0.5267097674479356,0.591225239564353,0.6405734187452657,0.5372078852873837,0.631732193054754
2025-12-04,0.6417293576896007,0.5188301592921659,0.5438157251010667,0.6053710783558314,0.671643347493356,0.5036511489191653,0.5536478904142891,0.6008415276680368,0.5571181122436274,0.6784995384847688
2025-12-05,0.6433946164340234,0.5100208744579741,0.5285913106658918,0.6225941644150409,0.6702907858351921,0.5124211054445368,0.5743949191214582,0.5938950621221412,0.5469852789693552,0.669971015902899
2025-12-08,0.6263745105078605,0.6146762371351165,0.5100311596624613,0.588101288758147,0.6919364947572954,0.5154246865210399,0.5551340320220134,0.5294054378294056,0.5611812439474729,0.6714711892727955
2025-12-09,0.5934430342782647,0.619627801856438,0.5380959062232633,0.5764302405591413,0.6871497814385701,0.5315699991433696,0.5662490050831991,0.5067201693383443,0.5541820505994258,0.6933502734418902
2025-12-10,0.5988034733465925,0.5737491184908792,0.5615914246243867,0.5832834289733289,0.6818313755180618,0.5245466168030709,0.5867280777223138,0.531210452502091,0.5597502050948363,0.6986184654553204
2025-12-11,0.5940441347130647,0.5477363365065463,0.5693469965054222,0.5533905331701912,0.6827167910702588,0.5343887700351884,0.5671574980041229,0.5133087627168549,0.5964876908465758,0.7091969374200255
2025-12-12,0.6062351549835866,0.5395190598673316,0.5767312665191424,0.514679800011358,0.6819891229997034,0.5366109715340001,0.5710670550252731,0.5116224858810059,0.5788823716064473,0.7151553436677324
2025-12-15,0.600242744705677,0.5393201334260289,0.5904583746141984,0.5250076429699002,0.6609152414174642,0.5569006696183006,0.5638178408606761,0.5139040640826262,0.5981153640154213,0.7183672709407878
2025-12-16,0.6121193293972123,0.5247106592355925,0.5649227033602552,0.5160808968080018,0.6515469934708683,0.5627810997788287,0.5524622573598098,0.5057943183716705,0.5876848245988701,0.7367989632492238
2025-12-17,0.6163659856285397,0.5134151067332376,0.5715647641869562,0.5217734060390912,0.663719069695555,0.5422402555297318,0.5755339813851184,0.5259124447882809,0.5742807054091105,0.7265212427641269
2025-12-18,0.6462885437138624,0.5108400225834058,0.5674422404548355,0.5236826146309321,0.6374663092948192,0.5207359958150757,0.5808107834469675,0.5226538715878261,0.5443605239798107,0.7369505023115148
2025-12-19,0.6543845855712211,0.5080120104030542,0.5724483004216855,0.5073258524770065,0.6316344966911108,0.5261286601795877,0.592868508255013,0.5260503773999844,0.5535832791242501,0.7274317409644183
2025-12-22,0.6963115120405061,0.5230946555531003,0.5352631113028273,0.5088059246415111,0.6326000553197898,0.5020671821292837,0.6147257423926893,0.5380453944149817,0.5295996497034932,0.6940254409342645
2025-12-23,0.6986015032909254,0.5077214772384491,0.5495474766961053,0.5227180180725693,0.6319892073436405,0.5017733944462152,0.6194562058632017,0.5231934351966274,0.5327464745922719,0.6879721363982348
2025-12-24,0.7040236541382227,0.5087458330337705,0.5339305268843969,0.5028995271440441,0.6342067173539967,0.5065744010921411,0.5832056341653321,0.5363211684402908,0.5544551156029082,0.6974508849656708
2025-12-25,0.7030886278440328,0.527747101863817,0.5438762078773877,0.5039499336371772,0.6513789774204549,0.5025731098994614,0.6100669989187636,0.5677284746853531,0.5377496849820552,0.6615745962285249
2025-12-26,0.6937869333294081,0.5140014597505426,0.5142787168953266,0.500286338228597,0.6669872479362987,0.5023382280158831,0.6178669804283988,0.5609191042698268,0.5138982162228781,0.6657425712449067
2025-12-29,0.6881023594662589,0.5359163367895501,0.5351123388096043,0.5107180155322618,0.6521196605555619,0.5214846214676692,0.6203390594377911,0.5246683619300727,0.5018164622418989,0.6854604569805026
2025-12-30,0.690686049381621,0.5595157708014192,0.5507471360525731,0.5146209809761138,0.6378108653876652,0.5014643152121486,0.6277516476469972,0.5093635260099313,0.514590262149471,0.6811180723247202
2025-12-31,0.6893210470757346,0.5892378414874198,0.5654520475581536,0.5042201911662471,0.6378265412892402,0.5387410101277964,0.6394139839791336,0.5033037373247754,0.5309768674167379,0.6486597392544939
2026-01-02,0.6884025351010266,0.5586363437295592,0.5539624092154712,0.5029552147511848,0.6375971639642924,0.5620004782145761,0.6820861453123831,0.5470790912297765,0.5561044136022979,0.589219678147978
2026-01-05,0.6913260829073579,0.5558971861240537,0.5504112920519381,0.5011268754424087,0.6343233232765499,0.5483817820032744,0.6702442403644868,0.538224137181112,0.5585646123634701,0.6207510894839804
2026-01-06,0.6828804035104518,0.558915205819704,0.5691840973594063,0.5024335058969117,0.6356751471209676,0.5395906060330313,0.6647964948904777,0.5295415473125101,0.5462948513416924,0.6387571393798835
2026-01-07,0.6801214189879298,0.549696096828158,0.579340465143844,0.5008657116018245,0.6284698324097132,0.5298384266208604,0.6421587247943826,0.5020785223557922,0.515721430908075,0.6790156652485443
2026-01-08,0.68092961207542,0.5368619034972079,0.5788603858857152,0.5123305234055273,0.6306105705750816,0.5207774141764824,0.6442586648704642,0.5052646462220244,0.5016761066818894,0.6797606021266699
2026-01-09,0.6733773272672456,0.5164219048895614,0.5713665637257623,0.5181879736212013,0.6377574251081303,0.5156747028225572,0.6495079029770884,0.5172924829751332,0.5178939119748333,0.6821074027910301
2026-01-12,0.6843352679368855,0.5144066880070085,0.5321359927307773,0.5061760563141138,0.654855665611556,0.5168383582445591,0.6540743101099782,0.5010548915674661,0.5123530978351917,0.6664235242009012
2026-01-13,0.659071376200045,0.5114993484130118,0.5330692713297952,0.5116857933721827,0.6727631494581664,0.5435359987251409,0.6620700285898415,0.5107546932374699,0.5097888114050443,0.6619394068157044
2026-01-14,0.6601122560456192,0.5237290673696511,0.5526277107897765,0.5226927189367514,0.6536519962210706,0.5580287061441754,0.6651610414959938,0.5195180897672438,0.5005351416408963,0.6642917952573367
2026-01-15,0.6763967693652785,0.5070337339178751,0.5393634721414882,0.5446597290920621,0.650899144662777,0.522983537685438,0.6273497987018034,0.5119831267456456,0.5009949129655161,0.691678094319277
2026-01-16,0.6579044416455696,0.5049165508630756,0.5599979583651967,0.5020258361387813,0.648911054021954,0.508962565052217,0.6063508146434261,0.5211121815371529,0.5177310363851528,0.7195992434166282
2026-01-19,0.6599385880494156,0.5155989966651534,0.5445349079687881,0.5262280624201404,0.6476595629282014,0.5141384001861072,0.6246769325421541,0.5240140947269954,0.5107254856039934,0.7106581828501289
2026-01-20,0.6666450224552958,0.5013518906643154,0.5426399649090318,0.5329407114097486,0.6276492535035832,0.5009451885298913,0.6421713416268291,0.500796602527073,0.5185486240831264,0.7087650861750548
2026-01-21,0.6640447687395318,0.5193614864191406,0.5578910196826953,0.5336330627575127,0.6102422293046387,0.527010355201505,0.6760782052462467,0.5109921296085979,0.5161878315001972,0.6872797083473666
2026-01-22,0.6542020263509454,0.5158302407991304,0.5841533645524641,0.5214918228990931,0.6039907350531981,0.5102215816786578,0.6493809653003292,0.5156744076016792,0.509991191837679,0.7143824269118441
2026-01-23,0.6400660277888922,0.5174598550933716,0.5511073992814919,0.5216763473834445,0.6212935454653264,0.5060895809148236,0.6557990698068644,0.5196322848474167,0.5457907841055644,0.7158730235489862
2026-01-26,0.6549581820412681,0.5231120492746546,0.5246924475275837,0.5031565977114868,0.6395976018389771,0.5007057745862891,0.662504238995053,0.5264770593947409,0.5375390237947993,0.6947803783852647
2026-01-27,0.6558283362646905,0.5424287180223969,0.5164962903057035,0.5238901724640926,0.6442624091576036,0.5169155700249569,0.6733195566868,0.5194900765089344,0.5480113797826964,0.6742503172868134
2026-01-28,0.6521128729610877,0.5547533358819848,0.5022711154203922,0.519356171844573,0.6418691170577099,0.5348152152486603,0.6899184033033828,0.5035322053737951,0.5083808029880963,0.6646340730599875
2026-01-29,0.655370233893328,0.5179102028958812,0.5132907510272766,0.5162562917519025,0.6549641981337396,0.5428800601006843,0.700182473589401,0.5070944694832477,0.5335259661474034,0.638237361757493
2026-01-30,0.6775714773039797,0.5016600745092596,0.5096849244945486,0.510727445807306,0.6368846301008203,0.5187230676188451,0.7115463579091882,0.5029092416781801,0.5174460991743793,0.623349921073012
2026-02-02,0.7079111260055496,0.5065107208387862,0.5511534117667719,0.5032542764458151,0.6266127726891402,0.5304480260087004,0.68175981217249,0.5018703474436345,0.5179048534186591,0.6220484971864358
2026-02-03,0.6870077319300711,0.5158827643400706,0.5711359607729803,0.5170185095864053,0.6540696840744845,0.5424296745057586,0.6524611665062716,0.5195425596486242,0.5302343322811917,0.6430343452277223
2026-02-04,0.662464244620669,0.5181702483244343,0.6103233346701665,0.5103831956312695,0.6535125282675686,0.5666866639873794,0.6207931140841113,0.5203780459401427,0.5094209522655611,0.6702911344890854
2026-02-05,0.6489924898174126,0.5743766753461318,0.6609585501856904,0.5177160044751307,0.6528031031701819,0.5915536329702623,0.6401674371885975,0.5413852687501327,0.5192836810426952,0.5607995085551345
2026-02-06,0.6587873777554026,0.5824265089083028,0.6203775201522101,0.5115553363712366,0.6465100446396655,0.6056741678613676,0.6725052512227606,0.5094504982758348,0.5100226515177749,0.5435801233955354
2026-02-09,0.630920123592847,0.5534023620762122,0.591810430839316,0.5234777055446883,0.6542984631643854,0.6239560605279324,0.6721249694223804,0.5864245512871518,0.56244782674844,0.5443824548638557
2026-02-10,0.6532108613164614,0.5581240481380042,0.5901576163574539,0.5207176662630484,0.5850502554545032,0.6492397243943563,0.6947551545108553,0.5505625624211943,0.5651274514200486,0.538311244894814
2026-02-11,0.643524576943331,0.5626152705052752,0.5425061877257313,0.5708708340854495,0.618779437328187,0.6597619100293852,0.682967436346504,0.55097961528124,0.5385446136264149,0.550671193983118
2026-02-12,0.6167720210061552,0.5214479313156454,0.5759198169337395,0.5870761231262116,0.6148027325234593,0.6022054379342724,0.7363946681299475,0.5083474144193857,0.5616476147537827,0.5170633188684889
2026-02-13,0.6542014629265935,0.526183198140669,0.6127787579452427,0.6102338508835958,0.5791142809177313,0.625740382950759,0.6904912962923441,0.5346151957583595,0.5471255687859584,0.5011097880775501
2026-02-16,0.6300075362305754,0.546913127619903,0.619462865508719,0.6462153517941747,0.5917139157594761,0.6476427882050296,0.647868362243846,0.5206519848055191,0.5614464468356314,0.5089970353304111
2026-02-17,0.6367856956548027,0.5084250016257001,0.6478503530790893,0.6306973212477831,0.5904055043850844,0.6392540380249085,0.6496276818615369,0.5079680233166136,0.5517086975018723,0.5264144455640553
2026-02-18,0.6039186787699445,0.5261404786472074,0.6631417253025467,0.5869934279984182,0.6313830578506797,0.6306053413145072,0.6751626097786475,0.5056337985254178,0.5177667406668108,0.5098496673050458
2026-02-19,0.5639774798750193,0.5446986779129644,0.6835263703307127,0.6035256135681802,0.6483337999221909,0.6253169198110293,0.6473825562094163,0.5305160926905267,0.5070980979785012,0.514493471918078
2026-02-20,0.5383426661984317,0.5227722421817625,0.6884061200703977,0.6015502652222503,0.621974974875057,0.6443595159415932,0.6404062978724383,0.586680292499444,0.5027539381236278,0.5189869295924248
2026-02-23,0.5235155569035882,0.5182488241954617,0.6845427808170799,0.5697917273353409,0.6539186884379226,0.651345933065785,0.6399938668169125,0.5660580592641523,0.5010974664640692,0.5271749604455308
